,lat,lon,elevation
0,48.532598360805856,-122.03424284798535,26.0
1,48.532598360805856,-122.03424284798535,26.0
2,35.370712919191924,-119.30555898989898,96.0
3,42.77634444277711,-123.12175428504736,1366.0
4,43.55137142857143,-118.41857142857144,1695.0
5,41.203275,-121.62275,1178.0
6,37.26202114538028,-121.50711014828494,535.0
7,37.26202114538028,-121.50711014828494,535.0
8,37.26202114538028,-121.50711014828494,535.0
9,37.26202114538028,-121.50711014828494,535.0
10,38.66528544332211,-120.98236841245176,369.0
11,38.66528544332211,-120.98236841245176,369.0
12,38.66528544332211,-120.98236841245176,369.0
13,35.370712919191924,-119.30555898989898,96.0
14,36.976936190450175,-119.87107653518356,116.0
15,40.34434389520202,-122.62065931186868,238.0
16,33.84666690723537,-117.93689228030937,46.0
17,33.84666690723537,-117.93689228030937,46.0
18,33.84666690723537,-117.93689228030937,46.0
19,33.84666690723537,-117.93689228030937,46.0
20,34.08535227920228,-116.41147503561253,1167.0
21,34.08535227920228,-116.41147503561253,1167.0
22,34.08535227920228,-116.41147503561253,1167.0
23,34.08535227920228,-116.41147503561253,1167.0
24,48.532598360805856,-122.03424284798535,26.0
25,34.511745280780296,-118.74005877833348,409.0
26,34.511745280780296,-118.74005877833348,409.0
27,34.511745280780296,-118.74005877833348,409.0
28,34.511745280780296,-118.74005877833348,409.0
29,33.678178007518795,-115.0491403508772,123.0
30,33.678178007518795,-115.0491403508772,123.0
31,33.678178007518795,-115.0491403508772,123.0
32,33.678178007518795,-115.0491403508772,123.0
33,34.23147539560439,-117.3167698992674,1475.0
34,34.23147539560439,-117.3167698992674,1475.0
35,47.50769761904762,-120.36235714285714,560.0
36,34.23147539560439,-117.3167698992674,1475.0
37,34.23147539560439,-117.3167698992674,1475.0
38,36.287761333333336,-118.5830675,2715.0
39,39.42879306818182,-116.98096515151516,2123.0
40,39.42879306818182,-116.98096515151516,2123.0
41,39.42879306818182,-116.98096515151516,2123.0
42,39.42879306818182,-116.98096515151516,2123.0
43,39.42879306818182,-116.98096515151516,2123.0
44,39.42879306818182,-116.98096515151516,2123.0
45,39.42879306818182,-116.98096515151516,2123.0
46,47.50769761904762,-120.36235714285714,560.0
47,36.08737897223244,-114.97812040444934,472.0
48,36.08737897223244,-114.97812040444934,472.0
49,36.08737897223244,-114.97812040444934,472.0
50,47.656,-116.79944444444445,645.0
51,47.656,-116.79944444444445,645.0
52,47.656,-116.79944444444445,645.0
53,47.656,-116.79944444444445,645.0
54,44.090291512979775,-115.65926367043583,1226.0
55,44.090291512979775,-115.65926367043583,1226.0
56,44.090291512979775,-115.65926367043583,1226.0
57,47.50769761904762,-120.36235714285714,560.0
58,44.090291512979775,-115.65926367043583,1226.0
59,44.090291512979775,-115.65926367043583,1226.0
60,42.915963251563255,-112.8645278980279,1345.0
61,42.915963251563255,-112.8645278980279,1345.0
62,42.915963251563255,-112.8645278980279,1345.0
63,47.0348037037037,-113.90005555555555,1804.0
64,47.0348037037037,-113.90005555555555,1804.0
65,46.9769828125,-110.5825,2531.0
66,46.9769828125,-110.5825,2531.0
67,46.9769828125,-110.5825,2531.0
68,47.50769761904762,-120.36235714285714,560.0
69,46.49987422928969,-121.32445130143272,1369.0
70,46.49987422928969,-121.32445130143272,1369.0
71,46.49987422928969,-121.32445130143272,1369.0
72,46.035314285714286,-108.35314285714288,994.0
73,46.035314285714286,-108.35314285714288,994.0
74,46.035314285714286,-108.35314285714288,994.0
75,42.696625806451614,-109.63406451612904,2200.0
76,42.696625806451614,-109.63406451612904,2200.0
77,42.696625806451614,-109.63406451612904,2200.0
78,44.63035,-106.91325,1428.0
79,47.40497250739241,-122.36915530806549,0.0
80,44.21470769230769,-105.18824615384617,1329.0
81,42.05036681818182,-105.58945606060608,2345.0
82,39.3876301646266,-111.9566096881518,1582.0
83,39.3876301646266,-111.9566096881518,1582.0
84,39.3876301646266,-111.9566096881518,1582.0
85,39.3876301646266,-111.9566096881518,1582.0
86,39.3876301646266,-111.9566096881518,1582.0
87,35.64531287878788,-113.88736363636365,1203.0
88,35.64531287878788,-113.88736363636365,1203.0
89,35.64531287878788,-113.88736363636365,1203.0
90,35.370712919191924,-119.30555898989898,96.0
91,35.798140952380955,-111.19934206349208,1381.0
92,35.798140952380955,-111.19934206349208,1381.0
93,35.798140952380955,-111.19934206349208,1381.0
94,33.351463378684805,-113.51033106575964,393.0
95,33.351463378684805,-113.51033106575964,393.0
96,33.3105560105651,-111.18396976885056,756.0
97,33.3105560105651,-111.18396976885056,756.0
98,33.3105560105651,-111.18396976885056,756.0
99,35.52901363636364,-109.41713636363636,2177.0
100,47.85677020833333,-118.37217777777778,417.0
101,35.370712919191924,-119.30555898989898,96.0
102,34.45916494450412,-107.0774420271458,1954.0
103,34.45916494450412,-107.0774420271458,1954.0
104,40.07365090302528,-104.6266057640156,1517.0
105,40.07365090302528,-104.6266057640156,1517.0
106,39.73944770833333,-107.17184791666666,3060.0
107,45.14087309619389,-121.34312506153584,659.0
108,45.14087309619389,-121.34312506153584,659.0
109,45.14087309619389,-121.34312506153584,659.0
110,42.77634444277711,-123.12175428504736,1366.0
111,42.77634444277711,-123.12175428504736,1366.0
112,47.40497250739241,-122.36915530806549,0.0
113,47.85677020833333,-118.37217777777778,417.0
114,36.976936190450175,-119.87107653518356,116.0
115,40.34434389520202,-122.62065931186868,238.0
116,41.203275,-121.62275,1178.0
117,40.34434389520202,-122.62065931186868,238.0
118,38.66528544332211,-120.98236841245176,369.0
119,36.976936190450175,-119.87107653518356,116.0
120,35.28158799679487,-120.55364583333332,556.0
121,38.09867765845532,-122.29789528406523,0.0
122,36.976936190450175,-119.87107653518356,116.0
123,40.34434389520202,-122.62065931186868,238.0
124,38.09867765845532,-122.29789528406523,0.0
125,35.28158799679487,-120.55364583333332,556.0
126,35.28158799679487,-120.55364583333332,556.0
127,38.09867765845532,-122.29789528406523,0.0
128,34.511745280780296,-118.74005877833348,409.0
129,34.23147539560439,-117.3167698992674,1475.0
130,34.17490969052095,-118.2764509212018,198.0
131,32.98484226393592,-117.05520494302569,200.0
132,33.678178007518795,-115.0491403508772,123.0
133,34.23147539560439,-117.3167698992674,1475.0
134,32.98484226393592,-117.05520494302569,200.0
135,36.08737897223244,-114.97812040444934,472.0
136,47.31644375,-119.630625,598.0
137,34.17490969052095,-118.2764509212018,198.0
138,36.287761333333336,-118.5830675,2715.0
139,36.976936190450175,-119.87107653518356,116.0
140,35.28158799679487,-120.55364583333332,556.0
141,32.98484226393592,-117.05520494302569,200.0
142,36.08737897223244,-114.97812040444934,472.0
143,35.64531287878788,-113.88736363636365,1203.0
144,33.351463378684805,-113.51033106575964,393.0
145,34.17490969052095,-118.2764509212018,198.0
146,36.287761333333336,-118.5830675,2715.0
147,47.40497250739241,-122.36915530806549,0.0
148,32.98484226393592,-117.05520494302569,200.0
149,36.08737897223244,-114.97812040444934,472.0
150,36.976936190450175,-119.87107653518356,116.0
151,36.08737897223244,-114.97812040444934,472.0
152,44.090291512979775,-115.65926367043583,1226.0
153,42.915963251563255,-112.8645278980279,1345.0
154,39.3876301646266,-111.9566096881518,1582.0
155,38.66528544332211,-120.98236841245176,369.0
156,36.976936190450175,-119.87107653518356,116.0
157,40.34434389520202,-122.62065931186868,238.0
158,46.49987422928969,-121.32445130143272,1369.0
159,39.3876301646266,-111.9566096881518,1582.0
160,35.64531287878788,-113.88736363636365,1203.0
161,35.798140952380955,-111.19934206349208,1381.0
162,44.090291512979775,-115.65926367043583,1226.0
163,47.0348037037037,-113.90005555555555,1804.0
164,46.49987422928969,-121.32445130143272,1369.0
165,47.85677020833333,-118.37217777777778,417.0
166,42.915963251563255,-112.8645278980279,1345.0
167,47.0348037037037,-113.90005555555555,1804.0
168,39.3876301646266,-111.9566096881518,1582.0
169,47.85677020833333,-118.37217777777778,417.0
170,45.14087309619389,-121.34312506153584,659.0
171,43.55137142857143,-118.41857142857144,1695.0
172,46.9769828125,-110.5825,2531.0
173,42.696625806451614,-109.63406451612904,2200.0
174,39.3876301646266,-111.9566096881518,1582.0
175,46.9769828125,-110.5825,2531.0
176,47.85677020833333,-118.37217777777778,417.0
177,46.035314285714286,-108.35314285714288,994.0
178,42.696625806451614,-109.63406451612904,2200.0
179,44.63035,-106.91325,1428.0
180,47.31644375,-119.630625,598.0
181,47.85677020833333,-118.37217777777778,417.0
182,47.31644375,-119.630625,598.0
183,45.14087309619389,-121.34312506153584,659.0
184,42.696625806451614,-109.63406451612904,2200.0
185,44.63035,-106.91325,1428.0
186,44.21470769230769,-105.18824615384617,1329.0
187,44.63035,-106.91325,1428.0
188,39.3876301646266,-111.9566096881518,1582.0
189,40.58407619047619,-110.48233333333332,2824.0
190,44.21470769230769,-105.18824615384617,1329.0
191,46.49987422928969,-121.32445130143272,1369.0
192,42.05036681818182,-105.58945606060608,2345.0
193,40.07365090302528,-104.6266057640156,1517.0
194,40.58407619047619,-110.48233333333332,2824.0
195,35.64531287878788,-113.88736363636365,1203.0
196,35.798140952380955,-111.19934206349208,1381.0
197,35.52901363636364,-109.41713636363636,2177.0
198,38.27156411866456,-105.25605808845476,2795.0
199,35.798140952380955,-111.19934206349208,1381.0
200,33.351463378684805,-113.51033106575964,393.0
201,33.3105560105651,-111.18396976885056,756.0
202,34.511745280780296,-118.74005877833348,409.0
203,33.351463378684805,-113.51033106575964,393.0
204,33.3105560105651,-111.18396976885056,756.0
205,35.52901363636364,-109.41713636363636,2177.0
206,33.3105560105651,-111.18396976885056,756.0
207,31.99487869172932,-111.24575669172933,1086.0
208,35.52901363636364,-109.41713636363636,2177.0
209,31.99487869172932,-111.24575669172933,1086.0
210,34.45916494450412,-107.0774420271458,1954.0
211,34.45916494450412,-107.0774420271458,1954.0
212,47.31644375,-119.630625,598.0
213,36.287761333333336,-118.5830675,2715.0
214,38.27156411866456,-105.25605808845476,2795.0
215,31.758262513528138,-106.2568900974026,1221.0
216,39.73944770833333,-107.17184791666666,3060.0
217,38.27156411866456,-105.25605808845476,2795.0
218,38.27156411866456,-105.25605808845476,2795.0
219,42.77634444277711,-123.12175428504736,1366.0
220,43.55137142857143,-118.41857142857144,1695.0
221,40.34434389520202,-122.62065931186868,238.0
222,43.55137142857143,-118.41857142857144,1695.0
223,41.203275,-121.62275,1178.0
224,48.508742857142856,-121.39242857142858,436.0
225,48.508742857142856,-121.39242857142858,436.0
226,47.43352377751528,-122.37676919678128,0.0
227,33.493766666666666,-113.4000350877193,517.0
228,33.493766666666666,-113.4000350877193,517.0
229,32.605596481481484,-110.07093333333334,1381.0
230,32.605596481481484,-110.07093333333334,1381.0
231,32.605596481481484,-110.07093333333334,1381.0
232,32.605596481481484,-110.07093333333334,1381.0
233,35.74986222222222,-111.09601481481482,1496.0
234,35.74986222222222,-111.09601481481482,1496.0
235,33.58317288124341,-111.7776066959511,519.0
236,35.38377333333333,-109.40651904761904,2011.0
237,48.55841238095238,-122.41202607142858,3.0
238,47.81525968864469,-118.3377153846154,387.0
239,34.57158904713902,-107.12070798291091,1684.0
240,34.57158904713902,-107.12070798291091,1684.0
241,39.93038182086647,-105.10581710711767,1657.0
242,39.93038182086647,-105.10581710711767,1657.0
243,39.93038182086647,-105.10581710711767,1657.0
244,39.784665625,-107.49902291666666,2857.0
245,44.844791882910734,-122.7873456336917,152.0
246,44.844791882910734,-122.7873456336917,152.0
247,44.844791882910734,-122.7873456336917,152.0
248,34.119205621368714,-118.3252524716156,270.0
249,44.844791882910734,-122.7873456336917,152.0
250,45.43485734693877,-118.93871530612246,794.0
251,42.78336811594203,-123.06836594202898,685.0
252,42.78336811594203,-123.06836594202898,685.0
253,42.78336811594203,-123.06836594202898,685.0
254,43.55137142857143,-118.41857142857144,1695.0
255,41.205322222222215,-121.37036111111112,1133.0
256,41.205322222222215,-121.37036111111112,1133.0
257,37.0813815855106,-121.7867259355337,366.0
258,37.0813815855106,-121.7867259355337,366.0
259,34.119205621368714,-118.3252524716156,270.0
260,37.0813815855106,-121.7867259355337,366.0
261,37.0813815855106,-121.7867259355337,366.0
262,40.63609074074074,-122.73283796296296,980.0
263,40.63609074074074,-122.73283796296296,980.0
264,36.86407889455783,-119.60956105442176,140.0
265,36.86407889455783,-119.60956105442176,140.0
266,36.86407889455783,-119.60956105442176,140.0
267,38.65304617169156,-121.03158908612755,368.0
268,38.65304617169156,-121.03158908612755,368.0
269,38.65304617169156,-121.03158908612755,368.0
270,34.119205621368714,-118.3252524716156,270.0
271,35.35057057692308,-120.46414294871794,513.0
272,38.02767974589193,-122.27328585420663,13.0
273,34.119205621368714,-118.3252524716156,270.0
274,33.91605067612942,-117.35711752136751,447.0
275,33.91605067612942,-117.35711752136751,447.0
276,33.91605067612942,-117.35711752136751,447.0
277,33.91605067612942,-117.35711752136751,447.0
278,48.508742857142856,-121.39242857142858,436.0
279,34.87645916666666,-117.4258625,834.0
280,34.87645916666666,-117.4258625,834.0
281,34.87645916666666,-117.4258625,834.0
282,34.87645916666666,-117.4258625,834.0
283,34.87645916666666,-117.4258625,834.0
284,34.87645916666666,-117.4258625,834.0
285,35.42976458333333,-119.23501333333334,101.0
286,35.42976458333333,-119.23501333333334,101.0
287,35.42976458333333,-119.23501333333334,101.0
288,35.42976458333333,-119.23501333333334,101.0
289,48.508742857142856,-121.39242857142858,436.0
290,35.42976458333333,-119.23501333333334,101.0
291,35.42976458333333,-119.23501333333334,101.0
292,34.24009523809524,-114.85819047619049,812.0
293,34.24009523809524,-114.85819047619049,812.0
294,34.24009523809524,-114.85819047619049,812.0
295,34.24009523809524,-114.85819047619049,812.0
296,34.24009523809524,-114.85819047619049,812.0
297,34.24009523809524,-114.85819047619049,812.0
298,33.8500085959411,-117.94313486164044,43.0
299,33.8500085959411,-117.94313486164044,43.0
300,47.40686538461539,-120.33207692307693,271.0
301,34.829395100529105,-118.48891957671958,853.0
302,34.829395100529105,-118.48891957671958,853.0
303,34.829395100529105,-118.48891957671958,853.0
304,33.87886098412699,-116.34256063492064,291.0
305,36.45234055555556,-118.95361666666668,875.0
306,32.88248333333333,-115.44741666666664,-36.0
307,32.88248333333333,-115.44741666666664,-36.0
308,34.27617045454545,-119.08211818181816,111.0
309,39.60726785583464,-117.18389826007326,1706.0
310,39.60726785583464,-117.18389826007326,1706.0
311,47.40686538461539,-120.33207692307693,271.0
312,39.60726785583464,-117.18389826007326,1706.0
313,39.60726785583464,-117.18389826007326,1706.0
314,39.60726785583464,-117.18389826007326,1706.0
315,39.60726785583464,-117.18389826007326,1706.0
316,39.60726785583464,-117.18389826007326,1706.0
317,39.60726785583464,-117.18389826007326,1706.0
318,36.1447238377193,-115.03984320175438,523.0
319,36.1447238377193,-115.03984320175438,523.0
320,36.1447238377193,-115.03984320175438,523.0
321,47.89409666666667,-116.62865,892.0
322,47.40686538461539,-120.33207692307693,271.0
323,47.89409666666667,-116.62865,892.0
324,47.89409666666667,-116.62865,892.0
325,47.89409666666667,-116.62865,892.0
326,44.1331656547619,-115.62759918981482,1659.0
327,44.1331656547619,-115.62759918981482,1659.0
328,44.1331656547619,-115.62759918981482,1659.0
329,44.1331656547619,-115.62759918981482,1659.0
330,44.1331656547619,-115.62759918981482,1659.0
331,42.94744675213676,-112.7508664021164,1324.0
332,42.94744675213676,-112.7508664021164,1324.0
333,47.40686538461539,-120.33207692307693,271.0
334,42.94744675213676,-112.7508664021164,1324.0
335,47.22078544871795,-114.17356346153844,889.0
336,47.22078544871795,-114.17356346153844,889.0
337,46.9769828125,-110.5825,2531.0
338,46.9769828125,-110.5825,2531.0
339,46.9769828125,-110.5825,2531.0
340,46.44603114668856,-121.189894499179,1501.0
341,46.44603114668856,-121.189894499179,1501.0
342,46.44603114668856,-121.189894499179,1501.0
343,46.44603114668856,-121.189894499179,1501.0
344,47.43352377751528,-122.37676919678128,0.0
345,46.035314285714286,-108.35314285714288,994.0
346,46.035314285714286,-108.35314285714288,994.0
347,46.035314285714286,-108.35314285714288,994.0
348,42.62126659722222,-109.52706597222222,2182.0
349,42.62126659722222,-109.52706597222222,2182.0
350,42.62126659722222,-109.52706597222222,2182.0
351,44.63035,-106.91325,1428.0
352,44.17854166666667,-104.29951666666668,1672.0
353,42.228042916666666,-105.72526875,2252.0
354,42.228042916666666,-105.72526875,2252.0
355,47.43352377751528,-122.37676919678128,0.0
356,38.3482992816092,-111.6842974137931,2395.0
357,38.3482992816092,-111.6842974137931,2395.0
358,38.3482992816092,-111.6842974137931,2395.0
359,38.3482992816092,-111.6842974137931,2395.0
360,38.3482992816092,-111.6842974137931,2395.0
361,40.81883872189153,-112.01718678902115,1287.0
362,35.339845833333335,-114.01671666666668,1096.0
363,35.339845833333335,-114.01671666666668,1096.0
364,35.339845833333335,-114.01671666666668,1096.0
365,33.493766666666666,-113.4000350877193,517.0
366,47.43352377751528,-122.37676919678128,0.0
367,48.55841238095238,-122.41202607142858,3.0
368,47.31644375,-119.630625,598.0
369,33.58317288124341,-111.7776066959511,519.0
370,32.05153128367003,-111.13837373737374,930.0
371,33.58317288124341,-111.7776066959511,519.0
372,35.38377333333333,-109.40651904761904,2011.0
373,32.05153128367003,-111.13837373737374,930.0
374,34.57158904713902,-107.12070798291091,1684.0
375,33.58317288124341,-111.7776066959511,519.0
376,35.38377333333333,-109.40651904761904,2011.0
377,32.05153128367003,-111.13837373737374,930.0
378,34.57158904713902,-107.12070798291091,1684.0
379,47.31644375,-119.630625,598.0
380,47.31644375,-119.630625,598.0
381,38.25297371591372,-105.29034607244606,2522.0
382,31.740090444444444,-106.23889127777778,1222.0
383,39.784665625,-107.49902291666666,2857.0
384,40.51420333333333,-103.26195185185183,1223.0
385,38.25297371591372,-105.29034607244606,2522.0
386,38.25297371591372,-105.29034607244606,2522.0
387,45.43485734693877,-118.93871530612246,794.0
388,42.78336811594203,-123.06836594202898,685.0
389,43.55137142857143,-118.41857142857144,1695.0
390,34.87645916666666,-117.4258625,834.0
391,40.63609074074074,-122.73283796296296,980.0
392,43.55137142857143,-118.41857142857144,1695.0
393,43.55137142857143,-118.41857142857144,1695.0
394,41.205322222222215,-121.37036111111112,1133.0
395,40.63609074074074,-122.73283796296296,980.0
396,41.205322222222215,-121.37036111111112,1133.0
397,40.63609074074074,-122.73283796296296,980.0
398,39.57250583333333,-121.67242156862746,46.0
399,38.65304617169156,-121.03158908612755,368.0
400,35.35057057692308,-120.46414294871794,513.0
401,33.8500085959411,-117.94313486164044,43.0
402,38.02767974589193,-122.27328585420663,13.0
403,37.49838095238096,-120.56642927170869,78.0
404,38.02767974589193,-122.27328585420663,13.0
405,39.57250583333333,-121.67242156862746,46.0
406,38.65304617169156,-121.03158908612755,368.0
407,35.35057057692308,-120.46414294871794,513.0
408,37.49838095238096,-120.56642927170869,78.0
409,38.02767974589193,-122.27328585420663,13.0
410,37.49838095238096,-120.56642927170869,78.0
411,39.57250583333333,-121.67242156862746,46.0
412,34.829395100529105,-118.48891957671958,853.0
413,37.49838095238096,-120.56642927170869,78.0
414,39.57250583333333,-121.67242156862746,46.0
415,34.27617045454545,-119.08211818181816,111.0
416,34.87645916666666,-117.4258625,834.0
417,33.8500085959411,-117.94313486164044,43.0
418,33.87886098412699,-116.34256063492064,291.0
419,32.92121128224206,-117.058744609375,230.0
420,47.81525968864469,-118.3377153846154,387.0
421,34.24009523809524,-114.85819047619049,812.0
422,33.8500085959411,-117.94313486164044,43.0
423,34.829395100529105,-118.48891957671958,853.0
424,33.87886098412699,-116.34256063492064,291.0
425,36.45234055555556,-118.95361666666668,875.0
426,36.1447238377193,-115.03984320175438,523.0
427,34.829395100529105,-118.48891957671958,853.0
428,36.45234055555556,-118.95361666666668,875.0
429,34.27617045454545,-119.08211818181816,111.0
430,36.86407889455783,-119.60956105442176,140.0
431,47.31644375,-119.630625,598.0
432,35.35057057692308,-120.46414294871794,513.0
433,37.49838095238096,-120.56642927170869,78.0
434,33.87886098412699,-116.34256063492064,291.0
435,32.88248333333333,-115.44741666666664,-36.0
436,32.92121128224206,-117.058744609375,230.0
437,36.1447238377193,-115.03984320175438,523.0
438,35.339845833333335,-114.01671666666668,1096.0
439,33.493766666666666,-113.4000350877193,517.0
440,34.829395100529105,-118.48891957671958,853.0
441,32.92121128224206,-117.058744609375,230.0
442,47.43352377751528,-122.37676919678128,0.0
443,36.45234055555556,-118.95361666666668,875.0
444,34.27617045454545,-119.08211818181816,111.0
445,36.86407889455783,-119.60956105442176,140.0
446,32.88248333333333,-115.44741666666664,-36.0
447,36.86407889455783,-119.60956105442176,140.0
448,32.92121128224206,-117.058744609375,230.0
449,33.493766666666666,-113.4000350877193,517.0
450,35.35057057692308,-120.46414294871794,513.0
451,36.1447238377193,-115.03984320175438,523.0
452,44.1331656547619,-115.62759918981482,1659.0
453,46.44603114668856,-121.189894499179,1501.0
454,42.94744675213676,-112.7508664021164,1324.0
455,38.3482992816092,-111.6842974137931,2395.0
456,40.81883872189153,-112.01718678902115,1287.0
457,36.86407889455783,-119.60956105442176,140.0
458,38.65304617169156,-121.03158908612755,368.0
459,39.57250583333333,-121.67242156862746,46.0
460,38.3482992816092,-111.6842974137931,2395.0
461,35.339845833333335,-114.01671666666668,1096.0
462,35.74986222222222,-111.09601481481482,1496.0
463,44.1331656547619,-115.62759918981482,1659.0
464,47.81525968864469,-118.3377153846154,387.0
465,47.22078544871795,-114.17356346153844,889.0
466,46.44603114668856,-121.189894499179,1501.0
467,47.81525968864469,-118.3377153846154,387.0
468,42.94744675213676,-112.7508664021164,1324.0
469,47.22078544871795,-114.17356346153844,889.0
470,40.81883872189153,-112.01718678902115,1287.0
471,45.43485734693877,-118.93871530612246,794.0
472,43.55137142857143,-118.41857142857144,1695.0
473,46.9769828125,-110.5825,2531.0
474,42.62126659722222,-109.52706597222222,2182.0
475,47.31644375,-119.630625,598.0
476,40.81883872189153,-112.01718678902115,1287.0
477,46.9769828125,-110.5825,2531.0
478,47.81525968864469,-118.3377153846154,387.0
479,46.035314285714286,-108.35314285714288,994.0
480,42.62126659722222,-109.52706597222222,2182.0
481,44.63035,-106.91325,1428.0
482,47.81525968864469,-118.3377153846154,387.0
483,47.31644375,-119.630625,598.0
484,44.844791882910734,-122.7873456336917,152.0
485,45.43485734693877,-118.93871530612246,794.0
486,48.55841238095238,-122.41202607142858,3.0
487,42.62126659722222,-109.52706597222222,2182.0
488,44.63035,-106.91325,1428.0
489,44.17854166666667,-104.29951666666668,1672.0
490,44.63035,-106.91325,1428.0
491,40.81883872189153,-112.01718678902115,1287.0
492,40.59164227272727,-110.51901818181818,2735.0
493,44.17854166666667,-104.29951666666668,1672.0
494,42.228042916666666,-105.72526875,2252.0
495,39.93038182086647,-105.10581710711767,1657.0
496,40.51420333333333,-103.26195185185183,1223.0
497,46.44603114668856,-121.189894499179,1501.0
498,40.81883872189153,-112.01718678902115,1287.0
499,35.339845833333335,-114.01671666666668,1096.0
500,35.74986222222222,-111.09601481481482,1496.0
501,35.38377333333333,-109.40651904761904,2011.0
502,38.25297371591372,-105.29034607244606,2522.0
503,40.59164227272727,-110.51901818181818,2735.0
504,33.493766666666666,-113.4000350877193,517.0
505,35.74986222222222,-111.09601481481482,1496.0
506,33.58317288124341,-111.7776066959511,519.0
507,35.74986222222222,-111.09601481481482,1496.0
508,48.508742857142856,-121.39242857142858,436.0
509,48.508742857142856,-121.39242857142858,436.0
510,47.43352377751528,-122.37676919678128,0.0
511,38.81664649122807,-110.99151754385964,1952.0
512,38.81664649122807,-110.99151754385964,1952.0
513,38.81664649122807,-110.99151754385964,1952.0
514,38.81664649122807,-110.99151754385964,1952.0
515,37.68681477272728,-112.86276893939392,3181.0
516,37.68681477272728,-112.86276893939392,3181.0
517,35.339845833333335,-114.01671666666668,1096.0
518,35.339845833333335,-114.01671666666668,1096.0
519,35.339845833333335,-114.01671666666668,1096.0
520,33.64824439393939,-112.90223914141414,661.0
521,48.55841238095238,-122.41202607142858,3.0
522,33.64824439393939,-112.90223914141414,661.0
523,33.64824439393939,-112.90223914141414,661.0
524,33.64824439393939,-112.90223914141414,661.0
525,32.605596481481484,-110.07093333333334,1381.0
526,32.605596481481484,-110.07093333333334,1381.0
527,32.605596481481484,-110.07093333333334,1381.0
528,32.605596481481484,-110.07093333333334,1381.0
529,35.74986222222222,-111.09601481481482,1496.0
530,35.74986222222222,-111.09601481481482,1496.0
531,33.58599348286146,-111.74075193647708,543.0
532,33.810663052755324,-118.1330620879121,12.0
533,35.38377333333333,-109.40651904761904,2011.0
534,47.81525968864469,-118.3377153846154,387.0
535,34.57158904713902,-107.12070798291091,1684.0
536,34.57158904713902,-107.12070798291091,1684.0
537,34.57158904713902,-107.12070798291091,1684.0
538,39.66665876409599,-105.2061161335578,1948.0
539,39.66665876409599,-105.2061161335578,1948.0
540,39.66665876409599,-105.2061161335578,1948.0
541,39.66665876409599,-105.2061161335578,1948.0
542,39.66665876409599,-105.2061161335578,1948.0
543,33.810663052755324,-118.1330620879121,12.0
544,40.415718777777776,-104.98236666666666,1520.0
545,39.784665625,-107.49902291666666,2857.0
546,40.439868,-103.36070666666669,1238.0
547,38.376435413359786,-103.96260750661376,1493.0
548,45.430010394019554,-122.9152706104852,65.0
549,45.530100219780216,-118.80623186813187,468.0
550,45.530100219780216,-118.80623186813187,468.0
551,44.223568267195766,-122.54129034391534,829.0
552,44.223568267195766,-122.54129034391534,829.0
553,44.223568267195766,-122.54129034391534,829.0
554,36.596327083333335,-119.09510416666669,647.0
555,42.78336811594203,-123.06836594202898,685.0
556,42.78336811594203,-123.06836594202898,685.0
557,42.78336811594203,-123.06836594202898,685.0
558,42.78336811594203,-123.06836594202898,685.0
559,43.55137142857143,-118.41857142857144,1695.0
560,41.205322222222215,-121.37036111111112,1133.0
561,41.205322222222215,-121.37036111111112,1133.0
562,41.205322222222215,-121.37036111111112,1133.0
563,39.57250583333333,-121.67242156862746,46.0
564,39.57250583333333,-121.67242156862746,46.0
565,36.596327083333335,-119.09510416666669,647.0
566,39.57250583333333,-121.67242156862746,46.0
567,39.57250583333333,-121.67242156862746,46.0
568,39.57250583333333,-121.67242156862746,46.0
569,35.35057057692308,-120.46414294871794,513.0
570,35.35057057692308,-120.46414294871794,513.0
571,35.35057057692308,-120.46414294871794,513.0
572,37.03703841076965,-121.8140784800253,375.0
573,37.03703841076965,-121.8140784800253,375.0
574,37.03703841076965,-121.8140784800253,375.0
575,40.60367222222222,-123.79144444444444,613.0
576,34.11553532981724,-118.3335040388533,225.0
577,36.86407889455783,-119.60956105442176,140.0
578,36.86407889455783,-119.60956105442176,140.0
579,40.6523,-122.20353472222222,178.0
580,38.04968066137566,-121.61548154761904,0.0
581,38.04968066137566,-121.61548154761904,0.0
582,38.04968066137566,-121.61548154761904,0.0
583,38.746253300310805,-120.9590461926962,288.0
584,38.746253300310805,-120.9590461926962,288.0
585,34.11553532981724,-118.3335040388533,225.0
586,34.11553532981724,-118.3335040388533,225.0
587,34.2774635,-119.11721,57.0
588,48.508742857142856,-121.39242857142858,436.0
589,34.2774635,-119.11721,57.0
590,34.2774635,-119.11721,57.0
591,33.8962448096222,-117.8099908533386,146.0
592,33.8962448096222,-117.8099908533386,146.0
593,33.8962448096222,-117.8099908533386,146.0
594,33.8962448096222,-117.8099908533386,146.0
595,34.87645916666666,-117.4258625,834.0
596,34.87645916666666,-117.4258625,834.0
597,34.87645916666666,-117.4258625,834.0
598,34.87645916666666,-117.4258625,834.0
599,48.508742857142856,-121.39242857142858,436.0
600,34.87645916666666,-117.4258625,834.0
601,34.87645916666666,-117.4258625,834.0
602,35.49847794117647,-118.81566274509804,503.0
603,35.49847794117647,-118.81566274509804,503.0
604,34.24009523809524,-114.85819047619049,812.0
605,34.24009523809524,-114.85819047619049,812.0
606,34.24009523809524,-114.85819047619049,812.0
607,34.24009523809524,-114.85819047619049,812.0
608,34.24009523809524,-114.85819047619049,812.0
609,34.24009523809524,-114.85819047619049,812.0
610,47.40686538461539,-120.33207692307693,271.0
611,34.24009523809524,-114.85819047619049,812.0
612,34.24009523809524,-114.85819047619049,812.0
613,34.67768808390023,-118.4980447845805,1333.0
614,34.67768808390023,-118.4980447845805,1333.0
615,33.87886098412699,-116.34256063492064,291.0
616,33.87886098412699,-116.34256063492064,291.0
617,33.91767794191919,-117.3065968975469,486.0
618,35.37376481481481,-119.50796296296296,86.0
619,35.37376481481481,-119.50796296296296,86.0
620,35.37376481481481,-119.50796296296296,86.0
621,47.40686538461539,-120.33207692307693,271.0
622,32.88248333333333,-115.44741666666664,-36.0
623,32.88248333333333,-115.44741666666664,-36.0
624,39.60726785583464,-117.18389826007326,1706.0
625,39.60726785583464,-117.18389826007326,1706.0
626,39.60726785583464,-117.18389826007326,1706.0
627,39.60726785583464,-117.18389826007326,1706.0
628,39.60726785583464,-117.18389826007326,1706.0
629,39.60726785583464,-117.18389826007326,1706.0
630,39.60726785583464,-117.18389826007326,1706.0
631,39.60726785583464,-117.18389826007326,1706.0
632,47.40686538461539,-120.33207692307693,271.0
633,39.60726785583464,-117.18389826007326,1706.0
634,36.03371760416667,-115.16633784722222,679.0
635,36.03371760416667,-115.16633784722222,679.0
636,36.03371760416667,-115.16633784722222,679.0
637,36.33502023809524,-114.82299523809525,888.0
638,36.33502023809524,-114.82299523809525,888.0
639,47.89409666666667,-116.62865,892.0
640,47.89409666666667,-116.62865,892.0
641,47.89409666666667,-116.62865,892.0
642,47.89409666666667,-116.62865,892.0
643,47.40686538461539,-120.33207692307693,271.0
644,44.1331656547619,-115.62759918981482,1659.0
645,44.1331656547619,-115.62759918981482,1659.0
646,44.1331656547619,-115.62759918981482,1659.0
647,44.1331656547619,-115.62759918981482,1659.0
648,44.1331656547619,-115.62759918981482,1659.0
649,42.94744675213676,-112.7508664021164,1324.0
650,42.94744675213676,-112.7508664021164,1324.0
651,42.94744675213676,-112.7508664021164,1324.0
652,47.22078544871795,-114.17356346153844,889.0
653,47.22078544871795,-114.17356346153844,889.0
654,47.43352377751528,-122.37676919678128,0.0
655,46.9769828125,-110.5825,2531.0
656,46.9769828125,-110.5825,2531.0
657,46.9769828125,-110.5825,2531.0
658,46.44603114668856,-121.189894499179,1501.0
659,46.44603114668856,-121.189894499179,1501.0
660,46.44603114668856,-121.189894499179,1501.0
661,46.44603114668856,-121.189894499179,1501.0
662,46.44603114668856,-121.189894499179,1501.0
663,46.035314285714286,-108.35314285714288,994.0
664,46.035314285714286,-108.35314285714288,994.0
665,47.43352377751528,-122.37676919678128,0.0
666,46.035314285714286,-108.35314285714288,994.0
667,42.62126659722222,-109.52706597222222,2182.0
668,42.62126659722222,-109.52706597222222,2182.0
669,42.62126659722222,-109.52706597222222,2182.0
670,44.63035,-106.91325,1428.0
671,44.17854166666667,-104.29951666666668,1672.0
672,42.228042916666666,-105.72526875,2252.0
673,42.228042916666666,-105.72526875,2252.0
674,40.85572011559697,-112.04033983781918,1286.0
675,40.85572011559697,-112.04033983781918,1286.0
676,47.43352377751528,-122.37676919678128,0.0
677,48.55841238095238,-122.41202607142858,3.0
678,47.31644375,-119.630625,598.0
679,37.68681477272728,-112.86276893939392,3181.0
680,35.74986222222222,-111.09601481481482,1496.0
681,35.38377333333333,-109.40651904761904,2011.0
682,38.055435,-107.41472777777776,3467.0
683,35.339845833333335,-114.01671666666668,1096.0
684,35.74986222222222,-111.09601481481482,1496.0
685,35.74986222222222,-111.09601481481482,1496.0
686,33.58599348286146,-111.74075193647708,543.0
687,33.12186111111111,-114.30641666666666,286.0
688,35.74986222222222,-111.09601481481482,1496.0
689,47.31644375,-119.630625,598.0
690,33.58599348286146,-111.74075193647708,543.0
691,33.12186111111111,-114.30641666666666,286.0
692,32.05153128367003,-111.13837373737374,930.0
693,33.58599348286146,-111.74075193647708,543.0
694,35.38377333333333,-109.40651904761904,2011.0
695,32.05153128367003,-111.13837373737374,930.0
696,34.57158904713902,-107.12070798291091,1684.0
697,33.58599348286146,-111.74075193647708,543.0
698,35.38377333333333,-109.40651904761904,2011.0
699,32.05153128367003,-111.13837373737374,930.0
700,34.11553532981724,-118.3335040388533,225.0
701,34.57158904713902,-107.12070798291091,1684.0
702,47.31644375,-119.630625,598.0
703,38.376435413359786,-103.96260750661376,1493.0
704,38.055435,-107.41472777777776,3467.0
705,31.740090444444444,-106.23889127777778,1222.0
706,40.415718777777776,-104.98236666666666,1520.0
707,39.784665625,-107.49902291666666,2857.0
708,40.439868,-103.36070666666669,1238.0
709,38.376435413359786,-103.96260750661376,1493.0
710,38.055435,-107.41472777777776,3467.0
711,33.8962448096222,-117.8099908533386,146.0
712,40.439868,-103.36070666666669,1238.0
713,38.055435,-107.41472777777776,3467.0
714,38.376435413359786,-103.96260750661376,1493.0
715,38.055435,-107.41472777777776,3467.0
716,44.223568267195766,-122.54129034391534,829.0
717,44.223568267195766,-122.54129034391534,829.0
718,43.55137142857143,-118.41857142857144,1695.0
719,42.78336811594203,-123.06836594202898,685.0
720,43.55137142857143,-118.41857142857144,1695.0
721,40.6523,-122.20353472222222,178.0
722,35.49847794117647,-118.81566274509804,503.0
723,43.55137142857143,-118.41857142857144,1695.0
724,41.205322222222215,-121.37036111111112,1133.0
725,40.60367222222222,-123.79144444444444,613.0
726,40.6523,-122.20353472222222,178.0
727,41.205322222222215,-121.37036111111112,1133.0
728,39.57250583333333,-121.67242156862746,46.0
729,40.60367222222222,-123.79144444444444,613.0
730,40.6523,-122.20353472222222,178.0
731,40.60367222222222,-123.79144444444444,613.0
732,40.6523,-122.20353472222222,178.0
733,36.86407889455783,-119.60956105442176,140.0
734,38.04968066137566,-121.61548154761904,0.0
735,38.746253300310805,-120.9590461926962,288.0
736,38.00825023515842,-122.3848371329438,0.0
737,37.03703841076965,-121.8140784800253,375.0
738,36.86407889455783,-119.60956105442176,140.0
739,37.48179601190476,-120.52943735119048,58.0
740,38.04968066137566,-121.61548154761904,0.0
741,38.00825023515842,-122.3848371329438,0.0
742,37.48179601190476,-120.52943735119048,58.0
743,40.6523,-122.20353472222222,178.0
744,34.2774635,-119.11721,57.0
745,38.746253300310805,-120.9590461926962,288.0
746,37.48179601190476,-120.52943735119048,58.0
747,38.00825023515842,-122.3848371329438,0.0
748,38.746253300310805,-120.9590461926962,288.0
749,38.00825023515842,-122.3848371329438,0.0
750,37.48179601190476,-120.52943735119048,58.0
751,38.00825023515842,-122.3848371329438,0.0
752,37.48179601190476,-120.52943735119048,58.0
753,33.8962448096222,-117.8099908533386,146.0
754,34.67768808390023,-118.4980447845805,1333.0
755,34.67768808390023,-118.4980447845805,1333.0
756,47.81525968864469,-118.3377153846154,387.0
757,35.37376481481481,-119.50796296296296,86.0
758,35.35057057692308,-120.46414294871794,513.0
759,34.87645916666666,-117.4258625,834.0
760,34.67768808390023,-118.4980447845805,1333.0
761,33.91767794191919,-117.3065968975469,486.0
762,32.92121128224206,-117.058744609375,230.0
763,35.49847794117647,-118.81566274509804,503.0
764,34.24009523809524,-114.85819047619049,812.0
765,34.67768808390023,-118.4980447845805,1333.0
766,33.87886098412699,-116.34256063492064,291.0
767,47.31644375,-119.630625,598.0
768,33.91767794191919,-117.3065968975469,486.0
769,36.03371760416667,-115.16633784722222,679.0
770,34.67768808390023,-118.4980447845805,1333.0
771,35.37376481481481,-119.50796296296296,86.0
772,33.87886098412699,-116.34256063492064,291.0
773,32.88248333333333,-115.44741666666664,-36.0
774,32.92121128224206,-117.058744609375,230.0
775,36.03371760416667,-115.16633784722222,679.0
776,36.33502023809524,-114.82299523809525,888.0
777,35.339845833333335,-114.01671666666668,1096.0
778,47.43352377751528,-122.37676919678128,0.0
779,33.64824439393939,-112.90223914141414,661.0
780,33.12186111111111,-114.30641666666666,286.0
781,35.37376481481481,-119.50796296296296,86.0
782,36.86407889455783,-119.60956105442176,140.0
783,33.91767794191919,-117.3065968975469,486.0
784,32.88248333333333,-115.44741666666664,-36.0
785,32.92121128224206,-117.058744609375,230.0
786,35.35057057692308,-120.46414294871794,513.0
787,36.86407889455783,-119.60956105442176,140.0
788,37.48179601190476,-120.52943735119048,58.0
789,46.44603114668856,-121.189894499179,1501.0
790,32.92121128224206,-117.058744609375,230.0
791,33.12186111111111,-114.30641666666666,286.0
792,36.03371760416667,-115.16633784722222,679.0
793,36.33502023809524,-114.82299523809525,888.0
794,44.1331656547619,-115.62759918981482,1659.0
795,42.94744675213676,-112.7508664021164,1324.0
796,40.85572011559697,-112.04033983781918,1286.0
797,37.68681477272728,-112.86276893939392,3181.0
798,39.57250583333333,-121.67242156862746,46.0
799,36.86407889455783,-119.60956105442176,140.0
800,47.81525968864469,-118.3377153846154,387.0
801,38.746253300310805,-120.9590461926962,288.0
802,36.33502023809524,-114.82299523809525,888.0
803,35.339845833333335,-114.01671666666668,1096.0
804,35.74986222222222,-111.09601481481482,1496.0
805,37.68681477272728,-112.86276893939392,3181.0
806,35.339845833333335,-114.01671666666668,1096.0
807,44.1331656547619,-115.62759918981482,1659.0
808,47.22078544871795,-114.17356346153844,889.0
809,46.44603114668856,-121.189894499179,1501.0
810,47.81525968864469,-118.3377153846154,387.0
811,47.31644375,-119.630625,598.0
812,42.94744675213676,-112.7508664021164,1324.0
813,47.22078544871795,-114.17356346153844,889.0
814,40.85572011559697,-112.04033983781918,1286.0
815,45.530100219780216,-118.80623186813187,468.0
816,43.55137142857143,-118.41857142857144,1695.0
817,46.9769828125,-110.5825,2531.0
818,42.62126659722222,-109.52706597222222,2182.0
819,40.85572011559697,-112.04033983781918,1286.0
820,46.9769828125,-110.5825,2531.0
821,47.81525968864469,-118.3377153846154,387.0
822,48.55841238095238,-122.41202607142858,3.0
823,46.035314285714286,-108.35314285714288,994.0
824,42.62126659722222,-109.52706597222222,2182.0
825,44.63035,-106.91325,1428.0
826,47.81525968864469,-118.3377153846154,387.0
827,47.31644375,-119.630625,598.0
828,45.430010394019554,-122.9152706104852,65.0
829,45.530100219780216,-118.80623186813187,468.0
830,44.223568267195766,-122.54129034391534,829.0
831,42.62126659722222,-109.52706597222222,2182.0
832,44.63035,-106.91325,1428.0
833,46.44603114668856,-121.189894499179,1501.0
834,44.17854166666667,-104.29951666666668,1672.0
835,44.63035,-106.91325,1428.0
836,40.85572011559697,-112.04033983781918,1286.0
837,40.59164227272727,-110.51901818181818,2735.0
838,44.17854166666667,-104.29951666666668,1672.0
839,42.228042916666666,-105.72526875,2252.0
840,40.415718777777776,-104.98236666666666,1520.0
841,40.439868,-103.36070666666669,1238.0
842,38.81664649122807,-110.99151754385964,1952.0
843,40.59164227272727,-110.51901818181818,2735.0
844,47.50769761904762,-120.36235714285714,560.0
845,47.50769761904762,-120.36235714285714,560.0
846,48.5881125,-121.505125,986.0
847,46.76375703000795,-123.09173355524642,76.0
848,46.76375703000795,-123.09173355524642,76.0
849,46.035314285714286,-108.35314285714288,994.0
850,46.035314285714286,-108.35314285714288,994.0
851,46.035314285714286,-108.35314285714288,994.0
852,42.696625806451614,-109.63406451612904,2200.0
853,42.696625806451614,-109.63406451612904,2200.0
854,42.696625806451614,-109.63406451612904,2200.0
855,44.63035,-106.91325,1428.0
856,44.21470769230769,-105.18824615384617,1329.0
857,48.5881125,-121.505125,986.0
858,42.05036681818182,-105.58945606060608,2345.0
859,42.05036681818182,-105.58945606060608,2345.0
860,40.86356557789316,-112.0864065229022,1276.0
861,40.86356557789316,-112.0864065229022,1276.0
862,39.07350327380953,-111.2461693121693,2389.0
863,39.07350327380953,-111.2461693121693,2389.0
864,39.07350327380953,-111.2461693121693,2389.0
865,39.07350327380953,-111.2461693121693,2389.0
866,37.64491738095238,-112.827575,3022.0
867,37.64491738095238,-112.827575,3022.0
868,48.5881125,-121.505125,986.0
869,35.64531287878788,-113.88736363636365,1203.0
870,35.64531287878788,-113.88736363636365,1203.0
871,33.51025813492063,-112.9531626984127,355.0
872,33.51025813492063,-112.9531626984127,355.0
873,33.51025813492063,-112.9531626984127,355.0
874,33.51025813492063,-112.9531626984127,355.0
875,36.547275,-110.95706944444444,2032.0
876,36.547275,-110.95706944444444,2032.0
877,32.509598,-110.16830285714286,1449.0
878,32.509598,-110.16830285714286,1449.0
879,47.09696480691531,-122.50861102952604,106.0
880,32.509598,-110.16830285714286,1449.0
881,32.509598,-110.16830285714286,1449.0
882,32.509598,-110.16830285714286,1449.0
883,33.40668216549665,-111.87312246386344,368.0
884,33.40668216549665,-111.87312246386344,368.0
885,34.85995496031746,-111.3147910714286,2167.0
886,35.52901363636364,-109.41713636363636,2177.0
887,47.85677020833333,-118.37217777777778,417.0
888,34.45916494450412,-107.0774420271458,1954.0
889,34.45916494450412,-107.0774420271458,1954.0
890,47.09696480691531,-122.50861102952604,106.0
891,34.45916494450412,-107.0774420271458,1954.0
892,40.55716111111111,-103.14446626984126,1296.0
893,40.55716111111111,-103.14446626984126,1296.0
894,39.84707225,-107.3418675,2746.0
895,39.84707225,-107.3418675,2746.0
896,39.57013224255849,-105.32028987270236,2405.0
897,39.57013224255849,-105.32028987270236,2405.0
898,39.57013224255849,-105.32028987270236,2405.0
899,40.31400572222222,-104.88376055555555,1484.0
900,37.77935240384616,-107.49410897435897,3702.0
901,48.680631721611725,-122.4525356959707,555.0
902,45.33291308307732,-122.94298561680256,172.0
903,45.33291308307732,-122.94298561680256,172.0
904,45.606544166666666,-118.94400166666668,486.0
905,45.606544166666666,-118.94400166666668,486.0
906,44.27072427777778,-121.9422384722222,1325.0
907,44.27072427777778,-121.9422384722222,1325.0
908,44.27072427777778,-121.9422384722222,1325.0
909,42.77634444277711,-123.12175428504736,1366.0
910,42.77634444277711,-123.12175428504736,1366.0
911,42.77634444277711,-123.12175428504736,1366.0
912,34.28211061547149,-119.1047335780162,155.0
913,42.77634444277711,-123.12175428504736,1366.0
914,43.55137142857143,-118.41857142857144,1695.0
915,41.203275,-121.62275,1178.0
916,41.203275,-121.62275,1178.0
917,41.203275,-121.62275,1178.0
918,36.75321203598485,-119.75073986742424,97.0
919,36.75321203598485,-119.75073986742424,97.0
920,36.75321203598485,-119.75073986742424,97.0
921,36.75321203598485,-119.75073986742424,97.0
922,37.63159608653847,-120.5558408653846,48.0
923,34.28211061547149,-119.1047335780162,155.0
924,37.63159608653847,-120.5558408653846,48.0
925,37.63159608653847,-120.5558408653846,48.0
926,39.70507962962963,-121.65257407407408,290.0
927,39.70507962962963,-121.65257407407408,290.0
928,39.70507962962963,-121.65257407407408,290.0
929,37.08881372316549,-121.78630468384075,426.0
930,37.08881372316549,-121.78630468384075,426.0
931,37.08881372316549,-121.78630468384075,426.0
932,40.74110833333333,-123.90404166666669,315.0
933,40.74110833333333,-123.90404166666669,315.0
934,34.28211061547149,-119.1047335780162,155.0
935,40.70809363636364,-122.14771363636363,299.0
936,40.70809363636364,-122.14771363636363,299.0
937,38.03562805761601,-121.6681224056454,-5.0
938,38.03562805761601,-121.6681224056454,-5.0
939,38.071327263772176,-122.42515955648923,0.0
940,34.28211061547149,-119.1047335780162,155.0
941,47.50769761904762,-120.36235714285714,560.0
942,34.28211061547149,-119.1047335780162,155.0
943,34.28211061547149,-119.1047335780162,155.0
944,33.97252148351648,-117.36061261119832,280.0
945,33.97252148351648,-117.36061261119832,280.0
946,33.97252148351648,-117.36061261119832,280.0
947,33.97252148351648,-117.36061261119832,280.0
948,33.97252148351648,-117.36061261119832,280.0
949,36.043572727272725,-119.15849936868688,112.0
950,36.043572727272725,-119.15849936868688,112.0
951,36.043572727272725,-119.15849936868688,112.0
952,47.50769761904762,-120.36235714285714,560.0
953,36.043572727272725,-119.15849936868688,112.0
954,32.90093757309941,-115.34854970760234,-14.0
955,32.90093757309941,-115.34854970760234,-14.0
956,32.90093757309941,-115.34854970760234,-14.0
957,32.90093757309941,-115.34854970760234,-14.0
958,34.261502138157894,-118.25620208333336,1031.0
959,34.261502138157894,-118.25620208333336,1031.0
960,34.261502138157894,-118.25620208333336,1031.0
961,34.261502138157894,-118.25620208333336,1031.0
962,37.53074,-118.5634,1871.0
963,47.50769761904762,-120.36235714285714,560.0
964,35.312624444444445,-119.56075555555556,307.0
965,35.312624444444445,-119.56075555555556,307.0
966,35.312624444444445,-119.56075555555556,307.0
967,35.312624444444445,-119.56075555555556,307.0
968,34.520219999999995,-114.95333333333332,450.0
969,34.520219999999995,-114.95333333333332,450.0
970,34.520219999999995,-114.95333333333332,450.0
971,34.520219999999995,-114.95333333333332,450.0
972,34.520219999999995,-114.95333333333332,450.0
973,34.520219999999995,-114.95333333333332,450.0
974,47.70572722314507,-122.18759227574752,61.0
975,34.520219999999995,-114.95333333333332,450.0
976,34.520219999999995,-114.95333333333332,450.0
977,33.90472757475083,-118.30352929740371,18.0
978,34.683971279761906,-118.46655267857145,1027.0
979,34.683971279761906,-118.46655267857145,1027.0
980,34.683971279761906,-118.46655267857145,1027.0
981,33.7910894017094,-116.60010337606836,1469.0
982,33.7910894017094,-116.60010337606836,1469.0
983,33.85214927677315,-117.9013867714032,54.0
984,35.08885505952381,-117.3301443452381,633.0
985,47.70572722314507,-122.18759227574752,61.0
986,33.25754640151516,-117.27315608288772,31.0
987,39.42879306818182,-116.98096515151516,2123.0
988,39.42879306818182,-116.98096515151516,2123.0
989,39.42879306818182,-116.98096515151516,2123.0
990,39.42879306818182,-116.98096515151516,2123.0
991,39.42879306818182,-116.98096515151516,2123.0
992,39.42879306818182,-116.98096515151516,2123.0
993,39.42879306818182,-116.98096515151516,2123.0
994,39.42879306818182,-116.98096515151516,2123.0
995,39.42879306818182,-116.98096515151516,2123.0
996,47.70572722314507,-122.18759227574752,61.0
997,39.42879306818182,-116.98096515151516,2123.0
998,36.44956666666667,-114.57075,725.0
999,36.44956666666667,-114.57075,725.0
1000,36.44956666666667,-114.57075,725.0
1001,35.951558586819615,-115.13088430611786,784.0
1002,35.951558586819615,-115.13088430611786,784.0
1003,47.656,-116.79944444444445,645.0
1004,47.656,-116.79944444444445,645.0
1005,47.656,-116.79944444444445,645.0
1006,47.656,-116.79944444444445,645.0
1007,47.70572722314507,-122.18759227574752,61.0
1008,44.090291512979775,-115.65926367043583,1226.0
1009,44.090291512979775,-115.65926367043583,1226.0
1010,44.090291512979775,-115.65926367043583,1226.0
1011,44.090291512979775,-115.65926367043583,1226.0
1012,44.090291512979775,-115.65926367043583,1226.0
1013,42.915963251563255,-112.8645278980279,1345.0
1014,42.915963251563255,-112.8645278980279,1345.0
1015,42.915963251563255,-112.8645278980279,1345.0
1016,47.0348037037037,-113.90005555555555,1804.0
1017,47.0348037037037,-113.90005555555555,1804.0
1018,47.70572722314507,-122.18759227574752,61.0
1019,46.9769828125,-110.5825,2531.0
1020,46.9769828125,-110.5825,2531.0
1021,46.9769828125,-110.5825,2531.0
1022,46.23599142857143,-119.55716904761904,459.0
1023,46.23599142857143,-119.55716904761904,459.0
1024,46.23599142857143,-119.55716904761904,459.0
1025,46.23599142857143,-119.55716904761904,459.0
1026,46.23599142857143,-119.55716904761904,459.0
1027,46.23599142857143,-119.55716904761904,459.0
1028,46.76375703000795,-123.09173355524642,76.0
1029,47.70572722314507,-122.18759227574752,61.0
1030,47.09696480691531,-122.50861102952604,106.0
1031,48.680631721611725,-122.4525356959707,555.0
1032,45.33291308307732,-122.94298561680256,172.0
1033,44.27072427777778,-121.9422384722222,1325.0
1034,42.696625806451614,-109.63406451612904,2200.0
1035,44.63035,-106.91325,1428.0
1036,44.21470769230769,-105.18824615384617,1329.0
1037,44.63035,-106.91325,1428.0
1038,40.86356557789316,-112.0864065229022,1276.0
1039,40.58407619047619,-110.48233333333332,2824.0
1040,44.21470769230769,-105.18824615384617,1329.0
1041,42.05036681818182,-105.58945606060608,2345.0
1042,47.85677020833333,-118.37217777777778,417.0
1043,40.55716111111111,-103.14446626984126,1296.0
1044,40.31400572222222,-104.88376055555555,1484.0
1045,39.07350327380953,-111.2461693121693,2389.0
1046,40.58407619047619,-110.48233333333332,2824.0
1047,37.64491738095238,-112.827575,3022.0
1048,36.547275,-110.95706944444444,2032.0
1049,35.52901363636364,-109.41713636363636,2177.0
1050,37.77935240384616,-107.49410897435897,3702.0
1051,35.64531287878788,-113.88736363636365,1203.0
1052,36.547275,-110.95706944444444,2032.0
1053,47.31644375,-119.630625,598.0
1054,33.13973703703704,-114.25322222222223,379.0
1055,34.85995496031746,-111.3147910714286,2167.0
1056,33.40668216549665,-111.87312246386344,368.0
1057,33.13973703703704,-114.25322222222223,379.0
1058,34.85995496031746,-111.3147910714286,2167.0
1059,31.99487869172932,-111.24575669172933,1086.0
1060,34.85995496031746,-111.3147910714286,2167.0
1061,35.52901363636364,-109.41713636363636,2177.0
1062,33.40668216549665,-111.87312246386344,368.0
1063,34.85995496031746,-111.3147910714286,2167.0
1064,46.23599142857143,-119.55716904761904,459.0
1065,35.52901363636364,-109.41713636363636,2177.0
1066,31.99487869172932,-111.24575669172933,1086.0
1067,34.45916494450412,-107.0774420271458,1954.0
1068,34.85995496031746,-111.3147910714286,2167.0
1069,31.99487869172932,-111.24575669172933,1086.0
1070,35.52901363636364,-109.41713636363636,2177.0
1071,34.45916494450412,-107.0774420271458,1954.0
1072,47.31644375,-119.630625,598.0
1073,37.77935240384616,-107.49410897435897,3702.0
1074,38.51766997607376,-104.13703264550264,1626.0
1075,46.76375703000795,-123.09173355524642,76.0
1076,31.758262513528138,-106.2568900974026,1221.0
1077,39.57013224255849,-105.32028987270236,2405.0
1078,40.31400572222222,-104.88376055555555,1484.0
1079,39.57013224255849,-105.32028987270236,2405.0
1080,37.77935240384616,-107.49410897435897,3702.0
1081,40.31400572222222,-104.88376055555555,1484.0
1082,37.77935240384616,-107.49410897435897,3702.0
1083,38.51766997607376,-104.13703264550264,1626.0
1084,38.51766997607376,-104.13703264550264,1626.0
1085,38.51766997607376,-104.13703264550264,1626.0
1086,47.31644375,-119.630625,598.0
1087,44.27072427777778,-121.9422384722222,1325.0
1088,42.77634444277711,-123.12175428504736,1366.0
1089,44.27072427777778,-121.9422384722222,1325.0
1090,43.55137142857143,-118.41857142857144,1695.0
1091,42.77634444277711,-123.12175428504736,1366.0
1092,43.55137142857143,-118.41857142857144,1695.0
1093,40.70809363636364,-122.14771363636363,299.0
1094,43.55137142857143,-118.41857142857144,1695.0
1095,41.203275,-121.62275,1178.0
1096,40.74110833333333,-123.90404166666669,315.0
1097,34.261502138157894,-118.25620208333336,1031.0
1098,40.70809363636364,-122.14771363636363,299.0
1099,41.203275,-121.62275,1178.0
1100,39.70507962962963,-121.65257407407408,290.0
1101,40.74110833333333,-123.90404166666669,315.0
1102,40.70809363636364,-122.14771363636363,299.0
1103,37.63159608653847,-120.5558408653846,48.0
1104,37.08881372316549,-121.78630468384075,426.0
1105,35.28158799679487,-120.55364583333332,556.0
1106,38.8319492063492,-121.01293601081458,374.0
1107,37.08881372316549,-121.78630468384075,426.0
1108,35.312624444444445,-119.56075555555556,307.0
1109,38.03562805761601,-121.6681224056454,-5.0
1110,38.8319492063492,-121.01293601081458,374.0
1111,40.70809363636364,-122.14771363636363,299.0
1112,38.03562805761601,-121.6681224056454,-5.0
1113,38.8319492063492,-121.01293601081458,374.0
1114,35.28158799679487,-120.55364583333332,556.0
1115,38.03562805761601,-121.6681224056454,-5.0
1116,38.071327263772176,-122.42515955648923,0.0
1117,40.70809363636364,-122.14771363636363,299.0
1118,38.071327263772176,-122.42515955648923,0.0
1119,33.90472757475083,-118.30352929740371,18.0
1120,38.071327263772176,-122.42515955648923,0.0
1121,38.8319492063492,-121.01293601081458,374.0
1122,38.071327263772176,-122.42515955648923,0.0
1123,38.8319492063492,-121.01293601081458,374.0
1124,38.8319492063492,-121.01293601081458,374.0
1125,34.683971279761906,-118.46655267857145,1027.0
1126,46.23599142857143,-119.55716904761904,459.0
1127,35.40514533333333,-118.78345333333334,454.0
1128,35.28158799679487,-120.55364583333332,556.0
1129,34.261502138157894,-118.25620208333336,1031.0
1130,33.7910894017094,-116.60010337606836,1469.0
1131,33.85214927677315,-117.9013867714032,54.0
1132,35.08885505952381,-117.3301443452381,633.0
1133,33.25754640151516,-117.27315608288772,31.0
1134,35.312624444444445,-119.56075555555556,307.0
1135,34.683971279761906,-118.46655267857145,1027.0
1136,35.40514533333333,-118.78345333333334,454.0
1137,47.85677020833333,-118.37217777777778,417.0
1138,36.75321203598485,-119.75073986742424,97.0
1139,34.520219999999995,-114.95333333333332,450.0
1140,33.7910894017094,-116.60010337606836,1469.0
1141,32.76667895387253,-116.88084403113604,129.0
1142,33.13973703703704,-114.25322222222223,379.0
1143,33.90472757475083,-118.30352929740371,18.0
1144,34.683971279761906,-118.46655267857145,1027.0
1145,33.85214927677315,-117.9013867714032,54.0
1146,35.08885505952381,-117.3301443452381,633.0
1147,36.75321203598485,-119.75073986742424,97.0
1148,47.31644375,-119.630625,598.0
1149,34.683971279761906,-118.46655267857145,1027.0
1150,35.40514533333333,-118.78345333333334,454.0
1151,36.75321203598485,-119.75073986742424,97.0
1152,35.28158799679487,-120.55364583333332,556.0
1153,33.7910894017094,-116.60010337606836,1469.0
1154,35.08885505952381,-117.3301443452381,633.0
1155,33.25754640151516,-117.27315608288772,31.0
1156,36.44956666666667,-114.57075,725.0
1157,35.951558586819615,-115.13088430611786,784.0
1158,35.64531287878788,-113.88736363636365,1203.0
1159,48.5881125,-121.505125,986.0
1160,33.51025813492063,-112.9531626984127,355.0
1161,33.13973703703704,-114.25322222222223,379.0
1162,33.85214927677315,-117.9013867714032,54.0
1163,33.85214927677315,-117.9013867714032,54.0
1164,35.40514533333333,-118.78345333333334,454.0
1165,36.75321203598485,-119.75073986742424,97.0
1166,35.08885505952381,-117.3301443452381,633.0
1167,33.25754640151516,-117.27315608288772,31.0
1168,33.25754640151516,-117.27315608288772,31.0
1169,35.951558586819615,-115.13088430611786,784.0
1170,47.09696480691531,-122.50861102952604,106.0
1171,32.76667895387253,-116.88084403113604,129.0
1172,36.44956666666667,-114.57075,725.0
1173,35.951558586819615,-115.13088430611786,784.0
1174,44.090291512979775,-115.65926367043583,1226.0
1175,42.915963251563255,-112.8645278980279,1345.0
1176,40.86356557789316,-112.0864065229022,1276.0
1177,37.64491738095238,-112.827575,3022.0
1178,36.75321203598485,-119.75073986742424,97.0
1179,37.63159608653847,-120.5558408653846,48.0
1180,39.70507962962963,-121.65257407407408,290.0
1181,48.680631721611725,-122.4525356959707,555.0
1182,38.8319492063492,-121.01293601081458,374.0
1183,35.951558586819615,-115.13088430611786,784.0
1184,37.64491738095238,-112.827575,3022.0
1185,35.64531287878788,-113.88736363636365,1203.0
1186,35.64531287878788,-113.88736363636365,1203.0
1187,36.547275,-110.95706944444444,2032.0
1188,44.090291512979775,-115.65926367043583,1226.0
1189,47.0348037037037,-113.90005555555555,1804.0
1190,46.23599142857143,-119.55716904761904,459.0
1191,47.85677020833333,-118.37217777777778,417.0
1192,46.76375703000795,-123.09173355524642,76.0
1193,42.915963251563255,-112.8645278980279,1345.0
1194,47.0348037037037,-113.90005555555555,1804.0
1195,40.86356557789316,-112.0864065229022,1276.0
1196,45.606544166666666,-118.94400166666668,486.0
1197,43.55137142857143,-118.41857142857144,1695.0
1198,46.9769828125,-110.5825,2531.0
1199,42.696625806451614,-109.63406451612904,2200.0
1200,40.86356557789316,-112.0864065229022,1276.0
1201,46.9769828125,-110.5825,2531.0
1202,47.85677020833333,-118.37217777777778,417.0
1203,47.31644375,-119.630625,598.0
1204,46.035314285714286,-108.35314285714288,994.0
1205,42.696625806451614,-109.63406451612904,2200.0
1206,44.63035,-106.91325,1428.0
1207,46.76375703000795,-123.09173355524642,76.0
1208,47.85677020833333,-118.37217777777778,417.0
1209,47.31644375,-119.630625,598.0
1210,45.33291308307732,-122.94298561680256,172.0
1211,45.606544166666666,-118.94400166666668,486.0
1212,44.27072427777778,-121.9422384722222,1325.0
1213,47.31644375,-119.630625,598.0
1214,46.9182,-120.275,760.0
1215,46.9182,-120.275,760.0
1216,48.59341666666666,-121.35816666666666,351.0
1217,46.61382005456349,-122.83189122023808,104.0
1218,46.61382005456349,-122.83189122023808,104.0
1219,46.23952172161172,-119.16897545787546,110.0
1220,46.23952172161172,-119.16897545787546,110.0
1221,46.23952172161172,-119.16897545787546,110.0
1222,46.23952172161172,-119.16897545787546,110.0
1223,46.23952172161172,-119.16897545787546,110.0
1224,46.035314285714286,-108.35314285714288,994.0
1225,46.035314285714286,-108.35314285714288,994.0
1226,46.035314285714286,-108.35314285714288,994.0
1227,48.59341666666666,-121.35816666666666,351.0
1228,42.62126659722222,-109.52706597222222,2182.0
1229,42.62126659722222,-109.52706597222222,2182.0
1230,42.62126659722222,-109.52706597222222,2182.0
1231,44.63035,-106.91325,1428.0
1232,44.17854166666667,-104.29951666666668,1672.0
1233,42.228042916666666,-105.72526875,2252.0
1234,42.228042916666666,-105.72526875,2252.0
1235,40.81883872189153,-112.01718678902115,1287.0
1236,40.81883872189153,-112.01718678902115,1287.0
1237,40.81883872189153,-112.01718678902115,1287.0
1238,47.62405,-120.35744444444444,1289.0
1239,37.50905972222222,-112.8791898148148,2345.0
1240,37.50905972222222,-112.8791898148148,2345.0
1241,37.50905972222222,-112.8791898148148,2345.0
1242,37.50905972222222,-112.8791898148148,2345.0
1243,38.57059230769231,-110.5010512820513,1620.0
1244,38.57059230769231,-110.5010512820513,1620.0
1245,38.57059230769231,-110.5010512820513,1620.0
1246,38.57059230769231,-110.5010512820513,1620.0
1247,35.339845833333335,-114.01671666666668,1096.0
1248,35.339845833333335,-114.01671666666668,1096.0
1249,47.62405,-120.35744444444444,1289.0
1250,35.339845833333335,-114.01671666666668,1096.0
1251,36.4177619047619,-111.13507142857144,1815.0
1252,36.4177619047619,-111.13507142857144,1815.0
1253,34.07050444320657,-112.25695845040036,1174.0
1254,34.07050444320657,-112.25695845040036,1174.0
1255,34.07050444320657,-112.25695845040036,1174.0
1256,32.29124769230769,-109.93624102564102,1282.0
1257,32.29124769230769,-109.93624102564102,1282.0
1258,32.29124769230769,-109.93624102564102,1282.0
1259,32.29124769230769,-109.93624102564102,1282.0
1260,47.62405,-120.35744444444444,1289.0
1261,33.12186111111111,-114.30641666666666,286.0
1262,34.93451966666667,-110.77671777777778,1586.0
1263,34.93451966666667,-110.77671777777778,1586.0
1264,33.510836363636365,-113.01637878787878,381.0
1265,33.510836363636365,-113.01637878787878,381.0
1266,33.14215395995671,-111.47053244588744,470.0
1267,35.38377333333333,-109.40651904761904,2011.0
1268,47.81525968864469,-118.3377153846154,387.0
1269,34.57158904713902,-107.12070798291091,1684.0
1270,34.57158904713902,-107.12070798291091,1684.0
1271,47.75799176389396,-122.16153507489952,15.0
1272,34.57158904713902,-107.12070798291091,1684.0
1273,39.66665876409599,-105.2061161335578,1948.0
1274,39.66665876409599,-105.2061161335578,1948.0
1275,39.66665876409599,-105.2061161335578,1948.0
1276,39.66665876409599,-105.2061161335578,1948.0
1277,39.66665876409599,-105.2061161335578,1948.0
1278,39.66665876409599,-105.2061161335578,1948.0
1279,40.12612962962962,-106.9956851851852,2606.0
1280,40.415718777777776,-104.98236666666666,1520.0
1281,40.439868,-103.36070666666669,1238.0
1282,47.75799176389396,-122.16153507489952,15.0
1283,39.34564047619048,-108.14617142857142,1636.0
1284,38.39737,-102.81953333333334,1243.0
1285,38.37150332804233,-104.86674978835978,1590.0
1286,45.430010394019554,-122.9152706104852,65.0
1287,45.530100219780216,-118.80623186813187,468.0
1288,45.530100219780216,-118.80623186813187,468.0
1289,44.223568267195766,-122.54129034391534,829.0
1290,44.223568267195766,-122.54129034391534,829.0
1291,44.223568267195766,-122.54129034391534,829.0
1292,42.78336811594203,-123.06836594202898,685.0
1293,34.25588306577682,-118.3718734066859,300.0
1294,42.78336811594203,-123.06836594202898,685.0
1295,42.78336811594203,-123.06836594202898,685.0
1296,42.78336811594203,-123.06836594202898,685.0
1297,43.55137142857143,-118.41857142857144,1695.0
1298,41.205322222222215,-121.37036111111112,1133.0
1299,41.205322222222215,-121.37036111111112,1133.0
1300,41.205322222222215,-121.37036111111112,1133.0
1301,37.09103119500046,-121.84854335336075,643.0
1302,37.09103119500046,-121.84854335336075,643.0
1303,37.09103119500046,-121.84854335336075,643.0
1304,34.25588306577682,-118.3718734066859,300.0
1305,37.09103119500046,-121.84854335336075,643.0
1306,39.0463,-120.54452272727272,1223.0
1307,39.0463,-120.54452272727272,1223.0
1308,39.0463,-120.54452272727272,1223.0
1309,39.0463,-120.54452272727272,1223.0
1310,36.67541395833333,-120.6973,254.0
1311,36.67541395833333,-120.6973,254.0
1312,36.67541395833333,-120.6973,254.0
1313,38.58998521723647,-121.37198051994302,23.0
1314,38.58998521723647,-121.37198051994302,23.0
1315,34.25588306577682,-118.3718734066859,300.0
1316,38.58998521723647,-121.37198051994302,23.0
1317,38.58998521723647,-121.37198051994302,23.0
1318,36.86407889455783,-119.60956105442176,140.0
1319,36.86407889455783,-119.60956105442176,140.0
1320,40.6523,-122.20353472222222,178.0
1321,40.6523,-122.20353472222222,178.0
1322,40.6523,-122.20353472222222,178.0
1323,38.00456149690179,-121.67947933537052,-3.0
1324,38.00456149690179,-121.67947933537052,-3.0
1325,38.00456149690179,-121.67947933537052,-3.0
1326,46.9182,-120.275,760.0
1327,34.25588306577682,-118.3718734066859,300.0
1328,38.02091053996509,-122.40427090636636,0.0
1329,40.60367222222222,-123.79144444444444,613.0
1330,34.25588306577682,-118.3718734066859,300.0
1331,33.87886098412699,-116.34256063492064,291.0
1332,33.87886098412699,-116.34256063492064,291.0
1333,33.87886098412699,-116.34256063492064,291.0
1334,33.87886098412699,-116.34256063492064,291.0
1335,34.89417311111111,-117.39048666666666,743.0
1336,34.89417311111111,-117.39048666666666,743.0
1337,34.89417311111111,-117.39048666666666,743.0
1338,34.89417311111111,-117.39048666666666,743.0
1339,48.6298075,-122.46203041666666,241.0
1340,34.89417311111111,-117.39048666666666,743.0
1341,34.89417311111111,-117.39048666666666,743.0
1342,33.91767794191919,-117.3065968975469,486.0
1343,33.91767794191919,-117.3065968975469,486.0
1344,33.91767794191919,-117.3065968975469,486.0
1345,34.74095847041847,-118.51119336219335,960.0
1346,34.74095847041847,-118.51119336219335,960.0
1347,34.74095847041847,-118.51119336219335,960.0
1348,34.74095847041847,-118.51119336219335,960.0
1349,34.74095847041847,-118.51119336219335,960.0
1350,48.6298075,-122.46203041666666,241.0
1351,33.91883832127534,-118.28533858163895,59.0
1352,33.91883832127534,-118.28533858163895,59.0
1353,33.91883832127534,-118.28533858163895,59.0
1354,37.55258888888889,-118.55766666666666,2062.0
1355,35.26438333333333,-115.08316666666666,1259.0
1356,35.26438333333333,-115.08316666666666,1259.0
1357,35.30672916666666,-119.52133333333332,345.0
1358,35.30672916666666,-119.52133333333332,345.0
1359,35.30672916666666,-119.52133333333332,345.0
1360,35.30672916666666,-119.52133333333332,345.0
1361,48.6298075,-122.46203041666666,241.0
1362,34.10413843846629,-117.84716095135023,232.0
1363,33.72141276695527,-117.87607965367964,19.0
1364,33.83038,-114.7682,242.0
1365,33.83038,-114.7682,242.0
1366,33.83038,-114.7682,242.0
1367,33.83038,-114.7682,242.0
1368,33.83038,-114.7682,242.0
1369,35.49847794117647,-118.81566274509804,503.0
1370,34.2774635,-119.11721,57.0
1371,36.24082083333333,-119.286925,100.0
1372,47.183407791791545,-122.54231816100564,75.0
1373,32.88248333333333,-115.44741666666664,-36.0
1374,32.88248333333333,-115.44741666666664,-36.0
1375,33.158687683150184,-117.20403049450547,146.0
1376,39.60726785583464,-117.18389826007326,1706.0
1377,39.60726785583464,-117.18389826007326,1706.0
1378,39.60726785583464,-117.18389826007326,1706.0
1379,39.60726785583464,-117.18389826007326,1706.0
1380,39.60726785583464,-117.18389826007326,1706.0
1381,39.60726785583464,-117.18389826007326,1706.0
1382,39.60726785583464,-117.18389826007326,1706.0
1383,47.183407791791545,-122.54231816100564,75.0
1384,39.60726785583464,-117.18389826007326,1706.0
1385,39.60726785583464,-117.18389826007326,1706.0
1386,39.60726785583464,-117.18389826007326,1706.0
1387,36.42239772727272,-114.82653181818182,731.0
1388,36.42239772727272,-114.82653181818182,731.0
1389,36.42239772727272,-114.82653181818182,731.0
1390,35.831818125,-114.8893125,673.0
1391,35.831818125,-114.8893125,673.0
1392,35.831818125,-114.8893125,673.0
1393,36.11571504385965,-115.2267206140351,708.0
1394,47.183407791791545,-122.54231816100564,75.0
1395,47.89409666666667,-116.62865,892.0
1396,47.89409666666667,-116.62865,892.0
1397,47.89409666666667,-116.62865,892.0
1398,47.89409666666667,-116.62865,892.0
1399,44.1331656547619,-115.62759918981482,1659.0
1400,44.1331656547619,-115.62759918981482,1659.0
1401,44.1331656547619,-115.62759918981482,1659.0
1402,44.1331656547619,-115.62759918981482,1659.0
1403,44.1331656547619,-115.62759918981482,1659.0
1404,42.94744675213676,-112.7508664021164,1324.0
1405,48.59341666666666,-121.35816666666666,351.0
1406,42.94744675213676,-112.7508664021164,1324.0
1407,42.94744675213676,-112.7508664021164,1324.0
1408,47.22078544871795,-114.17356346153844,889.0
1409,47.22078544871795,-114.17356346153844,889.0
1410,46.9769828125,-110.5825,2531.0
1411,46.9769828125,-110.5825,2531.0
1412,46.9769828125,-110.5825,2531.0
1413,46.61382005456349,-122.83189122023808,104.0
1414,46.61382005456349,-122.83189122023808,104.0
1415,46.61382005456349,-122.83189122023808,104.0
1416,47.62405,-120.35744444444444,1289.0
1417,46.23952172161172,-119.16897545787546,110.0
1418,47.81525968864469,-118.3377153846154,387.0
1419,45.530100219780216,-118.80623186813187,468.0
1420,44.223568267195766,-122.54129034391534,829.0
1421,47.81525968864469,-118.3377153846154,387.0
1422,47.31644375,-119.630625,598.0
1423,45.430010394019554,-122.9152706104852,65.0
1424,45.530100219780216,-118.80623186813187,468.0
1425,44.223568267195766,-122.54129034391534,829.0
1426,42.62126659722222,-109.52706597222222,2182.0
1427,44.63035,-106.91325,1428.0
1428,44.17854166666667,-104.29951666666668,1672.0
1429,47.31644375,-119.630625,598.0
1430,44.63035,-106.91325,1428.0
1431,40.81883872189153,-112.01718678902115,1287.0
1432,40.59164227272727,-110.51901818181818,2735.0
1433,44.17854166666667,-104.29951666666668,1672.0
1434,42.228042916666666,-105.72526875,2252.0
1435,40.415718777777776,-104.98236666666666,1520.0
1436,40.439868,-103.36070666666669,1238.0
1437,38.57059230769231,-110.5010512820513,1620.0
1438,39.01449166666667,-112.34546428571429,1510.0
1439,40.59164227272727,-110.51901818181818,2735.0
1440,47.75799176389396,-122.16153507489952,15.0
1441,38.57059230769231,-110.5010512820513,1620.0
1442,39.01449166666667,-112.34546428571429,1510.0
1443,35.339845833333335,-114.01671666666668,1096.0
1444,36.4177619047619,-111.13507142857144,1815.0
1445,39.01449166666667,-112.34546428571429,1510.0
1446,36.4177619047619,-111.13507142857144,1815.0
1447,35.38377333333333,-109.40651904761904,2011.0
1448,38.0228375,-107.50906547619049,3379.0
1449,34.07050444320657,-112.25695845040036,1174.0
1450,33.12186111111111,-114.30641666666666,286.0
1451,47.81525968864469,-118.3377153846154,387.0
1452,34.93451966666667,-110.77671777777778,1586.0
1453,34.93451966666667,-110.77671777777778,1586.0
1454,35.38377333333333,-109.40651904761904,2011.0
1455,34.93451966666667,-110.77671777777778,1586.0
1456,33.510836363636365,-113.01637878787878,381.0
1457,33.14215395995671,-111.47053244588744,470.0
1458,33.14215395995671,-111.47053244588744,470.0
1459,35.38377333333333,-109.40651904761904,2011.0
1460,32.05153128367003,-111.13837373737374,930.0
1461,34.57158904713902,-107.12070798291091,1684.0
1462,47.31644375,-119.630625,598.0
1463,33.510836363636365,-113.01637878787878,381.0
1464,33.14215395995671,-111.47053244588744,470.0
1465,35.38377333333333,-109.40651904761904,2011.0
1466,33.14215395995671,-111.47053244588744,470.0
1467,32.05153128367003,-111.13837373737374,930.0
1468,32.05153128367003,-111.13837373737374,930.0
1469,34.57158904713902,-107.12070798291091,1684.0
1470,47.31644375,-119.630625,598.0
1471,38.37150332804233,-104.86674978835978,1590.0
1472,38.0228375,-107.50906547619049,3379.0
1473,46.61382005456349,-122.83189122023808,104.0
1474,31.740090444444444,-106.23889127777778,1222.0
1475,40.12612962962962,-106.9956851851852,2606.0
1476,40.415718777777776,-104.98236666666666,1520.0
1477,40.439868,-103.36070666666669,1238.0
1478,38.39737,-102.81953333333334,1243.0
1479,38.37150332804233,-104.86674978835978,1590.0
1480,38.0228375,-107.50906547619049,3379.0
1481,39.34564047619048,-108.14617142857142,1636.0
1482,40.439868,-103.36070666666669,1238.0
1483,38.37150332804233,-104.86674978835978,1590.0
1484,47.31644375,-119.630625,598.0
1485,38.0228375,-107.50906547619049,3379.0
1486,38.37150332804233,-104.86674978835978,1590.0
1487,38.0228375,-107.50906547619049,3379.0
1488,44.223568267195766,-122.54129034391534,829.0
1489,44.223568267195766,-122.54129034391534,829.0
1490,43.55137142857143,-118.41857142857144,1695.0
1491,42.78336811594203,-123.06836594202898,685.0
1492,43.55137142857143,-118.41857142857144,1695.0
1493,40.6523,-122.20353472222222,178.0
1494,43.55137142857143,-118.41857142857144,1695.0
1495,34.74095847041847,-118.51119336219335,960.0
1496,41.205322222222215,-121.37036111111112,1133.0
1497,40.6523,-122.20353472222222,178.0
1498,40.60367222222222,-123.79144444444444,613.0
1499,41.205322222222215,-121.37036111111112,1133.0
1500,40.6523,-122.20353472222222,178.0
1501,40.60367222222222,-123.79144444444444,613.0
1502,39.550999947916665,-121.75213541666668,38.0
1503,36.67541395833333,-120.6973,254.0
1504,38.00456149690179,-121.67947933537052,-3.0
1505,38.02091053996509,-122.40427090636636,0.0
1506,33.91883832127534,-118.28533858163895,59.0
1507,37.77602034798535,-120.592286996337,168.0
1508,38.58998521723647,-121.37198051994302,23.0
1509,36.86407889455783,-119.60956105442176,140.0
1510,37.77602034798535,-120.592286996337,168.0
1511,39.550999947916665,-121.75213541666668,38.0
1512,36.86407889455783,-119.60956105442176,140.0
1513,35.19858795454545,-120.41259318181818,224.0
1514,37.77602034798535,-120.592286996337,168.0
1515,38.00456149690179,-121.67947933537052,-3.0
1516,38.02091053996509,-122.40427090636636,0.0
1517,34.10413843846629,-117.84716095135023,232.0
1518,37.77602034798535,-120.592286996337,168.0
1519,39.550999947916665,-121.75213541666668,38.0
1520,35.19858795454545,-120.41259318181818,224.0
1521,37.77602034798535,-120.592286996337,168.0
1522,38.02091053996509,-122.40427090636636,0.0
1523,40.60367222222222,-123.79144444444444,613.0
1524,39.550999947916665,-121.75213541666668,38.0
1525,38.02091053996509,-122.40427090636636,0.0
1526,37.77602034798535,-120.592286996337,168.0
1527,39.550999947916665,-121.75213541666668,38.0
1528,47.31644375,-119.630625,598.0
1529,33.72141276695527,-117.87607965367964,19.0
1530,39.550999947916665,-121.75213541666668,38.0
1531,39.550999947916665,-121.75213541666668,38.0
1532,34.2774635,-119.11721,57.0
1533,34.89417311111111,-117.39048666666666,743.0
1534,33.91767794191919,-117.3065968975469,486.0
1535,33.83038,-114.7682,242.0
1536,32.88248333333333,-115.44741666666664,-36.0
1537,33.91767794191919,-117.3065968975469,486.0
1538,34.74095847041847,-118.51119336219335,960.0
1539,35.26438333333333,-115.08316666666666,1259.0
1540,34.10413843846629,-117.84716095135023,232.0
1541,48.59341666666666,-121.35816666666666,351.0
1542,35.49847794117647,-118.81566274509804,503.0
1543,36.11571504385965,-115.2267206140351,708.0
1544,34.10413843846629,-117.84716095135023,232.0
1545,33.72141276695527,-117.87607965367964,19.0
1546,33.158687683150184,-117.20403049450547,146.0
1547,35.30672916666666,-119.52133333333332,345.0
1548,34.10413843846629,-117.84716095135023,232.0
1549,35.49847794117647,-118.81566274509804,503.0
1550,34.2774635,-119.11721,57.0
1551,36.86407889455783,-119.60956105442176,140.0
1552,47.75799176389396,-122.16153507489952,15.0
1553,34.10413843846629,-117.84716095135023,232.0
1554,33.72141276695527,-117.87607965367964,19.0
1555,34.2774635,-119.11721,57.0
1556,36.86407889455783,-119.60956105442176,140.0
1557,35.831818125,-114.8893125,673.0
1558,36.11571504385965,-115.2267206140351,708.0
1559,35.49847794117647,-118.81566274509804,503.0
1560,34.2774635,-119.11721,57.0
1561,36.67541395833333,-120.6973,254.0
1562,35.19858795454545,-120.41259318181818,224.0
1563,47.31644375,-119.630625,598.0
1564,33.72141276695527,-117.87607965367964,19.0
1565,33.158687683150184,-117.20403049450547,146.0
1566,32.88248333333333,-115.44741666666664,-36.0
1567,33.158687683150184,-117.20403049450547,146.0
1568,35.339845833333335,-114.01671666666668,1096.0
1569,33.12186111111111,-114.30641666666666,286.0
1570,33.510836363636365,-113.01637878787878,381.0
1571,36.24082083333333,-119.286925,100.0
1572,35.19858795454545,-120.41259318181818,224.0
1573,36.86407889455783,-119.60956105442176,140.0
1574,47.62405,-120.35744444444444,1289.0
1575,32.75872742898914,-116.95933847744362,241.0
1576,33.12186111111111,-114.30641666666666,286.0
1577,32.75872742898914,-116.95933847744362,241.0
1578,36.42239772727272,-114.82653181818182,731.0
1579,36.11571504385965,-115.2267206140351,708.0
1580,44.1331656547619,-115.62759918981482,1659.0
1581,42.94744675213676,-112.7508664021164,1324.0
1582,40.81883872189153,-112.01718678902115,1287.0
1583,37.50905972222222,-112.8791898148148,2345.0
1584,39.01449166666667,-112.34546428571429,1510.0
1585,47.75799176389396,-122.16153507489952,15.0
1586,39.0463,-120.54452272727272,1223.0
1587,36.86407889455783,-119.60956105442176,140.0
1588,39.550999947916665,-121.75213541666668,38.0
1589,35.831818125,-114.8893125,673.0
1590,36.11571504385965,-115.2267206140351,708.0
1591,37.50905972222222,-112.8791898148148,2345.0
1592,36.11571504385965,-115.2267206140351,708.0
1593,37.50905972222222,-112.8791898148148,2345.0
1594,35.339845833333335,-114.01671666666668,1096.0
1595,36.4177619047619,-111.13507142857144,1815.0
1596,46.61382005456349,-122.83189122023808,104.0
1597,44.1331656547619,-115.62759918981482,1659.0
1598,47.22078544871795,-114.17356346153844,889.0
1599,46.23952172161172,-119.16897545787546,110.0
1600,47.81525968864469,-118.3377153846154,387.0
1601,42.94744675213676,-112.7508664021164,1324.0
1602,47.22078544871795,-114.17356346153844,889.0
1603,40.81883872189153,-112.01718678902115,1287.0
1604,45.530100219780216,-118.80623186813187,468.0
1605,43.55137142857143,-118.41857142857144,1695.0
1606,46.9769828125,-110.5825,2531.0
1607,47.75799176389396,-122.16153507489952,15.0
1608,42.62126659722222,-109.52706597222222,2182.0
1609,40.81883872189153,-112.01718678902115,1287.0
1610,46.9769828125,-110.5825,2531.0
1611,47.81525968864469,-118.3377153846154,387.0
1612,46.035314285714286,-108.35314285714288,994.0
1613,42.62126659722222,-109.52706597222222,2182.0
1614,44.63035,-106.91325,1428.0
1615,46.23952172161172,-119.16897545787546,110.0
1616,47.31644375,-119.630625,598.0
1617,45.430010394019554,-122.9152706104852,65.0
1618,48.680631721611725,-122.4525356959707,555.0
1619,48.680631721611725,-122.4525356959707,555.0
1620,47.70572722314507,-122.18759227574752,61.0
1621,47.656,-116.79944444444445,645.0
1622,47.656,-116.79944444444445,645.0
1623,47.656,-116.79944444444445,645.0
1624,47.656,-116.79944444444445,645.0
1625,45.627175,-116.34975,1479.0
1626,45.627175,-116.34975,1479.0
1627,45.627175,-116.34975,1479.0
1628,45.627175,-116.34975,1479.0
1629,43.47553811817168,-115.38306913861018,1607.0
1630,43.47553811817168,-115.38306913861018,1607.0
1631,47.70572722314507,-122.18759227574752,61.0
1632,43.47553811817168,-115.38306913861018,1607.0
1633,43.47553811817168,-115.38306913861018,1607.0
1634,42.915963251563255,-112.8645278980279,1345.0
1635,42.915963251563255,-112.8645278980279,1345.0
1636,42.915963251563255,-112.8645278980279,1345.0
1637,47.0348037037037,-113.90005555555555,1804.0
1638,47.0348037037037,-113.90005555555555,1804.0
1639,46.9769828125,-110.5825,2531.0
1640,46.9769828125,-110.5825,2531.0
1641,46.9769828125,-110.5825,2531.0
1642,47.70572722314507,-122.18759227574752,61.0
1643,46.23599142857143,-119.55716904761904,459.0
1644,46.23599142857143,-119.55716904761904,459.0
1645,46.23599142857143,-119.55716904761904,459.0
1646,46.23599142857143,-119.55716904761904,459.0
1647,46.23599142857143,-119.55716904761904,459.0
1648,46.23599142857143,-119.55716904761904,459.0
1649,46.76375703000795,-123.09173355524642,76.0
1650,46.76375703000795,-123.09173355524642,76.0
1651,46.76375703000795,-123.09173355524642,76.0
1652,46.76375703000795,-123.09173355524642,76.0
1653,47.70572722314507,-122.18759227574752,61.0
1654,46.035314285714286,-108.35314285714288,994.0
1655,46.035314285714286,-108.35314285714288,994.0
1656,46.035314285714286,-108.35314285714288,994.0
1657,42.696625806451614,-109.63406451612904,2200.0
1658,42.696625806451614,-109.63406451612904,2200.0
1659,42.696625806451614,-109.63406451612904,2200.0
1660,42.696625806451614,-109.63406451612904,2200.0
1661,44.63035,-106.91325,1428.0
1662,44.21470769230769,-105.18824615384617,1329.0
1663,42.05036681818182,-105.58945606060608,2345.0
1664,47.70572722314507,-122.18759227574752,61.0
1665,42.05036681818182,-105.58945606060608,2345.0
1666,38.884425,-112.619125,1511.0
1667,38.884425,-112.619125,1511.0
1668,38.884425,-112.619125,1511.0
1669,38.884425,-112.619125,1511.0
1670,40.35890670017308,-111.83154033990888,1371.0
1671,40.35890670017308,-111.83154033990888,1371.0
1672,40.35890670017308,-111.83154033990888,1371.0
1673,37.39663984126984,-112.8646,2031.0
1674,37.39663984126984,-112.8646,2031.0
1675,48.5881125,-121.505125,986.0
1676,37.39663984126984,-112.8646,2031.0
1677,38.81322991071429,-110.80970535714285,2149.0
1678,38.81322991071429,-110.80970535714285,2149.0
1679,38.81322991071429,-110.80970535714285,2149.0
1680,41.18492222222222,-112.3029074074074,1282.0
1681,35.64531287878788,-113.88736363636365,1203.0
1682,35.64531287878788,-113.88736363636365,1203.0
1683,33.57573240740741,-112.16196164021164,367.0
1684,33.57573240740741,-112.16196164021164,367.0
1685,33.57573240740741,-112.16196164021164,367.0
1686,48.5881125,-121.505125,986.0
1687,36.547275,-110.95706944444444,2032.0
1688,36.547275,-110.95706944444444,2032.0
1689,33.51025813492063,-112.9531626984127,355.0
1690,33.51025813492063,-112.9531626984127,355.0
1691,33.51025813492063,-112.9531626984127,355.0
1692,33.51025813492063,-112.9531626984127,355.0
1693,33.51025813492063,-112.9531626984127,355.0
1694,32.20619111111111,-109.7962111111111,1259.0
1695,32.20619111111111,-109.7962111111111,1259.0
1696,32.20619111111111,-109.7962111111111,1259.0
1697,47.09696480691531,-122.50861102952604,106.0
1698,32.20619111111111,-109.7962111111111,1259.0
1699,34.67013333333333,-110.19506666666666,1742.0
1700,34.67013333333333,-110.19506666666666,1742.0
1701,34.67013333333333,-110.19506666666666,1742.0
1702,34.67013333333333,-110.19506666666666,1742.0
1703,32.95161888888889,-111.02471587301586,986.0
1704,32.95161888888889,-111.02471587301586,986.0
1705,35.52901363636364,-109.41713636363636,2177.0
1706,35.52901363636364,-109.41713636363636,2177.0
1707,47.85677020833333,-118.37217777777778,417.0
1708,47.09696480691531,-122.50861102952604,106.0
1709,35.77783069833675,-107.25842809295968,1957.0
1710,35.77783069833675,-107.25842809295968,1957.0
1711,35.77783069833675,-107.25842809295968,1957.0
1712,32.70094393939394,-106.83612727272728,1313.0
1713,39.726314544145794,-104.93254304730554,1646.0
1714,39.726314544145794,-104.93254304730554,1646.0
1715,39.726314544145794,-104.93254304730554,1646.0
1716,39.726314544145794,-104.93254304730554,1646.0
1717,39.726314544145794,-104.93254304730554,1646.0
1718,40.1131475,-107.27745,3149.0
1719,47.09696480691531,-122.50861102952604,106.0
1720,40.1131475,-107.27745,3149.0
1721,40.1131475,-107.27745,3149.0
1722,40.51218324074074,-105.01901944444444,1497.0
1723,40.51218324074074,-105.01901944444444,1497.0
1724,39.17894375,-108.4579875,1982.0
1725,39.55239259259259,-106.16499074074076,3517.0
1726,39.55239259259259,-106.16499074074076,3517.0
1727,38.90082218253968,-104.68410695767196,2031.0
1728,38.90082218253968,-104.68410695767196,2031.0
1729,37.77935240384616,-107.49410897435897,3702.0
1730,48.680631721611725,-122.4525356959707,555.0
1731,46.97920833333333,-120.34383333333332,645.0
1732,45.606544166666666,-118.94400166666668,486.0
1733,45.606544166666666,-118.94400166666668,486.0
1734,44.71585370370371,-121.4407074074074,940.0
1735,44.71585370370371,-121.4407074074074,940.0
1736,44.71585370370371,-121.4407074074074,940.0
1737,44.71585370370371,-121.4407074074074,940.0
1738,44.71585370370371,-121.4407074074074,940.0
1739,45.64094186507936,-122.9316095848596,269.0
1740,44.50249722580645,-123.0774791532258,78.0
1741,44.50249722580645,-123.0774791532258,78.0
1742,46.97920833333333,-120.34383333333332,645.0
1743,42.87759768323997,-123.34877583255523,934.0
1744,42.87759768323997,-123.34877583255523,934.0
1745,42.87759768323997,-123.34877583255523,934.0
1746,42.168825,-121.759625,1246.0
1747,42.168825,-121.759625,1246.0
1748,42.168825,-121.759625,1246.0
1749,43.55137142857143,-118.41857142857144,1695.0
1750,41.203275,-121.62275,1178.0
1751,41.203275,-121.62275,1178.0
1752,41.203275,-121.62275,1178.0
1753,47.9567,-120.1525,782.0
1754,37.63159608653847,-120.5558408653846,48.0
1755,37.63159608653847,-120.5558408653846,48.0
1756,37.63159608653847,-120.5558408653846,48.0
1757,37.63159608653847,-120.5558408653846,48.0
1758,37.63159608653847,-120.5558408653846,48.0
1759,37.63159608653847,-120.5558408653846,48.0
1760,37.63159608653847,-120.5558408653846,48.0
1761,38.688744444444445,-121.34035676892552,45.0
1762,38.688744444444445,-121.34035676892552,45.0
1763,38.688744444444445,-121.34035676892552,45.0
1764,47.9567,-120.1525,782.0
1765,38.688744444444445,-121.34035676892552,45.0
1766,38.688744444444445,-121.34035676892552,45.0
1767,41.371525,-124.1131875,0.0
1768,41.371525,-124.1131875,0.0
1769,39.02288888888889,-120.576375,1015.0
1770,39.02288888888889,-120.576375,1015.0
1771,36.61635078125,-120.0144234375,63.0
1772,36.61635078125,-120.0144234375,63.0
1773,36.61635078125,-120.0144234375,63.0
1774,37.31236869633099,-121.93175936768152,43.0
1775,34.02904366666667,-117.20634,405.0
1776,37.31236869633099,-121.93175936768152,43.0
1777,37.31236869633099,-121.93175936768152,43.0
1778,36.64784333333333,-121.46723333333334,185.0
1779,40.70809363636364,-122.14771363636363,299.0
1780,40.70809363636364,-122.14771363636363,299.0
1781,37.81221142507003,-122.27147286414564,4.0
1782,37.81221142507003,-122.27147286414564,4.0
1783,39.70507962962963,-121.65257407407408,290.0
1784,38.03562805761601,-121.6681224056454,-5.0
1785,34.02904366666667,-117.20634,405.0
1786,34.02904366666667,-117.20634,405.0
1787,34.02904366666667,-117.20634,405.0
1788,35.253743,-118.94368,109.0
1789,35.253743,-118.94368,109.0
1790,47.5606888888889,-120.51461111111112,609.0
1791,35.253743,-118.94368,109.0
1792,35.253743,-118.94368,109.0
1793,35.253743,-118.94368,109.0
1794,37.53074,-118.5634,1871.0
1795,36.043572727272725,-119.15849936868688,112.0
1796,36.043572727272725,-119.15849936868688,112.0
1797,36.043572727272725,-119.15849936868688,112.0
1798,36.043572727272725,-119.15849936868688,112.0
1799,36.043572727272725,-119.15849936868688,112.0
1800,34.18244413377193,-118.39247277046783,208.0
1801,47.5606888888889,-120.51461111111112,609.0
1802,34.18244413377193,-118.39247277046783,208.0
1803,34.18244413377193,-118.39247277046783,208.0
1804,34.18244413377193,-118.39247277046783,208.0
1805,35.26438333333333,-115.08316666666666,1259.0
1806,35.26438333333333,-115.08316666666666,1259.0
1807,35.26438333333333,-115.08316666666666,1259.0
1808,35.26438333333333,-115.08316666666666,1259.0
1809,33.61367368742369,-117.32025213675212,480.0
1810,33.61367368742369,-117.32025213675212,480.0
1811,33.61367368742369,-117.32025213675212,480.0
1812,47.5606888888889,-120.51461111111112,609.0
1813,34.83570119047619,-117.21447023809525,738.0
1814,34.83570119047619,-117.21447023809525,738.0
1815,34.83570119047619,-117.21447023809525,738.0
1816,34.83570119047619,-117.21447023809525,738.0
1817,34.00640585284281,-117.63002073047726,221.0
1818,34.00640585284281,-117.63002073047726,221.0
1819,34.242018564303905,-117.98459601018676,802.0
1820,34.242018564303905,-117.98459601018676,802.0
1821,34.242018564303905,-117.98459601018676,802.0
1822,33.90472757475083,-118.30352929740371,18.0
1823,47.5606888888889,-120.51461111111112,609.0
1824,33.90472757475083,-118.30352929740371,18.0
1825,33.98656666666666,-114.4545,98.0
1826,33.98656666666666,-114.4545,98.0
1827,33.98656666666666,-114.4545,98.0
1828,33.98656666666666,-114.4545,98.0
1829,33.98656666666666,-114.4545,98.0
1830,34.683971279761906,-118.46655267857145,1027.0
1831,34.683971279761906,-118.46655267857145,1027.0
1832,34.683971279761906,-118.46655267857145,1027.0
1833,35.312624444444445,-119.56075555555556,307.0
1834,47.5606888888889,-120.51461111111112,609.0
1835,35.312624444444445,-119.56075555555556,307.0
1836,35.312624444444445,-119.56075555555556,307.0
1837,34.28211061547149,-119.1047335780162,155.0
1838,33.85630886752136,-116.18603178418805,659.0
1839,33.85630886752136,-116.18603178418805,659.0
1840,33.85630886752136,-116.18603178418805,659.0
1841,32.90093757309941,-115.34854970760234,-14.0
1842,32.90093757309941,-115.34854970760234,-14.0
1843,32.839380995792425,-117.06437657784012,165.0
1844,32.839380995792425,-117.06437657784012,165.0
1845,47.5606888888889,-120.51461111111112,609.0
1846,33.25754640151516,-117.27315608288772,31.0
1847,39.42879306818182,-116.98096515151516,2123.0
1848,39.42879306818182,-116.98096515151516,2123.0
1849,39.42879306818182,-116.98096515151516,2123.0
1850,39.42879306818182,-116.98096515151516,2123.0
1851,39.42879306818182,-116.98096515151516,2123.0
1852,39.42879306818182,-116.98096515151516,2123.0
1853,39.42879306818182,-116.98096515151516,2123.0
1854,39.42879306818182,-116.98096515151516,2123.0
1855,39.42879306818182,-116.98096515151516,2123.0
1856,47.70572722314507,-122.18759227574752,61.0
1857,39.42879306818182,-116.98096515151516,2123.0
1858,39.42879306818182,-116.98096515151516,2123.0
1859,39.42879306818182,-116.98096515151516,2123.0
1860,36.44956666666667,-114.57075,725.0
1861,36.44956666666667,-114.57075,725.0
1862,36.44956666666667,-114.57075,725.0
1863,36.44956666666667,-114.57075,725.0
1864,36.21789925146199,-115.2437641325536,708.0
1865,35.79175418803419,-115.06315641025644,619.0
1866,35.79175418803419,-115.06315641025644,619.0
1867,47.70572722314507,-122.18759227574752,61.0
1868,48.5881125,-121.505125,986.0
1869,47.09696480691531,-122.50861102952604,106.0
1870,45.627175,-116.34975,1479.0
1871,47.0348037037037,-113.90005555555555,1804.0
1872,46.23599142857143,-119.55716904761904,459.0
1873,47.85677020833333,-118.37217777777778,417.0
1874,43.47553811817168,-115.38306913861018,1607.0
1875,47.0348037037037,-113.90005555555555,1804.0
1876,45.606544166666666,-118.94400166666668,486.0
1877,43.55137142857143,-118.41857142857144,1695.0
1878,42.915963251563255,-112.8645278980279,1345.0
1879,47.0348037037037,-113.90005555555555,1804.0
1880,46.97920833333333,-120.34383333333332,645.0
1881,41.18492222222222,-112.3029074074074,1282.0
1882,43.55137142857143,-118.41857142857144,1695.0
1883,46.9769828125,-110.5825,2531.0
1884,42.696625806451614,-109.63406451612904,2200.0
1885,41.18492222222222,-112.3029074074074,1282.0
1886,46.9769828125,-110.5825,2531.0
1887,47.85677020833333,-118.37217777777778,417.0
1888,46.035314285714286,-108.35314285714288,994.0
1889,42.696625806451614,-109.63406451612904,2200.0
1890,44.63035,-106.91325,1428.0
1891,47.9567,-120.1525,782.0
1892,46.76375703000795,-123.09173355524642,76.0
1893,47.85677020833333,-118.37217777777778,417.0
1894,47.31644375,-119.630625,598.0
1895,45.606544166666666,-118.94400166666668,486.0
1896,44.71585370370371,-121.4407074074074,940.0
1897,44.50249722580645,-123.0774791532258,78.0
1898,47.31644375,-119.630625,598.0
1899,44.71585370370371,-121.4407074074074,940.0
1900,45.64094186507936,-122.9316095848596,269.0
1901,44.50249722580645,-123.0774791532258,78.0
1902,46.76375703000795,-123.09173355524642,76.0
1903,42.696625806451614,-109.63406451612904,2200.0
1904,44.63035,-106.91325,1428.0
1905,44.21470769230769,-105.18824615384617,1329.0
1906,44.63035,-106.91325,1428.0
1907,40.35890670017308,-111.83154033990888,1371.0
1908,41.18492222222222,-112.3029074074074,1282.0
1909,40.58407619047619,-110.48233333333332,2824.0
1910,44.21470769230769,-105.18824615384617,1329.0
1911,42.05036681818182,-105.58945606060608,2345.0
1912,40.51218324074074,-105.01901944444444,1497.0
1913,47.31644375,-119.630625,598.0
1914,40.55716111111111,-103.14446626984126,1296.0
1915,40.35890670017308,-111.83154033990888,1371.0
1916,37.39663984126984,-112.8646,2031.0
1917,38.81322991071429,-110.80970535714285,2149.0
1918,41.18492222222222,-112.3029074074074,1282.0
1919,38.81322991071429,-110.80970535714285,2149.0
1920,41.18492222222222,-112.3029074074074,1282.0
1921,40.58407619047619,-110.48233333333332,2824.0
1922,38.81322991071429,-110.80970535714285,2149.0
1923,35.64531287878788,-113.88736363636365,1203.0
1924,47.85677020833333,-118.37217777777778,417.0
1925,36.547275,-110.95706944444444,2032.0
1926,36.547275,-110.95706944444444,2032.0
1927,35.52901363636364,-109.41713636363636,2177.0
1928,37.77935240384616,-107.49410897435897,3702.0
1929,40.58407619047619,-110.48233333333332,2824.0
1930,33.13973703703704,-114.25322222222223,379.0
1931,34.95486577380952,-111.87465327380951,1858.0
1932,33.51025813492063,-112.9531626984127,355.0
1933,34.95486577380952,-111.87465327380951,1858.0
1934,33.39804597875143,-111.6682352199142,430.0
1935,47.31644375,-119.630625,598.0
1936,34.95486577380952,-111.87465327380951,1858.0
1937,35.52901363636364,-109.41713636363636,2177.0
1938,33.13973703703704,-114.25322222222223,379.0
1939,32.95161888888889,-111.02471587301586,986.0
1940,34.95486577380952,-111.87465327380951,1858.0
1941,33.39804597875143,-111.6682352199142,430.0
1942,31.99487869172932,-111.24575669172933,1086.0
1943,32.95161888888889,-111.02471587301586,986.0
1944,35.52901363636364,-109.41713636363636,2177.0
1945,31.99487869172932,-111.24575669172933,1086.0
1946,46.97920833333333,-120.34383333333332,645.0
1947,32.70094393939394,-106.83612727272728,1313.0
1948,32.95161888888889,-111.02471587301586,986.0
1949,34.95486577380952,-111.87465327380951,1858.0
1950,33.39804597875143,-111.6682352199142,430.0
1951,35.52901363636364,-109.41713636363636,2177.0
1952,33.39804597875143,-111.6682352199142,430.0
1953,31.99487869172932,-111.24575669172933,1086.0
1954,35.77783069833675,-107.25842809295968,1957.0
1955,32.70094393939394,-106.83612727272728,1313.0
1956,47.31644375,-119.630625,598.0
1957,46.23599142857143,-119.55716904761904,459.0
1958,32.70094393939394,-106.83612727272728,1313.0
1959,37.77935240384616,-107.49410897435897,3702.0
1960,38.13451776960784,-103.58995833333331,1341.0
1961,31.758262513528138,-106.2568900974026,1221.0
1962,40.51218324074074,-105.01901944444444,1497.0
1963,40.55716111111111,-103.14446626984126,1296.0
1964,39.55239259259259,-106.16499074074076,3517.0
1965,38.90082218253968,-104.68410695767196,2031.0
1966,38.13451776960784,-103.58995833333331,1341.0
1967,39.17894375,-108.4579875,1982.0
1968,46.76375703000795,-123.09173355524642,76.0
1969,39.55239259259259,-106.16499074074076,3517.0
1970,37.77935240384616,-107.49410897435897,3702.0
1971,40.55716111111111,-103.14446626984126,1296.0
1972,39.55239259259259,-106.16499074074076,3517.0
1973,37.77935240384616,-107.49410897435897,3702.0
1974,38.90082218253968,-104.68410695767196,2031.0
1975,37.77935240384616,-107.49410897435897,3702.0
1976,37.77935240384616,-107.49410897435897,3702.0
1977,38.13451776960784,-103.58995833333331,1341.0
1978,38.13451776960784,-103.58995833333331,1341.0
1979,47.31644375,-119.630625,598.0
1980,46.23599142857143,-119.55716904761904,459.0
1981,44.71585370370371,-121.4407074074074,940.0
1982,43.55137142857143,-118.41857142857144,1695.0
1983,45.64094186507936,-122.9316095848596,269.0
1984,44.50249722580645,-123.0774791532258,78.0
1985,42.87759768323997,-123.34877583255523,934.0
1986,42.168825,-121.759625,1246.0
1987,43.55137142857143,-118.41857142857144,1695.0
1988,44.50249722580645,-123.0774791532258,78.0
1989,42.87759768323997,-123.34877583255523,934.0
1990,40.70809363636364,-122.14771363636363,299.0
1991,47.31644375,-119.630625,598.0
1992,42.168825,-121.759625,1246.0
1993,41.203275,-121.62275,1178.0
1994,41.371525,-124.1131875,0.0
1995,43.55137142857143,-118.41857142857144,1695.0
1996,41.203275,-121.62275,1178.0
1997,40.70809363636364,-122.14771363636363,299.0
1998,41.203275,-121.62275,1178.0
1999,41.371525,-124.1131875,0.0
2000,40.70809363636364,-122.14771363636363,299.0
2001,39.70507962962963,-121.65257407407408,290.0
2002,47.85677020833333,-118.37217777777778,417.0
2003,38.688744444444445,-121.34035676892552,45.0
2004,39.02288888888889,-120.576375,1015.0
2005,36.61635078125,-120.0144234375,63.0
2006,37.31236869633099,-121.93175936768152,43.0
2007,36.64784333333333,-121.46723333333334,185.0
2008,37.026934545454544,-119.22337272727272,1169.0
2009,38.03562805761601,-121.6681224056454,-5.0
2010,39.02288888888889,-120.576375,1015.0
2011,40.70809363636364,-122.14771363636363,299.0
2012,37.81221142507003,-122.27147286414564,4.0
2013,47.31644375,-119.630625,598.0
2014,39.70507962962963,-121.65257407407408,290.0
2015,38.03562805761601,-121.6681224056454,-5.0
2016,40.70809363636364,-122.14771363636363,299.0
2017,38.88646429411765,-122.98360529411764,708.0
2018,37.026934545454544,-119.22337272727272,1169.0
2019,39.70507962962963,-121.65257407407408,290.0
2020,36.64784333333333,-121.46723333333334,185.0
2021,34.97111316239316,-120.36486111111113,139.0
2022,37.026934545454544,-119.22337272727272,1169.0
2023,36.64784333333333,-121.46723333333334,185.0
2024,33.61367368742369,-117.32025213675212,480.0
2025,37.81221142507003,-122.27147286414564,4.0
2026,38.03562805761601,-121.6681224056454,-5.0
2027,34.97111316239316,-120.36486111111113,139.0
2028,39.70507962962963,-121.65257407407408,290.0
2029,38.88646429411765,-122.98360529411764,708.0
2030,38.03562805761601,-121.6681224056454,-5.0
2031,38.88646429411765,-122.98360529411764,708.0
2032,38.03562805761601,-121.6681224056454,-5.0
2033,38.88646429411765,-122.98360529411764,708.0
2034,34.83570119047619,-117.21447023809525,738.0
2035,34.00640585284281,-117.63002073047726,221.0
2036,33.85630886752136,-116.18603178418805,659.0
2037,36.043572727272725,-119.15849936868688,112.0
2038,35.77813333333333,-118.07008333333332,1397.0
2039,47.70572722314507,-122.18759227574752,61.0
2040,34.683971279761906,-118.46655267857145,1027.0
2041,35.312624444444445,-119.56075555555556,307.0
2042,34.28211061547149,-119.1047335780162,155.0
2043,37.026934545454544,-119.22337272727272,1169.0
2044,35.77813333333333,-118.07008333333332,1397.0
2045,34.683971279761906,-118.46655267857145,1027.0
2046,35.312624444444445,-119.56075555555556,307.0
2047,36.61635078125,-120.0144234375,63.0
2048,37.026934545454544,-119.22337272727272,1169.0
2049,34.242018564303905,-117.98459601018676,802.0
2050,47.09696480691531,-122.50861102952604,106.0
2051,33.90472757475083,-118.30352929740371,18.0
2052,34.683971279761906,-118.46655267857145,1027.0
2053,34.28211061547149,-119.1047335780162,155.0
2054,34.83570119047619,-117.21447023809525,738.0
2055,36.44956666666667,-114.57075,725.0
2056,36.21789925146199,-115.2437641325536,708.0
2057,35.79175418803419,-115.06315641025644,619.0
2058,33.7786104984321,-117.97343635215358,25.0
2059,33.85630886752136,-116.18603178418805,659.0
2060,33.25754640151516,-117.27315608288772,31.0
2061,46.97920833333333,-120.34383333333332,645.0
2062,35.77813333333333,-118.07008333333332,1397.0
2063,34.00640585284281,-117.63002073047726,221.0
2064,34.242018564303905,-117.98459601018676,802.0
2065,35.79175418803419,-115.06315641025644,619.0
2066,34.242018564303905,-117.98459601018676,802.0
2067,33.7786104984321,-117.97343635215358,25.0
2068,33.90472757475083,-118.30352929740371,18.0
2069,33.7786104984321,-117.97343635215358,25.0
2070,34.683971279761906,-118.46655267857145,1027.0
2071,33.7786104984321,-117.97343635215358,25.0
2072,47.9567,-120.1525,782.0
2073,34.28211061547149,-119.1047335780162,155.0
2074,33.85630886752136,-116.18603178418805,659.0
2075,32.90093757309941,-115.34854970760234,-14.0
2076,35.64531287878788,-113.88736363636365,1203.0
2077,33.51025813492063,-112.9531626984127,355.0
2078,33.13973703703704,-114.25322222222223,379.0
2079,35.312624444444445,-119.56075555555556,307.0
2080,34.28211061547149,-119.1047335780162,155.0
2081,37.026934545454544,-119.22337272727272,1169.0
2082,34.28211061547149,-119.1047335780162,155.0
2083,47.85677020833333,-118.37217777777778,417.0
2084,36.61635078125,-120.0144234375,63.0
2085,34.97111316239316,-120.36486111111113,139.0
2086,34.97111316239316,-120.36486111111113,139.0
2087,32.90093757309941,-115.34854970760234,-14.0
2088,33.25754640151516,-117.27315608288772,31.0
2089,35.64531287878788,-113.88736363636365,1203.0
2090,32.71821092592592,-116.758489,725.0
2091,33.13973703703704,-114.25322222222223,379.0
2092,33.25754640151516,-117.27315608288772,31.0
2093,32.71821092592592,-116.758489,725.0
2094,47.31644375,-119.630625,598.0
2095,32.71821092592592,-116.758489,725.0
2096,36.44956666666667,-114.57075,725.0
2097,36.21789925146199,-115.2437641325536,708.0
2098,35.79175418803419,-115.06315641025644,619.0
2099,43.47553811817168,-115.38306913861018,1607.0
2100,42.915963251563255,-112.8645278980279,1345.0
2101,38.884425,-112.619125,1511.0
2102,37.39663984126984,-112.8646,2031.0
2103,41.18492222222222,-112.3029074074074,1282.0
2104,37.63159608653847,-120.5558408653846,48.0
2105,48.5881125,-121.505125,986.0
2106,39.02288888888889,-120.576375,1015.0
2107,37.026934545454544,-119.22337272727272,1169.0
2108,39.70507962962963,-121.65257407407408,290.0
2109,36.21789925146199,-115.2437641325536,708.0
2110,35.79175418803419,-115.06315641025644,619.0
2111,37.39663984126984,-112.8646,2031.0
2112,35.64531287878788,-113.88736363636365,1203.0
2113,35.79175418803419,-115.06315641025644,619.0
2114,35.64531287878788,-113.88736363636365,1203.0
2115,36.547275,-110.95706944444444,2032.0
2116,47.74471416666667,-121.72046666666668,579.0
2117,47.74471416666667,-121.72046666666668,579.0
2118,47.3381891941392,-122.29865256410255,126.0
2119,33.88027765151515,-117.84346969696968,95.0
2120,35.056893333333335,-118.93013333333332,190.0
2121,35.056893333333335,-118.93013333333332,190.0
2122,35.056893333333335,-118.93013333333332,190.0
2123,35.056893333333335,-118.93013333333332,190.0
2124,35.056893333333335,-118.93013333333332,190.0
2125,35.056893333333335,-118.93013333333332,190.0
2126,35.556666666666665,-115.46833333333332,915.0
2127,35.556666666666665,-115.46833333333332,915.0
2128,35.556666666666665,-115.46833333333332,915.0
2129,47.3381891941392,-122.29865256410255,126.0
2130,35.556666666666665,-115.46833333333332,915.0
2131,35.556666666666665,-115.46833333333332,915.0
2132,33.91032878787879,-118.41207386363637,32.0
2133,33.91032878787879,-118.41207386363637,32.0
2134,33.91032878787879,-118.41207386363637,32.0
2135,33.91032878787879,-118.41207386363637,32.0
2136,34.640425,-118.72875,891.0
2137,34.640425,-118.72875,891.0
2138,34.640425,-118.72875,891.0
2139,34.640425,-118.72875,891.0
2140,47.3381891941392,-122.29865256410255,126.0
2141,34.640425,-118.72875,891.0
2142,34.640425,-118.72875,891.0
2143,33.63490863095238,-117.05063392857144,523.0
2144,33.63490863095238,-117.05063392857144,523.0
2145,33.63490863095238,-117.05063392857144,523.0
2146,33.63490863095238,-117.05063392857144,523.0
2147,33.63490863095238,-117.05063392857144,523.0
2148,33.63490863095238,-117.05063392857144,523.0
2149,35.80591111111111,-117.60883333333334,687.0
2150,35.80591111111111,-117.60883333333334,687.0
2151,47.3381891941392,-122.29865256410255,126.0
2152,33.865876190476186,-116.64586904761904,1330.0
2153,33.865876190476186,-116.64586904761904,1330.0
2154,33.865876190476186,-116.64586904761904,1330.0
2155,33.865876190476186,-116.64586904761904,1330.0
2156,33.865876190476186,-116.64586904761904,1330.0
2157,34.2953,-114.14,139.0
2158,34.2953,-114.14,139.0
2159,34.2953,-114.14,139.0
2160,34.1688696969697,-118.05773787878788,331.0
2161,34.1688696969697,-118.05773787878788,331.0
2162,47.3381891941392,-122.29865256410255,126.0
2163,34.1688696969697,-118.05773787878788,331.0
2164,34.1688696969697,-118.05773787878788,331.0
2165,34.1688696969697,-118.05773787878788,331.0
2166,34.1688696969697,-118.05773787878788,331.0
2167,34.1688696969697,-118.05773787878788,331.0
2168,33.978441510695184,-118.15906561942958,43.0
2169,33.978441510695184,-118.15906561942958,43.0
2170,33.978441510695184,-118.15906561942958,43.0
2171,33.978441510695184,-118.15906561942958,43.0
2172,33.978441510695184,-118.15906561942958,43.0
2173,48.688605,-122.75286625,0.0
2174,33.56348095238095,-117.70696031746031,57.0
2175,33.56348095238095,-117.70696031746031,57.0
2176,33.56348095238095,-117.70696031746031,57.0
2177,33.56348095238095,-117.70696031746031,57.0
2178,34.01519999999999,-115.526,453.0
2179,34.01519999999999,-115.526,453.0
2180,34.01519999999999,-115.526,453.0
2181,34.01519999999999,-115.526,453.0
2182,34.19147666666667,-119.18776666666668,16.0
2183,34.19147666666667,-119.18776666666668,16.0
2184,48.688605,-122.75286625,0.0
2185,34.19147666666667,-119.18776666666668,16.0
2186,35.0509,-116.75275,520.0
2187,35.0509,-116.75275,520.0
2188,35.0509,-116.75275,520.0
2189,34.071835,-117.18835,409.0
2190,34.071835,-117.18835,409.0
2191,34.071835,-117.18835,409.0
2192,34.071835,-117.18835,409.0
2193,35.041841322751324,-118.34440211640212,1363.0
2194,35.041841322751324,-118.34440211640212,1363.0
2195,47.035945,-122.89494166666668,25.0
2196,35.041841322751324,-118.34440211640212,1363.0
2197,35.041841322751324,-118.34440211640212,1363.0
2198,35.041841322751324,-118.34440211640212,1363.0
2199,34.11814523809524,-118.50008333333334,415.0
2200,34.11814523809524,-118.50008333333334,415.0
2201,34.11814523809524,-118.50008333333334,415.0
2202,34.11814523809524,-118.50008333333334,415.0
2203,34.51737571428571,-118.4750361904762,764.0
2204,34.51737571428571,-118.4750361904762,764.0
2205,34.51737571428571,-118.4750361904762,764.0
2206,47.035945,-122.89494166666668,25.0
2207,33.597026666666665,-116.23707222222224,-22.0
2208,33.79893971001221,-118.26157847985348,17.0
2209,33.79893971001221,-118.26157847985348,17.0
2210,33.79893971001221,-118.26157847985348,17.0
2211,34.60989166666667,-117.93291666666666,801.0
2212,34.60989166666667,-117.93291666666666,801.0
2213,34.60989166666667,-117.93291666666666,801.0
2214,34.091106137566136,-117.73673253968254,331.0
2215,34.091106137566136,-117.73673253968254,331.0
2216,34.091106137566136,-117.73673253968254,331.0
2217,47.035945,-122.89494166666668,25.0
2218,34.091106137566136,-117.73673253968254,331.0
2219,33.15560833333333,-115.54341666666666,-61.0
2220,33.15560833333333,-115.54341666666666,-61.0
2221,33.15560833333333,-115.54341666666666,-61.0
2222,33.15560833333333,-115.54341666666666,-61.0
2223,34.20252714285714,-118.70469107142856,384.0
2224,34.20252714285714,-118.70469107142856,384.0
2225,33.81434848484849,-117.97045833333334,28.0
2226,33.81434848484849,-117.97045833333334,28.0
2227,33.81434848484849,-117.97045833333334,28.0
2228,47.74471416666667,-121.72046666666668,579.0
2229,47.035945,-122.89494166666668,25.0
2230,32.837783333333334,-115.2275,20.0
2231,32.837783333333334,-115.2275,20.0
2232,32.837783333333334,-115.2275,20.0
2233,35.3311,-119.65933333333334,300.0
2234,35.3311,-119.65933333333334,300.0
2235,35.3311,-119.65933333333334,300.0
2236,33.67202738095238,-117.97192857142856,6.0
2237,33.67783333333333,-114.769,164.0
2238,33.67783333333333,-114.769,164.0
2239,33.67783333333333,-114.769,164.0
2240,47.035945,-122.89494166666668,25.0
2241,33.69296071428572,-117.72589285714284,113.0
2242,34.04449407407407,-117.97894814814816,94.0
2243,34.284563392857144,-117.3469375,1058.0
2244,34.284563392857144,-117.3469375,1058.0
2245,32.7366,-114.714,37.0
2246,34.9721,-114.698,249.0
2247,34.9721,-114.698,249.0
2248,35.70795,-118.463,856.0
2249,35.70795,-118.463,856.0
2250,34.206050000000005,-116.22583333333334,788.0
2251,47.035945,-122.89494166666668,25.0
2252,35.92795555555555,-118.97883333333334,192.0
2253,35.92795555555555,-118.97883333333334,192.0
2254,34.220054999999995,-118.96011666666668,242.0
2255,34.04910944444445,-117.4835711111111,291.0
2256,34.04910944444445,-117.4835711111111,291.0
2257,35.704275,-119.344375,85.0
2258,35.704275,-119.344375,85.0
2259,33.608269444444446,-117.37469444444446,969.0
2260,33.608269444444446,-117.37469444444446,969.0
2261,33.608269444444446,-117.37469444444446,969.0
2262,47.8317,-120.899,689.0
2263,35.03510555555555,-117.5505,771.0
2264,33.90512589285714,-117.34332142857144,461.0
2265,32.774604999999994,-115.66845,-12.0
2266,32.774604999999994,-115.66845,-12.0
2267,32.774604999999994,-115.66845,-12.0
2268,34.47436666666667,-119.30695,629.0
2269,37.55258888888889,-118.55766666666666,2062.0
2270,37.55258888888889,-118.55766666666666,2062.0
2271,32.651453333333336,-116.92861666666668,184.0
2272,32.651453333333336,-116.92861666666668,184.0
2273,47.64192581699346,-122.31435049019608,6.0
2274,32.651453333333336,-116.92861666666668,184.0
2275,32.651453333333336,-116.92861666666668,184.0
2276,33.13868541666667,-117.28919791666668,84.0
2277,33.13868541666667,-117.28919791666668,84.0
2278,33.13868541666667,-117.28919791666668,84.0
2279,33.13868541666667,-117.28919791666668,84.0
2280,32.85738571428571,-116.93950714285714,111.0
2281,32.85738571428571,-116.93950714285714,111.0
2282,32.85738571428571,-116.93950714285714,111.0
2283,32.85738571428571,-116.93950714285714,111.0
2284,47.64192581699346,-122.31435049019608,6.0
2285,33.398375,-117.2155,264.0
2286,33.10508392857143,-117.0844761904762,204.0
2287,32.63016661111111,-117.09690669047616,9.0
2288,40.3573,-117.26438888888887,1520.0
2289,40.3573,-117.26438888888887,1520.0
2290,40.3573,-117.26438888888887,1520.0
2291,36.995535,-115.460675,1135.0
2292,36.995535,-115.460675,1135.0
2293,36.995535,-115.460675,1135.0
2294,36.995535,-115.460675,1135.0
2295,47.64192581699346,-122.31435049019608,6.0
2296,36.995535,-115.460675,1135.0
2297,36.995535,-115.460675,1135.0
2298,36.995535,-115.460675,1135.0
2299,39.37374266300367,-119.26187846153846,1338.0
2300,39.37374266300367,-119.26187846153846,1338.0
2301,39.37374266300367,-119.26187846153846,1338.0
2302,39.37374266300367,-119.26187846153846,1338.0
2303,39.37374266300367,-119.26187846153846,1338.0
2304,40.642516666666666,-115.38766666666666,2718.0
2305,40.642516666666666,-115.38766666666666,2718.0
2306,47.66815416666666,-122.6457527777778,67.0
2307,40.642516666666666,-115.38766666666666,2718.0
2308,40.642516666666666,-115.38766666666666,2718.0
2309,36.192603958333336,-115.23487291666667,707.0
2310,36.192603958333336,-115.23487291666667,707.0
2311,36.192603958333336,-115.23487291666667,707.0
2312,36.192603958333336,-115.23487291666667,707.0
2313,36.192603958333336,-115.23487291666667,707.0
2314,36.44071666666667,-114.85758333333332,616.0
2315,36.44071666666667,-114.85758333333332,616.0
2316,36.44071666666667,-114.85758333333332,616.0
2317,47.66815416666666,-122.6457527777778,67.0
2318,36.44071666666667,-114.85758333333332,616.0
2319,35.59369875,-114.88075,1006.0
2320,35.59369875,-114.88075,1006.0
2321,35.59369875,-114.88075,1006.0
2322,35.59369875,-114.88075,1006.0
2323,36.00179722222222,-115.14444444444445,677.0
2324,36.00179722222222,-115.14444444444445,677.0
2325,36.00179722222222,-115.14444444444445,677.0
2326,36.00179722222222,-115.14444444444445,677.0
2327,36.16545,-114.643,520.0
2328,47.66815416666666,-122.6457527777778,67.0
2329,36.16545,-114.643,520.0
2330,36.16545,-114.643,520.0
2331,35.703500000000005,-115.353,806.0
2332,35.703500000000005,-115.353,806.0
2333,36.8253,-114.12,539.0
2334,36.8253,-114.12,539.0
2335,36.09859595238096,-115.01521904761906,492.0
2336,36.09859595238096,-115.01521904761906,492.0
2337,36.09859595238096,-115.01521904761906,492.0
2338,36.09859595238096,-115.01521904761906,492.0
2339,47.74471416666667,-121.72046666666668,579.0
2340,48.15024940476191,-122.11801785714286,121.0
2341,36.2721125,-115.0999625,612.0
2342,47.89409666666667,-116.62865,892.0
2343,47.89409666666667,-116.62865,892.0
2344,47.89409666666667,-116.62865,892.0
2345,47.89409666666667,-116.62865,892.0
2346,47.89409666666667,-116.62865,892.0
2347,43.63786892857143,-116.27083888888887,818.0
2348,43.63786892857143,-116.27083888888887,818.0
2349,43.63786892857143,-116.27083888888887,818.0
2350,43.63786892857143,-116.27083888888887,818.0
2351,48.15024940476191,-122.11801785714286,121.0
2352,44.72360416666667,-116.8485,1272.0
2353,44.72360416666667,-116.8485,1272.0
2354,44.72360416666667,-116.8485,1272.0
2355,44.72360416666667,-116.8485,1272.0
2356,44.72360416666667,-116.8485,1272.0
2357,43.98775,-113.88583333333334,2098.0
2358,43.98775,-113.88583333333334,2098.0
2359,43.98775,-113.88583333333334,2098.0
2360,43.98775,-113.88583333333334,2098.0
2361,46.49030833333333,-115.8545,989.0
2362,48.15024940476191,-122.11801785714286,121.0
2363,46.49030833333333,-115.8545,989.0
2364,43.07397,-115.5022125,990.0
2365,43.07397,-115.5022125,990.0
2366,43.7448225,-116.775225,724.0
2367,42.680025,-113.98340833333332,1278.0
2368,42.680025,-113.98340833333332,1278.0
2369,42.680025,-113.98340833333332,1278.0
2370,43.59465692307692,-111.62516666666666,1572.0
2371,43.59465692307692,-111.62516666666666,1572.0
2372,43.59465692307692,-111.62516666666666,1572.0
2373,48.15024940476191,-122.11801785714286,121.0
2374,42.550977777777774,-114.36502777777775,1188.0
2375,42.69670555555555,-112.26240476190476,1611.0
2376,42.69670555555555,-112.26240476190476,1611.0
2377,47.22078544871795,-114.17356346153844,889.0
2378,47.22078544871795,-114.17356346153844,889.0
2379,46.9769828125,-110.5825,2531.0
2380,46.9769828125,-110.5825,2531.0
2381,46.9769828125,-110.5825,2531.0
2382,46.43307658730159,-122.73560317460316,128.0
2383,46.43307658730159,-122.73560317460316,128.0
2384,46.98464444444445,-122.18911111111112,247.0
2385,46.43307658730159,-122.73560317460316,128.0
2386,46.43307658730159,-122.73560317460316,128.0
2387,46.171838888888885,-119.16566666666668,215.0
2388,46.171838888888885,-119.16566666666668,215.0
2389,46.171838888888885,-119.16566666666668,215.0
2390,46.171838888888885,-119.16566666666668,215.0
2391,46.171838888888885,-119.16566666666668,215.0
2392,46.171838888888885,-119.16566666666668,215.0
2393,46.171838888888885,-119.16566666666668,215.0
2394,46.171838888888885,-119.16566666666668,215.0
2395,46.98464444444445,-122.18911111111112,247.0
2396,45.826101944444446,-122.439675,453.0
2397,45.826101944444446,-122.439675,453.0
2398,45.826101944444446,-122.439675,453.0
2399,45.826101944444446,-122.439675,453.0
2400,45.826101944444446,-122.439675,453.0
2401,45.826101944444446,-122.439675,453.0
2402,45.78421468253968,-120.7444761904762,564.0
2403,45.78421468253968,-120.7444761904762,564.0
2404,45.78421468253968,-120.7444761904762,564.0
2405,45.78421468253968,-120.7444761904762,564.0
2406,46.98464444444445,-122.18911111111112,247.0
2407,45.78421468253968,-120.7444761904762,564.0
2408,45.78421468253968,-120.7444761904762,564.0
2409,46.48847666666666,-117.44915555555558,749.0
2410,46.48847666666666,-117.44915555555558,749.0
2411,46.48847666666666,-117.44915555555558,749.0
2412,46.48847666666666,-117.44915555555558,749.0
2413,46.8661125,-123.60150000000002,111.0
2414,46.8661125,-123.60150000000002,111.0
2415,46.8661125,-123.60150000000002,111.0
2416,46.53368333333333,-120.72215079365078,474.0
2417,46.98464444444445,-122.18911111111112,247.0
2418,46.035314285714286,-108.35314285714288,994.0
2419,46.035314285714286,-108.35314285714288,994.0
2420,46.035314285714286,-108.35314285714288,994.0
2421,42.62126659722222,-109.52706597222222,2182.0
2422,42.62126659722222,-109.52706597222222,2182.0
2423,42.62126659722222,-109.52706597222222,2182.0
2424,42.62126659722222,-109.52706597222222,2182.0
2425,42.62126659722222,-109.52706597222222,2182.0
2426,44.63035,-106.91325,1428.0
2427,44.17854166666667,-104.29951666666668,1672.0
2428,46.98464444444445,-122.18911111111112,247.0
2429,44.17854166666667,-104.29951666666668,1672.0
2430,41.95293611111111,-104.66225,1352.0
2431,41.95293611111111,-104.66225,1352.0
2432,41.95293611111111,-104.66225,1352.0
2433,41.95293611111111,-104.66225,1352.0
2434,42.393107,-106.36308,2056.0
2435,41.28620925925926,-112.22172222222224,1284.0
2436,41.28620925925926,-112.22172222222224,1284.0
2437,41.28620925925926,-112.22172222222224,1284.0
2438,39.5011,-111.14872222222222,2527.0
2439,48.0169,-120.332,331.0
2440,39.5011,-111.14872222222222,2527.0
2441,39.5011,-111.14872222222222,2527.0
2442,39.5011,-111.14872222222222,2527.0
2443,39.5011,-111.14872222222222,2527.0
2444,39.17756666666667,-111.08133333333336,1795.0
2445,39.17756666666667,-111.08133333333336,1795.0
2446,40.243882440476185,-111.76891071428572,1368.0
2447,40.243882440476185,-111.76891071428572,1368.0
2448,40.243882440476185,-111.76891071428572,1368.0
2449,40.243882440476185,-111.76891071428572,1368.0
2450,47.74471416666667,-121.72046666666668,579.0
2451,48.0169,-120.332,331.0
2452,37.38776875,-113.7224375,1360.0
2453,37.38776875,-113.7224375,1360.0
2454,37.38776875,-113.7224375,1360.0
2455,37.38776875,-113.7224375,1360.0
2456,40.58939222222222,-112.11194444444445,1824.0
2457,40.58939222222222,-112.11194444444445,1824.0
2458,40.58939222222222,-112.11194444444445,1824.0
2459,39.07198333333333,-110.03183333333334,1592.0
2460,40.70685,-113.133,1303.0
2461,39.26343333333334,-112.50083333333332,1402.0
2462,48.93218333333333,-122.27283333333332,70.0
2463,39.26343333333334,-112.50083333333332,1402.0
2464,39.26343333333334,-112.50083333333332,1402.0
2465,40.59531861111111,-111.73551944444444,2827.0
2466,40.59531861111111,-111.73551944444444,2827.0
2467,37.40535,-112.85776666666666,2050.0
2468,37.40535,-112.85776666666666,2050.0
2469,37.3089625,-109.63925,1453.0
2470,37.3089625,-109.63925,1453.0
2471,37.3089625,-109.63925,1453.0
2472,37.3089625,-109.63925,1453.0
2473,48.5853,-121.831,834.0
2474,39.65117222222222,-111.71783333333332,2550.0
2475,40.7997869047619,-111.87238988095238,1508.0
2476,41.67010625,-111.97226388888888,1465.0
2477,35.2832,-114.0336875,1071.0
2478,35.2832,-114.0336875,1071.0
2479,35.2832,-114.0336875,1071.0
2480,34.77520625,-114.38010416666664,285.0
2481,34.77520625,-114.38010416666664,285.0
2482,33.33551666666667,-112.86616666666669,262.0
2483,33.33551666666667,-112.86616666666669,262.0
2484,48.5853,-121.831,834.0
2485,33.33551666666667,-112.86616666666669,262.0
2486,33.33551666666667,-112.86616666666669,262.0
2487,33.33551666666667,-112.86616666666669,262.0
2488,33.5749400487013,-112.30861939935065,330.0
2489,33.5749400487013,-112.30861939935065,330.0
2490,33.5749400487013,-112.30861939935065,330.0
2491,33.5749400487013,-112.30861939935065,330.0
2492,33.5749400487013,-112.30861939935065,330.0
2493,33.5749400487013,-112.30861939935065,330.0
2494,33.04495555555555,-109.49233333333332,1659.0
2495,47.52123486111111,-122.0992375,446.0
2496,33.04495555555555,-109.49233333333332,1659.0
2497,33.04495555555555,-109.49233333333332,1659.0
2498,33.04495555555555,-109.49233333333332,1659.0
2499,33.04495555555555,-109.49233333333332,1659.0
2500,36.19119,-110.501,1989.0
2501,36.19119,-110.501,1989.0
2502,36.19119,-110.501,1989.0
2503,32.969,-112.80591666666666,206.0
2504,32.969,-112.80591666666666,206.0
2505,32.969,-112.80591666666666,206.0
2506,47.52123486111111,-122.0992375,446.0
2507,32.969,-112.80591666666666,206.0
2508,32.969,-112.80591666666666,206.0
2509,33.97015,-111.3715,1067.0
2510,33.97015,-111.3715,1067.0
2511,33.97015,-111.3715,1067.0
2512,33.97015,-111.3715,1067.0
2513,33.97015,-111.3715,1067.0
2514,33.97015,-111.3715,1067.0
2515,33.818275,-114.2015,274.0
2516,33.818275,-114.2015,274.0
2517,47.00371666666667,-120.56833333333331,460.0
2518,33.40334583333333,-111.95888333333336,354.0
2519,33.40334583333333,-111.95888333333336,354.0
2520,33.40334583333333,-111.95888333333336,354.0
2521,34.642972916666665,-112.00325,1153.0
2522,34.642972916666665,-112.00325,1153.0
2523,34.642972916666665,-112.00325,1153.0
2524,34.642972916666665,-112.00325,1153.0
2525,33.74315,-112.86316666666669,529.0
2526,33.74315,-112.86316666666669,529.0
2527,33.74315,-112.86316666666669,529.0
2528,47.00371666666667,-120.56833333333331,460.0
2529,33.74315,-112.86316666666669,529.0
2530,33.279575,-110.630875,1315.0
2531,33.279575,-110.630875,1315.0
2532,33.5202,-113.35825,417.0
2533,36.83546666666667,-111.2925,1588.0
2534,36.83546666666667,-111.2925,1588.0
2535,31.57565083333333,-110.00190833333332,1410.0
2536,31.57565083333333,-110.00190833333332,1410.0
2537,31.57565083333333,-110.00190833333332,1410.0
2538,31.57565083333333,-110.00190833333332,1410.0
2539,47.00371666666667,-120.56833333333331,460.0
2540,33.70830059523809,-111.952625,548.0
2541,33.70830059523809,-111.952625,548.0
2542,32.873999999999995,-114.08025,235.0
2543,34.20601333333333,-110.1419,2054.0
2544,34.20601333333333,-110.1419,2054.0
2545,34.20601333333333,-110.1419,2054.0
2546,35.5912,-111.29666666666668,1306.0
2547,32.59481111111111,-110.93788888888888,1046.0
2548,32.59481111111111,-110.93788888888888,1046.0
2549,32.1194,-109.95875,1366.0
2550,47.15813521825397,-122.44690099206348,99.0
2551,35.170855555555555,-110.25622222222222,1597.0
2552,35.170855555555555,-110.25622222222222,1597.0
2553,32.93395833333333,-111.55381666666666,433.0
2554,32.93395833333333,-111.55381666666666,433.0
2555,34.544245833333335,-112.766625,1626.0
2556,35.38377333333333,-109.40651904761904,2011.0
2557,35.38377333333333,-109.40651904761904,2011.0
2558,35.38377333333333,-109.40651904761904,2011.0
2559,48.75013333333334,-117.683,1037.0
2560,48.75013333333334,-117.683,1037.0
2561,47.74471416666667,-121.72046666666668,579.0
2562,47.15813521825397,-122.44690099206348,99.0
2563,47.77183185714286,-117.54721,486.0
2564,47.77183185714286,-117.54721,486.0
2565,48.39696666666666,-119.54391666666668,255.0
2566,46.68268333333333,-118.8855,340.0
2567,32.19256928787879,-110.89123712121211,781.0
2568,32.19256928787879,-110.89123712121211,781.0
2569,31.4595,-110.8605,1230.0
2570,32.08925,-112.3165,603.0
2571,36.74001238095239,-107.95717142857144,1735.0
2572,36.74001238095239,-107.95717142857144,1735.0
2573,47.81903771428571,-122.2076,52.0
2574,36.74001238095239,-107.95717142857144,1735.0
2575,36.74001238095239,-107.95717142857144,1735.0
2576,36.74001238095239,-107.95717142857144,1735.0
2577,36.74001238095239,-107.95717142857144,1735.0
2578,32.85863666666667,-108.1144,2186.0
2579,32.85863666666667,-108.1144,2186.0
2580,32.85863666666667,-108.1144,2186.0
2581,34.90750130721966,-106.74296712749614,1540.0
2582,34.90750130721966,-106.74296712749614,1540.0
2583,34.90750130721966,-106.74296712749614,1540.0
2584,47.81903771428571,-122.2076,52.0
2585,34.90750130721966,-106.74296712749614,1540.0
2586,32.133724107142854,-106.68938392857144,1164.0
2587,32.133724107142854,-106.68938392857144,1164.0
2588,32.133724107142854,-106.68938392857144,1164.0
2589,32.133724107142854,-106.68938392857144,1164.0
2590,35.930462500000004,-105.594125,3099.0
2591,35.930462500000004,-105.594125,3099.0
2592,39.73685,-104.438375,1687.0
2593,39.73685,-104.438375,1687.0
2594,39.73685,-104.438375,1687.0
2595,48.36954,-122.52196666666669,0.0
2596,39.73685,-104.438375,1687.0
2597,39.73685,-104.438375,1687.0
2598,39.73685,-104.438375,1687.0
2599,40.30645,-107.65075,1990.0
2600,40.30645,-107.65075,1990.0
2601,40.30645,-107.65075,1990.0
2602,40.573566666666665,-106.80116666666667,2770.0
2603,40.573566666666665,-106.80116666666667,2770.0
2604,40.573566666666665,-106.80116666666667,2770.0
2605,39.67313333333334,-105.74979166666668,3512.0
2606,48.36954,-122.52196666666669,0.0
2607,39.67313333333334,-105.74979166666668,3512.0
2608,39.67313333333334,-105.74979166666668,3512.0
2609,39.67313333333334,-105.74979166666668,3512.0
2610,39.67313333333334,-105.74979166666668,3512.0
2611,39.705125,-106.58066666666669,2994.0
2612,39.705125,-106.58066666666669,2994.0
2613,40.413823666666666,-105.24967999999998,1724.0
2614,40.413823666666666,-105.24967999999998,1724.0
2615,40.413823666666666,-105.24967999999998,1724.0
2616,40.413823666666666,-105.24967999999998,1724.0
2617,47.9091,-119.946,625.0
2618,40.413823666666666,-105.24967999999998,1724.0
2619,40.24658333333333,-104.55241666666667,1438.0
2620,40.24658333333333,-104.55241666666667,1438.0
2621,40.24658333333333,-104.55241666666667,1438.0
2622,40.24658333333333,-104.55241666666667,1438.0
2623,40.24658333333333,-104.55241666666667,1438.0
2624,40.64264,-102.88053333333332,1306.0
2625,39.85870978571428,-105.001245,1634.0
2626,39.85870978571428,-105.001245,1634.0
2627,39.85870978571428,-105.001245,1634.0
2628,47.9091,-119.946,625.0
2629,39.85870978571428,-105.001245,1634.0
2630,39.85870978571428,-105.001245,1634.0
2631,39.0671625,-105.036875,2724.0
2632,39.0671625,-105.036875,2724.0
2633,39.0671625,-105.036875,2724.0
2634,39.0671625,-105.036875,2724.0
2635,39.0671625,-105.036875,2724.0
2636,39.0671625,-105.036875,2724.0
2637,40.008858333333336,-104.73345833333336,1548.0
2638,40.008858333333336,-104.73345833333336,1548.0
2639,47.9091,-119.946,625.0
2640,40.008858333333336,-104.73345833333336,1548.0
2641,39.66338819444445,-104.82488162878788,1740.0
2642,39.66338819444445,-104.82488162878788,1740.0
2643,39.66338819444445,-104.82488162878788,1740.0
2644,39.95643555555556,-105.26486944444446,1774.0
2645,39.95643555555556,-105.26486944444446,1774.0
2646,40.3536575,-103.738725,1337.0
2647,39.341233333333335,-108.45227333333332,2003.0
2648,39.341233333333335,-108.45227333333332,2003.0
2649,39.341233333333335,-108.45227333333332,2003.0
2650,48.590925,-121.17925,1529.0
2651,39.56619731818181,-105.08987181818182,1718.0
2652,40.7160875,-105.0045625,1595.0
2653,39.48617222222222,-107.33811111111112,2349.0
2654,39.48617222222222,-107.33811111111112,2349.0
2655,39.1228,-106.3,2860.0
2656,39.1228,-106.3,2860.0
2657,39.1228,-106.3,2860.0
2658,38.258545,-104.17315,1435.0
2659,38.258545,-104.17315,1435.0
2660,38.258545,-104.17315,1435.0
2661,48.590925,-121.17925,1529.0
2662,38.258545,-104.17315,1435.0
2663,38.258545,-104.17315,1435.0
2664,38.41891666666667,-108.17788888888887,2380.0
2665,38.41891666666667,-108.17788888888887,2380.0
2666,38.41891666666667,-108.17788888888887,2380.0
2667,38.4491875,-105.77025,2494.0
2668,38.4491875,-105.77025,2494.0
2669,38.4491875,-105.77025,2494.0
2670,37.49275,-108.8315,2027.0
2671,38.60747738095238,-104.79851190476192,1801.0
2672,47.74471416666667,-121.72046666666668,579.0
2673,47.48126666666667,-120.368,310.0
2674,38.60747738095238,-104.79851190476192,1801.0
2675,39.371922222222224,-102.97394444444444,1444.0
2676,39.371922222222224,-102.97394444444444,1444.0
2677,37.36782222222222,-105.84344444444446,2298.0
2678,37.95843055555556,-102.56583333333332,1174.0
2679,38.66536666666666,-107.17208333333332,3578.0
2680,46.032555555555554,-123.22266666666668,454.0
2681,46.032555555555554,-123.22266666666668,454.0
2682,44.669125,-121.17775,732.0
2683,44.669125,-121.17775,732.0
2684,47.48126666666667,-120.368,310.0
2685,44.669125,-121.17775,732.0
2686,44.669125,-121.17775,732.0
2687,44.669125,-121.17775,732.0
2688,45.31820833333333,-123.77108333333332,262.0
2689,45.31820833333333,-123.77108333333332,262.0
2690,45.31820833333333,-123.77108333333332,262.0
2691,45.4378909090909,-122.5572907925408,128.0
2692,45.4378909090909,-122.5572907925408,128.0
2693,45.4378909090909,-122.5572907925408,128.0
2694,44.41821,-124.0081,3.0
2695,47.48126666666667,-120.368,310.0
2696,44.41821,-124.0081,3.0
2697,44.04605238095238,-121.10838095238095,1060.0
2698,44.04605238095238,-121.10838095238095,1060.0
2699,45.407402777777776,-118.44977777777778,1272.0
2700,45.407402777777776,-118.44977777777778,1272.0
2701,45.407402777777776,-118.44977777777778,1272.0
2702,45.74152857142857,-119.34685714285716,194.0
2703,43.988725,-123.06844444444444,339.0
2704,43.988725,-123.06844444444444,339.0
2705,43.988725,-123.06844444444444,339.0
2706,46.9343,-120.082,508.0
2707,43.988725,-123.06844444444444,339.0
2708,43.988725,-123.06844444444444,339.0
2709,43.988725,-123.06844444444444,339.0
2710,45.49569571428572,-122.86777916666664,63.0
2711,45.46845833333333,-121.94508333333332,981.0
2712,44.84476592592592,-123.09156296296295,258.0
2713,31.65902380952381,-106.22817,1176.0
2714,31.65902380952381,-106.22817,1176.0
2715,31.65902380952381,-106.22817,1176.0
2716,31.92965,-106.40422222222224,1204.0
2717,46.9343,-120.082,508.0
2718,31.92965,-106.40422222222224,1204.0
2719,42.41012083333333,-122.78610416666666,604.0
2720,42.41012083333333,-122.78610416666666,604.0
2721,42.41012083333333,-122.78610416666666,604.0
2722,42.41012083333333,-122.78610416666666,604.0
2723,43.15745833333333,-123.3335,295.0
2724,43.15745833333333,-123.3335,295.0
2725,43.15745833333333,-123.3335,295.0
2726,42.1954,-121.87608333333333,1437.0
2727,42.1954,-121.87608333333333,1437.0
2728,33.78631818181818,-118.10099999999998,7.0
2729,42.1954,-121.87608333333333,1437.0
2730,42.1954,-121.87608333333333,1437.0
2731,42.1954,-121.87608333333333,1437.0
2732,42.30059166666667,-123.46925,746.0
2733,42.30059166666667,-123.46925,746.0
2734,43.4117,-124.05713333333333,144.0
2735,42.4048,-124.193,946.0
2736,42.4048,-124.193,946.0
2737,43.55137142857143,-118.41857142857144,1695.0
2738,41.205322222222215,-121.37036111111112,1133.0
2739,33.78631818181818,-118.10099999999998,7.0
2740,41.205322222222215,-121.37036111111112,1133.0
2741,41.205322222222215,-121.37036111111112,1133.0
2742,37.100033333333336,-122.0575,315.0
2743,37.100033333333336,-122.0575,315.0
2744,37.100033333333336,-122.0575,315.0
2745,37.100033333333336,-122.0575,315.0
2746,39.11400333333333,-121.63096666666668,19.0
2747,39.11400333333333,-121.63096666666668,19.0
2748,39.11400333333333,-121.63096666666668,19.0
2749,39.11400333333333,-121.63096666666668,19.0
2750,33.78631818181818,-118.10099999999998,7.0
2751,39.11400333333333,-121.63096666666668,19.0
2752,39.11400333333333,-121.63096666666668,19.0
2753,39.11400333333333,-121.63096666666668,19.0
2754,39.11400333333333,-121.63096666666668,19.0
2755,36.90360833333334,-119.06083333333332,1102.0
2756,36.90360833333334,-119.06083333333332,1102.0
2757,39.32479166666667,-121.0801875,750.0
2758,39.32479166666667,-121.0801875,750.0
2759,39.32479166666667,-121.0801875,750.0
2760,39.32479166666667,-121.0801875,750.0
2761,33.78631818181818,-118.10099999999998,7.0
2762,39.32479166666667,-121.0801875,750.0
2763,38.52590577777778,-122.76403555555557,65.0
2764,38.52590577777778,-122.76403555555557,65.0
2765,38.52590577777778,-122.76403555555557,65.0
2766,38.52590577777778,-122.76403555555557,65.0
2767,38.52590577777778,-122.76403555555557,65.0
2768,38.52590577777778,-122.76403555555557,65.0
2769,36.6896753968254,-121.75720634920634,29.0
2770,36.6896753968254,-121.75720634920634,29.0
2771,36.6896753968254,-121.75720634920634,29.0
2772,33.78631818181818,-118.10099999999998,7.0
2773,36.6896753968254,-121.75720634920634,29.0
2774,38.67862264957265,-121.30136282051282,48.0
2775,38.67862264957265,-121.30136282051282,48.0
2776,38.67862264957265,-121.30136282051282,48.0
2777,36.51334555555555,-120.4438,157.0
2778,36.51334555555555,-120.4438,157.0
2779,36.51334555555555,-120.4438,157.0
2780,36.51334555555555,-120.4438,157.0
2781,36.51334555555555,-120.4438,157.0
2782,34.515265,-119.96053333333332,794.0
2783,47.74471416666667,-121.72046666666668,579.0
2784,35.21895833333333,-119.43291666666669,160.0
2785,34.515265,-119.96053333333332,794.0
2786,37.913,-120.41158333333334,408.0
2787,37.913,-120.41158333333334,408.0
2788,37.913,-120.41158333333334,408.0
2789,37.913,-120.41158333333334,408.0
2790,39.45106666666667,-122.24066666666666,41.0
2791,39.45106666666667,-122.24066666666666,41.0
2792,39.45106666666667,-122.24066666666666,41.0
2793,38.01655095238095,-121.33726666666666,6.0
2794,38.01655095238095,-121.33726666666666,6.0
2795,35.21895833333333,-119.43291666666669,160.0
2796,38.01655095238095,-121.33726666666666,6.0
2797,38.01655095238095,-121.33726666666666,6.0
2798,38.01655095238095,-121.33726666666666,6.0
2799,36.778146190476185,-119.7614142857143,100.0
2800,36.778146190476185,-119.7614142857143,100.0
2801,36.778146190476185,-119.7614142857143,100.0
2802,39.98567666666666,-121.01323333333336,1286.0
2803,39.98567666666666,-121.01323333333336,1286.0
2804,39.98567666666666,-121.01323333333336,1286.0
2805,39.98567666666666,-121.01323333333336,1286.0
2806,35.21895833333333,-119.43291666666669,160.0
2807,40.93643333333333,-121.8128125,1290.0
2808,40.93643333333333,-121.8128125,1290.0
2809,40.93643333333333,-121.8128125,1290.0
2810,37.65708117456073,-122.12044106187928,13.0
2811,37.65708117456073,-122.12044106187928,13.0
2812,37.65708117456073,-122.12044106187928,13.0
2813,37.65708117456073,-122.12044106187928,13.0
2814,37.41902813995216,-122.05103498803828,0.0
2815,37.41902813995216,-122.05103498803828,0.0
2816,37.27211832788671,-121.82088534858389,57.0
2817,35.21895833333333,-119.43291666666669,160.0
2818,37.27211832788671,-121.82088534858389,57.0
2819,37.27211832788671,-121.82088534858389,57.0
2820,39.68280305555555,-121.6053,240.0
2821,39.68280305555555,-121.6053,240.0
2822,38.2628,-120.92,163.0
2823,38.2628,-120.92,163.0
2824,38.2628,-120.92,163.0
2825,39.42860833333333,-123.345625,406.0
2826,39.42860833333333,-123.345625,406.0
2827,38.30770414285714,-122.16493,514.0
2828,35.21895833333333,-119.43291666666669,160.0
2829,38.30770414285714,-122.16493,514.0
2830,38.30770414285714,-122.16493,514.0
2831,40.3494375,-122.34154166666669,166.0
2832,40.3494375,-122.34154166666669,166.0
2833,38.066925,-119.99725,1765.0
2834,38.066925,-119.99725,1765.0
2835,34.978375,-120.34722916666666,253.0
2836,34.978375,-120.34722916666666,253.0
2837,34.978375,-120.34722916666666,253.0
2838,37.23383968253969,-119.48009523809525,994.0
2839,35.21895833333333,-119.43291666666669,160.0
2840,37.23383968253969,-119.48009523809525,994.0
2841,38.906844444444445,-120.32402777777776,1916.0
2842,37.726183723776224,-122.4596847902098,86.0
2843,37.726183723776224,-122.4596847902098,86.0
2844,37.62287761904762,-121.26514761904762,22.0
2845,37.62287761904762,-121.26514761904762,22.0
2846,37.62287761904762,-121.26514761904762,22.0
2847,36.17990833333334,-121.1111111111111,92.0
2848,36.17990833333334,-121.1111111111111,92.0
2849,37.127925000000005,-120.9685,32.0
2850,35.21895833333333,-119.43291666666669,160.0
2851,37.127925000000005,-120.9685,32.0
2852,37.127925000000005,-120.9685,32.0
2853,37.27228357142857,-120.2943761904762,75.0
2854,37.27228357142857,-120.2943761904762,75.0
2855,40.62793333333333,-122.17,233.0
2856,37.93824141414141,-122.29842491582492,108.0
2857,34.20380672727273,-118.25832878787878,620.0
2858,34.20380672727273,-118.25832878787878,620.0
2859,34.20380672727273,-118.25832878787878,620.0
2860,47.2989,-120.221,846.0
2861,34.20380672727273,-118.25832878787878,620.0
2862,34.20380672727273,-118.25832878787878,620.0
2863,34.20380672727273,-118.25832878787878,620.0
2864,34.20380672727273,-118.25832878787878,620.0
2865,34.20380672727273,-118.25832878787878,620.0
2866,34.20380672727273,-118.25832878787878,620.0
2867,34.20380672727273,-118.25832878787878,620.0
2868,34.69483571428572,-117.4075,824.0
2869,34.69483571428572,-117.4075,824.0
2870,34.69483571428572,-117.4075,824.0
2871,47.2989,-120.221,846.0
2872,34.69483571428572,-117.4075,824.0
2873,34.69483571428572,-117.4075,824.0
2874,36.30485729166666,-119.31896875,101.0
2875,36.30485729166666,-119.31896875,101.0
2876,36.30485729166666,-119.31896875,101.0
2877,36.30485729166666,-119.31896875,101.0
2878,33.88027765151515,-117.84346969696968,95.0
2879,33.88027765151515,-117.84346969696968,95.0
2880,33.88027765151515,-117.84346969696968,95.0
2881,33.88027765151515,-117.84346969696968,95.0
2882,47.8317,-120.899,689.0
2883,48.15024940476191,-122.11801785714286,121.0
2884,47.64192581699346,-122.31435049019608,6.0
2885,33.873351428571425,-117.59455714285714,227.0
2886,34.640425,-118.72875,891.0
2887,35.041841322751324,-118.34440211640212,1363.0
2888,34.51737571428571,-118.4750361904762,764.0
2889,35.3311,-119.65933333333334,300.0
2890,34.220054999999995,-118.96011666666668,242.0
2891,35.42255880952381,-118.92724285714289,236.0
2892,35.0509,-116.75275,520.0
2893,35.03510555555555,-117.5505,771.0
2894,36.16545,-114.643,520.0
2895,47.66815416666666,-122.6457527777778,67.0
2896,35.703500000000005,-115.353,806.0
2897,36.051071666666665,-115.31416666666668,933.0
2898,34.19147666666667,-119.18776666666668,16.0
2899,34.11814523809524,-118.50008333333334,415.0
2900,33.79893971001221,-118.26157847985348,17.0
2901,33.98764327651516,-118.30863636363635,45.0
2902,35.041841322751324,-118.34440211640212,1363.0
2903,34.11814523809524,-118.50008333333334,415.0
2904,34.51737571428571,-118.4750361904762,764.0
2905,34.20252714285714,-118.70469107142856,384.0
2906,46.98464444444445,-122.18911111111112,247.0
2907,34.04449407407407,-117.97894814814816,94.0
2908,34.249975625000005,-118.39571160714286,285.0
2909,33.865876190476186,-116.64586904761904,1330.0
2910,33.597026666666665,-116.23707222222224,-22.0
2911,33.69296071428572,-117.72589285714284,113.0
2912,33.608269444444446,-117.37469444444446,969.0
2913,33.90512589285714,-117.34332142857144,461.0
2914,33.398375,-117.2155,264.0
2915,35.0509,-116.75275,520.0
2916,35.03510555555555,-117.5505,771.0
2917,47.52123486111111,-122.0992375,446.0
2918,34.01519999999999,-115.526,453.0
2919,34.071835,-117.18835,409.0
2920,33.597026666666665,-116.23707222222224,-22.0
2921,34.206050000000005,-116.22583333333334,788.0
2922,33.8824,-117.1585,513.0
2923,33.67783333333333,-114.769,164.0
2924,34.77520625,-114.38010416666664,285.0
2925,33.818275,-114.2015,274.0
2926,33.978441510695184,-118.15906561942958,43.0
2927,35.041841322751324,-118.34440211640212,1363.0
2928,47.15813521825397,-122.44690099206348,99.0
2929,34.60989166666667,-117.93291666666666,801.0
2930,34.091106137566136,-117.73673253968254,331.0
2931,33.81434848484849,-117.97045833333334,28.0
2932,34.04449407407407,-117.97894814814816,94.0
2933,34.249975625000005,-118.39571160714286,285.0
2934,34.11814523809524,-118.50008333333334,415.0
2935,33.79893971001221,-118.26157847985348,17.0
2936,33.81434848484849,-117.97045833333334,28.0
2937,33.98764327651516,-118.30863636363635,45.0
2938,34.04449407407407,-117.97894814814816,94.0
2939,48.93218333333333,-122.27283333333332,70.0
2940,33.67202738095238,-117.97192857142856,6.0
2941,33.69296071428572,-117.72589285714284,113.0
2942,33.608269444444446,-117.37469444444446,969.0
2943,33.39414,-117.52,48.0
2944,33.67783333333333,-114.769,164.0
2945,34.206050000000005,-116.22583333333334,788.0
2946,33.10508392857143,-117.0844761904762,204.0
2947,34.77520625,-114.38010416666664,285.0
2948,34.20252714285714,-118.70469107142856,384.0
2949,34.220054999999995,-118.96011666666668,242.0
2950,48.36954,-122.52196666666669,0.0
2951,34.47436666666667,-119.30695,629.0
2952,35.03510555555555,-117.5505,771.0
2953,34.47722666666667,-116.95326666666666,871.0
2954,35.703500000000005,-115.353,806.0
2955,34.284563392857144,-117.3469375,1058.0
2956,34.04910944444445,-117.4835711111111,291.0
2957,33.90512589285714,-117.34332142857144,461.0
2958,33.8824,-117.1585,513.0
2959,34.51737571428571,-118.4750361904762,764.0
2960,34.60989166666667,-117.93291666666666,801.0
2961,47.66815416666666,-122.6457527777778,67.0
2962,35.92795555555555,-118.97883333333334,192.0
2963,34.249975625000005,-118.39571160714286,285.0
2964,36.90360833333334,-119.06083333333332,1102.0
2965,34.51737571428571,-118.4750361904762,764.0
2966,34.20252714285714,-118.70469107142856,384.0
2967,33.98764327651516,-118.30863636363635,45.0
2968,34.249975625000005,-118.39571160714286,285.0
2969,34.60989166666667,-117.93291666666666,801.0
2970,34.20252714285714,-118.70469107142856,384.0
2971,34.249975625000005,-118.39571160714286,285.0
2972,47.52123486111111,-122.0992375,446.0
2973,33.15560833333333,-115.54341666666666,-61.0
2974,33.81434848484849,-117.97045833333334,28.0
2975,33.67202738095238,-117.97192857142856,6.0
2976,33.98764327651516,-118.30863636363635,45.0
2977,34.091106137566136,-117.73673253968254,331.0
2978,34.284563392857144,-117.3469375,1058.0
2979,35.03510555555555,-117.5505,771.0
2980,34.04449407407407,-117.97894814814816,94.0
2981,34.284563392857144,-117.3469375,1058.0
2982,34.04910944444445,-117.4835711111111,291.0
2983,47.15813521825397,-122.44690099206348,99.0
2984,33.873351428571425,-117.59455714285714,227.0
2985,32.837783333333334,-115.2275,20.0
2986,33.67783333333333,-114.769,164.0
2987,32.774604999999994,-115.66845,-12.0
2988,32.8991,-116.2445,410.0
2989,34.220054999999995,-118.96011666666668,242.0
2990,34.249975625000005,-118.39571160714286,285.0
2991,33.67202738095238,-117.97192857142856,6.0
2992,33.69296071428572,-117.72589285714284,113.0
2993,34.04449407407407,-117.97894814814816,94.0
2994,47.52123486111111,-122.0992375,446.0
2995,46.43307658730159,-122.73560317460316,128.0
2996,32.7366,-114.714,37.0
2997,32.774604999999994,-115.66845,-12.0
2998,32.67330833333334,-114.6375,38.0
2999,35.704275,-119.344375,85.0
3000,34.978375,-120.34722916666666,253.0
3001,35.432923611111114,-120.773125,312.0
3002,33.69296071428572,-117.72589285714284,113.0
3003,33.818275,-114.2015,274.0
3004,33.5202,-113.35825,417.0
3005,32.67330833333334,-114.6375,38.0
3006,46.8661125,-123.60150000000002,111.0
3007,33.873351428571425,-117.59455714285714,227.0
3008,34.04910944444445,-117.4835711111111,291.0
3009,34.04910944444445,-117.4835711111111,291.0
3010,34.47722666666667,-116.95326666666666,871.0
3011,32.67330833333334,-114.6375,38.0
3012,35.59369875,-114.88075,1006.0
3013,35.703500000000005,-115.353,806.0
3014,35.92795555555555,-118.97883333333334,192.0
3015,35.42255880952381,-118.92724285714289,236.0
3016,34.47722666666667,-116.95326666666666,871.0
3017,47.80555277777778,-123.46469444444443,1060.0
3018,35.704275,-119.344375,85.0
3019,35.42255880952381,-118.92724285714289,236.0
3020,34.47436666666667,-119.30695,629.0
3021,33.873351428571425,-117.59455714285714,227.0
3022,33.90512589285714,-117.34332142857144,461.0
3023,35.42255880952381,-118.92724285714289,236.0
3024,36.177752777777776,-119.85819444444444,61.0
3025,33.90512589285714,-117.34332142857144,461.0
3026,33.8824,-117.1585,513.0
3027,33.398375,-117.2155,264.0
3028,47.48126666666667,-120.368,310.0
3029,34.47722666666667,-116.95326666666666,871.0
3030,33.8824,-117.1585,513.0
3031,32.651453333333336,-116.92861666666668,184.0
3032,32.8991,-116.2445,410.0
3033,32.67330833333334,-114.6375,38.0
3034,34.515265,-119.96053333333332,794.0
3035,36.90360833333334,-119.06083333333332,1102.0
3036,37.23383968253969,-119.48009523809525,994.0
3037,32.85738571428571,-116.93950714285714,111.0
3038,33.10508392857143,-117.0844761904762,204.0
3039,47.66815416666666,-122.6457527777778,67.0
3040,32.63016661111111,-117.09690669047616,9.0
3041,32.81183078571429,-117.20536285714286,87.0
3042,33.398375,-117.2155,264.0
3043,33.10508392857143,-117.0844761904762,204.0
3044,32.81183078571429,-117.20536285714286,87.0
3045,33.39414,-117.52,48.0
3046,33.10508392857143,-117.0844761904762,204.0
3047,32.8991,-116.2445,410.0
3048,32.63016661111111,-117.09690669047616,9.0
3049,32.81183078571429,-117.20536285714286,87.0
3050,47.52123486111111,-122.0992375,446.0
3051,33.10508392857143,-117.0844761904762,204.0
3052,32.81183078571429,-117.20536285714286,87.0
3053,32.81183078571429,-117.20536285714286,87.0
3054,36.995535,-115.460675,1135.0
3055,39.37374266300367,-119.26187846153846,1338.0
3056,40.642516666666666,-115.38766666666666,2718.0
3057,36.192603958333336,-115.23487291666667,707.0
3058,36.16545,-114.643,520.0
3059,35.703500000000005,-115.353,806.0
3060,36.051071666666665,-115.31416666666668,933.0
3061,47.81903771428571,-122.2076,52.0
3062,36.30435555555555,-115.42161111111112,1227.0
3063,37.38776875,-113.7224375,1360.0
3064,38.37941547619048,-112.18005952380952,1861.0
3065,40.642516666666666,-115.38766666666666,2718.0
3066,36.90360833333334,-119.06083333333332,1102.0
3067,39.98567666666666,-121.01323333333336,1286.0
3068,39.68280305555555,-121.6053,240.0
3069,38.906844444444445,-120.32402777777776,1916.0
3070,43.07397,-115.5022125,990.0
3071,42.550977777777774,-114.36502777777775,1188.0
3072,47.81903771428571,-122.2076,52.0
3073,40.70685,-113.133,1303.0
3074,38.37941547619048,-112.18005952380952,1861.0
3075,36.00179722222222,-115.14444444444445,677.0
3076,36.09859595238096,-115.01521904761906,492.0
3077,36.2721125,-115.0999625,612.0
3078,36.051071666666665,-115.31416666666668,933.0
3079,36.30435555555555,-115.42161111111112,1227.0
3080,36.16545,-114.643,520.0
3081,36.8253,-114.12,539.0
3082,36.09859595238096,-115.01521904761906,492.0
3083,48.36954,-122.52196666666669,0.0
3084,36.2721125,-115.0999625,612.0
3085,36.00179722222222,-115.14444444444445,677.0
3086,36.09859595238096,-115.01521904761906,492.0
3087,36.051071666666665,-115.31416666666668,933.0
3088,34.77520625,-114.38010416666664,285.0
3089,36.16545,-114.643,520.0
3090,35.703500000000005,-115.353,806.0
3091,36.09859595238096,-115.01521904761906,492.0
3092,36.051071666666665,-115.31416666666668,933.0
3093,36.09859595238096,-115.01521904761906,492.0
3094,47.80555277777778,-123.46469444444443,1060.0
3095,37.38776875,-113.7224375,1360.0
3096,34.77520625,-114.38010416666664,285.0
3097,36.09859595238096,-115.01521904761906,492.0
3098,36.051071666666665,-115.31416666666668,933.0
3099,37.38776875,-113.7224375,1360.0
3100,37.40535,-112.85776666666666,2050.0
3101,36.2721125,-115.0999625,612.0
3102,36.051071666666665,-115.31416666666668,933.0
3103,35.2832,-114.0336875,1071.0
3104,36.83546666666667,-111.2925,1588.0
3105,47.00371666666667,-120.56833333333331,460.0
3106,48.5853,-121.831,834.0
3107,36.30435555555555,-115.42161111111112,1227.0
3108,46.49030833333333,-115.8545,989.0
3109,47.22078544871795,-114.17356346153844,889.0
3110,46.48847666666666,-117.44915555555558,749.0
3111,48.75013333333334,-117.683,1037.0
3112,47.77183185714286,-117.54721,486.0
3113,44.72360416666667,-116.8485,1272.0
3114,43.07397,-115.5022125,990.0
3115,43.7448225,-116.775225,724.0
3116,43.55137142857143,-118.41857142857144,1695.0
3117,47.81903771428571,-122.2076,52.0
3118,46.49030833333333,-115.8545,989.0
3119,43.7448225,-116.775225,724.0
3120,45.407402777777776,-118.44977777777778,1272.0
3121,45.517,-117.05825,1454.0
3122,43.55137142857143,-118.41857142857144,1695.0
3123,43.07397,-115.5022125,990.0
3124,42.680025,-113.98340833333332,1278.0
3125,42.69670555555555,-112.26240476190476,1611.0
3126,47.22078544871795,-114.17356346153844,889.0
3127,47.22078544871795,-114.17356346153844,889.0
3128,48.36954,-122.52196666666669,0.0
3129,45.517,-117.05825,1454.0
3130,42.680025,-113.98340833333332,1278.0
3131,42.550977777777774,-114.36502777777775,1188.0
3132,43.55137142857143,-118.41857142857144,1695.0
3133,42.550977777777774,-114.36502777777775,1188.0
3134,42.69670555555555,-112.26240476190476,1611.0
3135,41.67010625,-111.97226388888888,1465.0
3136,42.69670555555555,-112.26240476190476,1611.0
3137,46.9769828125,-110.5825,2531.0
3138,42.62126659722222,-109.52706597222222,2182.0
3139,48.590925,-121.17925,1529.0
3140,42.69670555555555,-112.26240476190476,1611.0
3141,42.62126659722222,-109.52706597222222,2182.0
3142,41.67010625,-111.97226388888888,1465.0
3143,46.9769828125,-110.5825,2531.0
3144,47.77183185714286,-117.54721,486.0
3145,46.035314285714286,-108.35314285714288,994.0
3146,42.62126659722222,-109.52706597222222,2182.0
3147,44.63035,-106.91325,1428.0
3148,45.826101944444446,-122.439675,453.0
3149,46.8661125,-123.60150000000002,111.0
3150,47.52123486111111,-122.0992375,446.0
3151,47.31644375,-119.630625,598.0
3152,46.032555555555554,-123.22266666666668,454.0
3153,45.78421468253968,-120.7444761904762,564.0
3154,46.48847666666666,-117.44915555555558,749.0
3155,46.53368333333333,-120.72215079365078,474.0
3156,46.68268333333333,-118.8855,340.0
3157,47.31644375,-119.630625,598.0
3158,45.407402777777776,-118.44977777777778,1272.0
3159,45.74152857142857,-119.34685714285716,194.0
3160,45.66783940476191,-120.07974761904762,212.0
3161,47.00371666666667,-120.56833333333331,460.0
3162,45.78421468253968,-120.7444761904762,564.0
3163,46.032555555555554,-123.22266666666668,454.0
3164,45.4378909090909,-122.5572907925408,128.0
3165,45.49569571428572,-122.86777916666664,63.0
3166,45.46845833333333,-121.94508333333332,981.0
3167,44.2948875,-122.35458333333334,1137.0
3168,46.53368333333333,-120.72215079365078,474.0
3169,47.31644375,-119.630625,598.0
3170,44.669125,-121.17775,732.0
3171,43.988725,-123.06844444444444,339.0
3172,47.15813521825397,-122.44690099206348,99.0
3173,45.46845833333333,-121.94508333333332,981.0
3174,45.66783940476191,-120.07974761904762,212.0
3175,47.77183185714286,-117.54721,486.0
3176,46.68268333333333,-118.8855,340.0
3177,45.407402777777776,-118.44977777777778,1272.0
3178,45.517,-117.05825,1454.0
3179,47.80555277777778,-123.46469444444443,1060.0
3180,46.032555555555554,-123.22266666666668,454.0
3181,45.31820833333333,-123.77108333333332,262.0
3182,47.31644375,-119.630625,598.0
3183,46.43307658730159,-122.73560317460316,128.0
3184,42.62126659722222,-109.52706597222222,2182.0
3185,44.63035,-106.91325,1428.0
3186,44.17854166666667,-104.29951666666668,1672.0
3187,44.63035,-106.91325,1428.0
3188,41.28620925925926,-112.22172222222224,1284.0
3189,40.59531861111111,-111.73551944444444,2827.0
3190,41.67010625,-111.97226388888888,1465.0
3191,40.59164227272727,-110.51901818181818,2735.0
3192,44.17854166666667,-104.29951666666668,1672.0
3193,41.95293611111111,-104.66225,1352.0
3194,46.53368333333333,-120.72215079365078,474.0
3195,42.393107,-106.36308,2056.0
3196,42.393107,-106.36308,2056.0
3197,40.413823666666666,-105.24967999999998,1724.0
3198,40.3536575,-103.738725,1337.0
3199,40.7160875,-105.0045625,1595.0
3200,40.7160875,-105.0045625,1595.0
3201,40.58939222222222,-112.11194444444445,1824.0
3202,40.7997869047619,-111.87238988095238,1508.0
3203,41.67010625,-111.97226388888888,1465.0
3204,39.17756666666667,-111.08133333333336,1795.0
3205,47.9091,-119.946,625.0
3206,40.243882440476185,-111.76891071428572,1368.0
3207,39.07198333333333,-110.03183333333334,1592.0
3208,39.65117222222222,-111.71783333333332,2550.0
3209,38.37941547619048,-112.18005952380952,1861.0
3210,39.07198333333333,-110.03183333333334,1592.0
3211,39.65117222222222,-111.71783333333332,2550.0
3212,40.58939222222222,-112.11194444444445,1824.0
3213,40.59531861111111,-111.73551944444444,2827.0
3214,39.65117222222222,-111.71783333333332,2550.0
3215,40.59164227272727,-110.51901818181818,2735.0
3216,47.81903771428571,-122.2076,52.0
3217,48.39696666666666,-119.54391666666668,255.0
3218,37.40535,-112.85776666666666,2050.0
3219,38.37941547619048,-112.18005952380952,1861.0
3220,36.58241666666667,-113.256,1813.0
3221,36.83546666666667,-111.2925,1588.0
3222,40.70685,-113.133,1303.0
3223,40.59531861111111,-111.73551944444444,2827.0
3224,40.7997869047619,-111.87238988095238,1508.0
3225,37.3089625,-109.63925,1453.0
3226,39.26343333333334,-112.50083333333332,1402.0
3227,37.40535,-112.85776666666666,2050.0
3228,48.5853,-121.831,834.0
3229,39.65117222222222,-111.71783333333332,2550.0
3230,38.37941547619048,-112.18005952380952,1861.0
3231,40.7997869047619,-111.87238988095238,1508.0
3232,40.59164227272727,-110.51901818181818,2735.0
3233,38.37941547619048,-112.18005952380952,1861.0
3234,36.58241666666667,-113.256,1813.0
3235,36.19119,-110.501,1989.0
3236,35.38377333333333,-109.40651904761904,2011.0
3237,38.41891666666667,-108.17788888888887,2380.0
3238,37.49275,-108.8315,2027.0
3239,47.81903771428571,-122.2076,52.0
3240,38.37941547619048,-112.18005952380952,1861.0
3241,40.59164227272727,-110.51901818181818,2735.0
3242,40.59164227272727,-110.51901818181818,2735.0
3243,34.77520625,-114.38010416666664,285.0
3244,36.58241666666667,-113.256,1813.0
3245,35.5037875,-112.44075,1783.0
3246,33.818275,-114.2015,274.0
3247,34.642972916666665,-112.00325,1153.0
3248,33.5749400487013,-112.30861939935065,330.0
3249,33.74315,-112.86316666666669,529.0
3250,48.590925,-121.17925,1529.0
3251,33.5202,-113.35825,417.0
3252,33.70830059523809,-111.952625,548.0
3253,33.26185385620915,-112.24855816993464,783.0
3254,32.969,-112.80591666666666,206.0
3255,33.40334583333333,-111.95888333333336,354.0
3256,34.642972916666665,-112.00325,1153.0
3257,33.74315,-112.86316666666669,529.0
3258,33.70830059523809,-111.952625,548.0
3259,33.26185385620915,-112.24855816993464,783.0
3260,33.279575,-110.630875,1315.0
3261,47.81903771428571,-122.2076,52.0
3262,31.57565083333333,-110.00190833333332,1410.0
3263,32.1194,-109.95875,1366.0
3264,35.38377333333333,-109.40651904761904,2011.0
3265,32.85863666666667,-108.1144,2186.0
3266,36.83546666666667,-111.2925,1588.0
3267,35.5912,-111.29666666666668,1306.0
3268,35.38377333333333,-109.40651904761904,2011.0
3269,33.74315,-112.86316666666669,529.0
3270,33.5202,-113.35825,417.0
3271,33.26185385620915,-112.24855816993464,783.0
3272,47.48126666666667,-120.368,310.0
3273,32.93395833333333,-111.55381666666666,433.0
3274,32.08925,-112.3165,603.0
3275,34.642972916666665,-112.00325,1153.0
3276,33.279575,-110.630875,1315.0
3277,33.70830059523809,-111.952625,548.0
3278,34.20601333333333,-110.1419,2054.0
3279,35.170855555555555,-110.25622222222222,1597.0
3280,33.33147950649351,-111.6851731168831,402.0
3281,33.5202,-113.35825,417.0
3282,32.67330833333334,-114.6375,38.0
3283,46.9343,-120.082,508.0
3284,33.70830059523809,-111.952625,548.0
3285,33.26185385620915,-112.24855816993464,783.0
3286,33.33147950649351,-111.6851731168831,402.0
3287,33.70830059523809,-111.952625,548.0
3288,35.5912,-111.29666666666668,1306.0
3289,34.544245833333335,-112.766625,1626.0
3290,35.5037875,-112.44075,1783.0
3291,33.5202,-113.35825,417.0
3292,33.26185385620915,-112.24855816993464,783.0
3293,34.544245833333335,-112.766625,1626.0
3294,46.53368333333333,-120.72215079365078,474.0
3295,33.33147950649351,-111.6851731168831,402.0
3296,34.20601333333333,-110.1419,2054.0
3297,32.59481111111111,-110.93788888888888,1046.0
3298,32.873999999999995,-114.08025,235.0
3299,35.5912,-111.29666666666668,1306.0
3300,35.5037875,-112.44075,1783.0
3301,32.1194,-109.95875,1366.0
3302,31.4595,-110.8605,1230.0
3303,31.866343333333333,-110.9809,871.0
3304,32.85863666666667,-108.1144,2186.0
3305,47.31644375,-119.630625,598.0
3306,33.26185385620915,-112.24855816993464,783.0
3307,33.33147950649351,-111.6851731168831,402.0
3308,32.67330833333334,-114.6375,38.0
3309,35.170855555555555,-110.25622222222222,1597.0
3310,33.33147950649351,-111.6851731168831,402.0
3311,35.38377333333333,-109.40651904761904,2011.0
3312,35.5037875,-112.44075,1783.0
3313,32.93395833333333,-111.55381666666666,433.0
3314,32.383875,-111.19401041666669,627.0
3315,32.19256928787879,-110.89123712121211,781.0
3316,47.48126666666667,-120.368,310.0
3317,33.33147950649351,-111.6851731168831,402.0
3318,35.38377333333333,-109.40651904761904,2011.0
3319,33.33147950649351,-111.6851731168831,402.0
3320,32.19256928787879,-110.89123712121211,781.0
3321,35.5037875,-112.44075,1783.0
3322,36.74001238095239,-107.95717142857144,1735.0
3323,32.85863666666667,-108.1144,2186.0
3324,35.426542857142856,-108.45170238095238,2229.0
3325,47.77183185714286,-117.54721,486.0
3326,48.39696666666666,-119.54391666666668,255.0
3327,48.590925,-121.17925,1529.0
3328,46.43307658730159,-122.73560317460316,128.0
3329,48.39696666666666,-119.54391666666668,255.0
3330,46.68268333333333,-118.8855,340.0
3331,47.31644375,-119.630625,598.0
3332,47.31644375,-119.630625,598.0
3333,31.866343333333333,-110.9809,871.0
3334,32.383875,-111.19401041666669,627.0
3335,31.866343333333333,-110.9809,871.0
3336,31.866343333333333,-110.9809,871.0
3337,35.930462500000004,-105.594125,3099.0
3338,35.426542857142856,-108.45170238095238,2229.0
3339,48.36954,-122.52196666666669,0.0
3340,38.41891666666667,-108.17788888888887,2380.0
3341,37.49275,-108.8315,2027.0
3342,37.36782222222222,-105.84344444444446,2298.0
3343,37.45519791666666,-107.72677083333332,3148.0
3344,34.90750130721966,-106.74296712749614,1540.0
3345,32.133724107142854,-106.68938392857144,1164.0
3346,31.836896666666664,-106.52500416666668,1271.0
3347,35.930462500000004,-105.594125,3099.0
3348,33.199241666666666,-105.81413333333332,2190.0
3349,35.426542857142856,-108.45170238095238,2229.0
3350,47.9091,-119.946,625.0
3351,37.36782222222222,-105.84344444444446,2298.0
3352,33.199241666666666,-105.81413333333332,2190.0
3353,31.92965,-106.40422222222224,1204.0
3354,31.594275000000003,-105.59925,1481.0
3355,31.836896666666664,-106.52500416666668,1271.0
3356,37.36782222222222,-105.84344444444446,2298.0
3357,37.7618625,-104.69175,1793.0
3358,40.24658333333333,-104.55241666666667,1438.0
3359,39.85870978571428,-105.001245,1634.0
3360,39.66338819444445,-104.82488162878788,1740.0
3361,48.590925,-121.17925,1529.0
3362,40.3536575,-103.738725,1337.0
3363,39.371922222222224,-102.97394444444444,1444.0
3364,39.09476319444445,-104.6166027777778,2240.0
3365,40.573566666666665,-106.80116666666667,2770.0
3366,39.341233333333335,-108.45227333333332,2003.0
3367,39.48617222222222,-107.33811111111112,2349.0
3368,39.67313333333334,-105.74979166666668,3512.0
3369,39.705125,-106.58066666666669,2994.0
3370,39.1228,-106.3,2860.0
3371,39.705125,-106.58066666666669,2994.0
3372,47.31644375,-119.630625,598.0
3373,40.413823666666666,-105.24967999999998,1724.0
3374,39.95643555555556,-105.26486944444446,1774.0
3375,39.56619731818181,-105.08987181818182,1718.0
3376,39.1228,-106.3,2860.0
3377,39.56619731818181,-105.08987181818182,1718.0
3378,39.48617222222222,-107.33811111111112,2349.0
3379,39.85870978571428,-105.001245,1634.0
3380,39.95643555555556,-105.26486944444446,1774.0
3381,40.3536575,-103.738725,1337.0
3382,40.7160875,-105.0045625,1595.0
3383,47.48126666666667,-120.368,310.0
3384,40.24239333333333,-104.86445000000002,1460.0
3385,40.008858333333336,-104.73345833333336,1548.0
3386,39.66338819444445,-104.82488162878788,1740.0
3387,40.3536575,-103.738725,1337.0
3388,40.7160875,-105.0045625,1595.0
3389,40.24239333333333,-104.86445000000002,1460.0
3390,40.3536575,-103.738725,1337.0
3391,40.008858333333336,-104.73345833333336,1548.0
3392,39.66338819444445,-104.82488162878788,1740.0
3393,39.95643555555556,-105.26486944444446,1774.0
3394,48.39696666666666,-119.54391666666668,255.0
3395,39.56619731818181,-105.08987181818182,1718.0
3396,40.24239333333333,-104.86445000000002,1460.0
3397,39.66338819444445,-104.82488162878788,1740.0
3398,39.56619731818181,-105.08987181818182,1718.0
3399,38.4491875,-105.77025,2494.0
3400,38.60747738095238,-104.79851190476192,1801.0
3401,39.371922222222224,-102.97394444444444,1444.0
3402,39.09476319444445,-104.6166027777778,2240.0
3403,39.66338819444445,-104.82488162878788,1740.0
3404,40.7160875,-105.0045625,1595.0
3405,47.31644375,-119.630625,598.0
3406,40.24239333333333,-104.86445000000002,1460.0
3407,39.56619731818181,-105.08987181818182,1718.0
3408,38.60747738095238,-104.79851190476192,1801.0
3409,39.09476319444445,-104.6166027777778,2240.0
3410,39.56619731818181,-105.08987181818182,1718.0
3411,40.24239333333333,-104.86445000000002,1460.0
3412,40.7160875,-105.0045625,1595.0
3413,39.48617222222222,-107.33811111111112,2349.0
3414,38.41891666666667,-108.17788888888887,2380.0
3415,38.66536666666666,-107.17208333333332,3578.0
3416,48.39696666666666,-119.54391666666668,255.0
3417,39.371922222222224,-102.97394444444444,1444.0
3418,40.24239333333333,-104.86445000000002,1460.0
3419,38.41891666666667,-108.17788888888887,2380.0
3420,38.66536666666666,-107.17208333333332,3578.0
3421,38.4491875,-105.77025,2494.0
3422,37.36782222222222,-105.84344444444446,2298.0
3423,38.66536666666666,-107.17208333333332,3578.0
3424,38.60747738095238,-104.79851190476192,1801.0
3425,37.36782222222222,-105.84344444444446,2298.0
3426,37.95843055555556,-102.56583333333332,1174.0
3427,47.31644375,-119.630625,598.0
3428,39.09476319444445,-104.6166027777778,2240.0
3429,37.7618625,-104.69175,1793.0
3430,37.49275,-108.8315,2027.0
3431,38.66536666666666,-107.17208333333332,3578.0
3432,37.45519791666666,-107.72677083333332,3148.0
3433,38.60747738095238,-104.79851190476192,1801.0
3434,37.36782222222222,-105.84344444444446,2298.0
3435,38.66536666666666,-107.17208333333332,3578.0
3436,37.45519791666666,-107.72677083333332,3148.0
3437,39.09476319444445,-104.6166027777778,2240.0
3438,47.48126666666667,-120.368,310.0
3439,46.9343,-120.082,508.0
3440,37.7618625,-104.69175,1793.0
3441,37.95843055555556,-102.56583333333332,1174.0
3442,39.09476319444445,-104.6166027777778,2240.0
3443,37.45519791666666,-107.72677083333332,3148.0
3444,37.7618625,-104.69175,1793.0
3445,37.45519791666666,-107.72677083333332,3148.0
3446,45.4378909090909,-122.5572907925408,128.0
3447,45.49569571428572,-122.86777916666664,63.0
3448,44.04605238095238,-121.10838095238095,1060.0
3449,43.988725,-123.06844444444444,339.0
3450,48.39696666666666,-119.54391666666668,255.0
3451,45.66783940476191,-120.07974761904762,212.0
3452,44.2948875,-122.35458333333334,1137.0
3453,42.1954,-121.87608333333333,1437.0
3454,44.41821,-124.0081,3.0
3455,45.49569571428572,-122.86777916666664,63.0
3456,44.84476592592592,-123.09156296296295,258.0
3457,45.49569571428572,-122.86777916666664,63.0
3458,45.46845833333333,-121.94508333333332,981.0
3459,44.84476592592592,-123.09156296296295,258.0
3460,44.84476592592592,-123.09156296296295,258.0
3461,47.31644375,-119.630625,598.0
3462,43.4117,-124.05713333333333,144.0
3463,43.21790833333333,-122.10433333333332,1791.0
3464,43.55137142857143,-118.41857142857144,1695.0
3465,45.74152857142857,-119.34685714285716,194.0
3466,45.517,-117.05825,1454.0
3467,43.55137142857143,-118.41857142857144,1695.0
3468,45.66783940476191,-120.07974761904762,212.0
3469,44.84476592592592,-123.09156296296295,258.0
3470,44.2948875,-122.35458333333334,1137.0
3471,43.15745833333333,-123.3335,295.0
3472,46.53368333333333,-120.72215079365078,474.0
3473,43.21790833333333,-122.10433333333332,1791.0
3474,43.4117,-124.05713333333333,144.0
3475,40.93643333333333,-121.8128125,1290.0
3476,44.84476592592592,-123.09156296296295,258.0
3477,44.2948875,-122.35458333333334,1137.0
3478,44.2948875,-122.35458333333334,1137.0
3479,31.92965,-106.40422222222224,1204.0
3480,31.594275000000003,-105.59925,1481.0
3481,31.836896666666664,-106.52500416666668,1271.0
3482,31.594275000000003,-105.59925,1481.0
3483,47.31644375,-119.630625,598.0
3484,31.836896666666664,-106.52500416666668,1271.0
3485,42.1954,-121.87608333333333,1437.0
3486,43.21790833333333,-122.10433333333332,1791.0
3487,42.30059166666667,-123.46925,746.0
3488,41.205322222222215,-121.37036111111112,1133.0
3489,43.21790833333333,-122.10433333333332,1791.0
3490,42.30059166666667,-123.46925,746.0
3491,43.4117,-124.05713333333333,144.0
3492,43.21790833333333,-122.10433333333332,1791.0
3493,43.55137142857143,-118.41857142857144,1695.0
3494,33.978441510695184,-118.15906561942958,43.0
3495,41.205322222222215,-121.37036111111112,1133.0
3496,40.93643333333333,-121.8128125,1290.0
3497,40.62793333333333,-122.17,233.0
3498,41.9152,-124.134,50.0
3499,40.911550000000005,-124.01791666666666,114.0
3500,42.4048,-124.193,946.0
3501,41.9152,-124.134,50.0
3502,40.911550000000005,-124.01791666666666,114.0
3503,41.205322222222215,-121.37036111111112,1133.0
3504,39.98567666666666,-121.01323333333336,1286.0
3505,33.79893971001221,-118.26157847985348,17.0
3506,40.93643333333333,-121.8128125,1290.0
3507,41.9152,-124.134,50.0
3508,36.6896753968254,-121.75720634920634,29.0
3509,37.41902813995216,-122.05103498803828,0.0
3510,37.27211832788671,-121.82088534858389,57.0
3511,36.97421,-121.63675714285714,404.0
3512,39.32479166666667,-121.0801875,750.0
3513,38.67862264957265,-121.30136282051282,48.0
3514,39.45106666666667,-122.24066666666666,41.0
3515,39.68280305555555,-121.6053,240.0
3516,33.81434848484849,-117.97045833333334,28.0
3517,38.2628,-120.92,163.0
3518,38.30770414285714,-122.16493,514.0
3519,38.55300187179488,-121.57774042735043,-1.0
3520,40.62793333333333,-122.17,233.0
3521,36.778146190476185,-119.7614142857143,100.0
3522,37.23383968253969,-119.48009523809525,994.0
3523,38.67862264957265,-121.30136282051282,48.0
3524,39.98567666666666,-121.01323333333336,1286.0
3525,39.68280305555555,-121.6053,240.0
3526,38.906844444444445,-120.32402777777776,1916.0
3527,33.67202738095238,-117.97192857142856,6.0
3528,38.78096388888889,-120.92719444444444,433.0
3529,39.42860833333333,-123.345625,406.0
3530,38.30770414285714,-122.16493,514.0
3531,37.726183723776224,-122.4596847902098,86.0
3532,40.62793333333333,-122.17,233.0
3533,37.93824141414141,-122.29842491582492,108.0
3534,37.98864555555556,-121.770625,74.0
3535,36.51334555555555,-120.4438,157.0
3536,37.27211832788671,-121.82088534858389,57.0
3537,36.17990833333334,-121.1111111111111,92.0
3538,33.69296071428572,-117.72589285714284,113.0
3539,36.97421,-121.63675714285714,404.0
3540,39.68280305555555,-121.6053,240.0
3541,38.55300187179488,-121.57774042735043,-1.0
3542,38.78096388888889,-120.92719444444444,433.0
3543,36.778146190476185,-119.7614142857143,100.0
3544,36.17990833333334,-121.1111111111111,92.0
3545,36.177752777777776,-119.85819444444444,61.0
3546,37.27228357142857,-120.2943761904762,75.0
3547,37.63656888888889,-120.8548222222222,42.0
3548,34.978375,-120.34722916666666,253.0
3549,47.31644375,-119.630625,598.0
3550,35.056893333333335,-118.93013333333332,190.0
3551,36.177752777777776,-119.85819444444444,61.0
3552,38.066925,-119.99725,1765.0
3553,37.27228357142857,-120.2943761904762,75.0
3554,37.63656888888889,-120.8548222222222,42.0
3555,38.78096388888889,-120.92719444444444,433.0
3556,40.3494375,-122.34154166666669,166.0
3557,38.55300187179488,-121.57774042735043,-1.0
3558,37.98864555555556,-121.770625,74.0
3559,37.27211832788671,-121.82088534858389,57.0
3560,38.2628,-120.92,163.0
3561,34.640425,-118.72875,891.0
3562,37.62287761904762,-121.26514761904762,22.0
3563,38.55300187179488,-121.57774042735043,-1.0
3564,37.98864555555556,-121.770625,74.0
3565,37.23383968253969,-119.48009523809525,994.0
3566,36.177752777777776,-119.85819444444444,61.0
3567,37.27228357142857,-120.2943761904762,75.0
3568,40.93643333333333,-121.8128125,1290.0
3569,39.68280305555555,-121.6053,240.0
3570,38.55300187179488,-121.57774042735043,-1.0
3571,40.62793333333333,-122.17,233.0
3572,34.19147666666667,-119.18776666666668,16.0
3573,39.68280305555555,-121.6053,240.0
3574,40.3494375,-122.34154166666669,166.0
3575,40.62793333333333,-122.17,233.0
3576,37.41902813995216,-122.05103498803828,0.0
3577,37.726183723776224,-122.4596847902098,86.0
3578,37.93824141414141,-122.29842491582492,108.0
3579,37.98864555555556,-121.770625,74.0
3580,37.27211832788671,-121.82088534858389,57.0
3581,37.98864555555556,-121.770625,74.0
3582,37.62287761904762,-121.26514761904762,22.0
3583,35.3311,-119.65933333333334,300.0
3584,36.97421,-121.63675714285714,404.0
3585,37.63656888888889,-120.8548222222222,42.0
3586,40.3494375,-122.34154166666669,166.0
3587,38.78096388888889,-120.92719444444444,433.0
3588,38.55300187179488,-121.57774042735043,-1.0
3589,37.63656888888889,-120.8548222222222,42.0
3590,38.78096388888889,-120.92719444444444,433.0
3591,40.64495,-122.92466666666668,627.0
3592,40.911550000000005,-124.01791666666666,114.0
3593,38.55300187179488,-121.57774042735043,-1.0
3594,35.42255880952381,-118.92724285714289,236.0
3595,37.93824141414141,-122.29842491582492,108.0
3596,37.98864555555556,-121.770625,74.0
3597,40.64495,-122.92466666666668,627.0
3598,40.62793333333333,-122.17,233.0
3599,37.23383968253969,-119.48009523809525,994.0
3600,37.27228357142857,-120.2943761904762,75.0
3601,36.17990833333334,-121.1111111111111,92.0
3602,36.177752777777776,-119.85819444444444,61.0
3603,35.432923611111114,-120.773125,312.0
3604,38.906844444444445,-120.32402777777776,1916.0
3605,34.47436666666667,-119.30695,629.0
3606,36.177752777777776,-119.85819444444444,61.0
3607,38.78096388888889,-120.92719444444444,433.0
3608,38.55300187179488,-121.57774042735043,-1.0
3609,37.93824141414141,-122.29842491582492,108.0
3610,37.127925000000005,-120.9685,32.0
3611,37.63656888888889,-120.8548222222222,42.0
3612,37.98864555555556,-121.770625,74.0
3613,35.432923611111114,-120.773125,312.0
3614,36.97421,-121.63675714285714,404.0
3615,37.27228357142857,-120.2943761904762,75.0
3616,36.51334555555555,-120.4438,157.0
3617,36.97421,-121.63675714285714,404.0
3618,37.63656888888889,-120.8548222222222,42.0
3619,36.97421,-121.63675714285714,404.0
3620,37.63656888888889,-120.8548222222222,42.0
3621,40.911550000000005,-124.01791666666666,114.0
3622,37.98864555555556,-121.770625,74.0
3623,34.640425,-118.72875,891.0
3624,34.1688696969697,-118.05773787878788,331.0
3625,33.978441510695184,-118.15906561942958,43.0
3626,47.48126666666667,-120.368,310.0
3627,34.19147666666667,-119.18776666666668,16.0
3628,35.041841322751324,-118.34440211640212,1363.0
3629,34.11814523809524,-118.50008333333334,415.0
3630,34.51737571428571,-118.4750361904762,764.0
3631,34.60989166666667,-117.93291666666666,801.0
3632,33.98764327651516,-118.30863636363635,45.0
3633,34.249975625000005,-118.39571160714286,285.0
3634,34.071835,-117.18835,409.0
3635,34.60989166666667,-117.93291666666666,801.0
3636,34.284563392857144,-117.3469375,1058.0
3637,47.31644375,-119.630625,598.0
3638,35.03510555555555,-117.5505,771.0
3639,34.47722666666667,-116.95326666666666,871.0
3640,35.92795555555555,-118.97883333333334,192.0
3641,36.90360833333334,-119.06083333333332,1102.0
3642,36.778146190476185,-119.7614142857143,100.0
3643,36.177752777777776,-119.85819444444444,61.0
3644,34.091106137566136,-117.73673253968254,331.0
3645,33.81434848484849,-117.97045833333334,28.0
3646,33.69296071428572,-117.72589285714284,113.0
3647,34.04449407407407,-117.97894814814816,94.0
3648,47.346175,-120.6255,1203.0
3649,47.346175,-120.6255,1203.0
3650,47.6491788671024,-122.35196732026144,5.0
3651,34.05375,-117.38833333333334,310.0
3652,31.526805555555555,-106.14430555555556,1126.0
3653,31.526805555555555,-106.14430555555556,1126.0
3654,31.92965,-106.40422222222224,1204.0
3655,31.92965,-106.40422222222224,1204.0
3656,31.92965,-106.40422222222224,1204.0
3657,31.92965,-106.40422222222224,1204.0
3658,31.782775,-106.2375,1215.0
3659,31.836896666666664,-106.52500416666668,1271.0
3660,43.21790833333333,-122.10433333333332,1791.0
3661,43.21790833333333,-122.10433333333332,1791.0
3662,35.39727791666667,-119.0203,128.0
3663,43.21790833333333,-122.10433333333332,1791.0
3664,42.2417,-122.677,910.0
3665,42.2417,-122.677,910.0
3666,42.2417,-122.677,910.0
3667,43.4061,-123.178,239.0
3668,43.9044,-123.825,295.0
3669,42.14225,-121.64316666666669,1250.0
3670,42.14225,-121.64316666666669,1250.0
3671,42.14225,-121.64316666666669,1250.0
3672,42.14225,-121.64316666666669,1250.0
3673,35.39727791666667,-119.0203,128.0
3674,42.14225,-121.64316666666669,1250.0
3675,42.14225,-121.64316666666669,1250.0
3676,43.0331375,-123.41125,293.0
3677,43.0331375,-123.41125,293.0
3678,43.288525,-124.11516666666668,129.0
3679,42.30059166666667,-123.46925,746.0
3680,42.30059166666667,-123.46925,746.0
3681,42.30059166666667,-123.46925,746.0
3682,42.34866666666666,-122.93595833333332,413.0
3683,42.34866666666666,-122.93595833333332,413.0
3684,35.39727791666667,-119.0203,128.0
3685,42.24855,-122.109,1396.0
3686,42.24855,-122.109,1396.0
3687,42.4048,-124.193,946.0
3688,42.4048,-124.193,946.0
3689,43.55137142857143,-118.41857142857144,1695.0
3690,41.205322222222215,-121.37036111111112,1133.0
3691,41.205322222222215,-121.37036111111112,1133.0
3692,41.205322222222215,-121.37036111111112,1133.0
3693,37.8823875,-120.4889375,417.0
3694,37.8823875,-120.4889375,417.0
3695,35.39727791666667,-119.0203,128.0
3696,37.8823875,-120.4889375,417.0
3697,37.8823875,-120.4889375,417.0
3698,37.8823875,-120.4889375,417.0
3699,37.8823875,-120.4889375,417.0
3700,37.8823875,-120.4889375,417.0
3701,37.8823875,-120.4889375,417.0
3702,37.55390948051948,-122.151883982684,0.0
3703,37.55390948051948,-122.151883982684,0.0
3704,37.55390948051948,-122.151883982684,0.0
3705,37.55390948051948,-122.151883982684,0.0
3706,35.39727791666667,-119.0203,128.0
3707,37.55390948051948,-122.151883982684,0.0
3708,37.55390948051948,-122.151883982684,0.0
3709,40.911550000000005,-124.01791666666666,114.0
3710,40.911550000000005,-124.01791666666666,114.0
3711,40.911550000000005,-124.01791666666666,114.0
3712,38.08663555555556,-121.85041666666666,2.0
3713,38.08663555555556,-121.85041666666666,2.0
3714,38.08663555555556,-121.85041666666666,2.0
3715,38.08663555555556,-121.85041666666666,2.0
3716,38.08663555555556,-121.85041666666666,2.0
3717,35.39727791666667,-119.0203,128.0
3718,38.08663555555556,-121.85041666666666,2.0
3719,38.08663555555556,-121.85041666666666,2.0
3720,38.08663555555556,-121.85041666666666,2.0
3721,36.68699333333333,-120.4572,73.0
3722,36.68699333333333,-120.4572,73.0
3723,36.68699333333333,-120.4572,73.0
3724,36.68699333333333,-120.4572,73.0
3725,36.68699333333333,-120.4572,73.0
3726,36.68699333333333,-120.4572,73.0
3727,36.68699333333333,-120.4572,73.0
3728,36.452575,-119.16558333333332,148.0
3729,38.625068518518525,-121.2475277777778,39.0
3730,38.625068518518525,-121.2475277777778,39.0
3731,38.625068518518525,-121.2475277777778,39.0
3732,38.625068518518525,-121.2475277777778,39.0
3733,38.625068518518525,-121.2475277777778,39.0
3734,38.2335,-122.69016666666666,51.0
3735,38.2335,-122.69016666666666,51.0
3736,39.0129,-120.6605,988.0
3737,39.0129,-120.6605,988.0
3738,39.0129,-120.6605,988.0
3739,36.452575,-119.16558333333332,148.0
3740,36.75626154761905,-121.75835476190476,2.0
3741,36.75626154761905,-121.75835476190476,2.0
3742,36.75626154761905,-121.75835476190476,2.0
3743,36.75626154761905,-121.75835476190476,2.0
3744,36.74075071428571,-119.66784285714286,107.0
3745,36.74075071428571,-119.66784285714286,107.0
3746,36.74075071428571,-119.66784285714286,107.0
3747,36.74075071428571,-119.66784285714286,107.0
3748,36.74075071428571,-119.66784285714286,107.0
3749,38.15480917748918,-122.2719471861472,2.0
3750,36.452575,-119.16558333333332,148.0
3751,38.15480917748918,-122.2719471861472,2.0
3752,38.15480917748918,-122.2719471861472,2.0
3753,38.15480917748918,-122.2719471861472,2.0
3754,38.15480917748918,-122.2719471861472,2.0
3755,34.561665000000005,-120.29845,408.0
3756,34.561665000000005,-120.29845,408.0
3757,39.50498,-121.5154,135.0
3758,39.50498,-121.5154,135.0
3759,39.50498,-121.5154,135.0
3760,39.50498,-121.5154,135.0
3761,47.5336,-120.295,216.0
3762,36.452575,-119.16558333333332,148.0
3763,39.50498,-121.5154,135.0
3764,39.50498,-121.5154,135.0
3765,40.9656,-121.639125,929.0
3766,40.9656,-121.639125,929.0
3767,40.9656,-121.639125,929.0
3768,40.0423,-122.277,114.0
3769,40.0423,-122.277,114.0
3770,40.0423,-122.277,114.0
3771,37.94339981481482,-122.4980013888889,20.0
3772,37.94339981481482,-122.4980013888889,20.0
3773,34.69483571428572,-117.4075,824.0
3774,37.94339981481482,-122.4980013888889,20.0
3775,37.94339981481482,-122.4980013888889,20.0
3776,39.11400333333333,-121.63096666666668,19.0
3777,39.11400333333333,-121.63096666666668,19.0
3778,39.11400333333333,-121.63096666666668,19.0
3779,39.11400333333333,-121.63096666666668,19.0
3780,39.11400333333333,-121.63096666666668,19.0
3781,39.11400333333333,-121.63096666666668,19.0
3782,39.11400333333333,-121.63096666666668,19.0
3783,39.11400333333333,-121.63096666666668,19.0
3784,34.69483571428572,-117.4075,824.0
3785,39.11400333333333,-121.63096666666668,19.0
3786,39.11400333333333,-121.63096666666668,19.0
3787,38.268575,-121.087,67.0
3788,38.268575,-121.087,67.0
3789,38.268575,-121.087,67.0
3790,38.268575,-121.087,67.0
3791,38.268575,-121.087,67.0
3792,39.16865,-123.04633333333334,1057.0
3793,39.16865,-123.04633333333334,1057.0
3794,36.2980125,-121.23941666666668,87.0
3795,34.69483571428572,-117.4075,824.0
3796,36.2980125,-121.23941666666668,87.0
3797,36.90360833333334,-119.06083333333332,1102.0
3798,36.90360833333334,-119.06083333333332,1102.0
3799,38.651212820512825,-121.4833044871795,7.0
3800,38.651212820512825,-121.4833044871795,7.0
3801,38.651212820512825,-121.4833044871795,7.0
3802,36.177752777777776,-119.85819444444444,61.0
3803,36.177752777777776,-119.85819444444444,61.0
3804,36.177752777777776,-119.85819444444444,61.0
3805,36.177752777777776,-119.85819444444444,61.0
3806,34.69483571428572,-117.4075,824.0
3807,37.127925000000005,-120.9685,32.0
3808,37.127925000000005,-120.9685,32.0
3809,37.127925000000005,-120.9685,32.0
3810,40.03462777777778,-121.1108888888889,1027.0
3811,40.03462777777778,-121.1108888888889,1027.0
3812,40.03462777777778,-121.1108888888889,1027.0
3813,40.03462777777778,-121.1108888888889,1027.0
3814,40.03462777777778,-121.1108888888889,1027.0
3815,38.2467,-120.034,1052.0
3816,39.68856666666667,-123.64491666666666,616.0
3817,34.69483571428572,-117.4075,824.0
3818,38.01655095238095,-121.33726666666666,6.0
3819,38.01655095238095,-121.33726666666666,6.0
3820,38.01655095238095,-121.33726666666666,6.0
3821,38.01655095238095,-121.33726666666666,6.0
3822,38.01655095238095,-121.33726666666666,6.0
3823,39.41865,-121.23625,661.0
3824,39.41865,-121.23625,661.0
3825,39.41865,-121.23625,661.0
3826,37.52206888888889,-121.01648888888889,17.0
3827,37.52206888888889,-121.01648888888889,17.0
3828,34.69483571428572,-117.4075,824.0
3829,37.52206888888889,-121.01648888888889,17.0
3830,37.52206888888889,-121.01648888888889,17.0
3831,35.105716666666666,-120.31147222222222,325.0
3832,35.105716666666666,-120.31147222222222,325.0
3833,35.105716666666666,-120.31147222222222,325.0
3834,37.890655555555554,-121.69083333333332,33.0
3835,37.890655555555554,-121.69083333333332,33.0
3836,37.890655555555554,-121.69083333333332,33.0
3837,37.890655555555554,-121.69083333333332,33.0
3838,37.890655555555554,-121.69083333333332,33.0
3839,34.69483571428572,-117.4075,824.0
3840,39.279725,-122.2205,32.0
3841,39.279725,-122.2205,32.0
3842,40.5705,-122.48105555555556,341.0
3843,40.5705,-122.48105555555556,341.0
3844,40.5705,-122.48105555555556,341.0
3845,37.88715,-119.9605,1072.0
3846,37.88715,-119.9605,1072.0
3847,36.984325,-120.249,60.0
3848,36.984325,-120.249,60.0
3849,36.984325,-120.249,60.0
3850,33.83766153846154,-118.22846153846154,11.0
3851,37.80916237373737,-122.23196325757576,50.0
3852,37.80916237373737,-122.23196325757576,50.0
3853,37.80916237373737,-122.23196325757576,50.0
3854,38.59900722222223,-122.78250277777778,114.0
3855,38.59900722222223,-122.78250277777778,114.0
3856,37.36269886363637,-122.09585227272729,57.0
3857,37.36269886363637,-122.09585227272729,57.0
3858,37.36269886363637,-122.09585227272729,57.0
3859,39.45948888888889,-120.74841666666669,1067.0
3860,39.45948888888889,-120.74841666666669,1067.0
3861,33.83766153846154,-118.22846153846154,11.0
3862,37.65784285714285,-121.43114285714286,74.0
3863,37.65784285714285,-121.43114285714286,74.0
3864,37.65784285714285,-121.43114285714286,74.0
3865,38.371858333333336,-122.0835119047619,619.0
3866,37.27107142857143,-120.54969047619048,41.0
3867,37.27107142857143,-120.54969047619048,41.0
3868,37.27107142857143,-120.54969047619048,41.0
3869,35.30771875000001,-120.7346875,108.0
3870,38.75743333333333,-120.39577777777777,1473.0
3871,38.75743333333333,-120.39577777777777,1473.0
3872,47.5336,-120.295,216.0
3873,33.83766153846154,-118.22846153846154,11.0
3874,36.9924,-121.51171428571428,48.0
3875,39.84903333333333,-121.40925,760.0
3876,38.834715384615386,-121.32953846153848,36.0
3877,38.78096388888889,-120.92719444444444,433.0
3878,37.417475,-120.06175,488.0
3879,39.7532625,-121.8185,68.0
3880,37.941155555555554,-122.05655555555556,20.0
3881,38.41063333333333,-121.4717777777778,5.0
3882,38.41063333333333,-121.4717777777778,5.0
3883,40.62793333333333,-122.17,233.0
3884,33.83766153846154,-118.22846153846154,11.0
3885,37.72972352941176,-121.95729411764704,242.0
3886,37.35006470588235,-121.8040588235294,55.0
3887,37.35006470588235,-121.8040588235294,55.0
3888,37.35006470588235,-121.8040588235294,55.0
3889,37.43314210526316,-121.92552631578948,1.0
3890,39.07793333333333,-120.04816666666667,1898.0
3891,36.81522,-119.4394,190.0
3892,37.2162125,-121.748875,120.0
3893,37.068133333333336,-119.573,226.0
3894,33.83766153846154,-118.22846153846154,11.0
3895,33.63883571428572,-117.8107261904762,155.0
3896,33.63883571428572,-117.8107261904762,155.0
3897,33.63883571428572,-117.8107261904762,155.0
3898,33.63883571428572,-117.8107261904762,155.0
3899,33.63883571428572,-117.8107261904762,155.0
3900,33.63883571428572,-117.8107261904762,155.0
3901,37.55258888888889,-118.55766666666666,2062.0
3902,47.5336,-120.295,216.0
3903,37.55258888888889,-118.55766666666666,2062.0
3904,34.2953,-114.14,139.0
3905,34.2953,-114.14,139.0
3906,34.2953,-114.14,139.0
3907,34.2953,-114.14,139.0
3908,35.69915,-117.51675,702.0
3909,35.69915,-117.51675,702.0
3910,35.69915,-117.51675,702.0
3911,32.78005625,-115.5743125,-8.0
3912,32.78005625,-115.5743125,-8.0
3913,47.5336,-120.295,216.0
3914,32.78005625,-115.5743125,-8.0
3915,32.78005625,-115.5743125,-8.0
3916,33.56496666666667,-116.967,644.0
3917,33.56496666666667,-116.967,644.0
3918,33.56496666666667,-116.967,644.0
3919,34.9721,-114.698,249.0
3920,34.9721,-114.698,249.0
3921,33.98544696969697,-118.34685606060606,67.0
3922,33.98544696969697,-118.34685606060606,67.0
3923,33.98544696969697,-118.34685606060606,67.0
3924,47.5336,-120.295,216.0
3925,33.98544696969697,-118.34685606060606,67.0
3926,33.98544696969697,-118.34685606060606,67.0
3927,33.98544696969697,-118.34685606060606,67.0
3928,34.221134166666666,-118.41709166666664,249.0
3929,34.221134166666666,-118.41709166666664,249.0
3930,34.221134166666666,-118.41709166666664,249.0
3931,34.221134166666666,-118.41709166666664,249.0
3932,34.221134166666666,-118.41709166666664,249.0
3933,34.221134166666666,-118.41709166666664,249.0
3934,34.221134166666666,-118.41709166666664,249.0
3935,47.52126666666666,-122.706,68.0
3936,34.221134166666666,-118.41709166666664,249.0
3937,34.08954250000001,-117.261325,318.0
3938,34.08954250000001,-117.261325,318.0
3939,34.08954250000001,-117.261325,318.0
3940,34.08954250000001,-117.261325,318.0
3941,34.08954250000001,-117.261325,318.0
3942,34.08954250000001,-117.261325,318.0
3943,34.08954250000001,-117.261325,318.0
3944,34.08954250000001,-117.261325,318.0
3945,34.8846,-118.9185,1136.0
3946,47.52126666666666,-122.706,68.0
3947,34.8846,-118.9185,1136.0
3948,34.8846,-118.9185,1136.0
3949,34.8846,-118.9185,1136.0
3950,34.8846,-118.9185,1136.0
3951,34.8846,-118.9185,1136.0
3952,34.8846,-118.9185,1136.0
3953,33.78631818181818,-118.10099999999998,7.0
3954,33.78631818181818,-118.10099999999998,7.0
3955,33.78631818181818,-118.10099999999998,7.0
3956,33.78631818181818,-118.10099999999998,7.0
3957,47.52126666666666,-122.706,68.0
3958,33.78631818181818,-118.10099999999998,7.0
3959,35.28553333333333,-118.20266666666669,1219.0
3960,34.7226,-117.8485,815.0
3961,34.7226,-117.8485,815.0
3962,34.7226,-117.8485,815.0
3963,34.7226,-117.8485,815.0
3964,34.20252714285714,-118.70469107142856,384.0
3965,34.20252714285714,-118.70469107142856,384.0
3966,34.20252714285714,-118.70469107142856,384.0
3967,34.20252714285714,-118.70469107142856,384.0
3968,47.52126666666666,-122.706,68.0
3969,34.20252714285714,-118.70469107142856,384.0
3970,34.20252714285714,-118.70469107142856,384.0
3971,33.95435404411765,-118.24329411764704,41.0
3972,33.95435404411765,-118.24329411764704,41.0
3973,33.95435404411765,-118.24329411764704,41.0
3974,33.95435404411765,-118.24329411764704,41.0
3975,33.95435404411765,-118.24329411764704,41.0
3976,33.95435404411765,-118.24329411764704,41.0
3977,35.556666666666665,-115.46833333333332,915.0
3978,35.556666666666665,-115.46833333333332,915.0
3979,47.346175,-120.6255,1203.0
3980,47.52126666666666,-122.706,68.0
3981,35.556666666666665,-115.46833333333332,915.0
3982,35.556666666666665,-115.46833333333332,915.0
3983,35.556666666666665,-115.46833333333332,915.0
3984,33.49795,-116.04075,-71.0
3985,33.49795,-116.04075,-71.0
3986,33.15560833333333,-115.54341666666666,-61.0
3987,33.15560833333333,-115.54341666666666,-61.0
3988,33.15560833333333,-115.54341666666666,-61.0
3989,33.15560833333333,-115.54341666666666,-61.0
3990,34.094092857142854,-117.64504761904762,373.0
3991,47.25564222222223,-122.0674,179.0
3992,34.094092857142854,-117.64504761904762,373.0
3993,34.094092857142854,-117.64504761904762,373.0
3994,34.094092857142854,-117.64504761904762,373.0
3995,36.004016666666665,-119.39533333333334,69.0
3996,36.004016666666665,-119.39533333333334,69.0
3997,36.004016666666665,-119.39533333333334,69.0
3998,36.004016666666665,-119.39533333333334,69.0
3999,32.837783333333334,-115.2275,20.0
4000,32.837783333333334,-115.2275,20.0
4001,33.8231,-115.394,214.0
4002,47.25564222222223,-122.0674,179.0
4003,33.8231,-115.394,214.0
4004,33.8231,-115.394,214.0
4005,33.8231,-115.394,214.0
4006,33.8231,-115.394,214.0
4007,33.8231,-115.394,214.0
4008,33.8231,-115.394,214.0
4009,33.67202738095238,-117.97192857142856,6.0
4010,33.67202738095238,-117.97192857142856,6.0
4011,33.67202738095238,-117.97192857142856,6.0
4012,34.32044222222222,-118.2542126984127,762.0
4013,47.25564222222223,-122.0674,179.0
4014,34.32044222222222,-118.2542126984127,762.0
4015,34.32044222222222,-118.2542126984127,762.0
4016,34.32044222222222,-118.2542126984127,762.0
4017,34.32044222222222,-118.2542126984127,762.0
4018,34.32044222222222,-118.2542126984127,762.0
4019,34.32044222222222,-118.2542126984127,762.0
4020,35.63568333333333,-119.3255,98.0
4021,35.63568333333333,-119.3255,98.0
4022,35.70795,-118.463,856.0
4023,35.70795,-118.463,856.0
4024,47.25564222222223,-122.0674,179.0
4025,34.395700000000005,-119.43025,253.0
4026,34.395700000000005,-119.43025,253.0
4027,34.395700000000005,-119.43025,253.0
4028,35.024966666666664,-117.33933333333331,628.0
4029,35.024966666666664,-117.33933333333331,628.0
4030,34.04449407407407,-117.97894814814816,94.0
4031,34.04449407407407,-117.97894814814816,94.0
4032,34.04449407407407,-117.97894814814816,94.0
4033,34.04449407407407,-117.97894814814816,94.0
4034,34.04449407407407,-117.97894814814816,94.0
4035,47.25564222222223,-122.0674,179.0
4036,34.04449407407407,-117.97894814814816,94.0
4037,34.04449407407407,-117.97894814814816,94.0
4038,34.04449407407407,-117.97894814814816,94.0
4039,34.04449407407407,-117.97894814814816,94.0
4040,33.91032878787879,-118.41207386363637,32.0
4041,33.91032878787879,-118.41207386363637,32.0
4042,33.91032878787879,-118.41207386363637,32.0
4043,34.206050000000005,-116.22583333333334,788.0
4044,34.206050000000005,-116.22583333333334,788.0
4045,34.206050000000005,-116.22583333333334,788.0
4046,47.8317,-120.899,689.0
4047,34.642833333333336,-118.29405555555554,1071.0
4048,34.642833333333336,-118.29405555555554,1071.0
4049,34.642833333333336,-118.29405555555554,1071.0
4050,34.642833333333336,-118.29405555555554,1071.0
4051,33.64597738095238,-117.5699761904762,402.0
4052,33.64597738095238,-117.5699761904762,402.0
4053,33.64597738095238,-117.5699761904762,402.0
4054,33.64597738095238,-117.5699761904762,402.0
4055,33.64597738095238,-117.5699761904762,402.0
4056,33.64597738095238,-117.5699761904762,402.0
4057,47.28118,-122.7336,0.0
4058,36.461525,-119.44525000000002,91.0
4059,36.461525,-119.44525000000002,91.0
4060,33.77231666666667,-117.88025,41.0
4061,33.77231666666667,-117.88025,41.0
4062,33.77231666666667,-117.88025,41.0
4063,34.11850909090909,-118.06636363636365,144.0
4064,34.11850909090909,-118.06636363636365,144.0
4065,34.11850909090909,-118.06636363636365,144.0
4066,34.11850909090909,-118.06636363636365,144.0
4067,33.90512589285714,-117.34332142857144,461.0
4068,47.28118,-122.7336,0.0
4069,33.90512589285714,-117.34332142857144,461.0
4070,33.90512589285714,-117.34332142857144,461.0
4071,34.6052,-116.882,1106.0
4072,34.6052,-116.882,1106.0
4073,34.6052,-116.882,1106.0
4074,35.92795555555555,-118.97883333333334,192.0
4075,35.92795555555555,-118.97883333333334,192.0
4076,35.92795555555555,-118.97883333333334,192.0
4077,34.640425,-118.72875,891.0
4078,34.640425,-118.72875,891.0
4079,47.28118,-122.7336,0.0
4080,34.640425,-118.72875,891.0
4081,34.640425,-118.72875,891.0
4082,34.640425,-118.72875,891.0
4083,34.197579999999995,-117.86135,346.0
4084,34.197579999999995,-117.86135,346.0
4085,34.197579999999995,-117.86135,346.0
4086,34.197579999999995,-117.86135,346.0
4087,35.30755,-119.627,320.0
4088,35.30755,-119.627,320.0
4089,35.30755,-119.627,320.0
4090,47.346175,-120.6255,1203.0
4091,47.71317523809524,-122.12783928571427,18.0
4092,35.30755,-119.627,320.0
4093,32.7366,-114.714,37.0
4094,34.32068928571429,-117.253,1202.0
4095,34.32068928571429,-117.253,1202.0
4096,34.32068928571429,-117.253,1202.0
4097,35.2911,-119.3695,153.0
4098,35.2911,-119.3695,153.0
4099,33.57599166666667,-117.32704166666667,651.0
4100,33.57599166666667,-117.32704166666667,651.0
4101,34.19495,-117.34625,525.0
4102,47.71317523809524,-122.12783928571427,18.0
4103,34.154583333333335,-118.54566666666666,297.0
4104,34.154583333333335,-118.54566666666666,297.0
4105,34.06618358585859,-118.21988383838384,93.0
4106,34.06618358585859,-118.21988383838384,93.0
4107,34.06618358585859,-118.21988383838384,93.0
4108,33.94409928571429,-117.51580476190476,432.0
4109,33.94409928571429,-117.51580476190476,432.0
4110,33.89461071428571,-116.62232142857142,305.0
4111,33.89461071428571,-116.62232142857142,305.0
4112,33.89461071428571,-116.62232142857142,305.0
4113,47.71317523809524,-122.12783928571427,18.0
4114,33.89461071428571,-116.62232142857142,305.0
4115,34.220054999999995,-118.96011666666668,242.0
4116,34.220054999999995,-118.96011666666668,242.0
4117,34.44507619047619,-118.54300476190475,416.0
4118,33.71875333333333,-116.2599777777778,4.0
4119,33.9528237037037,-117.72196666666667,310.0
4120,33.9528237037037,-117.72196666666667,310.0
4121,33.9528237037037,-117.72196666666667,310.0
4122,35.0509,-116.75275,520.0
4123,35.0509,-116.75275,520.0
4124,47.71317523809524,-122.12783928571427,18.0
4125,35.0509,-116.75275,520.0
4126,36.01943333333333,-117.793,1210.0
4127,34.18095574074074,-117.51577407407406,790.0
4128,34.145671666666665,-118.316425,206.0
4129,34.145671666666665,-118.316425,206.0
4130,34.145671666666665,-118.316425,206.0
4131,34.145671666666665,-118.316425,206.0
4132,33.78603243386244,-118.27261746031746,16.0
4133,35.14304,-118.93595,107.0
4134,35.17351111111111,-119.54055555555556,420.0
4135,47.71317523809524,-122.12783928571427,18.0
4136,35.17351111111111,-119.54055555555556,420.0
4137,35.17351111111111,-119.54055555555556,420.0
4138,35.17351111111111,-119.54055555555556,420.0
4139,33.90327272727273,-118.0179090909091,40.0
4140,33.90327272727273,-118.0179090909091,40.0
4141,33.90327272727273,-118.0179090909091,40.0
4142,32.7528,-116.045,195.0
4143,32.7528,-116.045,195.0
4144,34.858959523809524,-118.40309523809525,823.0
4145,33.760442857142856,-116.95828571428572,488.0
4146,47.71317523809524,-122.12783928571427,18.0
4147,35.040175,-117.65608333333331,775.0
4148,34.26754333333333,-119.1951888888889,78.0
4149,36.254329166666665,-119.27254166666668,101.0
4150,36.254329166666665,-119.27254166666668,101.0
4151,33.8824,-117.1585,513.0
4152,33.944525,-118.12929166666666,41.0
4153,33.79090227272727,-117.99183712121211,22.0
4154,33.665,-114.998,117.0
4155,35.082531851851854,-118.35251851851852,1551.0
4156,33.81554545454546,-117.78990909090908,119.0
4157,47.4248,-120.327,234.0
4158,33.533585714285714,-117.71128571428572,124.0
4159,33.68425,-114.6545,125.0
4160,33.68425,-114.6545,125.0
4161,33.68425,-114.6545,125.0
4162,35.45885,-119.722,182.0
4163,33.6071125,-117.138625,403.0
4164,33.6071125,-117.138625,403.0
4165,32.58456666666667,-116.93083333333334,181.0
4166,32.58456666666667,-116.93083333333334,181.0
4167,32.58456666666667,-116.93083333333334,181.0
4168,47.4248,-120.327,234.0
4169,32.58456666666667,-116.93083333333334,181.0
4170,33.133650793650794,-117.06657936507936,208.0
4171,33.133650793650794,-117.06657936507936,208.0
4172,33.133650793650794,-117.06657936507936,208.0
4173,33.133650793650794,-117.06657936507936,208.0
4174,33.133650793650794,-117.06657936507936,208.0
4175,33.133650793650794,-117.06657936507936,208.0
4176,33.133650793650794,-117.06657936507936,208.0
4177,32.814573333333335,-117.0862,62.0
4178,32.814573333333335,-117.0862,62.0
4179,48.0169,-120.332,331.0
4180,32.814573333333335,-117.0862,62.0
4181,32.814573333333335,-117.0862,62.0
4182,32.814573333333335,-117.0862,62.0
4183,33.343025,-117.31066666666666,85.0
4184,33.343025,-117.31066666666666,85.0
4185,33.343025,-117.31066666666666,85.0
4186,32.73936071428572,-117.24385714285714,69.0
4187,32.73936071428572,-117.24385714285714,69.0
4188,32.998059999999995,-116.9652,528.0
4189,32.998059999999995,-116.9652,528.0
4190,48.0169,-120.332,331.0
4191,32.998059999999995,-116.9652,528.0
4192,32.75492,-116.953325,228.0
4193,32.75492,-116.953325,228.0
4194,32.75492,-116.953325,228.0
4195,33.01938333333333,-117.13816666666666,159.0
4196,32.887026250000005,-117.19955,60.0
4197,33.09868055555555,-117.28248611111113,38.0
4198,33.09868055555555,-117.28248611111113,38.0
4199,32.858266666666665,-116.8375,329.0
4200,32.68615277777778,-117.13458333333332,0.0
4201,47.346175,-120.6255,1203.0
4202,47.85147142857144,-122.26404761904764,118.0
4203,38.87078,-119.1314,1369.0
4204,38.87078,-119.1314,1369.0
4205,41.07707222222222,-115.64938888888888,1800.0
4206,41.07707222222222,-115.64938888888888,1800.0
4207,41.07707222222222,-115.64938888888888,1800.0
4208,41.07707222222222,-115.64938888888888,1800.0
4209,41.07707222222222,-115.64938888888888,1800.0
4210,41.07707222222222,-115.64938888888888,1800.0
4211,39.32898832417583,-119.77809615384616,1607.0
4212,39.32898832417583,-119.77809615384616,1607.0
4213,47.85147142857144,-122.26404761904764,118.0
4214,39.32898832417583,-119.77809615384616,1607.0
4215,39.32898832417583,-119.77809615384616,1607.0
4216,39.32898832417583,-119.77809615384616,1607.0
4217,36.40472,-116.2266,1030.0
4218,36.40472,-116.2266,1030.0
4219,36.40472,-116.2266,1030.0
4220,36.40472,-116.2266,1030.0
4221,40.3573,-117.26438888888887,1520.0
4222,40.3573,-117.26438888888887,1520.0
4223,39.66997833333333,-118.8109,1195.0
4224,47.85147142857144,-122.26404761904764,118.0
4225,39.66997833333333,-118.8109,1195.0
4226,38.4626,-114.648625,1832.0
4227,38.4626,-114.648625,1832.0
4228,38.4626,-114.648625,1832.0
4229,38.4626,-114.648625,1832.0
4230,36.5242,-114.8985,718.0
4231,36.5242,-114.8985,718.0
4232,36.5242,-114.8985,718.0
4233,35.9845,-115.01683333333334,912.0
4234,35.9845,-115.01683333333334,912.0
4235,47.85147142857144,-122.26404761904764,118.0
4236,35.9845,-115.01683333333334,912.0
4237,35.9845,-115.01683333333334,912.0
4238,35.9845,-115.01683333333334,912.0
4239,35.9845,-115.01683333333334,912.0
4240,36.09312944444445,-115.08156666666667,564.0
4241,36.09312944444445,-115.08156666666667,564.0
4242,36.09312944444445,-115.08156666666667,564.0
4243,36.09312944444445,-115.08156666666667,564.0
4244,36.09312944444445,-115.08156666666667,564.0
4245,36.09312944444445,-115.08156666666667,564.0
4246,47.85147142857144,-122.26404761904764,118.0
4247,36.09312944444445,-115.08156666666667,564.0
4248,36.09312944444445,-115.08156666666667,564.0
4249,36.382275,-114.94275,726.0
4250,36.382275,-114.94275,726.0
4251,36.382275,-114.94275,726.0
4252,36.09328125,-115.19689583333331,682.0
4253,36.09328125,-115.19689583333331,682.0
4254,36.09328125,-115.19689583333331,682.0
4255,36.09328125,-115.19689583333331,682.0
4256,35.33195,-114.778,932.0
4257,47.39319505494506,-122.31203846153846,41.0
4258,35.33195,-114.778,932.0
4259,36.3324,-115.46975,1348.0
4260,36.3324,-115.46975,1348.0
4261,36.14888333333333,-114.93508333333332,743.0
4262,36.14888333333333,-114.93508333333332,743.0
4263,36.14888333333333,-114.93508333333332,743.0
4264,36.21466666666667,-115.307,813.0
4265,36.21466666666667,-115.307,813.0
4266,36.21466666666667,-115.307,813.0
4267,36.21466666666667,-115.307,813.0
4268,47.39319505494506,-122.31203846153846,41.0
4269,36.339475,-115.17425,785.0
4270,36.339475,-115.17425,785.0
4271,36.23324333333333,-115.2211,689.0
4272,36.23324333333333,-115.2211,689.0
4273,35.703500000000005,-115.353,806.0
4274,35.703500000000005,-115.353,806.0
4275,35.78892,-114.985,556.0
4276,36.0155,-114.738,371.0
4277,36.0155,-114.738,371.0
4278,36.0155,-114.738,371.0
4279,47.39319505494506,-122.31203846153846,41.0
4280,36.8253,-114.12,539.0
4281,36.8253,-114.12,539.0
4282,36.0879325,-115.32525,844.0
4283,46.65818333333333,-116.91283333333332,872.0
4284,46.65818333333333,-116.91283333333332,872.0
4285,46.65818333333333,-116.91283333333332,872.0
4286,48.4928,-116.297,1375.0
4287,48.4928,-116.297,1375.0
4288,48.4928,-116.297,1375.0
4289,48.4928,-116.297,1375.0
4290,48.5984,-121.716,152.0
4291,47.91335,-116.81820833333332,747.0
4292,47.91335,-116.81820833333332,747.0
4293,47.91335,-116.81820833333332,747.0
4294,47.91335,-116.81820833333332,747.0
4295,43.63786892857143,-116.27083888888887,818.0
4296,43.63786892857143,-116.27083888888887,818.0
4297,43.63786892857143,-116.27083888888887,818.0
4298,43.63786892857143,-116.27083888888887,818.0
4299,43.63786892857143,-116.27083888888887,818.0
4300,44.888975,-117.2855,1183.0
4301,48.5984,-121.716,152.0
4302,44.888975,-117.2855,1183.0
4303,44.888975,-117.2855,1183.0
4304,44.888975,-117.2855,1183.0
4305,44.888975,-117.2855,1183.0
4306,47.5428,-116.055,929.0
4307,44.81756666666666,-115.797,2259.0
4308,42.94629166666667,-113.56069166666668,1344.0
4309,42.94629166666667,-113.56069166666668,1344.0
4310,42.94629166666667,-113.56069166666668,1344.0
4311,42.94629166666667,-113.56069166666668,1344.0
4312,47.346175,-120.6255,1203.0
4313,48.5984,-121.716,152.0
4314,42.94629166666667,-113.56069166666668,1344.0
4315,46.13947777777778,-115.78766666666668,671.0
4316,46.13947777777778,-115.78766666666668,671.0
4317,42.841425,-114.7114,1075.0
4318,42.841425,-114.7114,1075.0
4319,44.1074625,-116.936125,650.0
4320,44.1074625,-116.936125,650.0
4321,43.12804333333333,-115.6854,955.0
4322,43.12804333333333,-115.6854,955.0
4323,44.85345,-114.0725,2051.0
4324,46.986898,-122.92721,62.0
4325,44.85345,-114.0725,2051.0
4326,43.57362,-116.7042,768.0
4327,42.550977777777774,-114.36502777777775,1188.0
4328,43.59465692307692,-111.62516666666666,1572.0
4329,43.59465692307692,-111.62516666666666,1572.0
4330,43.59465692307692,-111.62516666666666,1572.0
4331,42.37235714285714,-111.66357142857144,1846.0
4332,42.37235714285714,-111.66357142857144,1846.0
4333,42.37235714285714,-111.66357142857144,1846.0
4334,42.85887976190476,-112.56182142857142,1475.0
4335,46.986898,-122.92721,62.0
4336,47.22078544871795,-114.17356346153844,889.0
4337,47.22078544871795,-114.17356346153844,889.0
4338,46.9769828125,-110.5825,2531.0
4339,46.9769828125,-110.5825,2531.0
4340,46.9769828125,-110.5825,2531.0
4341,46.113,-119.111,379.0
4342,46.113,-119.111,379.0
4343,46.113,-119.111,379.0
4344,46.113,-119.111,379.0
4345,46.113,-119.111,379.0
4346,46.986898,-122.92721,62.0
4347,46.113,-119.111,379.0
4348,46.113,-119.111,379.0
4349,45.826101944444446,-122.439675,453.0
4350,45.826101944444446,-122.439675,453.0
4351,45.826101944444446,-122.439675,453.0
4352,45.826101944444446,-122.439675,453.0
4353,45.826101944444446,-122.439675,453.0
4354,45.826101944444446,-122.439675,453.0
4355,45.826101944444446,-122.439675,453.0
4356,45.826101944444446,-122.439675,453.0
4357,46.986898,-122.92721,62.0
4358,45.826101944444446,-122.439675,453.0
4359,46.518365,-117.23590000000002,349.0
4360,46.518365,-117.23590000000002,349.0
4361,46.518365,-117.23590000000002,349.0
4362,46.28091666666667,-119.64766666666668,307.0
4363,46.28091666666667,-119.64766666666668,307.0
4364,46.28091666666667,-119.64766666666668,307.0
4365,46.28091666666667,-119.64766666666668,307.0
4366,46.28091666666667,-119.64766666666668,307.0
4367,46.28091666666667,-119.64766666666668,307.0
4368,46.82636666666667,-122.36033333333334,421.0
4369,48.023025,-123.11575,622.0
4370,48.023025,-123.11575,622.0
4371,47.97983333333334,-124.17466666666668,499.0
4372,46.56902916666667,-122.61433333333332,195.0
4373,46.56902916666667,-122.61433333333332,195.0
4374,46.56902916666667,-122.61433333333332,195.0
4375,45.690175,-121.243,385.0
4376,45.690175,-121.243,385.0
4377,45.690175,-121.243,385.0
4378,45.690175,-121.243,385.0
4379,46.82636666666667,-122.36033333333334,421.0
4380,45.690175,-121.243,385.0
4381,46.27945,-118.12066666666666,402.0
4382,46.27945,-118.12066666666666,402.0
4383,46.27945,-118.12066666666666,402.0
4384,46.53368333333333,-120.72215079365078,474.0
4385,46.53368333333333,-120.72215079365078,474.0
4386,46.772416666666665,-123.77722222222224,176.0
4387,46.772416666666665,-123.77722222222224,176.0
4388,46.772416666666665,-123.77722222222224,176.0
4389,46.772416666666665,-123.77722222222224,176.0
4390,46.82636666666667,-122.36033333333334,421.0
4391,46.16117142857143,-122.97814285714286,1.0
4392,46.16117142857143,-122.97814285714286,1.0
4393,45.83123452380952,-120.4952142857143,300.0
4394,45.83123452380952,-120.4952142857143,300.0
4395,45.83123452380952,-120.4952142857143,300.0
4396,45.83123452380952,-120.4952142857143,300.0
4397,45.83123452380952,-120.4952142857143,300.0
4398,46.035314285714286,-108.35314285714288,994.0
4399,46.035314285714286,-108.35314285714288,994.0
4400,46.035314285714286,-108.35314285714288,994.0
4401,48.93218333333333,-122.27283333333332,70.0
4402,42.14435916666667,-109.88279166666666,2110.0
4403,42.14435916666667,-109.88279166666666,2110.0
4404,42.14435916666667,-109.88279166666666,2110.0
4405,42.14435916666667,-109.88279166666666,2110.0
4406,42.14435916666667,-109.88279166666666,2110.0
4407,44.051988888888886,-108.45988888888888,1518.0
4408,44.63035,-106.91325,1428.0
4409,44.17854166666667,-104.29951666666668,1672.0
4410,44.17854166666667,-104.29951666666668,1672.0
4411,42.92998,-105.9657,1610.0
4412,48.93218333333333,-122.27283333333332,70.0
4413,42.92998,-105.9657,1610.0
4414,42.33184166666666,-104.58075,1419.0
4415,42.33184166666666,-104.58075,1419.0
4416,42.03519166666667,-106.628,2060.0
4417,42.03519166666667,-106.628,2060.0
4418,41.195125,-104.82525,1889.0
4419,41.195125,-104.82525,1889.0
4420,41.195125,-104.82525,1889.0
4421,41.195125,-104.82525,1889.0
4422,41.195125,-104.82525,1889.0
4423,47.6491788671024,-122.35196732026144,5.0
4424,47.55020833333333,-121.75183333333334,303.0
4425,40.33684821428571,-111.83942857142856,1368.0
4426,40.33684821428571,-111.83942857142856,1368.0
4427,40.33684821428571,-111.83942857142856,1368.0
4428,40.33684821428571,-111.83942857142856,1368.0
4429,40.33684821428571,-111.83942857142856,1368.0
4430,37.4809125,-113.03220833333332,2713.0
4431,37.4809125,-113.03220833333332,2713.0
4432,37.4809125,-113.03220833333332,2713.0
4433,37.4809125,-113.03220833333332,2713.0
4434,37.4809125,-113.03220833333332,2713.0
4435,47.55020833333333,-121.75183333333334,303.0
4436,40.6578,-112.725,1297.0
4437,40.6578,-112.725,1297.0
4438,40.6578,-112.725,1297.0
4439,40.7514873015873,-111.86480555555556,1320.0
4440,40.7514873015873,-111.86480555555556,1320.0
4441,40.7514873015873,-111.86480555555556,1320.0
4442,40.7514873015873,-111.86480555555556,1320.0
4443,40.7514873015873,-111.86480555555556,1320.0
4444,39.5887625,-110.6315,1761.0
4445,39.5887625,-110.6315,1761.0
4446,47.180028571428565,-122.56060714285717,71.0
4447,39.5887625,-110.6315,1761.0
4448,39.5887625,-110.6315,1761.0
4449,39.5887625,-110.6315,1761.0
4450,38.35637499999999,-112.64825,1872.0
4451,38.35637499999999,-112.64825,1872.0
4452,38.35637499999999,-112.64825,1872.0
4453,38.35637499999999,-112.64825,1872.0
4454,37.393325,-111.986,1894.0
4455,40.0737,-111.7912857142857,1381.0
4456,40.0737,-111.7912857142857,1381.0
4457,47.180028571428565,-122.56060714285717,71.0
4458,40.0737,-111.7912857142857,1381.0
4459,40.0737,-111.7912857142857,1381.0
4460,40.59531861111111,-111.73551944444444,2827.0
4461,40.59531861111111,-111.73551944444444,2827.0
4462,40.59531861111111,-111.73551944444444,2827.0
4463,40.59531861111111,-111.73551944444444,2827.0
4464,39.3894,-111.09866666666666,2035.0
4465,39.3894,-111.09866666666666,2035.0
4466,39.3894,-111.09866666666666,2035.0
4467,40.589375,-112.18665,2137.0
4468,47.180028571428565,-122.56060714285717,71.0
4469,40.589375,-112.18665,2137.0
4470,37.1737,-110.336,1431.0
4471,37.1737,-110.336,1431.0
4472,39.17756666666667,-111.08133333333336,1795.0
4473,40.94468571428571,-111.89514285714289,1285.0
4474,40.94468571428571,-111.89514285714289,1285.0
4475,38.8511,-109.822,1401.0
4476,39.3201375,-111.67775,1666.0
4477,39.3201375,-111.67775,1666.0
4478,40.09935,-111.54508333333334,2304.0
4479,48.4708,-122.56,30.0
4480,40.09935,-111.54508333333334,2304.0
4481,39.26343333333334,-112.50083333333332,1402.0
4482,41.28620925925926,-112.22172222222224,1284.0
4483,37.35405,-109.407,1545.0
4484,37.35405,-109.407,1545.0
4485,37.35405,-109.407,1545.0
4486,41.67010625,-111.97226388888888,1465.0
4487,37.38776875,-113.7224375,1360.0
4488,37.38776875,-113.7224375,1360.0
4489,35.494712500000006,-114.166,1674.0
4490,48.4708,-122.56,30.0
4491,35.494712500000006,-114.166,1674.0
4492,35.494712500000006,-114.166,1674.0
4493,35.494712500000006,-114.166,1674.0
4494,35.03887916666667,-114.54754166666666,283.0
4495,35.03887916666667,-114.54754166666666,283.0
4496,35.03887916666667,-114.54754166666666,283.0
4497,35.0716875,-113.901375,2291.0
4498,34.51153333333333,-114.21266666666664,827.0
4499,33.20515,-113.2575,364.0
4500,33.20515,-113.2575,364.0
4501,46.9021,-120.468,760.0
4502,33.20515,-113.2575,364.0
4503,33.20515,-113.2575,364.0
4504,33.20515,-113.2575,364.0
4505,33.43114805194805,-111.5929935064935,502.0
4506,33.43114805194805,-111.5929935064935,502.0
4507,33.43114805194805,-111.5929935064935,502.0
4508,33.43114805194805,-111.5929935064935,502.0
4509,34.7083375,-111.81825,1121.0
4510,34.7083375,-111.81825,1121.0
4511,34.7083375,-111.81825,1121.0
4512,46.9021,-120.468,760.0
4513,34.7083375,-111.81825,1121.0
4514,34.7083375,-111.81825,1121.0
4515,33.4705,-112.78833333333334,336.0
4516,33.4705,-112.78833333333334,336.0
4517,33.4705,-112.78833333333334,336.0
4518,33.4705,-112.78833333333334,336.0
4519,33.4705,-112.78833333333334,336.0
4520,33.4705,-112.78833333333334,336.0
4521,33.4705,-112.78833333333334,336.0
4522,34.96429555555556,-110.12708888888888,1612.0
4523,46.9021,-120.468,760.0
4524,34.96429555555556,-110.12708888888888,1612.0
4525,34.96429555555556,-110.12708888888888,1612.0
4526,34.96429555555556,-110.12708888888888,1612.0
4527,34.96429555555556,-110.12708888888888,1612.0
4528,32.1194,-109.95875,1366.0
4529,32.1194,-109.95875,1366.0
4530,32.1194,-109.95875,1366.0
4531,32.1194,-109.95875,1366.0
4532,33.36900416666667,-111.92590833333334,358.0
4533,33.36900416666667,-111.92590833333334,358.0
4534,47.6491788671024,-122.35196732026144,5.0
4535,47.2362225,-122.392175,-3.0
4536,33.36900416666667,-111.92590833333334,358.0
4537,33.36900416666667,-111.92590833333334,358.0
4538,35.3185,-111.531,2039.0
4539,35.3185,-111.531,2039.0
4540,35.3185,-111.531,2039.0
4541,34.638375,-112.99275,1378.0
4542,34.638375,-112.99275,1378.0
4543,33.099325,-110.09575,836.0
4544,33.099325,-110.09575,836.0
4545,33.095733333333335,-109.2785,1345.0
4546,47.2362225,-122.392175,-3.0
4547,33.095733333333335,-109.2785,1345.0
4548,33.095733333333335,-109.2785,1345.0
4549,33.095733333333335,-109.2785,1345.0
4550,36.012125,-111.18725,1687.0
4551,36.012125,-111.18725,1687.0
4552,36.012125,-111.18725,1687.0
4553,36.83546666666667,-111.2925,1588.0
4554,36.83546666666667,-111.2925,1588.0
4555,33.61565833333333,-111.86116666666666,460.0
4556,33.61565833333333,-111.86116666666666,460.0
4557,48.44905,-122.07425,1089.0
4558,33.61565833333333,-111.86116666666666,460.0
4559,33.61565833333333,-111.86116666666666,460.0
4560,33.818275,-114.2015,274.0
4561,33.818275,-114.2015,274.0
4562,33.472029166666665,-112.02483333333332,347.0
4563,33.472029166666665,-112.02483333333332,347.0
4564,33.472029166666665,-112.02483333333332,347.0
4565,33.472029166666665,-112.02483333333332,347.0
4566,34.5138625,-112.364375,1886.0
4567,34.5138625,-112.364375,1886.0
4568,48.42602,-122.4174,2.0
4569,33.33551666666667,-112.86616666666669,262.0
4570,33.33551666666667,-112.86616666666669,262.0
4571,33.33551666666667,-112.86616666666669,262.0
4572,36.559075,-110.439,2060.0
4573,36.559075,-110.439,2060.0
4574,32.616366666666664,-110.75683333333332,1366.0
4575,32.616366666666664,-110.75683333333332,1366.0
4576,32.616366666666664,-110.75683333333332,1366.0
4577,34.106725,-111.45275,1818.0
4578,34.106725,-111.45275,1818.0
4579,48.42602,-122.4174,2.0
4580,32.873999999999995,-114.08025,235.0
4581,33.697,-111.209,745.0
4582,31.627884444444447,-110.19521111111112,1233.0
4583,31.627884444444447,-110.19521111111112,1233.0
4584,31.627884444444447,-110.19521111111112,1233.0
4585,31.627884444444447,-110.19521111111112,1233.0
4586,33.40338823529412,-112.1779411764706,300.0
4587,33.40338823529412,-112.1779411764706,300.0
4588,33.40338823529412,-112.1779411764706,300.0
4589,33.40338823529412,-112.1779411764706,300.0
4590,48.42602,-122.4174,2.0
4591,33.80094285714286,-112.04408333333332,546.0
4592,33.80094285714286,-112.04408333333332,546.0
4593,33.26503380952381,-111.7466261904762,391.0
4594,33.26503380952381,-111.7466261904762,391.0
4595,33.26503380952381,-111.7466261904762,391.0
4596,33.099666666666664,-111.33336666666668,499.0
4597,32.918175,-111.76525,413.0
4598,31.41895,-109.422,1403.0
4599,35.889275,-110.34125,1902.0
4600,35.889275,-110.34125,1902.0
4601,48.42602,-122.4174,2.0
4602,33.35575416666667,-112.41560416666668,324.0
4603,33.35575416666667,-112.41560416666668,324.0
4604,33.35575416666667,-112.41560416666668,324.0
4605,33.6530525974026,-112.3247012987013,365.0
4606,32.5517,-111.3,580.0
4607,32.5517,-111.3,580.0
4608,32.5517,-111.3,580.0
4609,33.28768333333333,-110.75066666666667,1290.0
4610,34.084911111111104,-110.117,2040.0
4611,32.969,-112.80591666666666,206.0
4612,48.42602,-122.4174,2.0
4613,32.969,-112.80591666666666,206.0
4614,32.78403333333333,-111.56283333333332,462.0
4615,35.38377333333333,-109.40651904761904,2011.0
4616,35.38377333333333,-109.40651904761904,2011.0
4617,35.38377333333333,-109.40651904761904,2011.0
4618,35.38377333333333,-109.40651904761904,2011.0
4619,48.36785,-119.128375,1377.0
4620,48.36785,-119.128375,1377.0
4621,48.36785,-119.128375,1377.0
4622,48.36785,-119.128375,1377.0
4623,47.2989,-120.221,846.0
4624,47.77183185714286,-117.54721,486.0
4625,47.77183185714286,-117.54721,486.0
4626,46.596825,-119.0855,242.0
4627,46.596825,-119.0855,242.0
4628,32.3878,-111.03289583333334,770.0
4629,32.3878,-111.03289583333334,770.0
4630,32.3878,-111.03289583333334,770.0
4631,32.20207196969697,-110.9222803030303,766.0
4632,32.20207196969697,-110.9222803030303,766.0
4633,32.20207196969697,-110.9222803030303,766.0
4634,47.8713,-120.027,631.0
4635,32.20207196969697,-110.9222803030303,766.0
4636,31.4595,-110.8605,1230.0
4637,32.08925,-112.3165,603.0
4638,31.83627222222222,-110.96383333333334,917.0
4639,31.83627222222222,-110.96383333333334,917.0
4640,32.12414,-111.049,857.0
4641,32.12414,-111.049,857.0
4642,32.2936375,-110.831875,800.0
4643,35.000614400921656,-106.43266743471582,1895.0
4644,35.000614400921656,-106.43266743471582,1895.0
4645,47.6491788671024,-122.35196732026144,5.0
4646,48.2191,-121.308,1501.0
4647,35.000614400921656,-106.43266743471582,1895.0
4648,35.000614400921656,-106.43266743471582,1895.0
4649,35.000614400921656,-106.43266743471582,1895.0
4650,32.133724107142854,-106.68938392857144,1164.0
4651,32.133724107142854,-106.68938392857144,1164.0
4652,32.133724107142854,-106.68938392857144,1164.0
4653,32.133724107142854,-106.68938392857144,1164.0
4654,32.133724107142854,-106.68938392857144,1164.0
4655,32.133724107142854,-106.68938392857144,1164.0
4656,34.767831666666666,-107.20841666666666,2002.0
4657,48.2191,-121.308,1501.0
4658,34.767831666666666,-107.20841666666666,2002.0
4659,36.73547857142857,-107.66535714285716,1935.0
4660,36.73547857142857,-107.66535714285716,1935.0
4661,36.73547857142857,-107.66535714285716,1935.0
4662,36.73547857142857,-107.66535714285716,1935.0
4663,36.73547857142857,-107.66535714285716,1935.0
4664,36.73547857142857,-107.66535714285716,1935.0
4665,36.749080000000006,-108.5408,1549.0
4666,36.749080000000006,-108.5408,1549.0
4667,33.21875,-108.513125,2511.0
4668,48.674890000000005,-122.84407166666666,643.0
4669,33.21875,-108.513125,2511.0
4670,32.1176,-108.485,1321.0
4671,32.86904166666666,-107.530375,1689.0
4672,36.03078,-105.2029,2281.0
4673,36.03078,-105.2029,2281.0
4674,39.78107047619048,-105.1216,1648.0
4675,39.78107047619048,-105.1216,1648.0
4676,39.78107047619048,-105.1216,1648.0
4677,39.78107047619048,-105.1216,1648.0
4678,39.78107047619048,-105.1216,1648.0
4679,48.2118,-122.5885,0.0
4680,39.78107047619048,-105.1216,1648.0
4681,39.78107047619048,-105.1216,1648.0
4682,39.78107047619048,-105.1216,1648.0
4683,39.78107047619048,-105.1216,1648.0
4684,39.78107047619048,-105.1216,1648.0
4685,39.78107047619048,-105.1216,1648.0
4686,40.30645,-107.65075,1990.0
4687,40.30645,-107.65075,1990.0
4688,40.30645,-107.65075,1990.0
4689,40.30645,-107.65075,1990.0
4690,48.2118,-122.5885,0.0
4691,40.30645,-107.65075,1990.0
4692,39.73707777777778,-105.86627777777778,3533.0
4693,39.73707777777778,-105.86627777777778,3533.0
4694,39.73707777777778,-105.86627777777778,3533.0
4695,39.73707777777778,-105.86627777777778,3533.0
4696,39.73707777777778,-105.86627777777778,3533.0
4697,39.73707777777778,-105.86627777777778,3533.0
4698,39.241325,-106.96425,2691.0
4699,39.241325,-106.96425,2691.0
4700,39.241325,-106.96425,2691.0
4701,48.08733253968254,-122.12819047619048,41.0
4702,40.8421,-103.363125,1278.0
4703,40.8421,-103.363125,1278.0
4704,40.8421,-103.363125,1278.0
4705,40.8421,-103.363125,1278.0
4706,40.8421,-103.363125,1278.0
4707,39.4366375,-105.29204166666668,2396.0
4708,39.4366375,-105.29204166666668,2396.0
4709,39.1228,-106.3,2860.0
4710,39.1228,-106.3,2860.0
4711,39.1228,-106.3,2860.0
4712,48.08733253968254,-122.12819047619048,41.0
4713,39.1228,-106.3,2860.0
4714,40.49682666666667,-104.61736666666668,1441.0
4715,40.49682666666667,-104.61736666666668,1441.0
4716,40.49682666666667,-104.61736666666668,1441.0
4717,40.49682666666667,-104.61736666666668,1441.0
4718,40.49682666666667,-104.61736666666668,1441.0
4719,40.00367,-105.2911375,1741.0
4720,40.00367,-105.2911375,1741.0
4721,40.00367,-105.2911375,1741.0
4722,40.00367,-105.2911375,1741.0
4723,47.815041666666666,-122.58550555555556,42.0
4724,40.00367,-105.2911375,1741.0
4725,39.80780083333333,-104.89649166666668,1596.0
4726,39.80780083333333,-104.89649166666668,1596.0
4727,39.80780083333333,-104.89649166666668,1596.0
4728,39.80780083333333,-104.89649166666668,1596.0
4729,39.80780083333333,-104.89649166666668,1596.0
4730,39.80780083333333,-104.89649166666668,1596.0
4731,39.80780083333333,-104.89649166666668,1596.0
4732,40.2377,-104.88575,1453.0
4733,40.2377,-104.88575,1453.0
4734,46.98936666666666,-122.18933333333332,234.0
4735,40.2377,-104.88575,1453.0
4736,40.2377,-104.88575,1453.0
4737,39.52830833333333,-107.84291666666668,1681.0
4738,39.52830833333333,-107.84291666666668,1681.0
4739,39.52830833333333,-107.84291666666668,1681.0
4740,39.52830833333333,-107.84291666666668,1681.0
4741,39.52830833333333,-107.84291666666668,1681.0
4742,40.16456,-103.68413333333336,1359.0
4743,39.54283579545454,-105.02370454545454,1717.0
4744,39.54283579545454,-105.02370454545454,1717.0
4745,47.9469,-119.865,235.0
4746,39.2673,-104.85325,2148.0
4747,39.2673,-104.85325,2148.0
4748,39.2673,-104.85325,2148.0
4749,39.2673,-104.85325,2148.0
4750,40.115766666666666,-104.53433333333334,1530.0
4751,40.115766666666666,-104.53433333333334,1530.0
4752,40.568025,-104.943,1521.0
4753,40.568025,-104.943,1521.0
4754,38.867025,-105.2205,2677.0
4755,38.867025,-105.2205,2677.0
4756,47.6491788671024,-122.35196732026144,5.0
4757,47.9469,-119.865,235.0
4758,39.67946111111111,-104.94925555555557,1647.0
4759,39.67946111111111,-104.94925555555557,1647.0
4760,39.67946111111111,-104.94925555555557,1647.0
4761,39.73685,-104.438375,1687.0
4762,39.73685,-104.438375,1687.0
4763,39.73685,-104.438375,1687.0
4764,40.0013,-108.635,2170.0
4765,40.511275000000005,-105.4455,3206.0
4766,40.511275000000005,-105.4455,3206.0
4767,40.425714444444445,-105.13446666666668,1583.0
4768,46.9343,-120.082,508.0
4769,40.4655,-106.61866666666668,2749.0
4770,40.4655,-106.61866666666668,2749.0
4771,40.050625,-104.9555625,1563.0
4772,40.050625,-104.9555625,1563.0
4773,39.05803888888889,-108.52328888888889,1403.0
4774,39.05803888888889,-108.52328888888889,1403.0
4775,39.68129999999999,-106.45283333333332,2997.0
4776,39.59332777777777,-104.7985202020202,1742.0
4777,39.59332777777777,-104.7985202020202,1742.0
4778,40.008858333333336,-104.73345833333336,1548.0
4779,46.9343,-120.082,508.0
4780,38.95725138888889,-104.77280555555556,2091.0
4781,38.95725138888889,-104.77280555555556,2091.0
4782,38.95725138888889,-104.77280555555556,2091.0
4783,38.95725138888889,-104.77280555555556,2091.0
4784,38.72375,-106.37275,3788.0
4785,38.41891666666667,-108.17788888888887,2380.0
4786,38.41891666666667,-108.17788888888887,2380.0
4787,38.41891666666667,-108.17788888888887,2380.0
4788,39.232275,-104.4604,2088.0
4789,39.232275,-104.4604,2088.0
4790,47.09119333333334,-122.40193333333332,118.0
4791,38.77395714285715,-104.83428571428573,1873.0
4792,38.77395714285715,-104.83428571428573,1873.0
4793,37.32190833333333,-107.66547222222222,2462.0
4794,37.32190833333333,-107.66547222222222,2462.0
4795,37.32190833333333,-107.66547222222222,2462.0
4796,37.27093333333334,-104.88966666666666,2545.0
4797,37.27093333333334,-104.88966666666666,2545.0
4798,37.27093333333334,-104.88966666666666,2545.0
4799,38.01305,-103.62375,1257.0
4800,38.01305,-103.62375,1257.0
4801,48.714866666666666,-121.13633333333333,451.0
4802,38.386575,-105.4465,2327.0
4803,38.386575,-105.4465,2327.0
4804,39.06661666666667,-102.36633333333332,1304.0
4805,38.40974,-104.46779999999998,1521.0
4806,38.40974,-104.46779999999998,1521.0
4807,38.40974,-104.46779999999998,1521.0
4808,38.57525555555555,-107.34561111111113,2730.0
4809,38.125075,-104.731,1587.0
4810,38.125075,-104.731,1587.0
4811,37.75855833333333,-102.3925,1235.0
4812,48.714866666666666,-121.13633333333333,451.0
4813,46.002733333333325,-123.071,370.0
4814,46.002733333333325,-123.071,370.0
4815,46.002733333333325,-123.071,370.0
4816,45.74152857142857,-119.34685714285716,194.0
4817,45.74152857142857,-119.34685714285716,194.0
4818,45.74152857142857,-119.34685714285716,194.0
4819,45.50901111111111,-118.08622222222222,1214.0
4820,45.50901111111111,-118.08622222222222,1214.0
4821,44.96385388888889,-123.06984444444446,70.0
4822,44.96385388888889,-123.06984444444446,70.0
4823,47.939220000000006,-121.6891,935.0
4824,44.96385388888889,-123.06984444444446,70.0
4825,44.96385388888889,-123.06984444444446,70.0
4826,44.96385388888889,-123.06984444444446,70.0
4827,44.96385388888889,-123.06984444444446,70.0
4828,44.96385388888889,-123.06984444444446,70.0
4829,44.04605238095238,-121.10838095238095,1060.0
4830,44.04605238095238,-121.10838095238095,1060.0
4831,44.04605238095238,-121.10838095238095,1060.0
4832,45.49569571428572,-122.86777916666664,63.0
4833,45.49569571428572,-122.86777916666664,63.0
4834,34.05375,-117.38833333333334,310.0
4835,45.49569571428572,-122.86777916666664,63.0
4836,45.86293333333333,-119.64433333333334,86.0
4837,44.41821,-124.0081,3.0
4838,44.41821,-124.0081,3.0
4839,44.41821,-124.0081,3.0
4840,43.877629166666665,-122.776125,675.0
4841,43.877629166666665,-122.776125,675.0
4842,43.877629166666665,-122.776125,675.0
4843,43.877629166666665,-122.776125,675.0
4844,43.877629166666665,-122.776125,675.0
4845,34.05375,-117.38833333333334,310.0
4846,43.877629166666665,-122.776125,675.0
4847,43.877629166666665,-122.776125,675.0
4848,44.4751,-118.99,1276.0
4849,44.4751,-118.99,1276.0
4850,44.288,-122.08833333333332,1112.0
4851,44.288,-122.08833333333332,1112.0
4852,44.486185,-122.7558,206.0
4853,44.486185,-122.7558,206.0
4854,44.77525,-122.349,728.0
4855,44.77525,-122.349,728.0
4856,34.05375,-117.38833333333334,310.0
4857,45.29585,-122.61325,77.0
4858,45.29585,-122.61325,77.0
4859,45.249525,-122.20125,518.0
4860,45.249525,-122.20125,518.0
4861,45.50891136363636,-122.5293111888112,91.0
4862,44.669125,-121.17775,732.0
4863,44.669125,-121.17775,732.0
4864,44.04456111111111,-123.22405555555557,191.0
4865,44.04456111111111,-123.22405555555557,191.0
4866,31.526805555555555,-106.14430555555556,1126.0
4867,47.5336,-120.295,216.0
4868,47.25564222222223,-122.0674,179.0
4869,47.51425972222222,-122.149375,121.0
4870,33.94409928571429,-117.51580476190476,432.0
4871,31.2709,-105.234,1435.0
4872,31.7336,-106.34463666666667,1118.0
4873,31.782775,-106.2375,1215.0
4874,31.836896666666664,-106.52500416666668,1271.0
4875,31.91765,-105.9645,1602.0
4876,31.7336,-106.34463666666667,1118.0
4877,31.7336,-106.34463666666667,1118.0
4878,31.7336,-106.34463666666667,1118.0
4879,43.4061,-123.178,239.0
4880,42.24855,-122.109,1396.0
4881,35.63568333333333,-119.3255,98.0
4882,42.70145,-122.5955,556.0
4883,42.34866666666666,-122.93595833333332,413.0
4884,42.24855,-122.109,1396.0
4885,41.205322222222215,-121.37036111111112,1133.0
4886,43.0331375,-123.41125,293.0
4887,43.288525,-124.11516666666668,129.0
4888,42.24855,-122.109,1396.0
4889,43.55137142857143,-118.41857142857144,1695.0
4890,41.205322222222215,-121.37036111111112,1133.0
4891,40.9656,-121.639125,929.0
4892,35.92795555555555,-118.97883333333334,192.0
4893,40.62793333333333,-122.17,233.0
4894,40.907266666666665,-121.9865,475.0
4895,43.288525,-124.11516666666668,129.0
4896,42.30059166666667,-123.46925,746.0
4897,42.4048,-124.193,946.0
4898,42.34866666666666,-122.93595833333332,413.0
4899,40.911550000000005,-124.01791666666666,114.0
4900,41.9152,-124.134,50.0
4901,42.70145,-122.5955,556.0
4902,41.205322222222215,-121.37036111111112,1133.0
4903,35.2911,-119.3695,153.0
4904,41.205322222222215,-121.37036111111112,1133.0
4905,40.9656,-121.639125,929.0
4906,40.911550000000005,-124.01791666666666,114.0
4907,41.9152,-124.134,50.0
4908,41.205322222222215,-121.37036111111112,1133.0
4909,40.9656,-121.639125,929.0
4910,41.9152,-124.134,50.0
4911,40.03462777777778,-121.1108888888889,1027.0
4912,38.2467,-120.034,1052.0
4913,37.52206888888889,-121.01648888888889,17.0
4914,35.14304,-118.93595,107.0
4915,37.88715,-119.9605,1072.0
4916,37.27107142857143,-120.54969047619048,41.0
4917,38.78096388888889,-120.92719444444444,433.0
4918,37.417475,-120.06175,488.0
4919,38.257025,-120.753,443.0
4920,37.76374,-121.1583,14.0
4921,38.08663555555556,-121.85041666666666,2.0
4922,37.890655555555554,-121.69083333333332,33.0
4923,37.80916237373737,-122.23196325757576,50.0
4924,37.6827682983683,-122.43227972027972,281.0
4925,35.17351111111111,-119.54055555555556,420.0
4926,37.36269886363637,-122.09585227272729,57.0
4927,37.43314210526316,-121.92552631578948,1.0
4928,39.16865,-123.04633333333334,1057.0
4929,39.68856666666667,-123.64491666666666,616.0
4930,40.62793333333333,-122.17,233.0
4931,38.15480917748918,-122.2719471861472,2.0
4932,38.01655095238095,-121.33726666666666,6.0
4933,37.890655555555554,-121.69083333333332,33.0
4934,37.80916237373737,-122.23196325757576,50.0
4935,38.59900722222223,-122.78250277777778,114.0
4936,35.456266666666664,-118.80316666666666,672.0
4937,38.371858333333336,-122.0835119047619,619.0
4938,37.941155555555554,-122.05655555555556,20.0
4939,37.72972352941176,-121.95729411764704,242.0
4940,36.75626154761905,-121.75835476190476,2.0
4941,36.2980125,-121.23941666666668,87.0
4942,36.177752777777776,-119.85819444444444,61.0
4943,37.52206888888889,-121.01648888888889,17.0
4944,36.984325,-120.249,60.0
4945,35.93102777777778,-120.70716666666668,467.0
4946,36.79071857142858,-119.93113333333334,87.0
4947,36.461525,-119.44525000000002,91.0
4948,38.651212820512825,-121.4833044871795,7.0
4949,38.834715384615386,-121.32953846153848,36.0
4950,38.78096388888889,-120.92719444444444,433.0
4951,39.7532625,-121.8185,68.0
4952,38.52920769230769,-121.4353076923077,8.0
4953,37.94339981481482,-122.4980013888889,20.0
4954,38.59900722222223,-122.78250277777778,114.0
4955,39.45948888888889,-120.74841666666669,1067.0
4956,38.75743333333333,-120.39577777777777,1473.0
4957,38.78096388888889,-120.92719444444444,433.0
4958,36.254329166666665,-119.27254166666668,101.0
4959,36.2980125,-121.23941666666668,87.0
4960,36.9924,-121.51171428571428,48.0
4961,37.2162125,-121.748875,120.0
4962,37.17505555555556,-121.98361111111112,198.0
4963,36.177752777777776,-119.85819444444444,61.0
4964,36.79071857142858,-119.93113333333334,87.0
4965,36.81522,-119.4394,190.0
4966,37.068133333333336,-119.573,226.0
4967,37.31669285714285,-119.43364285714286,2114.0
4968,37.94339981481482,-122.4980013888889,20.0
4969,36.90360833333334,-119.06083333333332,1102.0
4970,37.80916237373737,-122.23196325757576,50.0
4971,38.59900722222223,-122.78250277777778,114.0
4972,38.371858333333336,-122.0835119047619,619.0
4973,37.941155555555554,-122.05655555555556,20.0
4974,35.105716666666666,-120.31147222222222,325.0
4975,34.50355,-119.77866666666668,784.0
4976,39.11400333333333,-121.63096666666668,19.0
4977,39.41865,-121.23625,661.0
4978,39.84903333333333,-121.40925,760.0
4979,38.78096388888889,-120.92719444444444,433.0
4980,47.51425972222222,-122.149375,121.0
4981,36.81522,-119.4394,190.0
4982,39.7532625,-121.8185,68.0
4983,40.907266666666665,-121.9865,475.0
4984,39.84903333333333,-121.40925,760.0
4985,40.62793333333333,-122.17,233.0
4986,40.907266666666665,-121.9865,475.0
4987,39.279725,-122.2205,32.0
4988,40.5705,-122.48105555555556,341.0
4989,39.7532625,-121.8185,68.0
4990,37.80916237373737,-122.23196325757576,50.0
4991,37.6827682983683,-122.43227972027972,281.0
4992,34.08954250000001,-117.261325,318.0
4993,38.59900722222223,-122.78250277777778,114.0
4994,38.602967500000005,-121.72485,11.0
4995,38.268575,-121.087,67.0
4996,38.651212820512825,-121.4833044871795,7.0
4997,39.41865,-121.23625,661.0
4998,39.279725,-122.2205,32.0
4999,38.371858333333336,-122.0835119047619,619.0
5000,38.834715384615386,-121.32953846153848,36.0
5001,39.7532625,-121.8185,68.0
5002,40.62793333333333,-122.17,233.0
5003,34.7226,-117.8485,815.0
5004,38.52920769230769,-121.4353076923077,8.0
5005,38.602967500000005,-121.72485,11.0
5006,38.01655095238095,-121.33726666666666,6.0
5007,37.52206888888889,-121.01648888888889,17.0
5008,38.78096388888889,-120.92719444444444,433.0
5009,38.41063333333333,-121.4717777777778,5.0
5010,38.257025,-120.753,443.0
5011,39.68856666666667,-123.64491666666666,616.0
5012,38.59900722222223,-122.78250277777778,114.0
5013,36.9924,-121.51171428571428,48.0
5014,35.024966666666664,-117.33933333333331,628.0
5015,35.93102777777778,-120.70716666666668,467.0
5016,36.81522,-119.4394,190.0
5017,37.31669285714285,-119.43364285714286,2114.0
5018,38.834715384615386,-121.32953846153848,36.0
5019,38.52920769230769,-121.4353076923077,8.0
5020,38.602967500000005,-121.72485,11.0
5021,35.105716666666666,-120.31147222222222,325.0
5022,34.50355,-119.77866666666668,784.0
5023,35.93102777777778,-120.70716666666668,467.0
5024,37.068133333333336,-119.573,226.0
5025,34.32068928571429,-117.253,1202.0
5026,37.52206888888889,-121.01648888888889,17.0
5027,37.27107142857143,-120.54969047619048,41.0
5028,36.9924,-121.51171428571428,48.0
5029,39.41865,-121.23625,661.0
5030,39.45948888888889,-120.74841666666669,1067.0
5031,39.84903333333333,-121.40925,760.0
5032,40.62793333333333,-122.17,233.0
5033,38.602967500000005,-121.72485,11.0
5034,37.88715,-119.9605,1072.0
5035,40.643975,-123.0735,970.0
5036,34.18095574074074,-117.51577407407406,790.0
5037,37.890655555555554,-121.69083333333332,33.0
5038,38.41063333333333,-121.4717777777778,5.0
5039,37.35006470588235,-121.8040588235294,55.0
5040,38.52920769230769,-121.4353076923077,8.0
5041,37.76374,-121.1583,14.0
5042,39.45948888888889,-120.74841666666669,1067.0
5043,38.834715384615386,-121.32953846153848,36.0
5044,38.78096388888889,-120.92719444444444,433.0
5045,37.65784285714285,-121.43114285714286,74.0
5046,37.27107142857143,-120.54969047619048,41.0
5047,35.040175,-117.65608333333331,775.0
5048,37.35006470588235,-121.8040588235294,55.0
5049,37.76374,-121.1583,14.0
5050,35.30771875000001,-120.7346875,108.0
5051,34.50355,-119.77866666666668,784.0
5052,35.93102777777778,-120.70716666666668,467.0
5053,39.279725,-122.2205,32.0
5054,37.65784285714285,-121.43114285714286,74.0
5055,37.941155555555554,-122.05655555555556,20.0
5056,37.72972352941176,-121.95729411764704,242.0
5057,37.43314210526316,-121.92552631578948,1.0
5058,34.51468,-117.1808,894.0
5059,40.5705,-122.48105555555556,341.0
5060,38.602967500000005,-121.72485,11.0
5061,40.643975,-123.0735,970.0
5062,40.62793333333333,-122.17,233.0
5063,40.907266666666665,-121.9865,475.0
5064,37.27107142857143,-120.54969047619048,41.0
5065,37.31669285714285,-119.43364285714286,2114.0
5066,37.27107142857143,-120.54969047619048,41.0
5067,37.417475,-120.06175,488.0
5068,36.79071857142858,-119.93113333333334,87.0
5069,33.95435404411765,-118.24329411764704,41.0
5070,37.6827682983683,-122.43227972027972,281.0
5071,37.941155555555554,-122.05655555555556,20.0
5072,37.72972352941176,-121.95729411764704,242.0
5073,38.371858333333336,-122.0835119047619,619.0
5074,40.62793333333333,-122.17,233.0
5075,37.72972352941176,-121.95729411764704,242.0
5076,37.43314210526316,-121.92552631578948,1.0
5077,37.17505555555556,-121.98361111111112,198.0
5078,38.78096388888889,-120.92719444444444,433.0
5079,39.07793333333333,-120.04816666666667,1898.0
5080,33.67202738095238,-117.97192857142856,6.0
5081,37.35006470588235,-121.8040588235294,55.0
5082,37.2162125,-121.748875,120.0
5083,37.76374,-121.1583,14.0
5084,38.602967500000005,-121.72485,11.0
5085,36.9924,-121.51171428571428,48.0
5086,37.417475,-120.06175,488.0
5087,36.79071857142858,-119.93113333333334,87.0
5088,35.93102777777778,-120.70716666666668,467.0
5089,38.78096388888889,-120.92719444444444,433.0
5090,39.07793333333333,-120.04816666666667,1898.0
5091,47.9469,-119.865,235.0
5092,33.91032878787879,-118.41207386363637,32.0
5093,37.2162125,-121.748875,120.0
5094,39.7532625,-121.8185,68.0
5095,38.78096388888889,-120.92719444444444,433.0
5096,38.257025,-120.753,443.0
5097,36.79071857142858,-119.93113333333334,87.0
5098,40.907266666666665,-121.9865,475.0
5099,37.72972352941176,-121.95729411764704,242.0
5100,38.52920769230769,-121.4353076923077,8.0
5101,38.602967500000005,-121.72485,11.0
5102,40.907266666666665,-121.9865,475.0
5103,33.78603243386244,-118.27261746031746,16.0
5104,37.43314210526316,-121.92552631578948,1.0
5105,37.43314210526316,-121.92552631578948,1.0
5106,37.2162125,-121.748875,120.0
5107,37.17505555555556,-121.98361111111112,198.0
5108,37.17505555555556,-121.98361111111112,198.0
5109,37.31669285714285,-119.43364285714286,2114.0
5110,37.31669285714285,-119.43364285714286,2114.0
5111,37.17505555555556,-121.98361111111112,198.0
5112,37.31669285714285,-119.43364285714286,2114.0
5113,33.944525,-118.12929166666666,41.0
5114,33.78631818181818,-118.10099999999998,7.0
5115,33.67202738095238,-117.97192857142856,6.0
5116,33.64597738095238,-117.5699761904762,402.0
5117,33.77231666666667,-117.88025,41.0
5118,33.81554545454546,-117.78990909090908,119.0
5119,33.533585714285714,-117.71128571428572,124.0
5120,36.90360833333334,-119.06083333333332,1102.0
5121,47.09119333333334,-122.40193333333332,118.0
5122,37.31669285714285,-119.43364285714286,2114.0
5123,33.665,-114.998,117.0
5124,33.68425,-114.6545,125.0
5125,34.51153333333333,-114.21266666666664,827.0
5126,33.818275,-114.2015,274.0
5127,35.024966666666664,-117.33933333333331,628.0
5128,35.0509,-116.75275,520.0
5129,36.01943333333333,-117.793,1210.0
5130,33.15560833333333,-115.54341666666666,-61.0
5131,32.837783333333334,-115.2275,20.0
5132,48.36785,-119.128375,1377.0
5133,32.7528,-116.045,195.0
5134,32.67330833333334,-114.6375,38.0
5135,33.760442857142856,-116.95828571428572,488.0
5136,33.6071125,-117.138625,403.0
5137,33.559525,-116.52025,1555.0
5138,35.33195,-114.778,932.0
5139,35.703500000000005,-115.353,806.0
5140,33.95435404411765,-118.24329411764704,41.0
5141,33.91032878787879,-118.41207386363637,32.0
5142,34.154583333333335,-118.54566666666666,297.0
5143,47.31644375,-119.630625,598.0
5144,34.06618358585859,-118.21988383838384,93.0
5145,34.145671666666665,-118.316425,206.0
5146,34.08170714285714,-118.4545,201.0
5147,34.20252714285714,-118.70469107142856,384.0
5148,34.32044222222222,-118.2542126984127,762.0
5149,34.640425,-118.72875,891.0
5150,34.154583333333335,-118.54566666666666,297.0
5151,34.44507619047619,-118.54300476190475,416.0
5152,34.145671666666665,-118.316425,206.0
5153,34.858959523809524,-118.40309523809525,823.0
5154,47.28118,-122.7336,0.0
5155,34.08170714285714,-118.4545,201.0
5156,33.90512589285714,-117.34332142857144,461.0
5157,34.32068928571429,-117.253,1202.0
5158,34.19495,-117.34625,525.0
5159,33.94409928571429,-117.51580476190476,432.0
5160,33.89461071428571,-116.62232142857142,305.0
5161,34.18095574074074,-117.51577407407406,790.0
5162,33.8824,-117.1585,513.0
5163,34.01082666666667,-116.95086666666666,1134.0
5164,34.640425,-118.72875,891.0
5165,47.39319505494506,-122.31203846153846,41.0
5166,35.30755,-119.627,320.0
5167,34.220054999999995,-118.96011666666668,242.0
5168,34.44507619047619,-118.54300476190475,416.0
5169,35.14304,-118.93595,107.0
5170,35.17351111111111,-119.54055555555556,420.0
5171,34.858959523809524,-118.40309523809525,823.0
5172,33.67202738095238,-117.97192857142856,6.0
5173,33.78603243386244,-118.27261746031746,16.0
5174,33.90327272727273,-118.0179090909091,40.0
5175,33.944525,-118.12929166666666,41.0
5176,47.2362225,-122.392175,-3.0
5177,33.79090227272727,-117.99183712121211,22.0
5178,35.082531851851854,-118.35251851851852,1551.0
5179,34.197579999999995,-117.86135,346.0
5180,35.040175,-117.65608333333331,775.0
5181,35.082531851851854,-118.35251851851852,1551.0
5182,34.512433333333334,-117.9215,909.0
5183,34.640425,-118.72875,891.0
5184,34.154583333333335,-118.54566666666666,297.0
5185,34.220054999999995,-118.96011666666668,242.0
5186,34.44507619047619,-118.54300476190475,416.0
5187,47.815041666666666,-122.58550555555556,42.0
5188,34.1258,-119.15633333333334,4.0
5189,34.08170714285714,-118.4545,201.0
5190,33.91032878787879,-118.41207386363637,32.0
5191,34.06618358585859,-118.21988383838384,93.0
5192,34.145671666666665,-118.316425,206.0
5193,33.78603243386244,-118.27261746031746,16.0
5194,33.944525,-118.12929166666666,41.0
5195,34.08170714285714,-118.4545,201.0
5196,35.024966666666664,-117.33933333333331,628.0
5197,35.0509,-116.75275,520.0
5198,47.8317,-120.899,689.0
5199,47.2805,-123.089,70.0
5200,35.703500000000005,-115.353,806.0
5201,36.0155,-114.738,371.0
5202,35.96520833333334,-115.23358333333334,843.0
5203,33.15560833333333,-115.54341666666666,-61.0
5204,33.71875333333333,-116.2599777777778,4.0
5205,32.837783333333334,-115.2275,20.0
5206,33.71875333333333,-116.2599777777778,4.0
5207,33.665,-114.998,117.0
5208,32.8991,-116.2445,410.0
5209,34.197579999999995,-117.86135,346.0
5210,47.39319505494506,-122.31203846153846,41.0
5211,33.94409928571429,-117.51580476190476,432.0
5212,33.9528237037037,-117.72196666666667,310.0
5213,34.18095574074074,-117.51577407407406,790.0
5214,35.63568333333333,-119.3255,98.0
5215,35.92795555555555,-118.97883333333334,192.0
5216,36.254329166666665,-119.27254166666668,101.0
5217,36.177752777777776,-119.85819444444444,61.0
5218,32.7366,-114.714,37.0
5219,32.67330833333334,-114.6375,38.0
5220,34.206050000000005,-116.22583333333334,788.0
5221,46.986898,-122.92721,62.0
5222,33.89461071428571,-116.62232142857142,305.0
5223,34.2073,-115.658,899.0
5224,33.665,-114.998,117.0
5225,33.68425,-114.6545,125.0
5226,33.133650793650794,-117.06657936507936,208.0
5227,35.03887916666667,-114.54754166666666,283.0
5228,33.77231666666667,-117.88025,41.0
5229,33.79090227272727,-117.99183712121211,22.0
5230,33.533585714285714,-117.71128571428572,124.0
5231,34.642833333333336,-118.29405555555554,1071.0
5232,47.51425972222222,-122.149375,121.0
5233,34.11850909090909,-118.06636363636365,144.0
5234,34.197579999999995,-117.86135,346.0
5235,34.44507619047619,-118.54300476190475,416.0
5236,34.145671666666665,-118.316425,206.0
5237,34.1606,-118.1466,288.0
5238,34.512433333333334,-117.9215,909.0
5239,35.92795555555555,-118.97883333333334,192.0
5240,35.45885,-119.722,182.0
5241,35.92795555555555,-118.97883333333334,192.0
5242,35.456266666666664,-118.80316666666666,672.0
5243,47.09119333333334,-122.40193333333332,118.0
5244,34.26754333333333,-119.1951888888889,78.0
5245,34.6734,-119.312,1345.0
5246,34.50355,-119.77866666666668,784.0
5247,36.01943333333333,-117.793,1210.0
5248,35.040175,-117.65608333333331,775.0
5249,34.11850909090909,-118.06636363636365,144.0
5250,34.640425,-118.72875,891.0
5251,34.197579999999995,-117.86135,346.0
5252,33.9528237037037,-117.72196666666667,310.0
5253,34.18095574074074,-117.51577407407406,790.0
5254,46.53368333333333,-120.72215079365078,474.0
5255,33.90327272727273,-118.0179090909091,40.0
5256,33.944525,-118.12929166666666,41.0
5257,33.81554545454546,-117.78990909090908,119.0
5258,33.91264375,-117.87025,113.0
5259,33.78603243386244,-118.27261746031746,16.0
5260,34.1258,-119.15633333333334,4.0
5261,34.08170714285714,-118.4545,201.0
5262,33.89461071428571,-116.62232142857142,305.0
5263,34.2073,-115.658,899.0
5264,34.3118,-116.797,1806.0
5265,47.55020833333333,-121.75183333333334,303.0
5266,34.44507619047619,-118.54300476190475,416.0
5267,34.858959523809524,-118.40309523809525,823.0
5268,35.082531851851854,-118.35251851851852,1551.0
5269,34.512433333333334,-117.9215,909.0
5270,33.57599166666667,-117.32704166666667,651.0
5271,33.9528237037037,-117.72196666666667,310.0
5272,33.8824,-117.1585,513.0
5273,33.533585714285714,-117.71128571428572,124.0
5274,33.6071125,-117.138625,403.0
5275,33.39414,-117.52,48.0
5276,46.986898,-122.92721,62.0
5277,36.254329166666665,-119.27254166666668,101.0
5278,36.81522,-119.4394,190.0
5279,33.79090227272727,-117.99183712121211,22.0
5280,33.81554545454546,-117.78990909090908,119.0
5281,33.91264375,-117.87025,113.0
5282,34.197579999999995,-117.86135,346.0
5283,34.06618358585859,-118.21988383838384,93.0
5284,34.145671666666665,-118.316425,206.0
5285,34.1606,-118.1466,288.0
5286,33.57599166666667,-117.32704166666667,651.0
5287,46.772416666666665,-123.77722222222224,176.0
5288,33.8824,-117.1585,513.0
5289,33.6071125,-117.138625,403.0
5290,35.0509,-116.75275,520.0
5291,34.51468,-117.1808,894.0
5292,34.3118,-116.797,1806.0
5293,35.456266666666664,-118.80316666666666,672.0
5294,36.254329166666665,-119.27254166666668,101.0
5295,35.082531851851854,-118.35251851851852,1551.0
5296,34.154583333333335,-118.54566666666666,297.0
5297,34.44507619047619,-118.54300476190475,416.0
5298,47.2805,-123.089,70.0
5299,34.145671666666665,-118.316425,206.0
5300,35.17351111111111,-119.54055555555556,420.0
5301,34.858959523809524,-118.40309523809525,823.0
5302,33.9528237037037,-117.72196666666667,310.0
5303,34.18095574074074,-117.51577407407406,790.0
5304,34.858959523809524,-118.40309523809525,823.0
5305,34.512433333333334,-117.9215,909.0
5306,35.2911,-119.3695,153.0
5307,35.17351111111111,-119.54055555555556,420.0
5308,35.105716666666666,-120.31147222222222,325.0
5309,47.55020833333333,-121.75183333333334,303.0
5310,47.85147142857144,-122.26404761904764,118.0
5311,35.30771875000001,-120.7346875,108.0
5312,32.67330833333334,-114.6375,38.0
5313,34.19495,-117.34625,525.0
5314,34.18095574074074,-117.51577407407406,790.0
5315,34.51468,-117.1808,894.0
5316,35.17351111111111,-119.54055555555556,420.0
5317,34.26754333333333,-119.1951888888889,78.0
5318,33.6071125,-117.138625,403.0
5319,33.343025,-117.31066666666666,85.0
5320,34.18095574074074,-117.51577407407406,790.0
5321,47.55020833333333,-121.75183333333334,303.0
5322,34.44507619047619,-118.54300476190475,416.0
5323,34.08170714285714,-118.4545,201.0
5324,34.145671666666665,-118.316425,206.0
5325,33.944525,-118.12929166666666,41.0
5326,34.1606,-118.1466,288.0
5327,33.9528237037037,-117.72196666666667,310.0
5328,34.18095574074074,-117.51577407407406,790.0
5329,33.760442857142856,-116.95828571428572,488.0
5330,34.01082666666667,-116.95086666666666,1134.0
5331,33.6071125,-117.138625,403.0
5332,47.51425972222222,-122.149375,121.0
5333,33.559525,-116.52025,1555.0
5334,34.26754333333333,-119.1951888888889,78.0
5335,34.1258,-119.15633333333334,4.0
5336,34.858959523809524,-118.40309523809525,823.0
5337,33.559525,-116.52025,1555.0
5338,34.18095574074074,-117.51577407407406,790.0
5339,33.81554545454546,-117.78990909090908,119.0
5340,33.91264375,-117.87025,113.0
5341,35.040175,-117.65608333333331,775.0
5342,34.51468,-117.1808,894.0
5343,48.42602,-122.4174,2.0
5344,35.703500000000005,-115.353,806.0
5345,35.040175,-117.65608333333331,775.0
5346,34.512433333333334,-117.9215,909.0
5347,34.26754333333333,-119.1951888888889,78.0
5348,34.08170714285714,-118.4545,201.0
5349,35.082531851851854,-118.35251851851852,1551.0
5350,34.1606,-118.1466,288.0
5351,33.79090227272727,-117.99183712121211,22.0
5352,35.17351111111111,-119.54055555555556,420.0
5353,34.6734,-119.312,1345.0
5354,47.9469,-119.865,235.0
5355,35.45885,-119.722,182.0
5356,36.68699333333333,-120.4572,73.0
5357,35.105716666666666,-120.31147222222222,325.0
5358,33.944525,-118.12929166666666,41.0
5359,33.79090227272727,-117.99183712121211,22.0
5360,34.1606,-118.1466,288.0
5361,32.58456666666667,-116.93083333333334,181.0
5362,32.8991,-116.2445,410.0
5363,35.082531851851854,-118.35251851851852,1551.0
5364,33.6071125,-117.138625,403.0
5365,47.939220000000006,-121.6891,935.0
5366,34.51468,-117.1808,894.0
5367,34.1258,-119.15633333333334,4.0
5368,36.74075071428571,-119.66784285714286,107.0
5369,36.177752777777776,-119.85819444444444,61.0
5370,34.01082666666667,-116.95086666666666,1134.0
5371,34.1606,-118.1466,288.0
5372,33.91264375,-117.87025,113.0
5373,33.68425,-114.6545,125.0
5374,36.90360833333334,-119.06083333333332,1102.0
5375,33.91264375,-117.87025,113.0
5376,47.2989,-120.221,846.0
5377,33.39414,-117.52,48.0
5378,33.20515,-113.2575,364.0
5379,33.818275,-114.2015,274.0
5380,32.67330833333334,-114.6375,38.0
5381,35.105716666666666,-120.31147222222222,325.0
5382,33.343025,-117.31066666666666,85.0
5383,33.3694,-117.119,424.0
5384,33.133650793650794,-117.06657936507936,208.0
5385,32.75492,-116.953325,228.0
5386,32.68615277777778,-117.13458333333332,0.0
5387,46.9343,-120.082,508.0
5388,32.5928425,-117.07178892857144,12.0
5389,32.814573333333335,-117.0862,62.0
5390,33.343025,-117.31066666666666,85.0
5391,32.998059999999995,-116.9652,528.0
5392,33.01938333333333,-117.13816666666666,159.0
5393,32.887026250000005,-117.19955,60.0
5394,33.09868055555555,-117.28248611111113,38.0
5395,33.3694,-117.119,424.0
5396,32.73936071428572,-117.24385714285714,69.0
5397,32.998059999999995,-116.9652,528.0
5398,47.8713,-120.027,631.0
5399,32.75492,-116.953325,228.0
5400,32.887026250000005,-117.19955,60.0
5401,32.68615277777778,-117.13458333333332,0.0
5402,33.09868055555555,-117.28248611111113,38.0
5403,33.39414,-117.52,48.0
5404,33.3694,-117.119,424.0
5405,32.887026250000005,-117.19955,60.0
5406,32.68615277777778,-117.13458333333332,0.0
5407,33.01938333333333,-117.13816666666666,159.0
5408,32.858266666666665,-116.8375,329.0
5409,48.455200000000005,-120.375,1278.0
5410,32.8991,-116.2445,410.0
5411,32.887026250000005,-117.19955,60.0
5412,32.858266666666665,-116.8375,329.0
5413,32.5928425,-117.07178892857144,12.0
5414,32.887026250000005,-117.19955,60.0
5415,33.09868055555555,-117.28248611111113,38.0
5416,33.39414,-117.52,48.0
5417,33.3694,-117.119,424.0
5418,32.8991,-116.2445,410.0
5419,32.5928425,-117.07178892857144,12.0
5420,46.9343,-120.082,508.0
5421,48.5984,-121.716,152.0
5422,39.32898832417583,-119.77809615384616,1607.0
5423,39.66997833333333,-118.8109,1195.0
5424,40.3573,-117.26438888888887,1520.0
5425,39.66997833333333,-118.8109,1195.0
5426,42.841425,-114.7114,1075.0
5427,43.12804333333333,-115.6854,955.0
5428,42.550977777777774,-114.36502777777775,1188.0
5429,40.7559,-113.541,1283.0
5430,39.66997833333333,-118.8109,1195.0
5431,40.03462777777778,-121.1108888888889,1027.0
5432,48.2118,-122.5885,0.0
5433,39.45948888888889,-120.74841666666669,1067.0
5434,38.75743333333333,-120.39577777777777,1473.0
5435,39.07793333333333,-120.04816666666667,1898.0
5436,36.3324,-115.46975,1348.0
5437,36.23324333333333,-115.2211,689.0
5438,35.703500000000005,-115.353,806.0
5439,35.96520833333334,-115.23358333333334,843.0
5440,39.66997833333333,-118.8109,1195.0
5441,38.4626,-114.648625,1832.0
5442,39.50498,-121.5154,135.0
5443,48.08733253968254,-122.12819047619048,41.0
5444,36.90360833333334,-119.06083333333332,1102.0
5445,36.3324,-115.46975,1348.0
5446,36.45955,-114.5685,709.0
5447,38.35637499999999,-112.64825,1872.0
5448,37.38776875,-113.7224375,1360.0
5449,36.382275,-114.94275,726.0
5450,36.8253,-114.12,539.0
5451,36.249658333333336,-115.0752,586.0
5452,36.09312944444445,-115.08156666666667,564.0
5453,36.14888333333333,-114.93508333333332,743.0
5454,47.815041666666666,-122.58550555555556,42.0
5455,35.78892,-114.985,556.0
5456,36.0155,-114.738,371.0
5457,35.96520833333334,-115.23358333333334,843.0
5458,35.494712500000006,-114.166,1674.0
5459,36.382275,-114.94275,726.0
5460,36.09328125,-115.19689583333331,682.0
5461,36.14888333333333,-114.93508333333332,743.0
5462,36.23324333333333,-115.2211,689.0
5463,35.703500000000005,-115.353,806.0
5464,36.0879325,-115.32525,844.0
5465,47.939220000000006,-121.6891,935.0
5466,36.249658333333336,-115.0752,586.0
5467,36.83546666666667,-111.2925,1588.0
5468,36.339475,-115.17425,785.0
5469,36.45955,-114.5685,709.0
5470,36.249658333333336,-115.0752,586.0
5471,36.14888333333333,-114.93508333333332,743.0
5472,36.23324333333333,-115.2211,689.0
5473,36.0879325,-115.32525,844.0
5474,35.96520833333334,-115.23358333333334,843.0
5475,35.96520833333334,-115.23358333333334,843.0
5476,47.51425972222222,-122.149375,121.0
5477,35.03887916666667,-114.54754166666666,283.0
5478,36.21466666666667,-115.307,813.0
5479,36.339475,-115.17425,785.0
5480,36.45955,-114.5685,709.0
5481,36.0155,-114.738,371.0
5482,36.249658333333336,-115.0752,586.0
5483,36.339475,-115.17425,785.0
5484,36.23324333333333,-115.2211,689.0
5485,36.0879325,-115.32525,844.0
5486,36.249658333333336,-115.0752,586.0
5487,47.2362225,-122.392175,-3.0
5488,36.23324333333333,-115.2211,689.0
5489,36.249658333333336,-115.0752,586.0
5490,36.0879325,-115.32525,844.0
5491,36.249658333333336,-115.0752,586.0
5492,36.0879325,-115.32525,844.0
5493,35.96520833333334,-115.23358333333334,843.0
5494,35.96520833333334,-115.23358333333334,843.0
5495,35.96520833333334,-115.23358333333334,843.0
5496,37.38776875,-113.7224375,1360.0
5497,35.03887916666667,-114.54754166666666,283.0
5498,47.09119333333334,-122.40193333333332,118.0
5499,37.4809125,-113.03220833333332,2713.0
5500,37.38776875,-113.7224375,1360.0
5501,35.96520833333334,-115.23358333333334,843.0
5502,47.91335,-116.81820833333332,747.0
5503,46.13947777777778,-115.78766666666668,671.0
5504,46.518365,-117.23590000000002,349.0
5505,47.91335,-116.81820833333332,747.0
5506,47.22078544871795,-114.17356346153844,889.0
5507,47.77183185714286,-117.54721,486.0
5508,48.75013333333334,-117.683,1037.0
5509,48.93218333333333,-122.27283333333332,70.0
5510,47.5428,-116.055,929.0
5511,47.22078544871795,-114.17356346153844,889.0
5512,46.518365,-117.23590000000002,349.0
5513,47.77183185714286,-117.54721,486.0
5514,44.81756666666666,-115.797,2259.0
5515,44.1074625,-116.936125,650.0
5516,43.12804333333333,-115.6854,955.0
5517,43.57362,-116.7042,768.0
5518,43.55137142857143,-118.41857142857144,1695.0
5519,44.81756666666666,-115.797,2259.0
5520,48.44905,-122.07425,1089.0
5521,44.1074625,-116.936125,650.0
5522,45.50901111111111,-118.08622222222222,1214.0
5523,45.517,-117.05825,1454.0
5524,43.55137142857143,-118.41857142857144,1695.0
5525,47.22078544871795,-114.17356346153844,889.0
5526,46.13947777777778,-115.78766666666668,671.0
5527,42.841425,-114.7114,1075.0
5528,43.5399,-114.383,2026.0
5529,42.550977777777774,-114.36502777777775,1188.0
5530,42.85887976190476,-112.56182142857142,1475.0
5531,47.31644375,-119.630625,598.0
5532,48.714866666666666,-121.13633333333333,451.0
5533,41.67010625,-111.97226388888888,1465.0
5534,47.22078544871795,-114.17356346153844,889.0
5535,45.517,-117.05825,1454.0
5536,43.5399,-114.383,2026.0
5537,42.550977777777774,-114.36502777777775,1188.0
5538,43.57362,-116.7042,768.0
5539,43.55137142857143,-118.41857142857144,1695.0
5540,43.5399,-114.383,2026.0
5541,42.550977777777774,-114.36502777777775,1188.0
5542,43.5399,-114.383,2026.0
5543,47.180028571428565,-122.56060714285717,71.0
5544,47.22078544871795,-114.17356346153844,889.0
5545,43.55137142857143,-118.41857142857144,1695.0
5546,42.85887976190476,-112.56182142857142,1475.0
5547,42.85887976190476,-112.56182142857142,1475.0
5548,46.9769828125,-110.5825,2531.0
5549,42.14435916666667,-109.88279166666666,2110.0
5550,42.85887976190476,-112.56182142857142,1475.0
5551,42.14435916666667,-109.88279166666666,2110.0
5552,41.67010625,-111.97226388888888,1465.0
5553,41.67010625,-111.97226388888888,1465.0
5554,46.56902916666667,-122.61433333333332,195.0
5555,46.9769828125,-110.5825,2531.0
5556,47.77183185714286,-117.54721,486.0
5557,46.035314285714286,-108.35314285714288,994.0
5558,44.051988888888886,-108.45988888888888,1518.0
5559,44.63035,-106.91325,1428.0
5560,46.28091666666667,-119.64766666666668,307.0
5561,45.83123452380952,-120.4952142857143,300.0
5562,46.596825,-119.0855,242.0
5563,46.8544,-118.4855,496.0
5564,45.74152857142857,-119.34685714285716,194.0
5565,46.772416666666665,-123.77722222222224,176.0
5566,45.72114166666667,-118.725,446.0
5567,45.602808095238096,-120.22488571428572,315.0
5568,46.56902916666667,-122.61433333333332,195.0
5569,45.690175,-121.243,385.0
5570,46.16117142857143,-122.97814285714286,1.0
5571,45.83123452380952,-120.4952142857143,300.0
5572,46.002733333333325,-123.071,370.0
5573,45.49569571428572,-122.86777916666664,63.0
5574,44.288,-122.08833333333332,1112.0
5575,45.50891136363636,-122.5293111888112,91.0
5576,47.2805,-123.089,70.0
5577,45.577925,-121.817,927.0
5578,46.27945,-118.12066666666666,402.0
5579,47.77183185714286,-117.54721,486.0
5580,45.517,-117.05825,1454.0
5581,46.53368333333333,-120.72215079365078,474.0
5582,45.83123452380952,-120.4952142857143,300.0
5583,46.596825,-119.0855,242.0
5584,46.8544,-118.4855,496.0
5585,47.31644375,-119.630625,598.0
5586,45.86293333333333,-119.64433333333334,86.0
5587,47.2362225,-122.392175,-3.0
5588,47.97983333333334,-124.17466666666668,499.0
5589,47.2805,-123.089,70.0
5590,46.772416666666665,-123.77722222222224,176.0
5591,46.772416666666665,-123.77722222222224,176.0
5592,46.16117142857143,-122.97814285714286,1.0
5593,47.31644375,-119.630625,598.0
5594,45.83123452380952,-120.4952142857143,300.0
5595,43.877629166666665,-122.776125,675.0
5596,45.249525,-122.20125,518.0
5597,45.577925,-121.817,927.0
5598,46.98936666666666,-122.18933333333332,234.0
5599,45.602808095238096,-120.22488571428572,315.0
5600,46.8544,-118.4855,496.0
5601,45.50901111111111,-118.08622222222222,1214.0
5602,45.72114166666667,-118.725,446.0
5603,45.83123452380952,-120.4952142857143,300.0
5604,47.31644375,-119.630625,598.0
5605,47.2805,-123.089,70.0
5606,46.002733333333325,-123.071,370.0
5607,46.0922,-123.526,219.0
5608,45.31820833333333,-123.77108333333332,262.0
5609,46.56902916666667,-122.61433333333332,195.0
5610,46.002733333333325,-123.071,370.0
5611,46.0922,-123.526,219.0
5612,47.31644375,-119.630625,598.0
5613,45.86293333333333,-119.64433333333334,86.0
5614,44.669125,-121.17775,732.0
5615,45.577925,-121.817,927.0
5616,45.602808095238096,-120.22488571428572,315.0
5617,44.051988888888886,-108.45988888888888,1518.0
5618,44.63035,-106.91325,1428.0
5619,44.17854166666667,-104.29951666666668,1672.0
5620,48.674890000000005,-122.84407166666666,643.0
5621,44.051988888888886,-108.45988888888888,1518.0
5622,40.59531861111111,-111.73551944444444,2827.0
5623,41.28620925925926,-112.22172222222224,1284.0
5624,41.67010625,-111.97226388888888,1465.0
5625,40.59164227272727,-110.51901818181818,2735.0
5626,44.63035,-106.91325,1428.0
5627,44.17854166666667,-104.29951666666668,1672.0
5628,42.92998,-105.9657,1610.0
5629,42.33184166666666,-104.58075,1419.0
5630,42.33184166666666,-104.58075,1419.0
5631,48.72975,-122.47925,114.0
5632,42.03519166666667,-106.628,2060.0
5633,41.195125,-104.82525,1889.0
5634,40.817875,-105.07275,1693.0
5635,41.195125,-104.82525,1889.0
5636,40.817875,-105.07275,1693.0
5637,40.8421,-103.363125,1278.0
5638,40.49682666666667,-104.61736666666668,1441.0
5639,40.511275000000005,-105.4455,3206.0
5640,40.425714444444445,-105.13446666666668,1583.0
5641,40.817875,-105.07275,1693.0
5642,47.52126666666666,-122.706,68.0
5643,47.51425972222222,-122.149375,121.0
5644,40.0737,-111.7912857142857,1381.0
5645,40.59531861111111,-111.73551944444444,2827.0
5646,40.09935,-111.54508333333334,2304.0
5647,40.58942666666667,-111.96253333333334,1376.0
5648,39.7928,-111.84933333333332,1541.0
5649,38.35637499999999,-112.64825,1872.0
5650,37.393325,-111.986,1894.0
5651,39.26343333333334,-112.50083333333332,1402.0
5652,37.38776875,-113.7224375,1360.0
5653,36.58241666666667,-113.256,1813.0
5654,47.939220000000006,-121.6891,935.0
5655,40.589375,-112.18665,2137.0
5656,40.7559,-113.541,1283.0
5657,39.26343333333334,-112.50083333333332,1402.0
5658,40.59531861111111,-111.73551944444444,2827.0
5659,40.589375,-112.18665,2137.0
5660,40.94468571428571,-111.89514285714289,1285.0
5661,40.58942666666667,-111.96253333333334,1376.0
5662,40.59164227272727,-110.51901818181818,2735.0
5663,40.0737,-111.7912857142857,1381.0
5664,39.3894,-111.09866666666666,2035.0
5665,47.2362225,-122.392175,-3.0
5666,39.17756666666667,-111.08133333333336,1795.0
5667,38.8511,-109.822,1401.0
5668,40.09935,-111.54508333333334,2304.0
5669,39.3894,-111.09866666666666,2035.0
5670,38.63441111111111,-111.83455555555555,2153.0
5671,39.26343333333334,-112.50083333333332,1402.0
5672,37.38776875,-113.7224375,1360.0
5673,38.63441111111111,-111.83455555555555,2153.0
5674,40.59531861111111,-111.73551944444444,2827.0
5675,40.09935,-111.54508333333334,2304.0
5676,47.09119333333334,-122.40193333333332,118.0
5677,40.58942666666667,-111.96253333333334,1376.0
5678,39.7928,-111.84933333333332,1541.0
5679,40.94468571428571,-111.89514285714289,1285.0
5680,40.09935,-111.54508333333334,2304.0
5681,40.58942666666667,-111.96253333333334,1376.0
5682,40.59164227272727,-110.51901818181818,2735.0
5683,39.17756666666667,-111.08133333333336,1795.0
5684,39.3201375,-111.67775,1666.0
5685,40.09935,-111.54508333333334,2304.0
5686,41.28620925925926,-112.22172222222224,1284.0
5687,46.56902916666667,-122.61433333333332,195.0
5688,40.58942666666667,-111.96253333333334,1376.0
5689,37.35405,-109.407,1545.0
5690,36.559075,-110.439,2060.0
5691,39.3201375,-111.67775,1666.0
5692,41.28620925925926,-112.22172222222224,1284.0
5693,40.59164227272727,-110.51901818181818,2735.0
5694,37.35405,-109.407,1545.0
5695,38.63441111111111,-111.83455555555555,2153.0
5696,39.7928,-111.84933333333332,1541.0
5697,39.7928,-111.84933333333332,1541.0
5698,48.42602,-122.4174,2.0
5699,40.59164227272727,-110.51901818181818,2735.0
5700,39.7928,-111.84933333333332,1541.0
5701,41.67010625,-111.97226388888888,1465.0
5702,35.38377333333333,-109.40651904761904,2011.0
5703,38.41891666666667,-108.17788888888887,2380.0
5704,37.49275,-108.8315,2027.0
5705,40.59164227272727,-110.51901818181818,2735.0
5706,36.58241666666667,-113.256,1813.0
5707,36.83546666666667,-111.2925,1588.0
5708,36.58241666666667,-113.256,1813.0
5709,48.2118,-122.5885,0.0
5710,35.03887916666667,-114.54754166666666,283.0
5711,35.0716875,-113.901375,2291.0
5712,35.30138333333333,-112.55166666666666,1638.0
5713,35.0716875,-113.901375,2291.0
5714,34.51153333333333,-114.21266666666664,827.0
5715,34.7083375,-111.81825,1121.0
5716,34.51153333333333,-114.21266666666664,827.0
5717,33.818275,-114.2015,274.0
5718,33.4705,-112.78833333333334,336.0
5719,33.33551666666667,-112.86616666666669,262.0
5720,46.9343,-120.082,508.0
5721,32.873999999999995,-114.08025,235.0
5722,33.89543333333334,-113.28533333333333,694.0
5723,32.969,-112.80591666666666,206.0
5724,34.96429555555556,-110.12708888888888,1612.0
5725,33.697,-111.209,745.0
5726,33.26503380952381,-111.7466261904762,391.0
5727,33.099666666666664,-111.33336666666668,499.0
5728,35.3185,-111.531,2039.0
5729,34.5138625,-112.364375,1886.0
5730,34.106725,-111.45275,1818.0
5731,46.53368333333333,-120.72215079365078,474.0
5732,33.80094285714286,-112.04408333333332,546.0
5733,35.30138333333333,-112.55166666666666,1638.0
5734,33.33551666666667,-112.86616666666669,262.0
5735,33.40338823529412,-112.1779411764706,300.0
5736,33.26503380952381,-111.7466261904762,391.0
5737,33.35575416666667,-112.41560416666668,324.0
5738,33.6530525974026,-112.3247012987013,365.0
5739,33.54898,-112.2062,344.0
5740,32.969,-112.80591666666666,206.0
5741,33.697,-111.209,745.0
5742,47.31644375,-119.630625,598.0
5743,33.26503380952381,-111.7466261904762,391.0
5744,35.33955,-110.7665,1507.0
5745,34.084911111111104,-110.117,2040.0
5746,35.38377333333333,-109.40651904761904,2011.0
5747,33.095733333333335,-109.2785,1345.0
5748,31.627884444444447,-110.19521111111112,1233.0
5749,32.20207196969697,-110.9222803030303,766.0
5750,32.065512500000004,-110.646375,1189.0
5751,33.61565833333333,-111.86116666666666,460.0
5752,33.472029166666665,-112.02483333333332,347.0
5753,47.71317523809524,-122.12783928571427,18.0
5754,47.815041666666666,-122.58550555555556,42.0
5755,33.26503380952381,-111.7466261904762,391.0
5756,33.11534,-112.1154,345.0
5757,36.83546666666667,-111.2925,1588.0
5758,35.30138333333333,-112.55166666666666,1638.0
5759,35.33955,-110.7665,1507.0
5760,34.5138625,-112.364375,1886.0
5761,35.30138333333333,-112.55166666666666,1638.0
5762,33.095733333333335,-109.2785,1345.0
5763,33.28768333333333,-110.75066666666667,1290.0
5764,31.41895,-109.422,1403.0
5765,47.09119333333334,-122.40193333333332,118.0
5766,35.38377333333333,-109.40651904761904,2011.0
5767,33.21875,-108.513125,2511.0
5768,32.1176,-108.485,1321.0
5769,36.559075,-110.439,2060.0
5770,35.889275,-110.34125,1902.0
5771,36.111,-112.108,1206.0
5772,36.559075,-110.439,2060.0
5773,36.111,-112.108,1206.0
5774,33.472029166666665,-112.02483333333332,347.0
5775,33.80094285714286,-112.04408333333332,546.0
5776,48.08733253968254,-122.12819047619048,41.0
5777,33.26503380952381,-111.7466261904762,391.0
5778,33.54898,-112.2062,344.0
5779,33.89543333333334,-113.28533333333333,694.0
5780,32.67330833333334,-114.6375,38.0
5781,33.40338823529412,-112.1779411764706,300.0
5782,33.80094285714286,-112.04408333333332,546.0
5783,33.35575416666667,-112.41560416666668,324.0
5784,33.54898,-112.2062,344.0
5785,33.89543333333334,-113.28533333333333,694.0
5786,33.6530525974026,-112.3247012987013,365.0
5787,48.2118,-122.5885,0.0
5788,33.80094285714286,-112.04408333333332,546.0
5789,33.35575416666667,-112.41560416666668,324.0
5790,33.6530525974026,-112.3247012987013,365.0
5791,35.889275,-110.34125,1902.0
5792,35.38377333333333,-109.40651904761904,2011.0
5793,33.099666666666664,-111.33336666666668,499.0
5794,33.28768333333333,-110.75066666666667,1290.0
5795,32.3878,-111.03289583333334,770.0
5796,33.80094285714286,-112.04408333333332,546.0
5797,34.084911111111104,-110.117,2040.0
5798,48.08733253968254,-122.12819047619048,41.0
5799,32.67330833333334,-114.6375,38.0
5800,33.28768333333333,-110.75066666666667,1290.0
5801,31.41895,-109.422,1403.0
5802,31.4595,-110.8605,1230.0
5803,32.065512500000004,-110.646375,1189.0
5804,32.86904166666666,-107.530375,1689.0
5805,33.80094285714286,-112.04408333333332,546.0
5806,33.35575416666667,-112.41560416666668,324.0
5807,33.54898,-112.2062,344.0
5808,32.969,-112.80591666666666,206.0
5809,48.714866666666666,-121.13633333333333,451.0
5810,33.6530525974026,-112.3247012987013,365.0
5811,33.54898,-112.2062,344.0
5812,33.099666666666664,-111.33336666666668,499.0
5813,32.918175,-111.76525,413.0
5814,32.78403333333333,-111.56283333333332,462.0
5815,32.78403333333333,-111.56283333333332,462.0
5816,32.78403333333333,-111.56283333333332,462.0
5817,32.1176,-108.485,1321.0
5818,35.33955,-110.7665,1507.0
5819,35.38377333333333,-109.40651904761904,2011.0
5820,48.72975,-122.47925,114.0
5821,33.6530525974026,-112.3247012987013,365.0
5822,33.11534,-112.1154,345.0
5823,32.969,-112.80591666666666,206.0
5824,33.54898,-112.2062,344.0
5825,32.78403333333333,-111.56283333333332,462.0
5826,32.3878,-111.03289583333334,770.0
5827,32.19756666666667,-111.38708333333334,932.0
5828,34.084911111111104,-110.117,2040.0
5829,35.38377333333333,-109.40651904761904,2011.0
5830,32.78403333333333,-111.56283333333332,462.0
5831,47.31644375,-119.630625,598.0
5832,32.08925,-112.3165,603.0
5833,32.20207196969697,-110.9222803030303,766.0
5834,36.73547857142857,-107.66535714285716,1935.0
5835,36.749080000000006,-108.5408,1549.0
5836,33.21875,-108.513125,2511.0
5837,35.426542857142856,-108.45170238095238,2229.0
5838,47.77183185714286,-117.54721,486.0
5839,48.75013333333334,-117.683,1037.0
5840,48.455200000000005,-120.375,1278.0
5841,47.31644375,-119.630625,598.0
5842,47.31644375,-119.630625,598.0
5843,48.75013333333334,-117.683,1037.0
5844,46.8544,-118.4855,496.0
5845,46.8544,-118.4855,496.0
5846,47.31644375,-119.630625,598.0
5847,32.20207196969697,-110.9222803030303,766.0
5848,32.19756666666667,-111.38708333333334,932.0
5849,32.2936375,-110.831875,800.0
5850,31.83627222222222,-110.96383333333334,917.0
5851,32.12414,-111.049,857.0
5852,32.2936375,-110.831875,800.0
5853,47.9469,-119.865,235.0
5854,32.065512500000004,-110.646375,1189.0
5855,31.83627222222222,-110.96383333333334,917.0
5856,32.19756666666667,-111.38708333333334,932.0
5857,32.12414,-111.049,857.0
5858,32.19756666666667,-111.38708333333334,932.0
5859,32.19756666666667,-111.38708333333334,932.0
5860,32.065512500000004,-110.646375,1189.0
5861,32.065512500000004,-110.646375,1189.0
5862,34.767831666666666,-107.20841666666666,2002.0
5863,33.199241666666666,-105.81413333333332,2190.0
5864,47.85147142857144,-122.26404761904764,118.0
5865,47.939220000000006,-121.6891,935.0
5866,35.426542857142856,-108.45170238095238,2229.0
5867,35.830145,-105.98535,1901.0
5868,37.54398333333333,-106.08316666666668,2328.0
5869,33.21875,-108.513125,2511.0
5870,32.86904166666666,-107.530375,1689.0
5871,33.199241666666666,-105.81413333333332,2190.0
5872,31.92965,-106.40422222222224,1204.0
5873,31.836896666666664,-106.52500416666668,1271.0
5874,31.91765,-105.9645,1602.0
5875,32.86904166666666,-107.530375,1689.0
5876,48.455200000000005,-120.375,1278.0
5877,35.426542857142856,-108.45170238095238,2229.0
5878,36.749080000000006,-108.5408,1549.0
5879,35.426542857142856,-108.45170238095238,2229.0
5880,35.830145,-105.98535,1901.0
5881,37.32190833333333,-107.66547222222222,2462.0
5882,37.54398333333333,-106.08316666666668,2328.0
5883,37.49275,-108.8315,2027.0
5884,35.426542857142856,-108.45170238095238,2229.0
5885,38.41891666666667,-108.17788888888887,2380.0
5886,32.1176,-108.485,1321.0
5887,48.72975,-122.47925,114.0
5888,32.86904166666666,-107.530375,1689.0
5889,32.86904166666666,-107.530375,1689.0
5890,31.836896666666664,-106.52500416666668,1271.0
5891,35.830145,-105.98535,1901.0
5892,37.27093333333334,-104.88966666666666,2545.0
5893,39.73707777777778,-105.86627777777778,3533.0
5894,39.4366375,-105.29204166666668,2396.0
5895,40.00367,-105.2911375,1741.0
5896,39.80780083333333,-104.89649166666668,1596.0
5897,40.2377,-104.88575,1453.0
5898,48.08733253968254,-122.12819047619048,41.0
5899,39.54283579545454,-105.02370454545454,1717.0
5900,39.86196666666667,-105.21233333333332,1857.0
5901,39.67946111111111,-104.94925555555557,1647.0
5902,40.425714444444445,-105.13446666666668,1583.0
5903,40.050625,-104.9555625,1563.0
5904,39.68129999999999,-106.45283333333332,2997.0
5905,39.52830833333333,-107.84291666666668,1681.0
5906,40.0013,-108.635,2170.0
5907,39.7452,-107.2525,3056.0
5908,39.05803888888889,-108.52328888888889,1403.0
5909,47.815041666666666,-122.58550555555556,42.0
5910,40.4869,-107.1685,1959.0
5911,39.4366375,-105.29204166666668,2396.0
5912,39.1228,-106.3,2860.0
5913,40.00367,-105.2911375,1741.0
5914,40.511275000000005,-105.4455,3206.0
5915,39.68129999999999,-106.45283333333332,2997.0
5916,40.4869,-107.1685,1959.0
5917,39.52830833333333,-107.84291666666668,1681.0
5918,39.68129999999999,-106.45283333333332,2997.0
5919,38.72375,-106.37275,3788.0
5920,48.714866666666666,-121.13633333333333,451.0
5921,40.49682666666667,-104.61736666666668,1441.0
5922,40.16456,-103.68413333333336,1359.0
5923,40.115766666666666,-104.53433333333334,1530.0
5924,40.382875,-102.42633333333332,1172.0
5925,40.511275000000005,-105.4455,3206.0
5926,39.54283579545454,-105.02370454545454,1717.0
5927,39.2673,-104.85325,2148.0
5928,40.4869,-107.1685,1959.0
5929,38.72375,-106.37275,3788.0
5930,38.386575,-105.4465,2327.0
5931,47.939220000000006,-121.6891,935.0
5932,37.54398333333333,-106.08316666666668,2328.0
5933,40.2377,-104.88575,1453.0
5934,40.16456,-103.68413333333336,1359.0
5935,40.115766666666666,-104.53433333333334,1530.0
5936,40.568025,-104.943,1521.0
5937,40.425714444444445,-105.13446666666668,1583.0
5938,40.2377,-104.88575,1453.0
5939,39.86196666666667,-105.21233333333332,1857.0
5940,40.511275000000005,-105.4455,3206.0
5941,40.425714444444445,-105.13446666666668,1583.0
5942,48.023025,-123.11575,622.0
5943,40.050625,-104.9555625,1563.0
5944,39.54283579545454,-105.02370454545454,1717.0
5945,40.115766666666666,-104.53433333333334,1530.0
5946,39.67946111111111,-104.94925555555557,1647.0
5947,39.73685,-104.438375,1687.0
5948,40.050625,-104.9555625,1563.0
5949,39.59332777777777,-104.7985202020202,1742.0
5950,40.008858333333336,-104.73345833333336,1548.0
5951,40.568025,-104.943,1521.0
5952,40.425714444444445,-105.13446666666668,1583.0
5953,47.09119333333334,-122.40193333333332,118.0
5954,40.050625,-104.9555625,1563.0
5955,40.817875,-105.07275,1693.0
5956,40.0013,-108.635,2170.0
5957,39.7452,-107.2525,3056.0
5958,39.05803888888889,-108.52328888888889,1403.0
5959,38.41891666666667,-108.17788888888887,2380.0
5960,38.57525555555555,-107.34561111111113,2730.0
5961,39.73685,-104.438375,1687.0
5962,39.67946111111111,-104.94925555555557,1647.0
5963,39.59332777777777,-104.7985202020202,1742.0
5964,48.36785,-119.128375,1377.0
5965,39.59332777777777,-104.7985202020202,1742.0
5966,39.232275,-104.4604,2088.0
5967,39.39006666666667,-103.32258333333334,1585.0
5968,38.5242375,-104.780625,1744.0
5969,39.73685,-104.438375,1687.0
5970,40.008858333333336,-104.73345833333336,1548.0
5971,40.425714444444445,-105.13446666666668,1583.0
5972,40.817875,-105.07275,1693.0
5973,38.95725138888889,-104.77280555555556,2091.0
5974,38.386575,-105.4465,2327.0
5975,47.39319505494506,-122.31203846153846,41.0
5976,47.31644375,-119.630625,598.0
5977,39.59332777777777,-104.7985202020202,1742.0
5978,40.008858333333336,-104.73345833333336,1548.0
5979,39.39006666666667,-103.32258333333334,1585.0
5980,39.59332777777777,-104.7985202020202,1742.0
5981,39.232275,-104.4604,2088.0
5982,39.06661666666667,-102.36633333333332,1304.0
5983,39.05803888888889,-108.52328888888889,1403.0
5984,40.425714444444445,-105.13446666666668,1583.0
5985,40.817875,-105.07275,1693.0
5986,40.817875,-105.07275,1693.0
5987,46.53368333333333,-120.72215079365078,474.0
5988,39.68129999999999,-106.45283333333332,2997.0
5989,40.4869,-107.1685,1959.0
5990,40.008858333333336,-104.73345833333336,1548.0
5991,40.817875,-105.07275,1693.0
5992,38.41891666666667,-108.17788888888887,2380.0
5993,38.57525555555555,-107.34561111111113,2730.0
5994,40.4869,-107.1685,1959.0
5995,39.232275,-104.4604,2088.0
5996,38.5242375,-104.780625,1744.0
5997,40.817875,-105.07275,1693.0
5998,47.31644375,-119.630625,598.0
5999,39.232275,-104.4604,2088.0
6000,38.77395714285715,-104.83428571428573,1873.0
6001,38.40974,-104.46779999999998,1521.0
6002,38.5242375,-104.780625,1744.0
6003,38.386575,-105.4465,2327.0
6004,37.32190833333333,-107.66547222222222,2462.0
6005,38.57525555555555,-107.34561111111113,2730.0
6006,37.49275,-108.8315,2027.0
6007,38.40974,-104.46779999999998,1521.0
6008,39.39006666666667,-103.32258333333334,1585.0
6009,46.56902916666667,-122.61433333333332,195.0
6010,38.125075,-104.731,1587.0
6011,38.5242375,-104.780625,1744.0
6012,37.855066666666666,-107.91066666666666,3081.0
6013,37.54398333333333,-106.08316666666668,2328.0
6014,37.49275,-108.8315,2027.0
6015,38.01305,-103.62375,1257.0
6016,38.125075,-104.731,1587.0
6017,37.54398333333333,-106.08316666666668,2328.0
6018,38.40974,-104.46779999999998,1521.0
6019,37.75855833333333,-102.3925,1235.0
6020,47.939220000000006,-121.6891,935.0
6021,37.54398333333333,-106.08316666666668,2328.0
6022,38.5242375,-104.780625,1744.0
6023,39.39006666666667,-103.32258333333334,1585.0
6024,38.125075,-104.731,1587.0
6025,37.54398333333333,-106.08316666666668,2328.0
6026,38.5242375,-104.780625,1744.0
6027,37.855066666666666,-107.91066666666666,3081.0
6028,37.75855833333333,-102.3925,1235.0
6029,38.5242375,-104.780625,1744.0
6030,39.39006666666667,-103.32258333333334,1585.0
6031,47.31644375,-119.630625,598.0
6032,45.49569571428572,-122.86777916666664,63.0
6033,46.0922,-123.526,219.0
6034,45.50891136363636,-122.5293111888112,91.0
6035,45.86293333333333,-119.64433333333334,86.0
6036,45.72114166666667,-118.725,446.0
6037,45.602808095238096,-120.22488571428572,315.0
6038,45.72114166666667,-118.725,446.0
6039,45.517,-117.05825,1454.0
6040,45.49569571428572,-122.86777916666664,63.0
6041,44.41821,-124.0081,3.0
6042,47.31644375,-119.630625,598.0
6043,44.486185,-122.7558,206.0
6044,45.31820833333333,-123.77108333333332,262.0
6045,45.29585,-122.61325,77.0
6046,45.50891136363636,-122.5293111888112,91.0
6047,44.64525999999999,-123.3734,547.0
6048,44.669125,-121.17775,732.0
6049,43.21790833333333,-122.10433333333332,1791.0
6050,43.55137142857143,-118.41857142857144,1695.0
6051,45.31820833333333,-123.77108333333332,262.0
6052,45.29585,-122.61325,77.0
6053,34.08954250000001,-117.261325,318.0
6054,45.50891136363636,-122.5293111888112,91.0
6055,45.602808095238096,-120.22488571428572,315.0
6056,45.31820833333333,-123.77108333333332,262.0
6057,44.64525999999999,-123.3734,547.0
6058,43.9044,-123.825,295.0
6059,44.288,-122.08833333333332,1112.0
6060,44.486185,-122.7558,206.0
6061,44.669125,-121.17775,732.0
6062,44.04456111111111,-123.22405555555557,191.0
6063,43.21790833333333,-122.10433333333332,1791.0
6064,34.094092857142854,-117.64504761904762,373.0
6065,43.0331375,-123.41125,293.0
6066,40.907266666666665,-121.9865,475.0
6067,45.72114166666667,-118.725,446.0
6068,43.55137142857143,-118.41857142857144,1695.0
6069,44.486185,-122.7558,206.0
6070,44.669125,-121.17775,732.0
6071,44.77525,-122.349,728.0
6072,44.04456111111111,-123.22405555555557,191.0
6073,45.249525,-122.20125,518.0
6074,44.669125,-121.17775,732.0
6075,33.90512589285714,-117.34332142857144,461.0
6076,45.249525,-122.20125,518.0
6077,45.50891136363636,-122.5293111888112,91.0
6078,45.50891136363636,-122.5293111888112,91.0
6079,45.577925,-121.817,927.0
6080,45.577925,-121.817,927.0
6081,45.602808095238096,-120.22488571428572,315.0
6082,42.14225,-121.64316666666669,1250.0
6083,43.4061,-123.178,239.0
6084,43.288525,-124.11516666666668,129.0
6085,31.782775,-106.2375,1215.0
6086,48.72975,-122.47925,114.0
6087,48.72975,-122.47925,114.0
6088,47.8317,-120.899,689.0
6089,46.8731,-119.97,167.0
6090,46.02766666666667,-122.26533333333332,831.0
6091,46.6462,-121.30166666666668,956.0
6092,46.14945,-119.1085,266.0
6093,46.14945,-119.1085,266.0
6094,46.14945,-119.1085,266.0
6095,46.14945,-119.1085,266.0
6096,46.24045,-117.129,710.0
6097,46.33825,-120.2395,213.0
6098,46.33825,-120.2395,213.0
6099,47.1472,-123.07433333333334,66.0
6100,46.8731,-119.97,167.0
6101,46.79628,-117.3428,748.0
6102,46.79628,-117.3428,748.0
6103,46.79628,-117.3428,748.0
6104,46.13965,-118.8965,158.0
6105,46.13965,-118.8965,158.0
6106,46.13965,-118.8965,158.0
6107,46.64393333333334,-122.85516666666666,161.0
6108,45.690175,-121.243,385.0
6109,45.690175,-121.243,385.0
6110,45.690175,-121.243,385.0
6111,47.4248,-120.327,234.0
6112,45.690175,-121.243,385.0
6113,45.690175,-121.243,385.0
6114,46.6166,-120.62528571428572,511.0
6115,46.382133333333336,-119.37933333333336,145.0
6116,46.382133333333336,-119.37933333333336,145.0
6117,46.382133333333336,-119.37933333333336,145.0
6118,46.382133333333336,-119.37933333333336,145.0
6119,46.035314285714286,-108.35314285714288,994.0
6120,46.035314285714286,-108.35314285714288,994.0
6121,46.035314285714286,-108.35314285714288,994.0
6122,47.08802,-122.3662,121.0
6123,41.52419,-110.337,1976.0
6124,41.52419,-110.337,1976.0
6125,41.52419,-110.337,1976.0
6126,41.52419,-110.337,1976.0
6127,41.52419,-110.337,1976.0
6128,41.52419,-110.337,1976.0
6129,44.051988888888886,-108.45988888888888,1518.0
6130,44.051988888888886,-108.45988888888888,1518.0
6131,44.051988888888886,-108.45988888888888,1518.0
6132,41.846375,-108.836,2125.0
6133,47.08802,-122.3662,121.0
6134,41.846375,-108.836,2125.0
6135,44.63035,-106.91325,1428.0
6136,44.22128333333333,-105.34983333333334,1397.0
6137,44.22128333333333,-105.34983333333334,1397.0
6138,44.22128333333333,-105.34983333333334,1397.0
6139,42.9355,-105.729,1623.0
6140,42.9355,-105.729,1623.0
6141,42.9355,-105.729,1623.0
6142,42.9355,-105.729,1623.0
6143,41.195125,-104.82525,1889.0
6144,47.08802,-122.3662,121.0
6145,41.195125,-104.82525,1889.0
6146,41.195125,-104.82525,1889.0
6147,41.195125,-104.82525,1889.0
6148,41.195125,-104.82525,1889.0
6149,41.195125,-104.82525,1889.0
6150,41.195125,-104.82525,1889.0
6151,41.195125,-104.82525,1889.0
6152,42.667875,-106.7915,1939.0
6153,42.667875,-106.7915,1939.0
6154,42.667875,-106.7915,1939.0
6155,47.08802,-122.3662,121.0
6156,42.06873333333333,-104.90000000000002,1423.0
6157,42.06873333333333,-104.90000000000002,1423.0
6158,41.6676,-106.02916666666664,2181.0
6159,41.6676,-106.02916666666664,2181.0
6160,41.123583333333336,-112.06116666666668,1339.0
6161,41.123583333333336,-112.06116666666668,1339.0
6162,41.123583333333336,-112.06116666666668,1339.0
6163,41.123583333333336,-112.06116666666668,1339.0
6164,39.17756666666667,-111.08133333333336,1795.0
6165,39.17756666666667,-111.08133333333336,1795.0
6166,47.08802,-122.3662,121.0
6167,39.17756666666667,-111.08133333333336,1795.0
6168,39.17756666666667,-111.08133333333336,1795.0
6169,38.0957,-112.367,2356.0
6170,38.0957,-112.367,2356.0
6171,38.0957,-112.367,2356.0
6172,39.51375,-110.4515,1699.0
6173,39.51375,-110.4515,1699.0
6174,39.51375,-110.4515,1699.0
6175,40.6578,-112.725,1297.0
6176,40.6578,-112.725,1297.0
6177,47.08802,-122.3662,121.0
6178,40.6578,-112.725,1297.0
6179,40.6578,-112.725,1297.0
6180,39.3894,-111.09866666666666,2035.0
6181,39.3894,-111.09866666666666,2035.0
6182,39.3894,-111.09866666666666,2035.0
6183,39.3894,-111.09866666666666,2035.0
6184,40.0737,-111.7912857142857,1381.0
6185,40.0737,-111.7912857142857,1381.0
6186,40.0737,-111.7912857142857,1381.0
6187,40.0737,-111.7912857142857,1381.0
6188,47.70485882352941,-122.32223529411765,81.0
6189,40.0737,-111.7912857142857,1381.0
6190,40.0737,-111.7912857142857,1381.0
6191,40.0737,-111.7912857142857,1381.0
6192,40.58942666666667,-111.96253333333334,1376.0
6193,40.58942666666667,-111.96253333333334,1376.0
6194,40.58942666666667,-111.96253333333334,1376.0
6195,40.58942666666667,-111.96253333333334,1376.0
6196,40.58942666666667,-111.96253333333334,1376.0
6197,37.1031,-112.16,1707.0
6198,37.1031,-112.16,1707.0
6199,47.8317,-120.899,689.0
6200,47.70485882352941,-122.32223529411765,81.0
6201,38.82153333333333,-111.76566666666668,2337.0
6202,38.82153333333333,-111.76566666666668,2337.0
6203,38.82153333333333,-111.76566666666668,2337.0
6204,38.82153333333333,-111.76566666666668,2337.0
6205,38.48355,-112.6565,2240.0
6206,38.48355,-112.6565,2240.0
6207,38.48355,-112.6565,2240.0
6208,41.444275,-111.8045,2076.0
6209,41.444275,-111.8045,2076.0
6210,39.49476666666667,-112.54266666666666,1447.0
6211,47.70485882352941,-122.32223529411765,81.0
6212,39.49476666666667,-112.54266666666666,1447.0
6213,39.49476666666667,-112.54266666666666,1447.0
6214,39.49476666666667,-112.54266666666666,1447.0
6215,39.663775,-110.8115,1949.0
6216,37.1737,-110.336,1431.0
6217,37.1737,-110.336,1431.0
6218,40.62856000000001,-111.7936,1546.0
6219,40.62856000000001,-111.7936,1546.0
6220,40.62856000000001,-111.7936,1546.0
6221,40.62856000000001,-111.7936,1546.0
6222,47.53017777777777,-122.08433333333332,326.0
6223,40.62856000000001,-111.7936,1546.0
6224,37.1945,-109.187,1425.0
6225,37.1945,-109.187,1425.0
6226,37.1945,-109.187,1425.0
6227,37.1945,-109.187,1425.0
6228,37.1945,-109.187,1425.0
6229,37.2169,-113.19433333333332,1135.0
6230,37.2169,-113.19433333333332,1135.0
6231,37.2169,-113.19433333333332,1135.0
6232,37.2169,-113.19433333333332,1135.0
6233,47.53017777777777,-122.08433333333332,326.0
6234,39.450125,-111.536,1770.0
6235,37.68355,-111.812,2172.0
6236,40.94468571428571,-111.89514285714289,1285.0
6237,40.94468571428571,-111.89514285714289,1285.0
6238,40.94468571428571,-111.89514285714289,1285.0
6239,41.4395,-112.557,1279.0
6240,37.1436375,-113.614875,948.0
6241,37.1436375,-113.614875,948.0
6242,37.1436375,-113.614875,948.0
6243,37.1436375,-113.614875,948.0
6244,47.53017777777777,-122.08433333333332,326.0
6245,37.1436375,-113.614875,948.0
6246,38.489875,-112.92125,1591.0
6247,40.514,-112.2615,1772.0
6248,38.6072,-109.575,1422.0
6249,38.6072,-109.575,1422.0
6250,41.295544444444445,-112.047,1290.0
6251,40.4893625,-111.759625,1844.0
6252,40.4893625,-111.759625,1844.0
6253,40.4893625,-111.759625,1844.0
6254,40.4893625,-111.759625,1844.0
6255,47.28118,-122.7336,0.0
6256,41.71906666666667,-111.84022222222222,1372.0
6257,41.71906666666667,-111.84022222222222,1372.0
6258,41.71906666666667,-111.84022222222222,1372.0
6259,40.22813333333333,-111.6055,1864.0
6260,40.22813333333333,-111.6055,1864.0
6261,40.22813333333333,-111.6055,1864.0
6262,37.5597,-113.2005,1700.0
6263,37.5597,-113.2005,1700.0
6264,40.30967142857143,-111.76585714285714,1368.0
6265,37.1113,-109.626,1504.0
6266,47.28118,-122.7336,0.0
6267,40.66803333333333,-111.65333333333336,2599.0
6268,40.66803333333333,-111.65333333333336,2599.0
6269,40.77023333333333,-111.77666666666666,1703.0
6270,40.77023333333333,-111.77666666666666,1703.0
6271,40.77023333333333,-111.77666666666666,1703.0
6272,37.6319,-113.83,1812.0
6273,40.364025,-111.913,1380.0
6274,41.64855,-112.129,1305.0
6275,39.97056666666666,-111.48466666666668,1945.0
6276,40.7857,-111.92475,1291.0
6277,47.28118,-122.7336,0.0
6278,37.75635,-109.408,2243.0
6279,40.66475,-112.1118,1591.0
6280,40.43275454545454,-109.74863636363636,1817.0
6281,35.154125,-114.54575,264.0
6282,35.154125,-114.54575,264.0
6283,35.154125,-114.54575,264.0
6284,36.89793333333333,-113.046,1521.0
6285,35.062875,-114.12975,772.0
6286,35.062875,-114.12975,772.0
6287,35.062875,-114.12975,772.0
6288,48.7326,-121.068,471.0
6289,35.062875,-114.12975,772.0
6290,35.062875,-114.12975,772.0
6291,34.3739,-114.106,455.0
6292,34.3739,-114.106,455.0
6293,34.3739,-114.106,455.0
6294,34.923633333333335,-114.54933333333334,164.0
6295,34.923633333333335,-114.54933333333334,164.0
6296,36.2669,-113.466,1978.0
6297,35.0805,-113.673,1009.0
6298,35.566875,-113.9355,886.0
6299,48.7326,-121.068,471.0
6300,33.54898,-112.2062,344.0
6301,33.54898,-112.2062,344.0
6302,33.54898,-112.2062,344.0
6303,33.54898,-112.2062,344.0
6304,33.54898,-112.2062,344.0
6305,33.54898,-112.2062,344.0
6306,33.54898,-112.2062,344.0
6307,36.877633333333335,-111.466,1337.0
6308,36.877633333333335,-111.466,1337.0
6309,36.877633333333335,-111.466,1337.0
6310,46.99704,-122.8388,61.0
6311,48.7326,-121.068,471.0
6312,36.877633333333335,-111.466,1337.0
6313,35.009966666666664,-110.19466666666666,1593.0
6314,35.009966666666664,-110.19466666666666,1593.0
6315,35.009966666666664,-110.19466666666666,1593.0
6316,35.009966666666664,-110.19466666666666,1593.0
6317,35.009966666666664,-110.19466666666666,1593.0
6318,35.009966666666664,-110.19466666666666,1593.0
6319,35.009966666666664,-110.19466666666666,1593.0
6320,33.00645,-112.69333333333331,194.0
6321,33.00645,-112.69333333333331,194.0
6322,48.6981,-121.209,336.0
6323,33.00645,-112.69333333333331,194.0
6324,33.00645,-112.69333333333331,194.0
6325,33.00645,-112.69333333333331,194.0
6326,33.00645,-112.69333333333331,194.0
6327,33.6878,-113.624,605.0
6328,33.6878,-113.624,605.0
6329,33.6878,-113.624,605.0
6330,31.613333333333333,-110.35833333333332,1369.0
6331,31.613333333333333,-110.35833333333332,1369.0
6332,31.613333333333333,-110.35833333333332,1369.0
6333,48.6981,-121.209,336.0
6334,34.634033333333335,-112.394,1548.0
6335,34.634033333333335,-112.394,1548.0
6336,34.634033333333335,-112.394,1548.0
6337,32.9434,-109.92,858.0
6338,32.9434,-109.92,858.0
6339,32.9434,-109.92,858.0
6340,36.05925,-110.9445,1645.0
6341,36.05925,-110.9445,1645.0
6342,36.05925,-110.9445,1645.0
6343,34.178133333333335,-109.92,2150.0
6344,46.9289,-122.69475,177.0
6345,34.178133333333335,-109.92,2150.0
6346,35.3185,-111.531,2039.0
6347,35.3185,-111.531,2039.0
6348,35.3185,-111.531,2039.0
6349,33.3356,-110.923,1470.0
6350,33.3356,-110.923,1470.0
6351,33.3356,-110.923,1470.0
6352,33.4705,-112.78833333333334,336.0
6353,33.4705,-112.78833333333334,336.0
6354,33.4705,-112.78833333333334,336.0
6355,46.9289,-122.69475,177.0
6356,33.4705,-112.78833333333334,336.0
6357,33.4705,-112.78833333333334,336.0
6358,33.4705,-112.78833333333334,336.0
6359,33.4705,-112.78833333333334,336.0
6360,32.81886666666667,-109.248,1345.0
6361,32.81886666666667,-109.248,1345.0
6362,32.81886666666667,-109.248,1345.0
6363,32.81886666666667,-109.248,1345.0
6364,33.0575,-114.0825,566.0
6365,33.0575,-114.0825,566.0
6366,48.4708,-122.56,30.0
6367,33.0575,-114.0825,566.0
6368,33.0575,-114.0825,566.0
6369,33.472029166666665,-112.02483333333332,347.0
6370,33.472029166666665,-112.02483333333332,347.0
6371,33.472029166666665,-112.02483333333332,347.0
6372,33.472029166666665,-112.02483333333332,347.0
6373,33.472029166666665,-112.02483333333332,347.0
6374,33.472029166666665,-112.02483333333332,347.0
6375,33.4,-113.11566666666666,326.0
6376,33.4,-113.11566666666666,326.0
6377,47.9469,-119.865,235.0
6378,33.40338823529412,-112.1779411764706,300.0
6379,33.40338823529412,-112.1779411764706,300.0
6380,33.40338823529412,-112.1779411764706,300.0
6381,33.40338823529412,-112.1779411764706,300.0
6382,32.61683333333333,-110.93366666666668,1066.0
6383,32.61683333333333,-110.93366666666668,1066.0
6384,32.61683333333333,-110.93366666666668,1066.0
6385,32.61683333333333,-110.93366666666668,1066.0
6386,32.61683333333333,-110.93366666666668,1066.0
6387,31.41895,-109.422,1403.0
6388,47.9469,-119.865,235.0
6389,31.41895,-109.422,1403.0
6390,33.68365238095238,-112.08,441.0
6391,33.68365238095238,-112.08,441.0
6392,33.68365238095238,-112.08,441.0
6393,33.68365238095238,-112.08,441.0
6394,33.68365238095238,-112.08,441.0
6395,33.68365238095238,-112.08,441.0
6396,32.0603,-109.893,1281.0
6397,32.0603,-109.893,1281.0
6398,32.0603,-109.893,1281.0
6399,47.9469,-119.865,235.0
6400,32.0603,-109.893,1281.0
6401,35.3467,-112.948,1808.0
6402,32.3775,-109.96,1297.0
6403,32.92536666666667,-111.53566666666666,432.0
6404,32.92536666666667,-111.53566666666666,432.0
6405,32.92536666666667,-111.53566666666666,432.0
6406,32.92536666666667,-111.53566666666666,432.0
6407,32.92536666666667,-111.53566666666666,432.0
6408,32.92536666666667,-111.53566666666666,432.0
6409,32.92536666666667,-111.53566666666666,432.0
6410,48.339,-122.0875,294.0
6411,32.92536666666667,-111.53566666666666,432.0
6412,33.62936666666666,-111.79833333333332,891.0
6413,33.62936666666666,-111.79833333333332,891.0
6414,33.62936666666666,-111.79833333333332,891.0
6415,35.4,-112.152,2061.0
6416,35.4,-112.152,2061.0
6417,33.697,-111.209,745.0
6418,33.697,-111.209,745.0
6419,36.4611,-110.1815,2163.0
6420,36.4611,-110.1815,2163.0
6421,46.99704,-122.8388,61.0
6422,47.7577,-122.51066666666668,124.0
6423,34.2662,-112.687,1505.0
6424,34.2662,-112.687,1505.0
6425,34.2662,-112.687,1505.0
6426,33.62859090909091,-112.39254545454546,370.0
6427,33.62859090909091,-112.39254545454546,370.0
6428,33.62859090909091,-112.39254545454546,370.0
6429,33.6316,-114.296,344.0
6430,33.6316,-114.296,344.0
6431,33.0103,-113.39933333333332,162.0
6432,36.111,-112.108,1206.0
6433,46.9955,-120.194,888.0
6434,34.27735,-111.3835,1344.0
6435,34.27735,-111.3835,1344.0
6436,34.27735,-111.3835,1344.0
6437,34.27735,-111.3835,1344.0
6438,33.26683333333333,-112.45233333333331,305.0
6439,33.26683333333333,-112.45233333333331,305.0
6440,33.26683333333333,-112.45233333333331,305.0
6441,34.56932,-110.2166,1814.0
6442,34.56932,-110.2166,1814.0
6443,34.56932,-110.2166,1814.0
6444,46.9955,-120.194,888.0
6445,36.65705,-110.6965,1984.0
6446,34.51175,-113.0905,844.0
6447,33.46181428571428,-111.51871428571428,623.0
6448,33.46181428571428,-111.51871428571428,623.0
6449,33.11534,-112.1154,345.0
6450,33.11534,-112.1154,345.0
6451,33.255250000000004,-110.2715,865.0
6452,31.7829,-110.1035,1312.0
6453,33.42265833333334,-111.88841666666669,361.0
6454,33.42265833333334,-111.88841666666669,361.0
6455,47.69176,-122.064,120.0
6456,33.42265833333334,-111.88841666666669,361.0
6457,32.61901666666667,-114.596,61.0
6458,32.61901666666667,-114.596,61.0
6459,32.5517,-111.3,580.0
6460,32.5517,-111.3,580.0
6461,32.5517,-111.3,580.0
6462,35.4901,-110.929,1501.0
6463,33.183,-111.4684,482.0
6464,33.183,-111.4684,482.0
6465,36.00865,-110.4865,1780.0
6466,47.04505,-123.1375,140.0
6467,33.3726,-109.309,1901.0
6468,33.601949999999995,-111.924,425.0
6469,34.40335,-112.1515,1215.0
6470,34.40335,-112.1515,1215.0
6471,33.7921,-109.923,1660.0
6472,33.352850000000004,-111.76625,380.0
6473,33.352850000000004,-111.76625,380.0
6474,33.352850000000004,-111.76625,380.0
6475,33.352850000000004,-111.76625,380.0
6476,34.0158,-112.938,755.0
6477,47.04505,-123.1375,140.0
6478,35.15745,-112.555,1588.0
6479,34.751866666666665,-112.225,1754.0
6480,35.3136,-109.97,1689.0
6481,31.487420000000004,-110.1238,1260.0
6482,31.487420000000004,-110.1238,1260.0
6483,31.487420000000004,-110.1238,1260.0
6484,34.5902,-111.7655,1183.0
6485,35.7699,-110.196,2007.0
6486,33.444675000000004,-112.378875,296.0
6487,32.86975,-111.807,417.0
6488,47.04505,-123.1375,140.0
6489,32.86975,-111.807,417.0
6490,32.86975,-111.807,417.0
6491,32.9666,-111.7235,458.0
6492,32.1891,-110.316,1013.0
6493,33.22328,-111.6622,420.0
6494,34.392199999999995,-109.39185714285716,1821.0
6495,34.392199999999995,-109.39185714285716,1821.0
6496,34.392199999999995,-109.39185714285716,1821.0
6497,36.41946,-109.4591,1756.0
6498,36.41946,-109.4591,1756.0
6499,46.7918,-123.042,39.0
6500,36.41946,-109.4591,1756.0
6501,36.41946,-109.4591,1756.0
6502,35.339659999999995,-109.3686,2018.0
6503,35.339659999999995,-109.3686,2018.0
6504,47.48515,-117.645,759.0
6505,48.1818,-118.87,748.0
6506,48.1818,-118.87,748.0
6507,48.1818,-118.87,748.0
6508,48.1818,-118.87,748.0
6509,48.1818,-118.87,748.0
6510,47.60757777777778,-122.298,88.0
6511,46.77385,-119.212,275.0
6512,46.77385,-119.212,275.0
6513,48.61626666666667,-117.983,712.0
6514,48.61626666666667,-117.983,712.0
6515,48.13162,-117.3868,686.0
6516,48.13162,-117.3868,686.0
6517,46.4198,-118.959,236.0
6518,47.67685,-117.2685,605.0
6519,47.67685,-117.2685,605.0
6520,46.8544,-118.4855,496.0
6521,47.60757777777778,-122.298,88.0
6522,48.455200000000005,-120.375,1278.0
6523,47.740564285714285,-117.452,720.0
6524,48.5539,-119.38675,714.0
6525,32.164227272727274,-110.89572727272729,803.0
6526,32.164227272727274,-110.89572727272729,803.0
6527,32.164227272727274,-110.89572727272729,803.0
6528,32.164227272727274,-110.89572727272729,803.0
6529,32.164227272727274,-110.89572727272729,803.0
6530,32.164227272727274,-110.89572727272729,803.0
6531,31.3635,-110.8745,1276.0
6532,48.5478,-121.741,153.0
6533,47.5286,-122.8435,181.0
6534,32.2936375,-110.831875,800.0
6535,32.2936375,-110.831875,800.0
6536,32.2936375,-110.831875,800.0
6537,31.9901,-110.562,1100.0
6538,31.9997,-112.008,652.0
6539,31.9997,-112.008,652.0
6540,32.4681,-111.425,644.0
6541,31.8328,-111.451,958.0
6542,32.2918,-111.28525,649.0
6543,32.2918,-111.28525,649.0
6544,47.094366666666666,-122.43766666666666,126.0
6545,31.5555,-110.8465,1346.0
6546,31.5555,-110.8465,1346.0
6547,31.976366666666667,-110.882,853.0
6548,32.3575,-111.098125,645.0
6549,32.3575,-111.098125,645.0
6550,31.76125,-111.1255,1039.0
6551,32.140925,-110.73075,893.0
6552,32.239916666666666,-110.94883333333333,743.0
6553,32.239916666666666,-110.94883333333333,743.0
6554,36.7458,-107.253,2261.0
6555,47.094366666666666,-122.43766666666666,126.0
6556,36.7458,-107.253,2261.0
6557,36.7458,-107.253,2261.0
6558,36.7458,-107.253,2261.0
6559,32.40955,-107.63075,1422.0
6560,32.40955,-107.63075,1422.0
6561,32.40955,-107.63075,1422.0
6562,32.40955,-107.63075,1422.0
6563,32.40955,-107.63075,1422.0
6564,32.40955,-107.63075,1422.0
6565,34.9575,-108.5875,2277.0
6566,47.2011875,-122.336125,6.0
6567,34.9575,-108.5875,2277.0
6568,34.53958333333333,-106.80783333333332,1500.0
6569,34.53958333333333,-106.80783333333332,1500.0
6570,34.53958333333333,-106.80783333333332,1500.0
6571,34.53958333333333,-106.80783333333332,1500.0
6572,33.32853333333333,-107.43,1641.0
6573,32.9015,-106.0346,1279.0
6574,32.9015,-106.0346,1279.0
6575,32.9015,-106.0346,1279.0
6576,32.9015,-106.0346,1279.0
6577,48.649,-121.691,211.0
6578,34.99608,-107.609,1962.0
6579,34.99608,-107.609,1962.0
6580,34.646925,-106.0225,1851.0
6581,34.646925,-106.0225,1851.0
6582,34.646925,-106.0225,1851.0
6583,32.30788571428571,-106.79464285714286,1183.0
6584,32.30788571428571,-106.79464285714286,1183.0
6585,32.30788571428571,-106.79464285714286,1183.0
6586,36.72515714285714,-108.07771428571428,1716.0
6587,36.72515714285714,-108.07771428571428,1716.0
6588,48.649,-121.691,211.0
6589,36.72515714285714,-108.07771428571428,1716.0
6590,36.72515714285714,-108.07771428571428,1716.0
6591,36.72515714285714,-108.07771428571428,1716.0
6592,35.24002142857143,-106.76185714285714,1717.0
6593,35.24002142857143,-106.76185714285714,1717.0
6594,35.24002142857143,-106.76185714285714,1717.0
6595,35.688428571428574,-108.77285714285712,1938.0
6596,35.688428571428574,-108.77285714285712,1938.0
6597,35.11489677419355,-106.51364516129031,1719.0
6598,35.11489677419355,-106.51364516129031,1719.0
6599,47.89757142857143,-122.26014285714288,161.0
6600,35.11489677419355,-106.51364516129031,1719.0
6601,35.5753,-104.898,2018.0
6602,36.00962,-106.16400000000002,2002.0
6603,32.6718,-108.21625,1675.0
6604,36.749080000000006,-108.5408,1549.0
6605,36.749080000000006,-108.5408,1549.0
6606,31.9595625,-106.584125,1185.0
6607,31.9595625,-106.584125,1185.0
6608,31.9595625,-106.584125,1185.0
6609,31.9595625,-106.584125,1185.0
6610,47.89757142857143,-122.26014285714288,161.0
6611,31.9595625,-106.584125,1185.0
6612,36.48626,-105.5078,3343.0
6613,36.48626,-105.5078,3343.0
6614,36.48626,-105.5078,3343.0
6615,39.6722,-105.0004,1609.0
6616,39.6722,-105.0004,1609.0
6617,39.6722,-105.0004,1609.0
6618,39.6722,-105.0004,1609.0
6619,39.6722,-105.0004,1609.0
6620,39.6722,-105.0004,1609.0
6621,47.71461428571428,-122.19085714285714,52.0
6622,39.6722,-105.0004,1609.0
6623,40.5625,-107.6335,2112.0
6624,40.5625,-107.6335,2112.0
6625,40.5625,-107.6335,2112.0
6626,40.5625,-107.6335,2112.0
6627,40.92305,-102.9205,1238.0
6628,40.92305,-102.9205,1238.0
6629,40.92305,-102.9205,1238.0
6630,40.92305,-102.9205,1238.0
6631,39.60815555555556,-104.7482222222222,1793.0
6632,47.71461428571428,-122.19085714285714,52.0
6633,39.60815555555556,-104.7482222222222,1793.0
6634,39.60815555555556,-104.7482222222222,1793.0
6635,39.60815555555556,-104.7482222222222,1793.0
6636,40.4869,-107.1685,1959.0
6637,40.4869,-107.1685,1959.0
6638,40.4869,-107.1685,1959.0
6639,40.4869,-107.1685,1959.0
6640,40.4869,-107.1685,1959.0
6641,39.525866666666666,-107.62933333333336,1721.0
6642,39.525866666666666,-107.62933333333336,1721.0
6643,48.5478,-121.741,153.0
6644,48.0007,-121.598,705.0
6645,39.525866666666666,-107.62933333333336,1721.0
6646,39.525866666666666,-107.62933333333336,1721.0
6647,39.525866666666666,-107.62933333333336,1721.0
6648,39.525866666666666,-107.62933333333336,1721.0
6649,40.2377,-104.88575,1453.0
6650,40.2377,-104.88575,1453.0
6651,40.2377,-104.88575,1453.0
6652,40.2377,-104.88575,1453.0
6653,40.2377,-104.88575,1453.0
6654,40.2377,-104.88575,1453.0
6655,47.57265,-122.638,29.0
6656,40.2377,-104.88575,1453.0
6657,40.2377,-104.88575,1453.0
6658,40.2377,-104.88575,1453.0
6659,39.4965625,-104.9775,1790.0
6660,39.4965625,-104.9775,1790.0
6661,39.4965625,-104.9775,1790.0
6662,40.362525,-105.286,2004.0
6663,40.362525,-105.286,2004.0
6664,40.362525,-105.286,2004.0
6665,40.362525,-105.286,2004.0
6666,47.939325,-122.56225,0.0
6667,38.867025,-105.2205,2677.0
6668,38.867025,-105.2205,2677.0
6669,39.59846666666667,-106.58666666666666,2642.0
6670,39.59846666666667,-106.58666666666666,2642.0
6671,39.59846666666667,-106.58666666666666,2642.0
6672,39.59846666666667,-106.58666666666666,2642.0
6673,40.11365,-102.474,1179.0
6674,40.19558,-103.6704,1326.0
6675,40.19558,-103.6704,1326.0
6676,40.19558,-103.6704,1326.0
6677,47.1717,-122.923,55.0
6678,40.19558,-103.6704,1326.0
6679,40.9635,-103.3475,1431.0
6680,40.9635,-103.3475,1431.0
6681,39.68672222222222,-104.89811111111112,1655.0
6682,39.68672222222222,-104.89811111111112,1655.0
6683,39.68672222222222,-104.89811111111112,1655.0
6684,39.68672222222222,-104.89811111111112,1655.0
6685,39.68672222222222,-104.89811111111112,1655.0
6686,39.68114,-105.21779999999998,2130.0
6687,39.68114,-105.21779999999998,2130.0
6688,47.11445714285714,-122.59271428571428,84.0
6689,39.68114,-105.21779999999998,2130.0
6690,39.68114,-105.21779999999998,2130.0
6691,39.68114,-105.21779999999998,2130.0
6692,39.68114,-105.21779999999998,2130.0
6693,39.68114,-105.21779999999998,2130.0
6694,40.081966666666666,-104.77066666666668,1533.0
6695,40.081966666666666,-104.77066666666668,1533.0
6696,40.081966666666666,-104.77066666666668,1533.0
6697,40.081966666666666,-104.77066666666668,1533.0
6698,40.081966666666666,-104.77066666666668,1533.0
6699,47.49834166666667,-122.21441666666668,7.0
6700,40.081966666666666,-104.77066666666668,1533.0
6701,39.780175,-104.804375,1635.0
6702,39.780175,-104.804375,1635.0
6703,39.780175,-104.804375,1635.0
6704,39.780175,-104.804375,1635.0
6705,39.780175,-104.804375,1635.0
6706,39.780175,-104.804375,1635.0
6707,39.18745,-107.1325,3407.0
6708,39.18745,-107.1325,3407.0
6709,39.84709,-104.9156,1564.0
6710,47.82616,-122.055,77.0
6711,39.84709,-104.9156,1564.0
6712,39.84709,-104.9156,1564.0
6713,39.84709,-104.9156,1564.0
6714,39.84709,-104.9156,1564.0
6715,40.1627,-106.621,3203.0
6716,39.7452,-107.2525,3056.0
6717,40.4749,-106.804,2154.0
6718,40.37648,-104.77060000000002,1469.0
6719,40.37648,-104.77060000000002,1469.0
6720,40.37648,-104.77060000000002,1469.0
6721,47.87774,-121.7802,74.0
6722,40.37648,-104.77060000000002,1469.0
6723,40.088033333333335,-105.84333333333336,2660.0
6724,40.088033333333335,-105.84333333333336,2660.0
6725,40.088033333333335,-105.84333333333336,2660.0
6726,39.12223333333333,-108.735,1443.0
6727,39.86196666666667,-105.21233333333332,1857.0
6728,39.86196666666667,-105.21233333333332,1857.0
6729,39.86196666666667,-105.21233333333332,1857.0
6730,40.568025,-104.943,1521.0
6731,40.568025,-104.943,1521.0
6732,48.42602,-122.4174,2.0
6733,40.568025,-104.943,1521.0
6734,40.568025,-104.943,1521.0
6735,39.53075,-108.0565,2543.0
6736,39.53075,-108.0565,2543.0
6737,39.53075,-108.0565,2543.0
6738,40.113,-104.937,1515.0
6739,40.113,-104.937,1515.0
6740,40.113,-104.937,1515.0
6741,40.113,-104.937,1515.0
6742,39.2673,-104.85325,2148.0
6743,35.05715555555556,-118.32755555555556,1230.0
6744,39.2673,-104.85325,2148.0
6745,39.2673,-104.85325,2148.0
6746,39.2673,-104.85325,2148.0
6747,39.2673,-104.85325,2148.0
6748,39.93575,-104.69625,1585.0
6749,39.93575,-104.69625,1585.0
6750,39.93575,-104.69625,1585.0
6751,39.11303333333333,-108.51766666666668,1469.0
6752,39.11303333333333,-108.51766666666668,1469.0
6753,39.77085,-104.2495,1581.0
6754,48.5478,-121.741,153.0
6755,35.05715555555556,-118.32755555555556,1230.0
6756,39.77085,-104.2495,1581.0
6757,40.42945,-105.559,2937.0
6758,39.7961375,-104.9695,1567.0
6759,39.7961375,-104.9695,1567.0
6760,39.7961375,-104.9695,1567.0
6761,39.7961375,-104.9695,1567.0
6762,40.92095,-103.9025,1598.0
6763,40.92095,-103.9025,1598.0
6764,40.92095,-103.9025,1598.0
6765,39.76413333333333,-106.319,3571.0
6766,35.05715555555556,-118.32755555555556,1230.0
6767,39.8858,-105.05728571428573,1630.0
6768,39.8858,-105.05728571428573,1630.0
6769,39.8858,-105.05728571428573,1630.0
6770,39.8858,-105.05728571428573,1630.0
6771,40.24986,-105.1134,1583.0
6772,40.24986,-105.1134,1583.0
6773,39.77627142857143,-105.0897142857143,1649.0
6774,39.77627142857143,-105.0897142857143,1649.0
6775,39.77627142857143,-105.0897142857143,1649.0
6776,40.42908333333333,-105.0895,1539.0
6777,35.05715555555556,-118.32755555555556,1230.0
6778,40.42908333333333,-105.0895,1539.0
6779,39.5785,-104.84881818181816,1774.0
6780,39.1228,-106.3,2860.0
6781,39.1228,-106.3,2860.0
6782,39.1228,-106.3,2860.0
6783,39.1228,-106.3,2860.0
6784,40.0013,-108.635,2170.0
6785,39.98564,-105.3864,2414.0
6786,39.391975,-105.18375,1965.0
6787,40.3774,-104.5705,1421.0
6788,35.05715555555556,-118.32755555555556,1230.0
6789,40.3774,-104.5705,1421.0
6790,38.93885,-108.3172,1652.0
6791,38.93885,-108.3172,1652.0
6792,38.93885,-108.3172,1652.0
6793,39.481300000000005,-105.40033333333334,2572.0
6794,40.74185,-105.4915,2308.0
6795,39.70285,-104.62725,1750.0
6796,39.70285,-104.62725,1750.0
6797,39.98825,-104.974125,1582.0
6798,39.65815,-105.7235,3644.0
6799,35.05715555555556,-118.32755555555556,1230.0
6800,38.948725,-104.70716666666668,2125.0
6801,38.948725,-104.70716666666668,2125.0
6802,38.948725,-104.70716666666668,2125.0
6803,38.41205,-107.9295,1949.0
6804,38.41205,-107.9295,1949.0
6805,38.41205,-107.9295,1949.0
6806,38.41205,-107.9295,1949.0
6807,38.47186666666666,-107.50033333333332,2857.0
6808,38.47186666666666,-107.50033333333332,2857.0
6809,38.47186666666666,-107.50033333333332,2857.0
6810,35.05715555555556,-118.32755555555556,1230.0
6811,38.47186666666666,-107.50033333333332,2857.0
6812,37.5634,-104.835,2041.0
6813,37.5634,-104.835,2041.0
6814,37.5634,-104.835,2041.0
6815,38.77395714285715,-104.83428571428573,1873.0
6816,38.77395714285715,-104.83428571428573,1873.0
6817,38.77395714285715,-104.83428571428573,1873.0
6818,39.33563333333333,-102.27666666666666,1264.0
6819,39.33563333333333,-102.27666666666666,1264.0
6820,39.33563333333333,-102.27666666666666,1264.0
6821,34.09496,-117.9604,121.0
6822,38.386575,-105.4465,2327.0
6823,38.386575,-105.4465,2327.0
6824,38.386575,-105.4465,2327.0
6825,38.386575,-105.4465,2327.0
6826,37.49275,-108.8315,2027.0
6827,37.49275,-108.8315,2027.0
6828,37.49275,-108.8315,2027.0
6829,37.91875,-103.369,1303.0
6830,37.91875,-103.369,1303.0
6831,39.4001,-104.5203,1929.0
6832,34.09496,-117.9604,121.0
6833,39.4001,-104.5203,1929.0
6834,37.60403333333333,-102.736,1389.0
6835,37.60403333333333,-102.736,1389.0
6836,37.60403333333333,-102.736,1389.0
6837,37.60403333333333,-102.736,1389.0
6838,37.34553333333333,-106.00766666666668,2325.0
6839,37.34553333333333,-106.00766666666668,2325.0
6840,38.194325,-104.6165,1481.0
6841,38.194325,-104.6165,1481.0
6842,38.194325,-104.6165,1481.0
6843,34.09496,-117.9604,121.0
6844,38.10735,-103.8785,1308.0
6845,38.40974,-104.46779999999998,1521.0
6846,38.40974,-104.46779999999998,1521.0
6847,38.40974,-104.46779999999998,1521.0
6848,38.40974,-104.46779999999998,1521.0
6849,38.40974,-104.46779999999998,1521.0
6850,38.1543,-102.076,1124.0
6851,38.9357,-106.6515,3232.0
6852,38.055825,-104.8455,1742.0
6853,37.855066666666666,-107.91066666666666,3081.0
6854,34.09496,-117.9604,121.0
6855,39.4341,-103.033,1464.0
6856,38.410525,-104.87725,1627.0
6857,38.96577777777778,-104.83844444444443,1978.0
6858,38.96577777777778,-104.83844444444443,1978.0
6859,39.06445,-104.4005,2031.0
6860,37.2314,-108.16766666666666,2228.0
6861,37.4008,-107.138,2449.0
6862,37.4008,-107.138,2449.0
6863,45.5629,-122.012,1065.0
6864,45.5629,-122.012,1065.0
6865,48.5478,-121.741,153.0
6866,34.09496,-117.9604,121.0
6867,45.74152857142857,-119.34685714285716,194.0
6868,45.74152857142857,-119.34685714285716,194.0
6869,45.74152857142857,-119.34685714285716,194.0
6870,45.3353,-118.2,1111.0
6871,45.29585,-122.61325,77.0
6872,45.29585,-122.61325,77.0
6873,45.29585,-122.61325,77.0
6874,45.29585,-122.61325,77.0
6875,45.29585,-122.61325,77.0
6876,44.17995714285714,-121.23114285714288,982.0
6877,34.09496,-117.9604,121.0
6878,44.17995714285714,-121.23114285714288,982.0
6879,44.17995714285714,-121.23114285714288,982.0
6880,44.17995714285714,-121.23114285714288,982.0
6881,44.67822,-123.9612,79.0
6882,44.67822,-123.9612,79.0
6883,44.67822,-123.9612,79.0
6884,44.67822,-123.9612,79.0
6885,45.54215,-122.61707692307692,74.0
6886,45.54215,-122.61707692307692,74.0
6887,45.54215,-122.61707692307692,74.0
6888,36.262933333333336,-119.19533333333334,106.0
6889,45.54215,-122.61707692307692,74.0
6890,45.54215,-122.61707692307692,74.0
6891,45.54215,-122.61707692307692,74.0
6892,44.4751,-118.99,1276.0
6893,44.4751,-118.99,1276.0
6894,45.56751428571429,-120.22385714285714,341.0
6895,45.56751428571429,-120.22385714285714,341.0
6896,45.56751428571429,-120.22385714285714,341.0
6897,45.56751428571429,-120.22385714285714,341.0
6898,44.288,-122.08833333333332,1112.0
6899,36.262933333333336,-119.19533333333334,106.0
6900,44.288,-122.08833333333332,1112.0
6901,44.288,-122.08833333333332,1112.0
6902,44.288,-122.08833333333332,1112.0
6903,45.09715,-123.7325,262.0
6904,45.09715,-123.7325,262.0
6905,44.64525999999999,-123.3734,547.0
6906,44.64525999999999,-123.3734,547.0
6907,44.0797,-122.953,208.0
6908,44.0797,-122.953,208.0
6909,44.0797,-122.953,208.0
6910,36.262933333333336,-119.19533333333334,106.0
6911,44.0797,-122.953,208.0
6912,44.0797,-122.953,208.0
6913,43.9063,-123.234,296.0
6914,43.9063,-123.234,296.0
6915,43.9063,-123.234,296.0
6916,43.9063,-123.234,296.0
6917,45.249525,-122.20125,518.0
6918,45.249525,-122.20125,518.0
6919,44.1081,-123.331,127.0
6920,44.1081,-123.331,127.0
6921,33.516133333333336,-117.34433333333334,761.0
6922,45.92613333333333,-118.614,476.0
6923,45.92613333333333,-118.614,476.0
6924,45.86293333333333,-119.64433333333334,86.0
6925,45.158460000000005,-123.2106,40.0
6926,45.158460000000005,-123.2106,40.0
6927,45.158460000000005,-123.2106,40.0
6928,45.53926666666666,-123.80966666666666,463.0
6929,44.77525,-122.349,728.0
6930,44.77525,-122.349,728.0
6931,44.77525,-122.349,728.0
6932,33.516133333333336,-117.34433333333334,761.0
6933,43.71185,-122.366,1208.0
6934,44.1582,-124.055,394.0
6935,46.13746666666666,-123.128,161.0
6936,46.13746666666666,-123.128,161.0
6937,44.56792,-122.8966,99.0
6938,44.56792,-122.8966,99.0
6939,44.56792,-122.8966,99.0
6940,44.1967,-120.661,1163.0
6941,45.4398,-122.7664375,54.0
6942,45.4398,-122.7664375,54.0
6943,33.516133333333336,-117.34433333333334,761.0
6944,43.7615,-121.433,1307.0
6945,46.0922,-123.526,219.0
6946,43.93966666666668,-122.784,286.0
6947,43.93966666666668,-122.784,286.0
6948,43.93966666666668,-122.784,286.0
6949,43.93966666666668,-122.784,286.0
6950,43.93966666666668,-122.784,286.0
6951,43.93966666666668,-122.784,286.0
6952,45.446057142857136,-123.001,52.0
6953,45.446057142857136,-123.001,52.0
6954,34.207939999999994,-119.0146,42.0
6955,45.446057142857136,-123.001,52.0
6956,45.446057142857136,-123.001,52.0
6957,45.3692,-116.8235,1481.0
6958,45.03927777777778,-122.87033333333336,58.0
6959,45.56766,-120.5508,457.0
6960,45.56766,-120.5508,457.0
6961,44.11928333333333,-123.10716666666669,116.0
6962,45.6648,-117.293,1424.0
6963,44.73366666666666,-123.08633333333334,58.0
6964,45.31903333333333,-117.78166666666668,1093.0
6965,34.207939999999994,-119.0146,42.0
6966,45.868,-123.014,499.0
6967,44.669125,-121.17775,732.0
6968,44.669125,-121.17775,732.0
6969,31.91765,-105.9645,1602.0
6970,31.943166666666663,-106.39433333333334,1203.0
6971,31.943166666666663,-106.39433333333334,1203.0
6972,31.84918,-106.4804,1469.0
6973,31.84918,-106.4804,1469.0
6974,31.84918,-106.4804,1469.0
6975,31.84918,-106.4804,1469.0
6976,47.62016666666667,-122.2015,52.0
6977,34.207939999999994,-119.0146,42.0
6978,31.84918,-106.4804,1469.0
6979,31.84918,-106.4804,1469.0
6980,31.6989,-106.32244,1121.0
6981,31.6989,-106.32244,1121.0
6982,31.6989,-106.32244,1121.0
6983,31.6989,-106.32244,1121.0
6984,31.864833333333333,-106.38833333333332,1188.0
6985,31.864833333333333,-106.38833333333332,1188.0
6986,31.8734,-106.568,1213.0
6987,31.7623,-106.216,1223.0
6988,34.207939999999994,-119.0146,42.0
6989,31.7623,-106.216,1223.0
6990,31.624266666666667,-106.28466666666668,1107.0
6991,31.624266666666667,-106.28466666666668,1107.0
6992,31.624266666666667,-106.28466666666668,1107.0
6993,31.624266666666667,-106.28466666666668,1107.0
6994,31.80325,-106.259,1209.0
6995,31.80325,-106.259,1209.0
6996,31.78811,-106.5266125,1141.0
6997,31.2709,-105.234,1435.0
6998,31.41605,-105.978,1171.0
6999,34.207939999999994,-119.0146,42.0
7000,31.98095,-106.43,1229.0
7001,31.7683,-106.36683333333332,1183.0
7002,43.278525,-122.433,1080.0
7003,43.278525,-122.433,1080.0
7004,43.278525,-122.433,1080.0
7005,42.0936,-122.07,1047.0
7006,42.0936,-122.07,1047.0
7007,42.0936,-122.07,1047.0
7008,42.0936,-122.07,1047.0
7009,43.9044,-123.825,295.0
7010,34.207939999999994,-119.0146,42.0
7011,43.3533,-124.12066666666668,56.0
7012,43.3533,-124.12066666666668,56.0
7013,43.3533,-124.12066666666668,56.0
7014,42.42608333333333,-122.84166666666664,404.0
7015,42.42608333333333,-122.84166666666664,404.0
7016,42.42608333333333,-122.84166666666664,404.0
7017,42.42608333333333,-122.84166666666664,404.0
7018,42.42608333333333,-122.84166666666664,404.0
7019,42.4035,-122.148,1573.0
7020,42.4035,-122.148,1573.0
7021,34.207939999999994,-119.0146,42.0
7022,42.0675,-123.56,981.0
7023,42.0675,-123.56,981.0
7024,42.0675,-123.56,981.0
7025,42.9024,-123.3615,547.0
7026,42.9024,-123.3615,547.0
7027,42.6655,-124.261,804.0
7028,42.6655,-124.261,804.0
7029,43.4061,-123.178,239.0
7030,42.533683333333336,-123.3785,362.0
7031,42.533683333333336,-123.3785,362.0
7032,34.37436666666667,-118.20066666666666,1681.0
7033,42.533683333333336,-123.3785,362.0
7034,42.13616666666667,-121.5,1255.0
7035,42.13616666666667,-121.5,1255.0
7036,42.13616666666667,-121.5,1255.0
7037,42.13616666666667,-121.5,1255.0
7038,42.13616666666667,-121.5,1255.0
7039,43.3558,-122.249,1021.0
7040,43.1212,-123.912,586.0
7041,42.2417,-122.677,910.0
7042,42.14833333333333,-121.78633333333332,1247.0
7043,34.37436666666667,-118.20066666666666,1681.0
7044,42.14833333333333,-121.78633333333332,1247.0
7045,42.14833333333333,-121.78633333333332,1247.0
7046,42.1441,-124.125,451.0
7047,42.1441,-124.125,451.0
7048,42.27125,-123.03025,692.0
7049,43.55137142857143,-118.41857142857144,1695.0
7050,40.41165,-120.59575,1305.0
7051,40.41165,-120.59575,1305.0
7052,41.59601666666666,-122.51483333333331,793.0
7053,41.59601666666666,-122.51483333333331,793.0
7054,34.37436666666667,-118.20066666666666,1681.0
7055,41.6083,-121.0005,1531.0
7056,40.74415,-124.16683333333332,77.0
7057,40.74415,-124.16683333333332,77.0
7058,40.74415,-124.16683333333332,77.0
7059,40.74415,-124.16683333333332,77.0
7060,37.7527,-120.3595,264.0
7061,37.7527,-120.3595,264.0
7062,37.7527,-120.3595,264.0
7063,37.7527,-120.3595,264.0
7064,37.7527,-120.3595,264.0
7065,34.37436666666667,-118.20066666666666,1681.0
7066,37.7527,-120.3595,264.0
7067,37.7527,-120.3595,264.0
7068,37.76374,-121.1583,14.0
7069,37.76374,-121.1583,14.0
7070,37.76374,-121.1583,14.0
7071,37.76374,-121.1583,14.0
7072,37.76374,-121.1583,14.0
7073,37.76374,-121.1583,14.0
7074,39.9166,-120.397,1684.0
7075,39.0129,-120.6605,988.0
7076,34.37436666666667,-118.20066666666666,1681.0
7077,39.0129,-120.6605,988.0
7078,39.0129,-120.6605,988.0
7079,39.0129,-120.6605,988.0
7080,40.15045,-122.1245,81.0
7081,40.15045,-122.1245,81.0
7082,40.15045,-122.1245,81.0
7083,40.15045,-122.1245,81.0
7084,36.16605,-120.417,284.0
7085,36.16605,-120.417,284.0
7086,36.16605,-120.417,284.0
7087,47.62016666666667,-122.2015,52.0
7088,34.37436666666667,-118.20066666666666,1681.0
7089,36.263666666666666,-119.64116666666666,69.0
7090,36.263666666666666,-119.64116666666666,69.0
7091,36.263666666666666,-119.64116666666666,69.0
7092,38.48015,-122.60266666666666,321.0
7093,38.48015,-122.60266666666666,321.0
7094,38.48015,-122.60266666666666,321.0
7095,38.48015,-122.60266666666666,321.0
7096,38.48015,-122.60266666666666,321.0
7097,38.48015,-122.60266666666666,321.0
7098,38.48015,-122.60266666666666,321.0
7099,34.37436666666667,-118.20066666666666,1681.0
7100,38.46382222222222,-122.80411111111113,30.0
7101,38.46382222222222,-122.80411111111113,30.0
7102,38.46382222222222,-122.80411111111113,30.0
7103,35.0431,-120.60675,23.0
7104,35.0431,-120.60675,23.0
7105,35.0431,-120.60675,23.0
7106,35.0431,-120.60675,23.0
7107,35.0431,-120.60675,23.0
7108,35.0431,-120.60675,23.0
7109,40.11573333333333,-121.16266666666668,1440.0
7110,35.5847,-119.461,84.0
7111,40.11573333333333,-121.16266666666668,1440.0
7112,40.11573333333333,-121.16266666666668,1440.0
7113,40.11573333333333,-121.16266666666668,1440.0
7114,40.11573333333333,-121.16266666666668,1440.0
7115,40.11573333333333,-121.16266666666668,1440.0
7116,40.11573333333333,-121.16266666666668,1440.0
7117,38.5095,-120.34633333333332,1503.0
7118,36.9924,-121.51171428571428,48.0
7119,36.9924,-121.51171428571428,48.0
7120,36.9924,-121.51171428571428,48.0
7121,35.5847,-119.461,84.0
7122,36.9924,-121.51171428571428,48.0
7123,36.9924,-121.51171428571428,48.0
7124,36.984325,-120.249,60.0
7125,36.984325,-120.249,60.0
7126,36.984325,-120.249,60.0
7127,36.984325,-120.249,60.0
7128,37.79522222222222,-121.64888888888888,252.0
7129,37.79522222222222,-121.64888888888888,252.0
7130,37.79522222222222,-121.64888888888888,252.0
7131,37.79522222222222,-121.64888888888888,252.0
7132,33.8824,-117.1585,513.0
7133,37.79522222222222,-121.64888888888888,252.0
7134,37.79055,-120.721,86.0
7135,37.79055,-120.721,86.0
7136,36.81183,-119.70340000000002,110.0
7137,36.81183,-119.70340000000002,110.0
7138,36.81183,-119.70340000000002,110.0
7139,36.81183,-119.70340000000002,110.0
7140,36.81183,-119.70340000000002,110.0
7141,36.81183,-119.70340000000002,110.0
7142,40.46305,-122.38566666666668,218.0
7143,33.8824,-117.1585,513.0
7144,40.46305,-122.38566666666668,218.0
7145,40.46305,-122.38566666666668,218.0
7146,40.46305,-122.38566666666668,218.0
7147,40.46305,-122.38566666666668,218.0
7148,40.46305,-122.38566666666668,218.0
7149,38.041481818181815,-122.24172727272726,83.0
7150,38.041481818181815,-122.24172727272726,83.0
7151,38.041481818181815,-122.24172727272726,83.0
7152,38.041481818181815,-122.24172727272726,83.0
7153,38.041481818181815,-122.24172727272726,83.0
7154,33.8824,-117.1585,513.0
7155,38.6086,-121.322,39.0
7156,38.6086,-121.322,39.0
7157,38.6086,-121.322,39.0
7158,38.6086,-121.322,39.0
7159,38.6086,-121.322,39.0
7160,39.19456666666667,-121.61133333333332,18.0
7161,39.19456666666667,-121.61133333333332,18.0
7162,39.19456666666667,-121.61133333333332,18.0
7163,39.19456666666667,-121.61133333333332,18.0
7164,39.19456666666667,-121.61133333333332,18.0
7165,33.8824,-117.1585,513.0
7166,39.19456666666667,-121.61133333333332,18.0
7167,39.19456666666667,-121.61133333333332,18.0
7168,39.19456666666667,-121.61133333333332,18.0
7169,39.11036666666666,-122.86833333333334,403.0
7170,39.11036666666666,-122.86833333333334,403.0
7171,40.8475,-121.991,361.0
7172,40.8475,-121.991,361.0
7173,40.8475,-121.991,361.0
7174,40.8475,-121.991,361.0
7175,37.789575,-122.2827625,4.0
7176,33.8824,-117.1585,513.0
7177,37.789575,-122.2827625,4.0
7178,37.789575,-122.2827625,4.0
7179,37.789575,-122.2827625,4.0
7180,37.789575,-122.2827625,4.0
7181,38.94636666666667,-121.00866666666668,305.0
7182,38.94636666666667,-121.00866666666668,305.0
7183,38.94636666666667,-121.00866666666668,305.0
7184,38.94636666666667,-121.00866666666668,305.0
7185,39.79016666666666,-121.482,730.0
7186,39.79016666666666,-121.482,730.0
7187,33.169575,-115.61125,-68.0
7188,39.79016666666666,-121.482,730.0
7189,38.223175,-122.00625,0.0
7190,38.223175,-122.00625,0.0
7191,38.223175,-122.00625,0.0
7192,36.55015,-121.844,137.0
7193,36.55015,-121.844,137.0
7194,37.4433,-119.558,1921.0
7195,37.4433,-119.558,1921.0
7196,37.155,-120.55066666666666,34.0
7197,37.155,-120.55066666666666,34.0
7198,48.72975,-122.47925,114.0
7199,47.7481,-122.6836,137.0
7200,33.169575,-115.61125,-68.0
7201,35.68333333333334,-120.85,477.0
7202,35.68333333333334,-120.85,477.0
7203,35.68333333333334,-120.85,477.0
7204,35.68333333333334,-120.85,477.0
7205,40.5522,-122.017,372.0
7206,39.552400000000006,-121.2415,768.0
7207,37.69861818181818,-122.47127272727272,63.0
7208,37.69861818181818,-122.47127272727272,63.0
7209,37.69861818181818,-122.47127272727272,63.0
7210,38.67126666666667,-123.01233333333334,306.0
7211,33.169575,-115.61125,-68.0
7212,36.74878571428572,-119.825,94.0
7213,36.74878571428572,-119.825,94.0
7214,37.62438571428572,-122.11714285714284,3.0
7215,37.62438571428572,-122.11714285714284,3.0
7216,37.62438571428572,-122.11714285714284,3.0
7217,37.36437272727273,-122.16145454545456,191.0
7218,37.36437272727273,-122.16145454545456,191.0
7219,37.36437272727273,-122.16145454545456,191.0
7220,37.36437272727273,-122.16145454545456,191.0
7221,37.36437272727273,-122.16145454545456,191.0
7222,33.169575,-115.61125,-68.0
7223,37.941155555555554,-122.05655555555556,20.0
7224,37.941155555555554,-122.05655555555556,20.0
7225,37.941155555555554,-122.05655555555556,20.0
7226,37.941155555555554,-122.05655555555556,20.0
7227,37.941155555555554,-122.05655555555556,20.0
7228,37.941155555555554,-122.05655555555556,20.0
7229,37.941155555555554,-122.05655555555556,20.0
7230,34.59635,-120.4545,166.0
7231,37.88346666666666,-122.2574,212.0
7232,37.88346666666666,-122.2574,212.0
7233,33.169575,-115.61125,-68.0
7234,37.88346666666666,-122.2574,212.0
7235,37.88346666666666,-122.2574,212.0
7236,37.44705,-121.206,254.0
7237,37.44705,-121.206,254.0
7238,37.44705,-121.206,254.0
7239,37.75742307692308,-122.3973846153846,71.0
7240,37.75742307692308,-122.3973846153846,71.0
7241,37.75742307692308,-122.3973846153846,71.0
7242,37.35006470588235,-121.8040588235294,55.0
7243,37.35006470588235,-121.8040588235294,55.0
7244,33.169575,-115.61125,-68.0
7245,37.35006470588235,-121.8040588235294,55.0
7246,37.35006470588235,-121.8040588235294,55.0
7247,37.35006470588235,-121.8040588235294,55.0
7248,37.35006470588235,-121.8040588235294,55.0
7249,38.653125,-120.98125,390.0
7250,38.653125,-120.98125,390.0
7251,38.653125,-120.98125,390.0
7252,38.653125,-120.98125,390.0
7253,36.69622,-120.5794,105.0
7254,36.69622,-120.5794,105.0
7255,33.169575,-115.61125,-68.0
7256,36.69622,-120.5794,105.0
7257,36.69622,-120.5794,105.0
7258,36.69622,-120.5794,105.0
7259,38.511975,-121.7105,10.0
7260,38.511975,-121.7105,10.0
7261,38.511975,-121.7105,10.0
7262,38.511975,-121.7105,10.0
7263,38.511975,-121.7105,10.0
7264,38.511975,-121.7105,10.0
7265,37.51977,-122.2516,-1.0
7266,33.56496666666667,-116.967,644.0
7267,37.51977,-122.2516,-1.0
7268,37.45075,-120.24,285.0
7269,38.26116,-122.3904,155.0
7270,38.26116,-122.3904,155.0
7271,38.26116,-122.3904,155.0
7272,37.3842,-119.8835,568.0
7273,37.3842,-119.8835,568.0
7274,38.56255,-121.21325,61.0
7275,38.56255,-121.21325,61.0
7276,36.95602,-121.7618,38.0
7277,33.56496666666667,-116.967,644.0
7278,36.95602,-121.7618,38.0
7279,36.95602,-121.7618,38.0
7280,36.95602,-121.7618,38.0
7281,39.12495,-122.212,38.0
7282,39.12495,-122.212,38.0
7283,40.9404,-121.78025,1288.0
7284,40.9404,-121.78025,1288.0
7285,40.9404,-121.78025,1288.0
7286,40.0074,-121.249,690.0
7287,34.9094,-120.33466666666668,106.0
7288,33.56496666666667,-116.967,644.0
7289,34.9094,-120.33466666666668,106.0
7290,34.9094,-120.33466666666668,106.0
7291,39.79375,-122.281,106.0
7292,39.79375,-122.281,106.0
7293,36.82886666666667,-119.12766666666666,1286.0
7294,36.82886666666667,-119.12766666666666,1286.0
7295,36.82886666666667,-119.12766666666666,1286.0
7296,38.02161111111111,-121.87733333333333,12.0
7297,38.02161111111111,-121.87733333333333,12.0
7298,38.02161111111111,-121.87733333333333,12.0
7299,33.56496666666667,-116.967,644.0
7300,38.02161111111111,-121.87733333333333,12.0
7301,38.02161111111111,-121.87733333333333,12.0
7302,38.02161111111111,-121.87733333333333,12.0
7303,38.02161111111111,-121.87733333333333,12.0
7304,39.50498,-121.5154,135.0
7305,39.50498,-121.5154,135.0
7306,39.50498,-121.5154,135.0
7307,39.50498,-121.5154,135.0
7308,39.50498,-121.5154,135.0
7309,38.257025,-120.753,443.0
7310,47.7481,-122.6836,137.0
7311,34.05375,-117.38833333333334,310.0
7312,38.257025,-120.753,443.0
7313,37.9421,-121.4136,-1.0
7314,37.9421,-121.4136,-1.0
7315,37.9421,-121.4136,-1.0
7316,37.9421,-121.4136,-1.0
7317,36.66967142857143,-119.63228571428571,102.0
7318,36.66967142857143,-119.63228571428571,102.0
7319,39.40713333333333,-123.63333333333333,140.0
7320,39.40713333333333,-123.63333333333333,140.0
7321,38.8232,-120.4895,1443.0
7322,34.05375,-117.38833333333334,310.0
7323,38.8232,-120.4895,1443.0
7324,36.81313333333333,-121.79433333333331,0.0
7325,36.81313333333333,-121.79433333333331,0.0
7326,36.81313333333333,-121.79433333333331,0.0
7327,38.268575,-121.087,67.0
7328,38.268575,-121.087,67.0
7329,38.268575,-121.087,67.0
7330,38.268575,-121.087,67.0
7331,38.268575,-121.087,67.0
7332,38.268575,-121.087,67.0
7333,34.05375,-117.38833333333334,310.0
7334,39.4345,-122.229,37.0
7335,39.4345,-122.229,37.0
7336,37.127925000000005,-120.9685,32.0
7337,35.26165,-120.82075,227.0
7338,35.26165,-120.82075,227.0
7339,37.88715,-119.9605,1072.0
7340,37.88715,-119.9605,1072.0
7341,38.2335,-122.69016666666666,51.0
7342,38.2335,-122.69016666666666,51.0
7343,35.9437,-120.8545,241.0
7344,34.05375,-117.38833333333334,310.0
7345,35.9437,-120.8545,241.0
7346,36.271625,-119.87875,66.0
7347,36.271625,-119.87875,66.0
7348,37.51757272727273,-122.0869090909091,-1.0
7349,37.51757272727273,-122.0869090909091,-1.0
7350,34.50355,-119.77866666666668,784.0
7351,34.50355,-119.77866666666668,784.0
7352,34.50355,-119.77866666666668,784.0
7353,37.49679,-120.8623,30.0
7354,37.49679,-120.8623,30.0
7355,34.05375,-117.38833333333334,310.0
7356,37.49679,-120.8623,30.0
7357,37.49679,-120.8623,30.0
7358,38.4352,-121.98528571428572,55.0
7359,38.4352,-121.98528571428572,55.0
7360,38.4352,-121.98528571428572,55.0
7361,38.16178571428571,-122.18371428571427,149.0
7362,40.60155,-122.4305,230.0
7363,40.60155,-122.4305,230.0
7364,37.19008571428572,-119.3092857142857,1202.0
7365,37.19008571428572,-119.3092857142857,1202.0
7366,35.633300000000006,-117.6505,687.0
7367,36.97835,-118.994,1963.0
7368,36.389125,-121.4005,375.0
7369,36.67776666666666,-120.335,48.0
7370,36.67776666666666,-120.335,48.0
7371,38.10151,-121.3772,3.0
7372,38.10151,-121.3772,3.0
7373,38.10151,-121.3772,3.0
7374,38.10151,-121.3772,3.0
7375,38.10151,-121.3772,3.0
7376,38.41063333333333,-121.4717777777778,5.0
7377,35.633300000000006,-117.6505,687.0
7378,38.045744444444445,-122.55166666666666,176.0
7379,38.045744444444445,-122.55166666666666,176.0
7380,38.78079,-122.7109,535.0
7381,38.78079,-122.7109,535.0
7382,40.6469,-122.627,375.0
7383,40.6469,-122.627,375.0
7384,38.70405555555556,-121.20733333333334,84.0
7385,38.70405555555556,-121.20733333333334,84.0
7386,38.70405555555556,-121.20733333333334,84.0
7387,38.70405555555556,-121.20733333333334,84.0
7388,33.953266666666664,-117.72416666666668,298.0
7389,39.18685,-121.007,849.0
7390,39.2883,-120.188,1986.0
7391,37.9469,-120.528,165.0
7392,37.9469,-120.528,165.0
7393,37.72972352941176,-121.95729411764704,242.0
7394,37.72972352941176,-121.95729411764704,242.0
7395,37.72972352941176,-121.95729411764704,242.0
7396,36.95322,-119.9434,102.0
7397,37.98608888888889,-121.73277777777778,18.0
7398,37.2162125,-121.748875,120.0
7399,33.953266666666664,-117.72416666666668,298.0
7400,37.2162125,-121.748875,120.0
7401,37.2162125,-121.748875,120.0
7402,37.65784285714285,-121.43114285714286,74.0
7403,38.834715384615386,-121.32953846153848,36.0
7404,38.834715384615386,-121.32953846153848,36.0
7405,35.3537875,-120.648625,591.0
7406,38.86756666666667,-119.90833333333336,2831.0
7407,37.361025,-122.03025,40.0
7408,37.361025,-122.03025,40.0
7409,37.361025,-122.03025,40.0
7410,33.953266666666664,-117.72416666666668,298.0
7411,39.2849,-121.231,217.0
7412,38.69396,-121.7392,9.0
7413,38.69396,-121.7392,9.0
7414,38.69396,-121.7392,9.0
7415,37.43314210526316,-121.92552631578948,1.0
7416,37.250077777777776,-121.90972222222224,64.0
7417,35.99796666666666,-120.05466666666666,352.0
7418,38.2467,-120.034,1052.0
7419,39.03344,-121.6506,11.0
7420,39.03344,-121.6506,11.0
7421,47.7481,-122.6836,137.0
7422,33.953266666666664,-117.72416666666668,298.0
7423,37.928025,-122.4004375,1.0
7424,38.52920769230769,-121.4353076923077,8.0
7425,38.52920769230769,-121.4353076923077,8.0
7426,38.68319230769231,-121.43469230769232,17.0
7427,39.97,-123.6565,516.0
7428,40.96703333333333,-121.982,622.0
7429,33.953266666666664,-117.72416666666668,298.0
7430,33.953266666666664,-117.72416666666668,298.0
7431,33.953266666666664,-117.72416666666668,298.0
7432,34.11396,-118.3346,196.0
7433,34.11396,-118.3346,196.0
7434,34.11396,-118.3346,196.0
7435,34.11396,-118.3346,196.0
7436,34.11396,-118.3346,196.0
7437,34.11396,-118.3346,196.0
7438,47.7481,-122.6836,137.0
7439,33.69577142857143,-117.80228571428572,25.0
7440,33.69577142857143,-117.80228571428572,25.0
7441,33.69577142857143,-117.80228571428572,25.0
7442,33.69577142857143,-117.80228571428572,25.0
7443,33.69577142857143,-117.80228571428572,25.0
7444,33.69577142857143,-117.80228571428572,25.0
7445,33.574957142857144,-117.59042857142856,170.0
7446,33.574957142857144,-117.59042857142856,170.0
7447,33.574957142857144,-117.59042857142856,170.0
7448,33.574957142857144,-117.59042857142856,170.0
7449,48.0169,-120.332,331.0
7450,34.6734,-119.312,1345.0
7451,34.6734,-119.312,1345.0
7452,34.67685,-118.136,737.0
7453,34.67685,-118.136,737.0
7454,35.91005,-119.401,63.0
7455,35.91005,-119.401,63.0
7456,35.91005,-119.401,63.0
7457,35.1703,-118.5095,1287.0
7458,33.81554545454546,-117.78990909090908,119.0
7459,33.81554545454546,-117.78990909090908,119.0
7460,48.0169,-120.332,331.0
7461,33.81554545454546,-117.78990909090908,119.0
7462,33.81554545454546,-117.78990909090908,119.0
7463,33.5886,-116.0345,13.0
7464,33.5886,-116.0345,13.0
7465,33.5886,-116.0345,13.0
7466,33.94362727272728,-118.33254545454544,39.0
7467,33.94362727272728,-118.33254545454544,39.0
7468,33.94362727272728,-118.33254545454544,39.0
7469,33.94362727272728,-118.33254545454544,39.0
7470,33.94362727272728,-118.33254545454544,39.0
7471,47.43716666666666,-121.69666666666669,734.0
7472,34.08170714285714,-118.4545,201.0
7473,34.08170714285714,-118.4545,201.0
7474,34.08170714285714,-118.4545,201.0
7475,34.08170714285714,-118.4545,201.0
7476,34.08170714285714,-118.4545,201.0
7477,34.08170714285714,-118.4545,201.0
7478,34.08170714285714,-118.4545,201.0
7479,34.08170714285714,-118.4545,201.0
7480,34.59737142857143,-117.371,866.0
7481,34.59737142857143,-117.371,866.0
7482,47.43716666666666,-121.69666666666669,734.0
7483,34.59737142857143,-117.371,866.0
7484,34.59737142857143,-117.371,866.0
7485,34.59737142857143,-117.371,866.0
7486,34.59737142857143,-117.371,866.0
7487,34.59737142857143,-117.371,866.0
7488,34.59737142857143,-117.371,866.0
7489,33.76164285714286,-118.21828571428571,5.0
7490,33.76164285714286,-118.21828571428571,5.0
7491,33.76164285714286,-118.21828571428571,5.0
7492,33.90327272727273,-118.0179090909091,40.0
7493,47.138200000000005,-122.01766666666668,231.0
7494,33.90327272727273,-118.0179090909091,40.0
7495,33.90327272727273,-118.0179090909091,40.0
7496,33.90327272727273,-118.0179090909091,40.0
7497,33.90327272727273,-118.0179090909091,40.0
7498,33.90327272727273,-118.0179090909091,40.0
7499,33.90327272727273,-118.0179090909091,40.0
7500,33.891714285714286,-117.38114285714286,408.0
7501,33.891714285714286,-117.38114285714286,408.0
7502,33.891714285714286,-117.38114285714286,408.0
7503,36.4671,-119.373,96.0
7504,47.138200000000005,-122.01766666666668,231.0
7505,36.4671,-119.373,96.0
7506,33.665,-114.998,117.0
7507,33.665,-114.998,117.0
7508,33.665,-114.998,117.0
7509,33.665,-114.998,117.0
7510,33.96118,-117.4732,217.0
7511,33.96118,-117.4732,217.0
7512,33.96118,-117.4732,217.0
7513,36.05929999999999,-118.9165,197.0
7514,36.05929999999999,-118.9165,197.0
7515,48.72975,-122.47925,114.0
7516,47.138200000000005,-122.01766666666668,231.0
7517,35.32655,-118.874,160.0
7518,35.32655,-118.874,160.0
7519,35.32655,-118.874,160.0
7520,35.32655,-118.874,160.0
7521,35.1807,-116.651,723.0
7522,35.1807,-116.651,723.0
7523,34.03256666666667,-118.02733333333336,81.0
7524,34.03256666666667,-118.02733333333336,81.0
7525,36.01943333333333,-117.793,1210.0
7526,36.01943333333333,-117.793,1210.0
7527,47.138200000000005,-122.01766666666668,231.0
7528,36.01943333333333,-117.793,1210.0
7529,34.40392857142857,-118.62171428571428,422.0
7530,34.40392857142857,-118.62171428571428,422.0
7531,34.40392857142857,-118.62171428571428,422.0
7532,34.40392857142857,-118.62171428571428,422.0
7533,34.40392857142857,-118.62171428571428,422.0
7534,34.40392857142857,-118.62171428571428,422.0
7535,34.40392857142857,-118.62171428571428,422.0
7536,35.60905,-118.768,935.0
7537,35.60905,-118.768,935.0
7538,47.138200000000005,-122.01766666666668,231.0
7539,33.7528,-114.623,241.0
7540,34.22828,-119.24280000000002,6.0
7541,34.22828,-119.24280000000002,6.0
7542,34.22828,-119.24280000000002,6.0
7543,34.22828,-119.24280000000002,6.0
7544,34.22828,-119.24280000000002,6.0
7545,34.2536125,-118.470375,277.0
7546,34.2536125,-118.470375,277.0
7547,34.2536125,-118.470375,277.0
7548,34.2536125,-118.470375,277.0
7549,46.7912,-120.4545,381.0
7550,34.2536125,-118.470375,277.0
7551,34.2536125,-118.470375,277.0
7552,34.2536125,-118.470375,277.0
7553,33.8694875,-117.88,71.0
7554,33.8694875,-117.88,71.0
7555,33.8694875,-117.88,71.0
7556,33.8694875,-117.88,71.0
7557,33.69961428571428,-118.03728571428572,2.0
7558,33.69961428571428,-118.03728571428572,2.0
7559,33.69961428571428,-118.03728571428572,2.0
7560,46.7912,-120.4545,381.0
7561,33.69961428571428,-118.03728571428572,2.0
7562,33.69961428571428,-118.03728571428572,2.0
7563,33.69961428571428,-118.03728571428572,2.0
7564,33.69961428571428,-118.03728571428572,2.0
7565,35.06435,-117.7495,760.0
7566,34.6668,-117.771,853.0
7567,34.6668,-117.771,853.0
7568,34.6668,-117.771,853.0
7569,37.5771,-118.32,2086.0
7570,35.432275000000004,-118.98525,170.0
7571,46.7912,-120.4545,381.0
7572,35.432275000000004,-118.98525,170.0
7573,35.432275000000004,-118.98525,170.0
7574,33.80513333333334,-116.30033333333334,60.0
7575,35.56985,-119.26,121.0
7576,35.56985,-119.26,121.0
7577,32.953050000000005,-115.3345,-10.0
7578,32.953050000000005,-115.3345,-10.0
7579,33.989675,-117.5445,213.0
7580,33.989675,-117.5445,213.0
7581,33.989675,-117.5445,213.0
7582,48.94825,-122.2935,18.0
7583,34.6052,-116.882,1106.0
7584,34.6052,-116.882,1106.0
7585,34.6052,-116.882,1106.0
7586,34.148028571428576,-118.67671428571428,298.0
7587,34.148028571428576,-118.67671428571428,298.0
7588,34.148028571428576,-118.67671428571428,298.0
7589,34.148028571428576,-118.67671428571428,298.0
7590,34.148028571428576,-118.67671428571428,298.0
7591,33.89765,-118.12433333333333,27.0
7592,33.89765,-118.12433333333333,27.0
7593,48.94825,-122.2935,18.0
7594,33.89765,-118.12433333333333,27.0
7595,33.89765,-118.12433333333333,27.0
7596,33.89765,-118.12433333333333,27.0
7597,33.89765,-118.12433333333333,27.0
7598,33.912866666666666,-118.42566666666666,15.0
7599,33.912866666666666,-118.42566666666666,15.0
7600,33.912866666666666,-118.42566666666666,15.0
7601,33.912866666666666,-118.42566666666666,15.0
7602,33.912866666666666,-118.42566666666666,15.0
7603,35.02014,-118.2205,895.0
7604,48.94825,-122.2935,18.0
7605,35.02014,-118.2205,895.0
7606,35.02014,-118.2205,895.0
7607,35.02014,-118.2205,895.0
7608,34.11850909090909,-118.06636363636365,144.0
7609,34.11850909090909,-118.06636363636365,144.0
7610,34.11850909090909,-118.06636363636365,144.0
7611,34.11850909090909,-118.06636363636365,144.0
7612,34.11850909090909,-118.06636363636365,144.0
7613,33.519575,-117.15175,337.0
7614,33.519575,-117.15175,337.0
7615,47.443628571428576,-122.351,29.0
7616,33.64904285714285,-117.901,27.0
7617,33.64904285714285,-117.901,27.0
7618,33.64904285714285,-117.901,27.0
7619,34.224450000000004,-117.785,896.0
7620,34.224450000000004,-117.785,896.0
7621,34.224450000000004,-117.785,896.0
7622,34.224450000000004,-117.785,896.0
7623,34.224450000000004,-117.785,896.0
7624,35.32912,-118.9742,114.0
7625,35.32912,-118.9742,114.0
7626,47.5336,-120.295,216.0
7627,47.443628571428576,-122.351,29.0
7628,35.32912,-118.9742,114.0
7629,35.32912,-118.9742,114.0
7630,33.684666666666665,-116.295,14.0
7631,33.684666666666665,-116.295,14.0
7632,33.684666666666665,-116.295,14.0
7633,34.165820000000004,-117.4896,537.0
7634,34.165820000000004,-117.4896,537.0
7635,34.165820000000004,-117.4896,537.0
7636,34.165820000000004,-117.4896,537.0
7637,34.165820000000004,-117.4896,537.0
7638,47.443628571428576,-122.351,29.0
7639,36.0666,-119.473,66.0
7640,33.63585,-117.30975,380.0
7641,33.63585,-117.30975,380.0
7642,34.039944444444444,-117.78233333333333,335.0
7643,34.039944444444444,-117.78233333333333,335.0
7644,34.039944444444444,-117.78233333333333,335.0
7645,34.039944444444444,-117.78233333333333,335.0
7646,34.13368571428571,-117.64342857142856,502.0
7647,34.13368571428571,-117.64342857142856,502.0
7648,34.13368571428571,-117.64342857142856,502.0
7649,47.443628571428576,-122.351,29.0
7650,34.13368571428571,-117.64342857142856,502.0
7651,37.49796666666666,-118.572,1693.0
7652,37.49796666666666,-118.572,1693.0
7653,37.49796666666666,-118.572,1693.0
7654,33.760442857142856,-116.95828571428572,488.0
7655,33.760442857142856,-116.95828571428572,488.0
7656,34.61075,-117.9565,789.0
7657,34.61075,-117.9565,789.0
7658,34.17163,-118.39849999999998,203.0
7659,34.17163,-118.39849999999998,203.0
7660,47.443628571428576,-122.351,29.0
7661,34.17163,-118.39849999999998,203.0
7662,34.17163,-118.39849999999998,203.0
7663,34.25046,-118.2304,1066.0
7664,34.25046,-118.2304,1066.0
7665,34.25046,-118.2304,1066.0
7666,34.25046,-118.2304,1066.0
7667,33.9432375,-118.276,42.0
7668,33.9432375,-118.276,42.0
7669,33.9432375,-118.276,42.0
7670,33.9432375,-118.276,42.0
7671,47.46255,-122.6365,92.0
7672,33.9432375,-118.276,42.0
7673,33.046949999999995,-115.507,-47.0
7674,33.046949999999995,-115.507,-47.0
7675,34.3365,-118.33157142857144,669.0
7676,34.3365,-118.33157142857144,669.0
7677,34.3365,-118.33157142857144,669.0
7678,34.3365,-118.33157142857144,669.0
7679,36.41275,-119.0845,137.0
7680,36.41275,-119.0845,137.0
7681,36.41275,-119.0845,137.0
7682,47.46255,-122.6365,92.0
7683,34.082675,-117.29875,302.0
7684,34.082675,-117.29875,302.0
7685,34.082675,-117.29875,302.0
7686,35.556666666666665,-115.46833333333332,915.0
7687,35.556666666666665,-115.46833333333332,915.0
7688,35.556666666666665,-115.46833333333332,915.0
7689,35.556666666666665,-115.46833333333332,915.0
7690,35.556666666666665,-115.46833333333332,915.0
7691,33.84686666666666,-118.39633333333336,3.0
7692,33.84686666666666,-118.39633333333336,3.0
7693,47.46255,-122.6365,92.0
7694,33.84686666666666,-118.39633333333336,3.0
7695,33.84686666666666,-118.39633333333336,3.0
7696,36.4924,-119.24666666666668,109.0
7697,36.4924,-119.24666666666668,109.0
7698,36.4924,-119.24666666666668,109.0
7699,35.157700000000006,-118.8625,127.0
7700,35.157700000000006,-118.8625,127.0
7701,35.3019,-119.268,96.0
7702,35.3019,-119.268,96.0
7703,34.6358,-118.32066666666668,1068.0
7704,47.46255,-122.6365,92.0
7705,34.6358,-118.32066666666668,1068.0
7706,34.6358,-118.32066666666668,1068.0
7707,34.6358,-118.32066666666668,1068.0
7708,32.707825,-115.49775,-2.0
7709,32.707825,-115.49775,-2.0
7710,34.5343,-118.525,484.0
7711,34.5343,-118.525,484.0
7712,34.5343,-118.525,484.0
7713,33.82854444444445,-118.31866666666666,24.0
7714,33.82854444444445,-118.31866666666666,24.0
7715,46.82636666666667,-122.36033333333334,421.0
7716,33.82854444444445,-118.31866666666666,24.0
7717,34.0995,-118.92975,390.0
7718,34.0995,-118.92975,390.0
7719,34.0995,-118.92975,390.0
7720,33.667425,-117.9775,6.0
7721,34.29245,-117.179,1434.0
7722,34.29245,-117.179,1434.0
7723,34.29245,-117.179,1434.0
7724,33.77585454545454,-118.02509090909092,13.0
7725,33.77585454545454,-118.02509090909092,13.0
7726,46.82636666666667,-122.36033333333334,421.0
7727,33.77585454545454,-118.02509090909092,13.0
7728,35.2269,-119.629,548.0
7729,35.2269,-119.629,548.0
7730,35.2269,-119.629,548.0
7731,35.2269,-119.629,548.0
7732,34.12655,-116.2095,818.0
7733,34.12655,-116.2095,818.0
7734,34.12655,-116.2095,818.0
7735,34.12655,-116.2095,818.0
7736,34.7923,-117.444,814.0
7737,47.5336,-120.295,216.0
7738,46.82636666666667,-122.36033333333334,421.0
7739,34.921533333333336,-118.40933333333334,1008.0
7740,33.533585714285714,-117.71128571428572,124.0
7741,33.533585714285714,-117.71128571428572,124.0
7742,33.533585714285714,-117.71128571428572,124.0
7743,32.7757,-115.264,11.0
7744,32.7757,-115.264,11.0
7745,34.22035,-119.16416666666667,26.0
7746,34.22035,-119.16416666666667,26.0
7747,34.22035,-119.16416666666667,26.0
7748,33.86765,-116.6825,653.0
7749,48.14183333333333,-122.293,97.0
7750,33.86765,-116.6825,653.0
7751,33.86765,-116.6825,653.0
7752,33.86765,-116.6825,653.0
7753,36.0354,-119.312,82.0
7754,36.0354,-119.312,82.0
7755,33.86526,-117.6594,406.0
7756,33.86526,-117.6594,406.0
7757,33.86526,-117.6594,406.0
7758,33.97568181818182,-118.43054545454548,13.0
7759,34.59555,-118.6695,604.0
7760,48.14183333333333,-122.293,97.0
7761,34.59555,-118.6695,604.0
7762,34.59555,-118.6695,604.0
7763,34.59555,-118.6695,604.0
7764,34.59555,-118.6695,604.0
7765,34.59555,-118.6695,604.0
7766,34.59555,-118.6695,604.0
7767,34.59555,-118.6695,604.0
7768,34.59555,-118.6695,604.0
7769,34.59555,-118.6695,604.0
7770,33.9558,-117.8605,193.0
7771,47.3023,-122.4202,119.0
7772,34.8846,-118.9185,1136.0
7773,34.8846,-118.9185,1136.0
7774,34.8846,-118.9185,1136.0
7775,34.8846,-118.9185,1136.0
7776,34.8846,-118.9185,1136.0
7777,34.8846,-118.9185,1136.0
7778,34.07512222222223,-117.52222222222224,324.0
7779,34.07512222222223,-117.52222222222224,324.0
7780,34.07512222222223,-117.52222222222224,324.0
7781,34.07512222222223,-117.52222222222224,324.0
7782,47.3023,-122.4202,119.0
7783,34.2953,-114.14,139.0
7784,34.2953,-114.14,139.0
7785,34.2953,-114.14,139.0
7786,33.76791,-118.2809,7.0
7787,33.76791,-118.2809,7.0
7788,34.2819,-118.60325,394.0
7789,34.2819,-118.60325,394.0
7790,34.2819,-118.60325,394.0
7791,34.03644166666667,-118.26483333333331,79.0
7792,34.03644166666667,-118.26483333333331,79.0
7793,47.3023,-122.4202,119.0
7794,34.03644166666667,-118.26483333333331,79.0
7795,34.03644166666667,-118.26483333333331,79.0
7796,34.03644166666667,-118.26483333333331,79.0
7797,34.9211,-116.8545,599.0
7798,35.2803,-119.471,407.0
7799,35.2803,-119.471,407.0
7800,35.2803,-119.471,407.0
7801,33.69015,-117.6495,338.0
7802,34.5035,-117.765,1020.0
7803,35.30755,-119.627,320.0
7804,47.3023,-122.4202,119.0
7805,35.30755,-119.627,320.0
7806,35.30755,-119.627,320.0
7807,35.30755,-119.627,320.0
7808,33.69465,-117.1255,444.0
7809,33.69465,-117.1255,444.0
7810,35.7525,-119.2555,93.0
7811,35.7525,-119.2555,93.0
7812,35.9018,-118.907,268.0
7813,35.9018,-118.907,268.0
7814,34.23816,-118.3824,286.0
7815,47.3023,-122.4202,119.0
7816,34.23816,-118.3824,286.0
7817,34.79638571428571,-118.39685714285714,789.0
7818,34.79638571428571,-118.39685714285714,789.0
7819,32.7366,-114.714,37.0
7820,32.7366,-114.714,37.0
7821,33.921571428571426,-116.56214285714285,260.0
7822,33.921571428571426,-116.56214285714285,260.0
7823,33.921571428571426,-116.56214285714285,260.0
7824,33.921571428571426,-116.56214285714285,260.0
7825,33.921571428571426,-116.56214285714285,260.0
7826,47.3023,-122.4202,119.0
7827,35.016,-117.56266666666666,764.0
7828,35.016,-117.56266666666666,764.0
7829,34.2672,-116.022,675.0
7830,34.19495,-117.34625,525.0
7831,34.19495,-117.34625,525.0
7832,33.9914,-118.13425,50.0
7833,33.9914,-118.13425,50.0
7834,33.9914,-118.13425,50.0
7835,33.9914,-118.13425,50.0
7836,35.765,-117.383,533.0
7837,48.001914285714285,-122.16057142857144,1.0
7838,33.9185375,-117.3055,484.0
7839,34.10286363636364,-118.22772727272728,170.0
7840,34.10286363636364,-118.22772727272728,170.0
7841,34.10286363636364,-118.22772727272728,170.0
7842,34.10286363636364,-118.22772727272728,170.0
7843,36.45595,-119.5175,86.0
7844,36.45595,-119.5175,86.0
7845,34.9721,-114.698,249.0
7846,34.9721,-114.698,249.0
7847,34.6853,-118.788,818.0
7848,47.5336,-120.295,216.0
7849,48.001914285714285,-122.16057142857144,1.0
7850,32.697783333333334,-115.672,-6.0
7851,32.697783333333334,-115.672,-6.0
7852,33.77231666666667,-117.88025,41.0
7853,35.45885,-119.722,182.0
7854,34.395700000000005,-119.43025,253.0
7855,34.395700000000005,-119.43025,253.0
7856,34.11694,-118.8076,301.0
7857,34.11694,-118.8076,301.0
7858,33.98523333333333,-116.85933333333332,999.0
7859,34.61585,-118.4255,844.0
7860,48.001914285714285,-122.16057142857144,1.0
7861,34.61585,-118.4255,844.0
7862,33.78631818181818,-118.10099999999998,7.0
7863,34.154583333333335,-118.54566666666666,297.0
7864,36.245725,-119.34975,92.0
7865,36.245725,-119.34975,92.0
7866,36.245725,-119.34975,92.0
7867,33.8231,-115.394,214.0
7868,33.8231,-115.394,214.0
7869,33.8231,-115.394,214.0
7870,33.8231,-115.394,214.0
7871,48.001914285714285,-122.16057142857144,1.0
7872,34.00595555555556,-117.94911111111112,111.0
7873,35.3161,-119.09125,114.0
7874,35.3161,-119.09125,114.0
7875,33.96547058823529,-118.21058823529413,47.0
7876,33.96547058823529,-118.21058823529413,47.0
7877,33.96547058823529,-118.21058823529413,47.0
7878,34.2275,-117.96025,992.0
7879,34.2275,-117.96025,992.0
7880,34.096410000000006,-117.2239,345.0
7881,34.2244,-116.446,1066.0
7882,48.001914285714285,-122.16057142857144,1.0
7883,34.51468,-117.1808,894.0
7884,32.783649999999994,-115.5665,-10.0
7885,32.783649999999994,-115.5665,-10.0
7886,34.354,-119.1786,205.0
7887,32.7846,-115.084,40.0
7888,33.6157,-114.686,102.0
7889,33.6157,-114.686,102.0
7890,33.6157,-114.686,102.0
7891,34.17738333333333,-118.29825,185.0
7892,34.17738333333333,-118.29825,185.0
7893,47.6351,-122.43566666666668,0.0
7894,34.17738333333333,-118.29825,185.0
7895,35.4332,-118.7675,651.0
7896,35.19873333333333,-119.55566666666664,379.0
7897,35.19873333333333,-119.55566666666664,379.0
7898,35.19873333333333,-119.55566666666664,379.0
7899,34.059245454545454,-118.1670909090909,139.0
7900,32.7528,-116.045,195.0
7901,32.7528,-116.045,195.0
7902,35.12838,-119.0094,93.0
7903,34.301925,-117.5355,1421.0
7904,47.6351,-122.43566666666668,0.0
7905,34.352725,-118.936,202.0
7906,32.58456666666667,-116.93083333333334,181.0
7907,32.58456666666667,-116.93083333333334,181.0
7908,32.58456666666667,-116.93083333333334,181.0
7909,32.58456666666667,-116.93083333333334,181.0
7910,32.58456666666667,-116.93083333333334,181.0
7911,32.58456666666667,-116.93083333333334,181.0
7912,33.148325,-117.228625,163.0
7913,33.148325,-117.228625,163.0
7914,33.148325,-117.228625,163.0
7915,47.8713,-120.027,631.0
7916,33.148325,-117.228625,163.0
7917,33.148325,-117.228625,163.0
7918,32.69665555555556,-117.10366666666668,15.0
7919,32.69665555555556,-117.10366666666668,15.0
7920,32.69665555555556,-117.10366666666668,15.0
7921,32.69665555555556,-117.10366666666668,15.0
7922,32.69665555555556,-117.10366666666668,15.0
7923,32.69665555555556,-117.10366666666668,15.0
7924,32.6514,-117.03771428571427,54.0
7925,32.6514,-117.03771428571427,54.0
7926,47.2989,-120.221,846.0
7927,32.6514,-117.03771428571427,54.0
7928,33.12501666666667,-117.33183333333334,0.0
7929,33.12501666666667,-117.33183333333334,0.0
7930,33.12501666666667,-117.33183333333334,0.0
7931,33.2587,-117.30933333333331,16.0
7932,33.2587,-117.30933333333331,16.0
7933,33.2587,-117.30933333333331,16.0
7934,32.69715,-117.254,32.0
7935,32.69715,-117.254,32.0
7936,32.7915,-116.98025,197.0
7937,47.2989,-120.221,846.0
7938,32.7915,-116.98025,197.0
7939,32.7915,-116.98025,197.0
7940,32.7915,-116.98025,197.0
7941,32.5655875,-117.1242525,2.0
7942,32.5655875,-117.1242525,2.0
7943,32.7056,-116.343,1261.0
7944,33.19416666666667,-117.04066666666668,526.0
7945,33.19416666666667,-117.04066666666668,526.0
7946,33.19416666666667,-117.04066666666668,526.0
7947,32.8989125,-117.2415,118.0
7948,47.20695,-120.769,626.0
7949,32.8989125,-117.2415,118.0
7950,32.8989125,-117.2415,118.0
7951,32.8989125,-117.2415,118.0
7952,32.8989125,-117.2415,118.0
7953,32.78036,-117.058,137.0
7954,32.78036,-117.058,137.0
7955,33.01938333333333,-117.13816666666666,159.0
7956,33.01938333333333,-117.13816666666666,159.0
7957,32.78157142857143,-117.23371428571429,10.0
7958,32.78157142857143,-117.23371428571429,10.0
7959,47.5336,-120.295,216.0
7960,47.20695,-120.769,626.0
7961,32.78157142857143,-117.23371428571429,10.0
7962,32.85698,-117.0606,257.0
7963,32.85698,-117.0606,257.0
7964,32.85698,-117.0606,257.0
7965,32.806380000000004,-117.14,127.0
7966,32.806380000000004,-117.14,127.0
7967,32.79076666666666,-116.85066666666668,209.0
7968,32.79076666666666,-116.85066666666668,209.0
7969,32.79076666666666,-116.85066666666668,209.0
7970,32.88753333333333,-116.90533333333332,360.0
7971,47.20695,-120.769,626.0
7972,32.71834,-116.92640000000002,277.0
7973,33.13288571428571,-117.11957142857143,215.0
7974,33.0739,-117.0395,126.0
7975,32.998059999999995,-116.9652,528.0
7976,39.13642307692308,-119.77269230769232,1446.0
7977,39.13642307692308,-119.77269230769232,1446.0
7978,39.13642307692308,-119.77269230769232,1446.0
7979,39.13642307692308,-119.77269230769232,1446.0
7980,39.13642307692308,-119.77269230769232,1446.0
7981,39.13642307692308,-119.77269230769232,1446.0
7982,48.7139,-121.132,334.0
7983,40.5828,-116.44599999999998,1491.0
7984,40.5828,-116.44599999999998,1491.0
7985,40.5828,-116.44599999999998,1491.0
7986,40.5828,-116.44599999999998,1491.0
7987,41.41533333333333,-118.09333333333332,1261.0
7988,41.41533333333333,-118.09333333333332,1261.0
7989,38.87078,-119.1314,1369.0
7990,38.87078,-119.1314,1369.0
7991,38.87078,-119.1314,1369.0
7992,39.1479,-116.5065,2388.0
7993,48.7139,-121.132,334.0
7994,39.1479,-116.5065,2388.0
7995,39.1479,-116.5065,2388.0
7996,39.74759,-119.3373,1306.0
7997,39.74759,-119.3373,1306.0
7998,39.74759,-119.3373,1306.0
7999,39.74759,-119.3373,1306.0
8000,39.74759,-119.3373,1306.0
8001,36.40472,-116.2266,1030.0
8002,36.40472,-116.2266,1030.0
8003,36.40472,-116.2266,1030.0
8004,47.342761538461545,-122.27307692307691,131.0
8005,36.40472,-116.2266,1030.0
8006,39.52155357142857,-119.7835,1355.0
8007,39.52155357142857,-119.7835,1355.0
8008,39.59236666666667,-118.2845,1605.0
8009,37.58635,-114.69475,1958.0
8010,37.58635,-114.69475,1958.0
8011,37.58635,-114.69475,1958.0
8012,37.58635,-114.69475,1958.0
8013,37.58635,-114.69475,1958.0
8014,41.27976666666667,-114.60766666666666,1774.0
8015,47.342761538461545,-122.27307692307691,131.0
8016,41.27976666666667,-114.60766666666666,1774.0
8017,41.27976666666667,-114.60766666666666,1774.0
8018,41.27976666666667,-114.60766666666666,1774.0
8019,41.27976666666667,-114.60766666666666,1774.0
8020,41.36865,-115.8945,1955.0
8021,39.33885,-114.6025,3399.0
8022,36.1416,-114.967,672.0
8023,36.1416,-114.967,672.0
8024,36.1416,-114.967,672.0
8025,36.10614,-115.361,970.0
8026,47.342761538461545,-122.27307692307691,131.0
8027,36.10614,-115.361,970.0
8028,36.10614,-115.361,970.0
8029,36.10614,-115.361,970.0
8030,36.10614,-115.361,970.0
8031,36.2778,-115.0866,618.0
8032,36.2778,-115.0866,618.0
8033,36.2778,-115.0866,618.0
8034,36.2778,-115.0866,618.0
8035,36.2778,-115.0866,618.0
8036,36.248266666666666,-115.32533333333332,878.0
8037,47.342761538461545,-122.27307692307691,131.0
8038,36.248266666666666,-115.32533333333332,878.0
8039,36.248266666666666,-115.32533333333332,878.0
8040,36.248266666666666,-115.32533333333332,878.0
8041,35.1842,-114.62,351.0
8042,35.1842,-114.62,351.0
8043,35.953066666666665,-115.17516666666668,777.0
8044,35.953066666666665,-115.17516666666668,777.0
8045,35.953066666666665,-115.17516666666668,777.0
8046,35.953066666666665,-115.17516666666668,777.0
8047,35.953066666666665,-115.17516666666668,777.0
8048,47.342761538461545,-122.27307692307691,131.0
8049,35.953066666666665,-115.17516666666668,777.0
8050,35.953066666666665,-115.17516666666668,777.0
8051,35.953066666666665,-115.17516666666668,777.0
8052,36.1228625,-115.208625,682.0
8053,36.1228625,-115.208625,682.0
8054,36.1228625,-115.208625,682.0
8055,36.1228625,-115.208625,682.0
8056,36.1228625,-115.208625,682.0
8057,36.1228625,-115.208625,682.0
8058,36.6037,-114.589,767.0
8059,48.2118,-122.5885,0.0
8060,36.6037,-114.589,767.0
8061,36.09313333333333,-115.056,517.0
8062,36.09313333333333,-115.056,517.0
8063,36.09313333333333,-115.056,517.0
8064,36.09313333333333,-115.056,517.0
8065,36.09313333333333,-115.056,517.0
8066,36.09313333333333,-115.056,517.0
8067,36.09313333333333,-115.056,517.0
8068,36.09313333333333,-115.056,517.0
8069,36.26996666666667,-115.232,708.0
8070,47.5336,-120.295,216.0
8071,48.2118,-122.5885,0.0
8072,36.4306,-114.902,639.0
8073,36.4306,-114.902,639.0
8074,36.4011,-114.964,755.0
8075,36.4011,-114.964,755.0
8076,36.4011,-114.964,755.0
8077,36.3153,-115.574,2618.0
8078,36.36345,-114.9215,736.0
8079,36.36345,-114.9215,736.0
8080,36.18106666666667,-115.28866666666666,816.0
8081,36.18106666666667,-115.28866666666666,816.0
8082,48.2118,-122.5885,0.0
8083,36.3495,-115.3655,960.0
8084,36.0429,-114.9955,560.0
8085,36.0429,-114.9955,560.0
8086,36.0429,-114.9955,560.0
8087,36.0429,-114.9955,560.0
8088,36.0429,-114.9955,560.0
8089,36.2441,-115.0175,569.0
8090,36.339475,-115.17425,785.0
8091,36.0637,-115.18516666666666,689.0
8092,36.0637,-115.18516666666666,689.0
8093,48.2118,-122.5885,0.0
8094,36.0637,-115.18516666666666,689.0
8095,36.227075,-115.1215,585.0
8096,36.227075,-115.1215,585.0
8097,35.78892,-114.985,556.0
8098,35.78892,-114.985,556.0
8099,35.78892,-114.985,556.0
8100,36.07975,-114.891,682.0
8101,36.07975,-114.891,682.0
8102,36.22765,-114.874,575.0
8103,36.22765,-114.874,575.0
8104,48.62442,-122.736265,0.0
8105,36.14653333333333,-115.00833333333333,599.0
8106,36.14653333333333,-115.00833333333333,599.0
8107,36.6178,-114.895,1150.0
8108,36.052475,-115.0745,599.0
8109,36.052475,-115.0745,599.0
8110,35.988625,-115.073,856.0
8111,35.97735,-115.292,918.0
8112,36.0155,-114.738,371.0
8113,36.0155,-114.738,371.0
8114,36.8253,-114.12,539.0
8115,47.2456,-122.5285,105.0
8116,36.8253,-114.12,539.0
8117,36.19652,-115.2102,680.0
8118,47.65265,-116.85908333333332,714.0
8119,47.65265,-116.85908333333332,714.0
8120,47.65265,-116.85908333333332,714.0
8121,47.65265,-116.85908333333332,714.0
8122,47.65265,-116.85908333333332,714.0
8123,47.65265,-116.85908333333332,714.0
8124,47.65265,-116.85908333333332,714.0
8125,46.65818333333333,-116.91283333333332,872.0
8126,47.2456,-122.5285,105.0
8127,46.65818333333333,-116.91283333333332,872.0
8128,46.65818333333333,-116.91283333333332,872.0
8129,48.0844,-116.053,700.0
8130,48.0844,-116.053,700.0
8131,48.0844,-116.053,700.0
8132,48.0844,-116.053,700.0
8133,48.0844,-116.053,700.0
8134,48.9012,-116.541,1559.0
8135,48.9012,-116.541,1559.0
8136,48.9012,-116.541,1559.0
8137,47.36466,-122.0342,161.0
8138,48.17405,-116.77733333333332,853.0
8139,48.17405,-116.77733333333332,853.0
8140,43.916025,-116.84625,819.0
8141,43.916025,-116.84625,819.0
8142,43.916025,-116.84625,819.0
8143,43.916025,-116.84625,819.0
8144,43.35025,-115.531,1299.0
8145,43.35025,-115.531,1299.0
8146,44.81756666666666,-115.797,2259.0
8147,44.81756666666666,-115.797,2259.0
8148,47.36466,-122.0342,161.0
8149,44.81756666666666,-115.797,2259.0
8150,43.57362,-116.7042,768.0
8151,43.57362,-116.7042,768.0
8152,47.5428,-116.055,929.0
8153,47.5428,-116.055,929.0
8154,43.08898000000001,-115.5472,986.0
8155,43.08898000000001,-115.5472,986.0
8156,43.08898000000001,-115.5472,986.0
8157,43.54864,-116.0888,923.0
8158,43.54864,-116.0888,923.0
8159,47.36466,-122.0342,161.0
8160,43.54864,-116.0888,923.0
8161,42.583525,-113.967075,1280.0
8162,42.583525,-113.967075,1280.0
8163,42.583525,-113.967075,1280.0
8164,42.583525,-113.967075,1280.0
8165,42.583525,-113.967075,1280.0
8166,44.8738,-117.705,1006.0
8167,44.8738,-117.705,1006.0
8168,45.8513,-116.183,1530.0
8169,46.124,-115.028,1010.0
8170,48.11825,-121.931,163.0
8171,46.124,-115.028,1010.0
8172,42.9449,-115.978,731.0
8173,46.44313333333333,-116.152,546.0
8174,43.85618333333333,-116.377,966.0
8175,43.85618333333333,-116.377,966.0
8176,43.85618333333333,-116.377,966.0
8177,43.513666666666666,-116.36655555555556,823.0
8178,43.5699,-113.202,1616.0
8179,43.5699,-113.202,1616.0
8180,44.2989,-117.026,667.0
8181,47.5336,-120.295,216.0
8182,47.66325,-121.807,261.0
8183,44.2989,-117.026,667.0
8184,44.90415,-116.866,939.0
8185,44.90415,-116.866,939.0
8186,44.90415,-116.866,939.0
8187,42.7711,-114.47015,1176.0
8188,42.7711,-114.47015,1176.0
8189,42.7711,-114.47015,1176.0
8190,42.7711,-114.47015,1176.0
8191,43.5399,-114.383,2026.0
8192,42.91175,-114.95265,861.0
8193,47.66325,-121.807,261.0
8194,44.85345,-114.0725,2051.0
8195,42.68545,-113.513,1268.0
8196,43.474900000000005,-111.1895,2317.0
8197,43.474900000000005,-111.1895,2317.0
8198,42.472475,-114.487,1286.0
8199,42.70624285714286,-112.77514285714284,1721.0
8200,42.70624285714286,-112.77514285714284,1721.0
8201,42.70624285714286,-112.77514285714284,1721.0
8202,43.45823076923077,-111.959,1436.0
8203,43.45823076923077,-111.959,1436.0
8204,47.66325,-121.807,261.0
8205,42.37235714285714,-111.66357142857144,1846.0
8206,42.37235714285714,-111.66357142857144,1846.0
8207,42.37235714285714,-111.66357142857144,1846.0
8208,42.37235714285714,-111.66357142857144,1846.0
8209,42.37235714285714,-111.66357142857144,1846.0
8210,43.85084,-111.727,1493.0
8211,47.44770384615385,-114.20811538461538,892.0
8212,47.44770384615385,-114.20811538461538,892.0
8213,47.44770384615385,-114.20811538461538,892.0
8214,48.1711625,-115.421625,1096.0
8215,47.66325,-121.807,261.0
8216,46.04349,-112.89095,1793.0
8217,46.9769828125,-110.5825,2531.0
8218,46.9769828125,-110.5825,2531.0
8219,46.9769828125,-110.5825,2531.0
8220,48.023025,-123.11575,622.0
8221,48.023025,-123.11575,622.0
8222,45.86418333333333,-120.249,655.0
8223,45.86418333333333,-120.249,655.0
8224,45.86418333333333,-120.249,655.0
8225,45.86418333333333,-120.249,655.0
8226,47.815642857142855,-122.20685714285716,50.0
8227,45.86418333333333,-120.249,655.0
8228,45.79828571428571,-120.7414285714286,584.0
8229,45.79828571428571,-120.7414285714286,584.0
8230,45.79828571428571,-120.7414285714286,584.0
8231,45.79828571428571,-120.7414285714286,584.0
8232,45.79828571428571,-120.7414285714286,584.0
8233,45.79828571428571,-120.7414285714286,584.0
8234,45.79828571428571,-120.7414285714286,584.0
8235,45.79828571428571,-120.7414285714286,584.0
8236,45.79828571428571,-120.7414285714286,584.0
8237,47.815642857142855,-122.20685714285716,50.0
8238,45.79828571428571,-120.7414285714286,584.0
8239,46.4287,-117.87566666666667,574.0
8240,46.4287,-117.87566666666667,574.0
8241,46.4287,-117.87566666666667,574.0
8242,46.4287,-117.87566666666667,574.0
8243,46.4287,-117.87566666666667,574.0
8244,45.67482777777778,-122.59183333333333,79.0
8245,45.67482777777778,-122.59183333333333,79.0
8246,45.67482777777778,-122.59183333333333,79.0
8247,45.67482777777778,-122.59183333333333,79.0
8248,47.815642857142855,-122.20685714285716,50.0
8249,45.67482777777778,-122.59183333333333,79.0
8250,45.67482777777778,-122.59183333333333,79.0
8251,45.67482777777778,-122.59183333333333,79.0
8252,46.16117142857143,-122.97814285714286,1.0
8253,46.16117142857143,-122.97814285714286,1.0
8254,46.16117142857143,-122.97814285714286,1.0
8255,46.16117142857143,-122.97814285714286,1.0
8256,46.16117142857143,-122.97814285714286,1.0
8257,46.0499,-119.328,396.0
8258,46.0499,-119.328,396.0
8259,47.815642857142855,-122.20685714285716,50.0
8260,46.0499,-119.328,396.0
8261,46.0499,-119.328,396.0
8262,46.0499,-119.328,396.0
8263,46.494125,-122.3735,478.0
8264,46.494125,-122.3735,478.0
8265,47.4138,-123.10366666666664,0.0
8266,46.899033333333335,-123.463,163.0
8267,46.899033333333335,-123.463,163.0
8268,46.899033333333335,-123.463,163.0
8269,46.899033333333335,-123.463,163.0
8270,48.2191,-121.308,1501.0
8271,46.899033333333335,-123.463,163.0
8272,45.67048,-122.2732,546.0
8273,45.67048,-122.2732,546.0
8274,45.67048,-122.2732,546.0
8275,45.67048,-122.2732,546.0
8276,45.67048,-122.2732,546.0
8277,45.67048,-122.2732,546.0
8278,45.67048,-122.2732,546.0
8279,46.34013333333333,-124.002,56.0
8280,46.34013333333333,-124.002,56.0
8281,48.2191,-121.308,1501.0
8282,45.93143333333333,-122.62833333333332,104.0
8283,45.93143333333333,-122.62833333333332,104.0
8284,46.1302,-118.36566666666666,282.0
8285,46.1302,-118.36566666666666,282.0
8286,46.1302,-118.36566666666666,282.0
8287,47.97983333333334,-124.17466666666668,499.0
8288,46.1797,-119.916,263.0
8289,46.1797,-119.916,263.0
8290,46.1797,-119.916,263.0
8291,46.1797,-119.916,263.0
8292,48.94825,-122.2935,18.0
8293,48.86305,-122.70375,68.0
8294,47.4854,-120.482,381.0
8295,46.9955,-120.194,888.0
8296,45.5629,-122.012,1065.0
8297,46.6166,-120.62528571428572,511.0
8298,46.13965,-118.8965,158.0
8299,46.382133333333336,-119.37933333333336,145.0
8300,46.4198,-118.959,236.0
8301,45.74152857142857,-119.34685714285716,194.0
8302,45.6648,-117.293,1424.0
8303,46.6166,-120.62528571428572,511.0
8304,47.31644375,-119.630625,598.0
8305,47.07808333333333,-123.86666666666667,107.0
8306,47.31644375,-119.630625,598.0
8307,47.48515,-117.645,759.0
8308,47.67685,-117.2685,605.0
8309,45.3692,-116.8235,1481.0
8310,46.4198,-118.959,236.0
8311,46.8544,-118.4855,496.0
8312,45.92613333333333,-118.614,476.0
8313,47.31644375,-119.630625,598.0
8314,45.5629,-122.012,1065.0
8315,45.249525,-122.20125,518.0
8316,43.93966666666668,-122.784,286.0
8317,46.9955,-120.194,888.0
8318,45.59295,-121.622,437.0
8319,45.56766,-120.5508,457.0
8320,47.31644375,-119.630625,598.0
8321,46.77385,-119.212,275.0
8322,46.4198,-118.959,236.0
8323,46.8544,-118.4855,496.0
8324,47.31644375,-119.630625,598.0
8325,44.051988888888886,-108.45988888888888,1518.0
8326,44.63035,-106.91325,1428.0
8327,44.22128333333333,-105.34983333333334,1397.0
8328,46.98936666666666,-122.18933333333332,234.0
8329,41.846375,-108.836,2125.0
8330,41.295544444444445,-112.047,1290.0
8331,41.71906666666667,-111.84022222222222,1372.0
8332,40.66803333333333,-111.65333333333336,2599.0
8333,40.43275454545454,-109.74863636363636,1817.0
8334,40.750530000000005,-111.2894,2220.0
8335,41.846375,-108.836,2125.0
8336,43.0625125,-110.475375,2252.0
8337,44.63035,-106.91325,1428.0
8338,43.0625125,-110.475375,2252.0
8339,47.094366666666666,-122.43766666666666,126.0
8340,40.43275454545454,-109.74863636363636,1817.0
8341,44.22128333333333,-105.34983333333334,1397.0
8342,44.1358,-103.2492,1091.0
8343,42.9355,-105.729,1623.0
8344,42.59495,-104.2615,1535.0
8345,42.667875,-106.7915,1939.0
8346,42.06873333333333,-104.90000000000002,1423.0
8347,41.6676,-106.02916666666664,2181.0
8348,42.92446,-106.20239999999998,1641.0
8349,42.06873333333333,-104.90000000000002,1423.0
8350,47.2011875,-122.336125,6.0
8351,41.6676,-106.02916666666664,2181.0
8352,40.92095,-103.9025,1598.0
8353,40.42908333333333,-105.0895,1539.0
8354,40.598200000000006,-105.2005,1780.0
8355,40.74185,-105.4915,2308.0
8356,40.817875,-105.07275,1693.0
8357,40.7366,-104.511,1599.0
8358,41.6676,-106.02916666666664,2181.0
8359,41.7701,-107.06333333333332,2000.0
8360,42.92446,-106.20239999999998,1641.0
8361,47.11445714285714,-122.59271428571428,84.0
8362,42.59495,-104.2615,1535.0
8363,40.817875,-105.07275,1693.0
8364,41.7701,-107.06333333333332,2000.0
8365,40.817875,-105.07275,1693.0
8366,40.94468571428571,-111.89514285714289,1285.0
8367,41.4395,-112.557,1279.0
8368,41.295544444444445,-112.047,1290.0
8369,40.66475,-112.1118,1591.0
8370,39.51375,-110.4515,1699.0
8371,39.3894,-111.09866666666666,2035.0
8372,47.20518,-122.4202,123.0
8373,39.663775,-110.8115,1949.0
8374,39.19015,-111.8195,1675.0
8375,38.48355,-112.6565,2240.0
8376,38.489875,-112.92125,1591.0
8377,37.5597,-113.2005,1700.0
8378,39.663775,-110.8115,1949.0
8379,38.6072,-109.575,1422.0
8380,39.095,-110.069,1524.0
8381,39.49476666666667,-112.54266666666666,1447.0
8382,40.7559,-113.541,1283.0
8383,46.64393333333334,-122.85516666666666,161.0
8384,40.514,-112.2615,1772.0
8385,40.66475,-112.1118,1591.0
8386,39.663775,-110.8115,1949.0
8387,39.450125,-111.536,1770.0
8388,38.489875,-112.92125,1591.0
8389,40.22813333333333,-111.6055,1864.0
8390,40.58942666666667,-111.96253333333334,1376.0
8391,39.663775,-110.8115,1949.0
8392,40.4893625,-111.759625,1844.0
8393,40.30967142857143,-111.76585714285714,1368.0
8394,47.60757777777778,-122.298,88.0
8395,40.364025,-111.913,1380.0
8396,39.97056666666666,-111.48466666666668,1945.0
8397,39.7928,-111.84933333333332,1541.0
8398,40.4893625,-111.759625,1844.0
8399,40.30967142857143,-111.76585714285714,1368.0
8400,40.364025,-111.913,1380.0
8401,40.66475,-112.1118,1591.0
8402,40.698528571428575,-111.893,1302.0
8403,37.2169,-113.19433333333332,1135.0
8404,37.68355,-111.812,2172.0
8405,47.66325,-121.807,261.0
8406,47.71461428571428,-122.19085714285714,52.0
8407,39.450125,-111.536,1770.0
8408,38.4635,-111.568,2379.0
8409,39.19015,-111.8195,1675.0
8410,38.6182,-112.17,1714.0
8411,38.489875,-112.92125,1591.0
8412,39.0321,-112.459,1414.0
8413,38.6182,-112.17,1714.0
8414,41.295544444444445,-112.047,1290.0
8415,41.71906666666667,-111.84022222222222,1372.0
8416,38.489875,-112.92125,1591.0
8417,47.8412,-122.32514285714286,128.0
8418,39.0321,-112.459,1414.0
8419,39.7928,-111.84933333333332,1541.0
8420,37.79995,-113.008,1773.0
8421,39.97056666666666,-111.48466666666668,1945.0
8422,37.1113,-109.626,1504.0
8423,36.4611,-110.1815,2163.0
8424,40.4893625,-111.759625,1844.0
8425,40.66803333333333,-111.65333333333336,2599.0
8426,40.77023333333333,-111.77666666666666,1703.0
8427,40.698528571428575,-111.893,1302.0
8428,47.60757777777778,-122.298,88.0
8429,40.750530000000005,-111.2894,2220.0
8430,37.1113,-109.626,1504.0
8431,37.75635,-109.408,2243.0
8432,36.41946,-109.4591,1756.0
8433,37.49275,-108.8315,2027.0
8434,38.1776,-108.4885,1844.0
8435,37.1436375,-113.614875,948.0
8436,37.5597,-113.2005,1700.0
8437,37.3471,-112.726,2069.0
8438,36.89793333333333,-113.046,1521.0
8439,47.71461428571428,-122.19085714285714,52.0
8440,39.7928,-111.84933333333332,1541.0
8441,38.4635,-111.568,2379.0
8442,40.66803333333333,-111.65333333333336,2599.0
8443,40.7857,-111.92475,1291.0
8444,40.750530000000005,-111.2894,2220.0
8445,41.86853333333333,-112.11533333333334,1371.0
8446,38.489875,-112.92125,1591.0
8447,37.5597,-113.2005,1700.0
8448,37.79995,-113.008,1773.0
8449,36.89793333333333,-113.046,1521.0
8450,47.49834166666667,-122.21441666666668,7.0
8451,36.877633333333335,-111.466,1337.0
8452,37.79995,-113.008,1773.0
8453,40.66475,-112.1118,1591.0
8454,39.095,-110.069,1524.0
8455,37.75635,-109.408,2243.0
8456,41.71906666666667,-111.84022222222222,1372.0
8457,40.22813333333333,-111.6055,1864.0
8458,40.30967142857143,-111.76585714285714,1368.0
8459,40.364025,-111.913,1380.0
8460,40.750530000000005,-111.2894,2220.0
8461,47.1717,-122.923,55.0
8462,41.64855,-112.129,1305.0
8463,41.86853333333333,-112.11533333333334,1371.0
8464,40.750530000000005,-111.2894,2220.0
8465,40.30967142857143,-111.76585714285714,1368.0
8466,39.97056666666666,-111.48466666666668,1945.0
8467,40.750530000000005,-111.2894,2220.0
8468,37.3471,-112.726,2069.0
8469,37.79995,-113.008,1773.0
8470,40.364025,-111.913,1380.0
8471,36.41946,-109.4591,1756.0
8472,47.4138,-123.10366666666664,0.0
8473,40.77023333333333,-111.77666666666666,1703.0
8474,40.750530000000005,-111.2894,2220.0
8475,40.7857,-111.92475,1291.0
8476,40.698528571428575,-111.893,1302.0
8477,40.750530000000005,-111.2894,2220.0
8478,37.79995,-113.008,1773.0
8479,39.7928,-111.84933333333332,1541.0
8480,41.86853333333333,-112.11533333333334,1371.0
8481,39.7928,-111.84933333333332,1541.0
8482,40.66475,-112.1118,1591.0
8483,47.07808333333333,-123.86666666666667,107.0
8484,38.1776,-108.4885,1844.0
8485,40.698528571428575,-111.893,1302.0
8486,40.750530000000005,-111.2894,2220.0
8487,35.062875,-114.12975,772.0
8488,34.923633333333335,-114.54933333333334,164.0
8489,35.42255,-114.3965,984.0
8490,36.2669,-113.466,1978.0
8491,34.3739,-114.106,455.0
8492,34.923633333333335,-114.54933333333334,164.0
8493,35.0805,-113.673,1009.0
8494,48.6981,-121.209,336.0
8495,35.566875,-113.9355,886.0
8496,34.649166666666666,-114.31933333333332,447.0
8497,34.923633333333335,-114.54933333333334,164.0
8498,34.649166666666666,-114.31933333333332,447.0
8499,34.00495,-114.107,259.0
8500,34.649166666666666,-114.31933333333332,447.0
8501,34.826475,-111.871,1227.0
8502,35.566875,-113.9355,886.0
8503,35.566875,-113.9355,886.0
8504,35.3467,-112.948,1808.0
8505,48.42602,-122.4174,2.0
8506,33.4705,-112.78833333333334,336.0
8507,33.472029166666665,-112.02483333333332,347.0
8508,33.40338823529412,-112.1779411764706,300.0
8509,33.68365238095238,-112.08,441.0
8510,33.62859090909091,-112.39254545454546,370.0
8511,33.601949999999995,-111.924,425.0
8512,33.67751428571429,-112.25685714285714,387.0
8513,35.3185,-111.531,2039.0
8514,36.111,-112.108,1206.0
8515,36.65705,-110.6965,1984.0
8516,46.9289,-122.69475,177.0
8517,47.31644375,-119.630625,598.0
8518,36.7933,-111.119,1638.0
8519,33.697,-111.209,745.0
8520,34.56932,-110.2166,1814.0
8521,33.352850000000004,-111.76625,380.0
8522,35.3136,-109.97,1689.0
8523,35.189,-110.604,1490.0
8524,34.392199999999995,-109.39185714285716,1821.0
8525,36.41946,-109.4591,1756.0
8526,33.4705,-112.78833333333334,336.0
8527,32.92536666666667,-111.53566666666666,432.0
8528,48.649,-121.691,211.0
8529,33.26683333333333,-112.45233333333331,305.0
8530,33.444675000000004,-112.378875,296.0
8531,32.93155,-112.9185,217.0
8532,32.1788,-112.625,667.0
8533,33.4,-113.11566666666666,326.0
8534,34.00495,-114.107,259.0
8535,33.9827,-113.294,656.0
8536,31.7829,-110.1035,1312.0
8537,31.487420000000004,-110.1238,1260.0
8538,31.5555,-110.8465,1346.0
8539,47.87774,-121.7802,74.0
8540,34.40335,-112.1515,1215.0
8541,34.751866666666665,-112.225,1754.0
8542,34.826475,-111.871,1227.0
8543,32.81886666666667,-109.248,1345.0
8544,33.255250000000004,-110.2715,865.0
8545,33.3726,-109.309,1901.0
8546,36.65705,-110.6965,1984.0
8547,36.00865,-110.4865,1780.0
8548,35.965,-111.43,1340.0
8549,33.7921,-109.923,1660.0
8550,47.11445714285714,-122.59271428571428,84.0
8551,34.392199999999995,-109.39185714285716,1821.0
8552,35.4,-112.152,2061.0
8553,35.4901,-110.929,1501.0
8554,34.826475,-111.871,1227.0
8555,33.697,-111.209,745.0
8556,33.47595,-110.577,1039.0
8557,33.0515,-110.752,1201.0
8558,33.4,-113.11566666666666,326.0
8559,33.40338823529412,-112.1779411764706,300.0
8560,33.62859090909091,-112.39254545454546,370.0
8561,46.64393333333334,-122.85516666666666,161.0
8562,33.26683333333333,-112.45233333333331,305.0
8563,33.352850000000004,-111.76625,380.0
8564,33.444675000000004,-112.378875,296.0
8565,33.33551666666667,-112.86616666666669,262.0
8566,31.41895,-109.422,1403.0
8567,32.0603,-109.893,1281.0
8568,34.392199999999995,-109.39185714285716,1821.0
8569,32.1176,-108.485,1321.0
8570,33.0103,-113.39933333333332,162.0
8571,32.61901666666667,-114.596,61.0
8572,48.42602,-122.4174,2.0
8573,32.7276,-114.679,37.0
8574,32.6905,-114.078,69.0
8575,33.40338823529412,-112.1779411764706,300.0
8576,33.68365238095238,-112.08,441.0
8577,33.26683333333333,-112.45233333333331,305.0
8578,33.42265833333334,-111.88841666666669,361.0
8579,33.601949999999995,-111.924,425.0
8580,33.31535,-111.9634,364.0
8581,33.0103,-113.39933333333332,162.0
8582,33.33551666666667,-112.86616666666669,262.0
8583,47.71461428571428,-122.19085714285714,52.0
8584,33.68365238095238,-112.08,441.0
8585,33.26683333333333,-112.45233333333331,305.0
8586,33.444675000000004,-112.378875,296.0
8587,32.93155,-112.9185,217.0
8588,33.016333333333336,-111.19833333333334,674.0
8589,32.6159,-110.58,908.0
8590,33.0515,-110.752,1201.0
8591,32.3575,-111.098125,645.0
8592,32.4181,-110.96766666666667,839.0
8593,31.487420000000004,-110.1238,1260.0
8594,48.1818,-118.87,748.0
8595,32.1176,-108.485,1321.0
8596,33.62859090909091,-112.39254545454546,370.0
8597,33.91823333333333,-112.00816666666668,885.0
8598,33.601949999999995,-111.924,425.0
8599,33.67751428571429,-112.25685714285714,387.0
8600,33.33551666666667,-112.86616666666669,262.0
8601,34.826475,-111.871,1227.0
8602,32.3775,-109.96,1297.0
8603,31.7829,-110.1035,1312.0
8604,31.8507,-109.666,1329.0
8605,47.31644375,-119.630625,598.0
8606,32.164227272727274,-110.89572727272729,803.0
8607,34.765,-112.895,1702.0
8608,32.1891,-110.316,1013.0
8609,32.5517,-111.3,580.0
8610,33.183,-111.4684,482.0
8611,33.352850000000004,-111.76625,380.0
8612,32.86975,-111.807,417.0
8613,32.6427,-111.59,490.0
8614,33.016333333333336,-111.19833333333334,674.0
8615,32.9666,-111.7235,458.0
8616,48.5591,-122.061,531.0
8617,32.164227272727274,-110.89572727272729,803.0
8618,33.42265833333334,-111.88841666666669,361.0
8619,33.601949999999995,-111.924,425.0
8620,33.352850000000004,-111.76625,380.0
8621,35.15745,-112.555,1588.0
8622,34.826475,-111.871,1227.0
8623,33.46181428571428,-111.51871428571428,623.0
8624,33.40048181818182,-111.66727272727272,430.0
8625,36.00865,-110.4865,1780.0
8626,36.41946,-109.4591,1756.0
8627,46.64393333333334,-122.85516666666666,161.0
8628,47.939325,-122.56225,0.0
8629,34.51175,-113.0905,844.0
8630,34.0158,-112.938,755.0
8631,34.751866666666665,-112.225,1754.0
8632,33.67751428571429,-112.25685714285714,387.0
8633,33.444675000000004,-112.378875,296.0
8634,33.33551666666667,-112.86616666666669,262.0
8635,34.00495,-114.107,259.0
8636,32.61901666666667,-114.596,61.0
8637,32.93155,-112.9185,217.0
8638,35.965,-111.43,1340.0
8639,47.013000000000005,-120.4815,520.0
8640,33.91823333333333,-112.00816666666668,885.0
8641,33.9361,-111.522,1454.0
8642,34.284499999999994,-110.508,2130.0
8643,34.826475,-111.871,1227.0
8644,33.11534,-112.1154,345.0
8645,33.444675000000004,-112.378875,296.0
8646,33.33551666666667,-112.86616666666669,262.0
8647,33.40048181818182,-111.66727272727272,430.0
8648,34.284499999999994,-110.508,2130.0
8649,34.392199999999995,-109.39185714285716,1821.0
8650,46.6166,-120.62528571428572,511.0
8651,36.7933,-111.119,1638.0
8652,34.765,-112.895,1702.0
8653,33.183,-111.4684,482.0
8654,33.40048181818182,-111.66727272727272,430.0
8655,33.31535,-111.9634,364.0
8656,33.444675000000004,-112.378875,296.0
8657,33.47595,-110.577,1039.0
8658,31.8507,-109.666,1329.0
8659,33.601949999999995,-111.924,425.0
8660,33.352850000000004,-111.76625,380.0
8661,47.71461428571428,-122.19085714285714,52.0
8662,33.31535,-111.9634,364.0
8663,32.7276,-114.679,37.0
8664,32.6905,-114.078,69.0
8665,32.4681,-111.425,644.0
8666,32.3575,-111.098125,645.0
8667,32.4181,-110.96766666666667,839.0
8668,36.00865,-110.4865,1780.0
8669,33.016333333333336,-111.19833333333334,674.0
8670,33.22328,-111.6622,420.0
8671,35.7699,-110.196,2007.0
8672,47.1717,-122.923,55.0
8673,33.7657,-108.81,2149.0
8674,33.352850000000004,-111.76625,380.0
8675,33.67751428571429,-112.25685714285714,387.0
8676,34.826475,-111.871,1227.0
8677,33.47595,-110.577,1039.0
8678,33.31535,-111.9634,364.0
8679,33.40048181818182,-111.66727272727272,430.0
8680,33.22328,-111.6622,420.0
8681,33.21897142857143,-111.81142857142856,374.0
8682,33.9827,-113.294,656.0
8683,46.899033333333335,-123.463,163.0
8684,34.765,-112.895,1702.0
8685,34.826475,-111.871,1227.0
8686,35.339659999999995,-109.3686,2018.0
8687,31.3635,-110.8745,1276.0
8688,31.9901,-110.562,1100.0
8689,32.40955,-107.63075,1422.0
8690,34.826475,-111.871,1227.0
8691,35.339659999999995,-109.3686,2018.0
8692,33.33551666666667,-112.86616666666669,262.0
8693,32.6427,-111.59,490.0
8694,47.1472,-123.07433333333334,66.0
8695,32.9666,-111.7235,458.0
8696,33.21897142857143,-111.81142857142856,374.0
8697,33.21897142857143,-111.81142857142856,374.0
8698,32.140925,-110.73075,893.0
8699,33.21897142857143,-111.81142857142856,374.0
8700,34.9575,-108.5875,2277.0
8701,33.7657,-108.81,2149.0
8702,35.6337,-107.99475,2124.0
8703,35.339659999999995,-109.3686,2018.0
8704,36.72515714285714,-108.07771428571428,1716.0
8705,46.64393333333334,-122.85516666666666,161.0
8706,35.688428571428574,-108.77285714285712,1938.0
8707,36.749080000000006,-108.5408,1549.0
8708,34.9575,-108.5875,2277.0
8709,35.688428571428574,-108.77285714285712,1938.0
8710,47.740564285714285,-117.452,720.0
8711,48.61626666666667,-117.983,712.0
8712,48.884,-117.383,770.0
8713,47.824975,-117.98375,515.0
8714,48.5539,-119.38675,714.0
8715,47.31644375,-119.630625,598.0
8716,47.89757142857143,-122.26014285714288,161.0
8717,46.4198,-118.959,236.0
8718,47.31644375,-119.630625,598.0
8719,48.13162,-117.3868,686.0
8720,48.884,-117.383,770.0
8721,47.740564285714285,-117.452,720.0
8722,47.824975,-117.98375,515.0
8723,46.8544,-118.4855,496.0
8724,47.740564285714285,-117.452,720.0
8725,47.824975,-117.98375,515.0
8726,47.740564285714285,-117.452,720.0
8727,47.49834166666667,-122.21441666666668,7.0
8728,48.5539,-119.38675,714.0
8729,47.824975,-117.98375,515.0
8730,47.31644375,-119.630625,598.0
8731,32.2936375,-110.831875,800.0
8732,31.976366666666667,-110.882,853.0
8733,31.76125,-111.1255,1039.0
8734,32.140925,-110.73075,893.0
8735,32.239916666666666,-110.94883333333333,743.0
8736,32.12414,-111.049,857.0
8737,31.7712,-110.884,1171.0
8738,48.7326,-121.068,471.0
8739,47.4138,-123.10366666666664,0.0
8740,32.140925,-110.73075,893.0
8741,32.239916666666666,-110.94883333333333,743.0
8742,32.4181,-110.96766666666667,839.0
8743,32.140925,-110.73075,893.0
8744,31.8328,-111.451,958.0
8745,32.1788,-112.625,667.0
8746,32.3575,-111.098125,645.0
8747,31.76125,-111.1255,1039.0
8748,32.3575,-111.098125,645.0
8749,32.12414,-111.049,857.0
8750,47.11445714285714,-122.59271428571428,84.0
8751,31.976366666666667,-110.882,853.0
8752,31.76125,-111.1255,1039.0
8753,32.12414,-111.049,857.0
8754,32.239916666666666,-110.94883333333333,743.0
8755,32.4181,-110.96766666666667,839.0
8756,31.7712,-110.884,1171.0
8757,32.12414,-111.049,857.0
8758,32.4181,-110.96766666666667,839.0
8759,32.12414,-111.049,857.0
8760,36.72515714285714,-108.07771428571428,1716.0
8761,47.20518,-122.4202,123.0
8762,36.00962,-106.16400000000002,2002.0
8763,37.34553333333333,-106.00766666666668,2325.0
8764,37.333525,-107.69075,2484.0
8765,33.32853333333333,-107.43,1641.0
8766,32.30788571428571,-106.79464285714286,1183.0
8767,32.6718,-108.21625,1675.0
8768,32.1176,-108.485,1321.0
8769,31.84918,-106.4804,1469.0
8770,31.78811,-106.5266125,1141.0
8771,34.99608,-107.609,1962.0
8772,47.20518,-122.4202,123.0
8773,35.6337,-107.99475,2124.0
8774,33.32853333333333,-107.43,1641.0
8775,34.99608,-107.609,1962.0
8776,34.646925,-106.0225,1851.0
8777,35.11489677419355,-106.51364516129031,1719.0
8778,32.30788571428571,-106.79464285714286,1183.0
8779,34.646925,-106.0225,1851.0
8780,32.30788571428571,-106.79464285714286,1183.0
8781,31.9595625,-106.584125,1185.0
8782,33.49698333333333,-105.59366666666666,2051.0
8783,48.5591,-122.061,531.0
8784,35.24002142857143,-106.76185714285714,1717.0
8785,35.6337,-107.99475,2124.0
8786,35.11489677419355,-106.51364516129031,1719.0
8787,33.49698333333333,-105.59366666666666,2051.0
8788,35.650670000000005,-105.8067,2879.0
8789,32.6718,-108.21625,1675.0
8790,31.9595625,-106.584125,1185.0
8791,31.84918,-106.4804,1469.0
8792,36.749080000000006,-108.5408,1549.0
8793,35.6337,-107.99475,2124.0
8794,48.8663,-122.063,923.0
8795,37.49275,-108.8315,2027.0
8796,37.2314,-108.16766666666666,2228.0
8797,37.333525,-107.69075,2484.0
8798,35.11489677419355,-106.51364516129031,1719.0
8799,35.6337,-107.99475,2124.0
8800,35.650670000000005,-105.8067,2879.0
8801,36.749080000000006,-108.5408,1549.0
8802,35.6337,-107.99475,2124.0
8803,35.6337,-107.99475,2124.0
8804,35.650670000000005,-105.8067,2879.0
8805,47.8412,-122.32514285714286,128.0
8806,37.74243333333333,-106.15866666666666,2342.0
8807,35.650670000000005,-105.8067,2879.0
8808,35.650670000000005,-105.8067,2879.0
8809,32.1176,-108.485,1321.0
8810,35.6337,-107.99475,2124.0
8811,38.1776,-108.4885,1844.0
8812,31.91765,-105.9645,1602.0
8813,31.943166666666663,-106.39433333333334,1203.0
8814,31.84918,-106.4804,1469.0
8815,31.8734,-106.568,1213.0
8816,47.82616,-122.055,77.0
8817,31.78811,-106.5266125,1141.0
8818,35.650670000000005,-105.8067,2879.0
8819,37.2339,-104.47,1805.0
8820,37.0155,-105.364,2936.0
8821,39.4965625,-104.9775,1790.0
8822,39.68672222222222,-104.89811111111112,1655.0
8823,39.7961375,-104.9695,1567.0
8824,39.77627142857143,-105.0897142857143,1649.0
8825,39.5785,-104.84881818181816,1774.0
8826,39.58910909090909,-105.06990909090908,1695.0
8827,47.87774,-121.7802,74.0
8828,39.34603333333333,-103.61216666666668,1725.0
8829,40.4869,-107.1685,1959.0
8830,39.525866666666666,-107.62933333333336,1721.0
8831,39.11303333333333,-108.51766666666668,1469.0
8832,40.0504,-107.668,2423.0
8833,40.19558,-103.6704,1326.0
8834,40.9635,-103.3475,1431.0
8835,40.6521,-102.37866666666667,1167.0
8836,40.5609,-103.282,1223.0
8837,39.780175,-104.804375,1635.0
8838,48.42602,-122.4174,2.0
8839,39.5785,-104.84881818181816,1774.0
8840,39.70285,-104.62725,1750.0
8841,39.4001,-104.5203,1929.0
8842,39.59846666666667,-106.58666666666666,2642.0
8843,40.4749,-106.804,2154.0
8844,39.1228,-106.3,2860.0
8845,40.7589,-106.431,2478.0
8846,39.65815,-105.7235,3644.0
8847,39.18745,-107.1325,3407.0
8848,39.7452,-107.2525,3056.0
8849,48.6981,-121.209,336.0
8850,47.87774,-121.7802,74.0
8851,39.53075,-108.0565,2543.0
8852,39.11303333333333,-108.51766666666668,1469.0
8853,38.41205,-107.9295,1949.0
8854,38.47186666666666,-107.50033333333332,2857.0
8855,40.37648,-104.77060000000002,1469.0
8856,40.568025,-104.943,1521.0
8857,40.113,-104.937,1515.0
8858,40.24986,-105.1134,1583.0
8859,39.77627142857143,-105.0897142857143,1649.0
8860,40.42908333333333,-105.0895,1539.0
8861,47.4138,-123.10366666666664,0.0
8862,40.817875,-105.07275,1693.0
8863,39.98825,-104.974125,1582.0
8864,40.0217,-105.195875,1594.0
8865,39.5785,-104.84881818181816,1774.0
8866,39.391975,-105.18375,1965.0
8867,39.58910909090909,-105.06990909090908,1695.0
8868,40.42945,-105.559,2937.0
8869,40.92095,-103.9025,1598.0
8870,40.42908333333333,-105.0895,1539.0
8871,39.98564,-105.3864,2414.0
8872,48.023025,-123.11575,622.0
8873,38.386575,-105.4465,2327.0
8874,38.96577777777778,-104.83844444444443,1978.0
8875,39.68114,-105.21779999999998,2130.0
8876,40.1627,-106.621,3203.0
8877,39.76413333333333,-106.319,3571.0
8878,39.2952,-106.796,3366.0
8879,40.6521,-102.37866666666667,1167.0
8880,40.3774,-104.5705,1421.0
8881,39.70285,-104.62725,1750.0
8882,40.0619,-103.28,1435.0
8883,47.1472,-123.07433333333334,66.0
8884,40.2362,-104.102,1382.0
8885,40.5609,-103.282,1223.0
8886,40.92095,-103.9025,1598.0
8887,39.780175,-104.804375,1635.0
8888,39.84709,-104.9156,1564.0
8889,39.93575,-104.69625,1585.0
8890,39.7961375,-104.9695,1567.0
8891,39.5785,-104.84881818181816,1774.0
8892,39.86196666666667,-105.21233333333332,1857.0
8893,39.77627142857143,-105.0897142857143,1649.0
8894,46.64393333333334,-122.85516666666666,161.0
8895,39.391975,-105.18375,1965.0
8896,39.481300000000005,-105.40033333333334,2572.0
8897,39.58910909090909,-105.06990909090908,1695.0
8898,39.65815,-105.7235,3644.0
8899,40.0217,-105.195875,1594.0
8900,39.780175,-104.804375,1635.0
8901,40.113,-104.937,1515.0
8902,39.93575,-104.69625,1585.0
8903,39.7961375,-104.9695,1567.0
8904,39.98825,-104.974125,1582.0
8905,47.26406666666667,-122.15033333333334,67.0
8906,40.115766666666666,-104.53433333333334,1530.0
8907,39.84709,-104.9156,1564.0
8908,39.93575,-104.69625,1585.0
8909,39.77085,-104.2495,1581.0
8910,39.7961375,-104.9695,1567.0
8911,39.70285,-104.62725,1750.0
8912,40.115766666666666,-104.53433333333334,1530.0
8913,39.2952,-106.796,3366.0
8914,38.9357,-106.6515,3232.0
8915,40.113,-104.937,1515.0
8916,47.87774,-121.7802,74.0
8917,39.93575,-104.69625,1585.0
8918,39.7961375,-104.9695,1567.0
8919,39.8858,-105.05728571428573,1630.0
8920,39.98825,-104.974125,1582.0
8921,40.4749,-106.804,2154.0
8922,40.0504,-107.668,2423.0
8923,40.7589,-106.431,2478.0
8924,40.568025,-104.943,1521.0
8925,40.42908333333333,-105.0895,1539.0
8926,40.3774,-104.5705,1421.0
8927,47.31644375,-119.630625,598.0
8928,40.7366,-104.511,1599.0
8929,40.42945,-105.559,2937.0
8930,39.98564,-105.3864,2414.0
8931,39.65815,-105.7235,3644.0
8932,39.11303333333333,-108.51766666666668,1469.0
8933,39.8858,-105.05728571428573,1630.0
8934,39.77627142857143,-105.0897142857143,1649.0
8935,40.0217,-105.195875,1594.0
8936,40.24986,-105.1134,1583.0
8937,40.42908333333333,-105.0895,1539.0
8938,47.31644375,-119.630625,598.0
8939,40.3774,-104.5705,1421.0
8940,40.817875,-105.07275,1693.0
8941,40.0013,-108.635,2170.0
8942,38.93885,-108.3172,1652.0
8943,38.9294,-107.6145,2459.0
8944,39.8858,-105.05728571428573,1630.0
8945,40.817875,-105.07275,1693.0
8946,39.98825,-104.974125,1582.0
8947,40.0217,-105.195875,1594.0
8948,39.5785,-104.84881818181816,1774.0
8949,35.1703,-118.5095,1287.0
8950,39.391975,-105.18375,1965.0
8951,39.4001,-104.5203,1929.0
8952,39.34603333333333,-103.61216666666668,1725.0
8953,38.63795,-104.684,1655.0
8954,39.7961375,-104.9695,1567.0
8955,40.817875,-105.07275,1693.0
8956,40.115766666666666,-104.53433333333334,1530.0
8957,40.0013,-108.635,2170.0
8958,38.93885,-108.3172,1652.0
8959,40.2362,-104.102,1382.0
8960,48.339,-122.0875,294.0
8961,35.02014,-118.2205,895.0
8962,39.4001,-104.5203,1929.0
8963,40.74185,-105.4915,2308.0
8964,39.8858,-105.05728571428573,1630.0
8965,39.77627142857143,-105.0897142857143,1649.0
8966,39.70285,-104.62725,1750.0
8967,39.58910909090909,-105.06990909090908,1695.0
8968,40.3774,-104.5705,1421.0
8969,40.7366,-104.511,1599.0
8970,40.115766666666666,-104.53433333333334,1530.0
8971,39.465050000000005,-106.032,3012.0
8972,34.921533333333336,-118.40933333333334,1008.0
8973,39.77627142857143,-105.0897142857143,1649.0
8974,40.42908333333333,-105.0895,1539.0
8975,39.98825,-104.974125,1582.0
8976,40.0217,-105.195875,1594.0
8977,40.42908333333333,-105.0895,1539.0
8978,40.0217,-105.195875,1594.0
8979,39.58910909090909,-105.06990909090908,1695.0
8980,39.98825,-104.974125,1582.0
8981,40.0217,-105.195875,1594.0
8982,40.598200000000006,-105.2005,1780.0
8983,34.79638571428571,-118.39685714285714,789.0
8984,40.817875,-105.07275,1693.0
8985,38.63795,-104.684,1655.0
8986,39.465050000000005,-106.032,3012.0
8987,38.386575,-105.4465,2327.0
8988,38.9357,-106.6515,3232.0
8989,37.74243333333333,-106.15866666666666,2342.0
8990,40.0504,-107.668,2423.0
8991,40.0217,-105.195875,1594.0
8992,39.481300000000005,-105.40033333333334,2572.0
8993,40.7366,-104.511,1599.0
8994,34.61585,-118.4255,844.0
8995,40.115766666666666,-104.53433333333334,1530.0
8996,38.41205,-107.9295,1949.0
8997,38.667100000000005,-108.11566666666666,1600.0
8998,38.9294,-107.6145,2459.0
8999,39.65815,-105.7235,3644.0
9000,40.817875,-105.07275,1693.0
9001,40.115766666666666,-104.53433333333334,1530.0
9002,39.33563333333333,-102.27666666666666,1264.0
9003,40.0217,-105.195875,1594.0
9004,40.0217,-105.195875,1594.0
9005,34.17738333333333,-118.29825,185.0
9006,38.77395714285715,-104.83428571428573,1873.0
9007,38.96577777777778,-104.83844444444443,1978.0
9008,38.63795,-104.684,1655.0
9009,38.47186666666666,-107.50033333333332,2857.0
9010,38.667100000000005,-108.11566666666666,1600.0
9011,38.1776,-108.4885,1844.0
9012,37.333525,-107.69075,2484.0
9013,38.3245,-106.922,2858.0
9014,38.1776,-108.4885,1844.0
9015,37.855066666666666,-107.91066666666666,3081.0
9016,36.97835,-118.994,1963.0
9017,38.9294,-107.6145,2459.0
9018,37.2339,-104.47,1805.0
9019,38.10735,-103.8785,1308.0
9020,38.055825,-104.8455,1742.0
9021,38.194325,-104.6165,1481.0
9022,38.96577777777778,-104.83844444444443,1978.0
9023,38.63795,-104.684,1655.0
9024,39.4341,-103.033,1464.0
9025,38.7976,-102.456,1345.0
9026,39.34603333333333,-103.61216666666668,1725.0
9027,34.03256666666667,-118.02733333333336,81.0
9028,38.410525,-104.87725,1627.0
9029,38.5118,-106.094,2324.0
9030,38.63795,-104.684,1655.0
9031,37.74243333333333,-106.15866666666666,2342.0
9032,38.1776,-108.4885,1844.0
9033,37.2314,-108.16766666666666,2228.0
9034,37.333525,-107.69075,2484.0
9035,38.10735,-103.8785,1308.0
9036,38.0146,-102.604,1151.0
9037,39.06445,-104.4005,2031.0
9038,34.11850909090909,-118.06636363636365,144.0
9039,39.34603333333333,-103.61216666666668,1725.0
9040,38.194325,-104.6165,1481.0
9041,38.0146,-102.604,1151.0
9042,37.2613,-102.154,1153.0
9043,39.34603333333333,-103.61216666666668,1725.0
9044,37.0155,-105.364,2936.0
9045,37.74243333333333,-106.15866666666666,2342.0
9046,38.40974,-104.46779999999998,1521.0
9047,38.055825,-104.8455,1742.0
9048,38.63795,-104.684,1655.0
9049,34.039944444444444,-117.78233333333333,335.0
9050,38.40974,-104.46779999999998,1521.0
9051,38.410525,-104.87725,1627.0
9052,38.96577777777778,-104.83844444444443,1978.0
9053,39.06445,-104.4005,2031.0
9054,38.63795,-104.684,1655.0
9055,37.74243333333333,-106.15866666666666,2342.0
9056,38.0146,-102.604,1151.0
9057,38.5118,-106.094,2324.0
9058,38.410525,-104.87725,1627.0
9059,37.333525,-107.69075,2484.0
9060,34.00595555555556,-117.94911111111112,111.0
9061,39.34603333333333,-103.61216666666668,1725.0
9062,38.63795,-104.684,1655.0
9063,39.06445,-104.4005,2031.0
9064,38.63795,-104.684,1655.0
9065,39.34603333333333,-103.61216666666668,1725.0
9066,37.333525,-107.69075,2484.0
9067,37.74243333333333,-106.15866666666666,2342.0
9068,37.333525,-107.69075,2484.0
9069,45.54215,-122.61707692307692,74.0
9070,45.249525,-122.20125,518.0
9071,47.89757142857143,-122.26014285714288,161.0
9072,34.2275,-117.96025,992.0
9073,45.86293333333333,-119.64433333333334,86.0
9074,45.51615,-118.836,496.0
9075,45.67325,-119.9,214.0
9076,45.31903333333333,-117.78166666666668,1093.0
9077,45.54215,-122.61707692307692,74.0
9078,45.249525,-122.20125,518.0
9079,45.4398,-122.7664375,54.0
9080,45.47567272727272,-122.44154545454543,289.0
9081,45.03927777777778,-122.87033333333336,58.0
9082,44.1967,-120.661,1163.0
9083,34.14079,-117.8388,285.0
9084,43.7615,-121.433,1307.0
9085,44.669125,-121.17775,732.0
9086,43.55137142857143,-118.41857142857144,1695.0
9087,45.09715,-123.7325,262.0
9088,44.64525999999999,-123.3734,547.0
9089,44.1582,-124.055,394.0
9090,44.73366666666666,-123.08633333333334,58.0
9091,46.13746666666666,-123.128,161.0
9092,45.4398,-122.7664375,54.0
9093,45.47567272727272,-122.44154545454543,289.0
9094,36.05929999999999,-118.9165,197.0
9095,45.446057142857136,-123.001,52.0
9096,45.60123,-122.8359,207.0
9097,44.92401111111111,-123.11211111111112,41.0
9098,45.51615,-118.836,496.0
9099,43.55137142857143,-118.41857142857144,1695.0
9100,45.86293333333333,-119.64433333333334,86.0
9101,45.56766,-120.5508,457.0
9102,44.669125,-121.17775,732.0
9103,45.67325,-119.9,214.0
9104,43.71185,-122.366,1208.0
9105,36.41275,-119.0845,137.0
9106,43.93966666666668,-122.784,286.0
9107,44.669125,-121.17775,732.0
9108,44.40445,-122.615,271.0
9109,45.158460000000005,-123.2106,40.0
9110,45.53926666666666,-123.80966666666666,463.0
9111,44.73366666666666,-123.08633333333334,58.0
9112,44.92401111111111,-123.11211111111112,41.0
9113,43.9063,-123.234,296.0
9114,43.93966666666668,-122.784,286.0
9115,43.7793,-123.0015,212.0
9116,36.245725,-119.34975,92.0
9117,44.11928333333333,-123.10716666666669,116.0
9118,44.40445,-122.615,271.0
9119,44.1081,-123.331,127.0
9120,43.93966666666668,-122.784,286.0
9121,43.3533,-124.12066666666668,56.0
9122,43.4061,-123.178,239.0
9123,44.77525,-122.349,728.0
9124,45.47567272727272,-122.44154545454543,289.0
9125,44.56792,-122.8966,99.0
9126,44.11928333333333,-123.10716666666669,116.0
9127,33.519575,-117.15175,337.0
9128,45.51615,-118.836,496.0
9129,45.31903333333333,-117.78166666666668,1093.0
9130,45.67325,-119.9,214.0
9131,45.446057142857136,-123.001,52.0
9132,45.03927777777778,-122.87033333333336,58.0
9133,44.92401111111111,-123.11211111111112,41.0
9134,45.446057142857136,-123.001,52.0
9135,44.56792,-122.8966,99.0
9136,44.669125,-121.17775,732.0
9137,44.40445,-122.615,271.0
9138,33.63585,-117.30975,380.0
9139,43.93966666666668,-122.784,286.0
9140,43.9044,-123.825,295.0
9141,46.0922,-123.526,219.0
9142,45.868,-123.014,499.0
9143,45.03927777777778,-122.87033333333336,58.0
9144,44.73366666666666,-123.08633333333334,58.0
9145,44.40445,-122.615,271.0
9146,44.669125,-121.17775,732.0
9147,45.446057142857136,-123.001,52.0
9148,45.60123,-122.8359,207.0
9149,33.427350000000004,-117.312,231.0
9150,43.0194,-121.631,1374.0
9151,45.868,-123.014,499.0
9152,43.7793,-123.0015,212.0
9153,44.11928333333333,-123.10716666666669,116.0
9154,44.669125,-121.17775,732.0
9155,43.278525,-122.433,1080.0
9156,43.163875,-123.461,400.0
9157,40.96703333333333,-121.982,622.0
9158,45.03927777777778,-122.87033333333336,58.0
9159,45.868,-123.014,499.0
9160,34.22828,-119.24280000000002,6.0
9161,45.60123,-122.8359,207.0
9162,44.92401111111111,-123.11211111111112,41.0
9163,45.6648,-117.293,1424.0
9164,44.92401111111111,-123.11211111111112,41.0
9165,44.669125,-121.17775,732.0
9166,45.67325,-119.9,214.0
9167,44.40445,-122.615,271.0
9168,45.31903333333333,-117.78166666666668,1093.0
9169,44.92401111111111,-123.11211111111112,41.0
9170,45.8727,-118.277,795.0
9171,34.148028571428576,-118.67671428571428,298.0
9172,45.60123,-122.8359,207.0
9173,45.67325,-119.9,214.0
9174,42.14833333333333,-121.78633333333332,1247.0
9175,31.98095,-106.43,1229.0
9176,31.864833333333333,-106.38833333333332,1188.0
9177,31.98095,-106.43,1229.0
9178,31.6989,-106.32244,1121.0
9179,31.864833333333333,-106.38833333333332,1188.0
9180,31.8734,-106.568,1213.0
9181,31.78811,-106.5266125,1141.0
9182,47.53017777777777,-122.08433333333332,326.0
9183,34.0995,-118.92975,390.0
9184,31.98095,-106.43,1229.0
9185,31.7683,-106.36683333333332,1183.0
9186,31.624266666666667,-106.28466666666668,1107.0
9187,31.80325,-106.259,1209.0
9188,31.7683,-106.36683333333332,1183.0
9189,31.5401,-106.17025,1106.0
9190,31.98095,-106.43,1229.0
9191,31.7683,-106.36683333333332,1183.0
9192,31.78811,-106.5266125,1141.0
9193,31.624266666666667,-106.28466666666668,1107.0
9194,34.22035,-119.16416666666667,26.0
9195,31.80325,-106.259,1209.0
9196,31.80325,-106.259,1209.0
9197,31.41605,-105.978,1171.0
9198,31.7683,-106.36683333333332,1183.0
9199,31.5401,-106.17025,1106.0
9200,31.98095,-106.43,1229.0
9201,31.7683,-106.36683333333332,1183.0
9202,31.7683,-106.36683333333332,1183.0
9203,31.41605,-105.978,1171.0
9204,31.5401,-106.17025,1106.0
9205,34.11694,-118.8076,301.0
9206,31.7683,-106.36683333333332,1183.0
9207,31.5401,-106.17025,1106.0
9208,43.4061,-123.178,239.0
9209,43.3558,-122.249,1021.0
9210,42.70145,-122.5955,556.0
9211,42.4035,-122.148,1573.0
9212,42.14833333333333,-121.78633333333332,1247.0
9213,41.59601666666666,-122.51483333333331,793.0
9214,40.9404,-121.78025,1288.0
9215,43.5655,-124.119,17.0
9216,34.354,-119.1786,205.0
9217,43.1141,-124.309,42.0
9218,43.5655,-124.119,17.0
9219,43.1212,-123.912,586.0
9220,42.533683333333336,-123.3785,362.0
9221,42.2417,-122.677,910.0
9222,42.27125,-123.03025,692.0
9223,42.70145,-122.5955,556.0
9224,41.59601666666666,-122.51483333333331,793.0
9225,43.0194,-121.631,1374.0
9226,42.2417,-122.677,910.0
9227,34.352725,-118.936,202.0
9228,42.533683333333336,-123.3785,362.0
9229,42.27125,-123.03025,692.0
9230,41.078950000000006,-123.869,414.0
9231,42.533683333333336,-123.3785,362.0
9232,43.163875,-123.461,400.0
9233,43.1141,-124.309,42.0
9234,42.1441,-124.125,451.0
9235,43.163875,-123.461,400.0
9236,43.163875,-123.461,400.0
9237,42.27125,-123.03025,692.0
9238,34.67685,-118.136,737.0
9239,41.9152,-124.134,50.0
9240,42.14833333333333,-121.78633333333332,1247.0
9241,43.55137142857143,-118.41857142857144,1695.0
9242,41.6083,-121.0005,1531.0
9243,40.9404,-121.78025,1288.0
9244,40.96703333333333,-121.982,622.0
9245,42.70145,-122.5955,556.0
9246,43.163875,-123.461,400.0
9247,41.59601666666666,-122.51483333333331,793.0
9248,41.6083,-121.0005,1531.0
9249,34.11850909090909,-118.06636363636365,144.0
9250,40.96703333333333,-121.982,622.0
9251,40.70366666666666,-122.323,258.0
9252,41.9152,-124.134,50.0
9253,41.078950000000006,-123.869,414.0
9254,41.59601666666666,-122.51483333333331,793.0
9255,41.6083,-121.0005,1531.0
9256,40.9908,-121.498,878.0
9257,39.98075,-120.921,1105.0
9258,40.9404,-121.78025,1288.0
9259,41.9152,-124.134,50.0
9260,34.3365,-118.33157142857144,669.0
9261,40.9908,-121.498,878.0
9262,39.226933333333335,-123.22433333333332,288.0
9263,41.078950000000006,-123.869,414.0
9264,39.97,-123.6565,516.0
9265,40.70366666666666,-122.323,258.0
9266,37.79055,-120.721,86.0
9267,37.45075,-120.24,285.0
9268,37.88715,-119.9605,1072.0
9269,37.9469,-120.528,165.0
9270,37.622366666666665,-120.98116666666664,29.0
9271,34.6358,-118.32066666666668,1068.0
9272,37.387142857142855,-120.54871428571428,59.0
9273,38.0394,-120.34725,1057.0
9274,37.79055,-120.721,86.0
9275,37.44705,-121.206,254.0
9276,37.9421,-121.4136,-1.0
9277,37.65784285714285,-121.43114285714286,74.0
9278,37.622366666666665,-120.98116666666664,29.0
9279,38.00604285714286,-121.221,11.0
9280,39.98075,-120.921,1105.0
9281,38.94636666666667,-121.00866666666668,305.0
9282,34.5343,-118.525,484.0
9283,38.8232,-120.4895,1443.0
9284,38.9396,-120.3515,1762.0
9285,39.275016666666666,-120.84125,1283.0
9286,40.46305,-122.38566666666668,218.0
9287,39.79375,-122.281,106.0
9288,39.7532625,-121.8185,68.0
9289,40.1827,-122.4255,196.0
9290,36.69622,-120.5794,105.0
9291,36.271625,-119.87875,66.0
9292,35.99796666666666,-120.05466666666666,352.0
9293,47.71461428571428,-122.19085714285714,52.0
9294,34.42305,-118.043,1332.0
9295,36.66967142857143,-119.63228571428571,102.0
9296,36.271625,-119.87875,66.0
9297,37.068133333333336,-119.573,226.0
9298,38.46382222222222,-122.80411111111113,30.0
9299,38.26116,-122.3904,155.0
9300,38.2335,-122.69016666666666,51.0
9301,38.045744444444445,-122.55166666666666,176.0
9302,38.78079,-122.7109,535.0
9303,39.226933333333335,-123.22433333333332,288.0
9304,38.4572,-122.259,668.0
9305,34.1606,-118.1466,288.0
9306,38.67126666666667,-123.01233333333334,306.0
9307,38.2335,-122.69016666666666,51.0
9308,38.78079,-122.7109,535.0
9309,34.59635,-120.4545,166.0
9310,34.9094,-120.33466666666668,106.0
9311,35.26165,-120.82075,227.0
9312,35.9437,-120.8545,241.0
9313,35.3537875,-120.648625,591.0
9314,34.52698,-120.1424,523.0
9315,40.5522,-122.017,372.0
9316,35.32912,-118.9742,114.0
9317,39.552400000000006,-121.2415,768.0
9318,40.0074,-121.249,690.0
9319,38.69396,-121.7392,9.0
9320,40.70366666666666,-122.323,258.0
9321,39.98075,-120.921,1105.0
9322,39.9079,-121.3365,541.0
9323,38.7434,-120.79166666666669,645.0
9324,37.155,-120.55066666666666,34.0
9325,36.95602,-121.7618,38.0
9326,37.127925000000005,-120.9685,32.0
9327,35.45885,-119.722,182.0
9328,37.2162125,-121.748875,120.0
9329,36.2069,-121.07833333333332,135.0
9330,37.155,-120.55066666666666,34.0
9331,36.69622,-120.5794,105.0
9332,37.45075,-120.24,285.0
9333,36.95322,-119.9434,102.0
9334,37.72972352941176,-121.95729411764704,242.0
9335,37.98608888888889,-121.73277777777778,18.0
9336,37.65784285714285,-121.43114285714286,74.0
9337,37.43314210526316,-121.92552631578948,1.0
9338,33.9185375,-117.3055,484.0
9339,38.15166000000001,-121.8235,81.0
9340,38.257025,-120.753,443.0
9341,37.387142857142855,-120.54871428571428,59.0
9342,36.74878571428572,-119.825,94.0
9343,36.66967142857143,-119.63228571428571,102.0
9344,37.19008571428572,-119.3092857142857,1202.0
9345,36.95322,-119.9434,102.0
9346,37.068133333333336,-119.573,226.0
9347,36.81522,-119.4394,190.0
9348,40.5522,-122.017,372.0
9349,33.98523333333333,-116.85933333333332,999.0
9350,39.4345,-122.229,37.0
9351,40.60155,-122.4305,230.0
9352,40.6469,-122.627,375.0
9353,40.1827,-122.4255,196.0
9354,40.70366666666666,-122.323,258.0
9355,37.941155555555554,-122.05655555555556,20.0
9356,37.88346666666666,-122.2574,212.0
9357,38.26116,-122.3904,155.0
9358,38.16178571428571,-122.18371428571427,149.0
9359,37.928025,-122.4004375,1.0
9360,34.096410000000006,-117.2239,345.0
9361,38.56255,-121.21325,61.0
9362,38.70405555555556,-121.20733333333334,84.0
9363,38.834715384615386,-121.32953846153848,36.0
9364,38.52920769230769,-121.4353076923077,8.0
9365,38.68319230769231,-121.43469230769232,17.0
9366,39.552400000000006,-121.2415,768.0
9367,39.50498,-121.5154,135.0
9368,39.4345,-122.229,37.0
9369,38.4352,-121.98528571428572,55.0
9370,38.834715384615386,-121.32953846153848,36.0
9371,33.672825,-117.47,1185.0
9372,39.7532625,-121.8185,68.0
9373,39.03344,-121.6506,11.0
9374,38.68319230769231,-121.43469230769232,17.0
9375,38.78079,-122.7109,535.0
9376,39.226933333333335,-123.22433333333332,288.0
9377,40.9404,-121.78025,1288.0
9378,40.60155,-122.4305,230.0
9379,39.7532625,-121.8185,68.0
9380,40.96703333333333,-121.982,622.0
9381,37.941155555555554,-122.05655555555556,20.0
9382,34.03642,-117.0424,806.0
9383,37.88346666666666,-122.2574,212.0
9384,37.75742307692308,-122.3973846153846,71.0
9385,38.02161111111111,-121.87733333333333,12.0
9386,37.754445454545454,-122.15572727272728,87.0
9387,38.70405555555556,-121.20733333333334,84.0
9388,38.834715384615386,-121.32953846153848,36.0
9389,39.2849,-121.231,217.0
9390,39.275016666666666,-120.84125,1283.0
9391,39.50498,-121.5154,135.0
9392,39.7532625,-121.8185,68.0
9393,33.5886,-116.0345,13.0
9394,39.9079,-121.3365,541.0
9395,38.4352,-121.98528571428572,55.0
9396,38.16178571428571,-122.18371428571427,149.0
9397,38.15166000000001,-121.8235,81.0
9398,37.100033333333336,-122.0575,315.0
9399,36.70574285714286,-121.63328571428572,28.0
9400,37.88715,-119.9605,1072.0
9401,38.86756666666667,-119.90833333333336,2831.0
9402,37.127925000000005,-120.9685,32.0
9403,37.387142857142855,-120.54871428571428,59.0
9404,48.62442,-122.736265,0.0
9405,47.3023,-122.4202,119.0
9406,33.665,-114.998,117.0
9407,35.26165,-120.82075,227.0
9408,35.9437,-120.8545,241.0
9409,35.3537875,-120.648625,591.0
9410,36.2069,-121.07833333333332,135.0
9411,40.9404,-121.78025,1288.0
9412,38.834715384615386,-121.32953846153848,36.0
9413,37.75742307692308,-122.3973846153846,71.0
9414,37.59226363636364,-122.42818181818184,188.0
9415,37.85643,-122.5419,79.0
9416,38.78079,-122.7109,535.0
9417,33.046949999999995,-115.507,-47.0
9418,36.66967142857143,-119.63228571428571,102.0
9419,36.95322,-119.9434,102.0
9420,37.51757272727273,-122.0869090909091,-1.0
9421,37.98608888888889,-121.73277777777778,18.0
9422,37.754445454545454,-122.15572727272728,87.0
9423,37.51977,-122.2516,-1.0
9424,37.51757272727273,-122.0869090909091,-1.0
9425,37.72972352941176,-121.95729411764704,242.0
9426,37.361025,-122.03025,40.0
9427,37.250077777777776,-121.90972222222224,64.0
9428,33.4073,-116.047,-47.0
9429,37.88346666666666,-122.2574,212.0
9430,38.02161111111111,-121.87733333333333,12.0
9431,38.16178571428571,-122.18371428571427,149.0
9432,37.72972352941176,-121.95729411764704,242.0
9433,37.98608888888889,-121.73277777777778,18.0
9434,38.15166000000001,-121.8235,81.0
9435,37.754445454545454,-122.15572727272728,87.0
9436,34.9094,-120.33466666666668,106.0
9437,37.75742307692308,-122.3973846153846,71.0
9438,38.02161111111111,-121.87733333333333,12.0
9439,33.66646,-116.1846,-23.0
9440,37.928025,-122.4004375,1.0
9441,37.754445454545454,-122.15572727272728,87.0
9442,37.127925000000005,-120.9685,32.0
9443,37.65784285714285,-121.43114285714286,74.0
9444,37.622366666666665,-120.98116666666664,29.0
9445,37.59226363636364,-122.42818181818184,188.0
9446,37.928025,-122.4004375,1.0
9447,37.85643,-122.5419,79.0
9448,38.10151,-121.3772,3.0
9449,37.2162125,-121.748875,120.0
9450,33.2503,-115.512,-30.0
9451,37.65784285714285,-121.43114285714286,74.0
9452,37.43314210526316,-121.92552631578948,1.0
9453,37.250077777777776,-121.90972222222224,64.0
9454,37.622366666666665,-120.98116666666664,29.0
9455,38.56255,-121.21325,61.0
9456,38.8232,-120.4895,1443.0
9457,38.70405555555556,-121.20733333333334,84.0
9458,38.7434,-120.79166666666669,645.0
9459,36.81313333333333,-121.79433333333331,0.0
9460,37.49679,-120.8623,30.0
9461,33.0926,-116.146,113.0
9462,36.389125,-121.4005,375.0
9463,36.67776666666666,-120.335,48.0
9464,36.2069,-121.07833333333332,135.0
9465,39.12495,-122.212,38.0
9466,38.4352,-121.98528571428572,55.0
9467,38.41063333333333,-121.4717777777778,5.0
9468,38.69396,-121.7392,9.0
9469,39.03344,-121.6506,11.0
9470,38.61923333333333,-121.53191666666667,3.0
9471,37.51757272727273,-122.0869090909091,-1.0
9472,33.519575,-117.15175,337.0
9473,37.59226363636364,-122.42818181818184,188.0
9474,37.387142857142855,-120.54871428571428,59.0
9475,38.16178571428571,-122.18371428571427,149.0
9476,38.045744444444445,-122.55166666666666,176.0
9477,38.4572,-122.259,668.0
9478,36.95322,-119.9434,102.0
9479,38.0394,-120.34725,1057.0
9480,38.70405555555556,-121.20733333333334,84.0
9481,38.52920769230769,-121.4353076923077,8.0
9482,36.81313333333333,-121.79433333333331,0.0
9483,33.43,-116.561,1026.0
9484,37.2162125,-121.748875,120.0
9485,37.100033333333336,-122.0575,315.0
9486,36.70574285714286,-121.63328571428572,28.0
9487,39.4345,-122.229,37.0
9488,38.69396,-121.7392,9.0
9489,40.9908,-121.498,878.0
9490,40.96703333333333,-121.982,622.0
9491,39.9079,-121.3365,541.0
9492,39.9079,-121.3365,541.0
9493,35.26165,-120.82075,227.0
9494,33.760442857142856,-116.95828571428572,488.0
9495,35.3537875,-120.648625,591.0
9496,34.52698,-120.1424,523.0
9497,39.4345,-122.229,37.0
9498,40.1827,-122.4255,196.0
9499,37.19008571428572,-119.3092857142857,1202.0
9500,36.97835,-118.994,1963.0
9501,36.81522,-119.4394,190.0
9502,37.51757272727273,-122.0869090909091,-1.0
9503,38.16178571428571,-122.18371428571427,149.0
9504,38.78079,-122.7109,535.0
9505,33.68905,-116.4795,924.0
9506,37.72972352941176,-121.95729411764704,242.0
9507,37.98608888888889,-121.73277777777778,18.0
9508,38.15166000000001,-121.8235,81.0
9509,37.754445454545454,-122.15572727272728,87.0
9510,39.2849,-121.231,217.0
9511,38.7434,-120.79166666666669,645.0
9512,39.7532625,-121.8185,68.0
9513,39.03344,-121.6506,11.0
9514,40.96703333333333,-121.982,622.0
9515,38.268575,-121.087,67.0
9516,47.57265,-122.638,29.0
9517,33.891714285714286,-117.38114285714286,408.0
9518,38.7434,-120.79166666666669,645.0
9519,38.10151,-121.3772,3.0
9520,37.98608888888889,-121.73277777777778,18.0
9521,38.00604285714286,-121.221,11.0
9522,38.15166000000001,-121.8235,81.0
9523,36.81522,-119.4394,190.0
9524,36.67015,-120.025,71.0
9525,39.226933333333335,-123.22433333333332,288.0
9526,39.97,-123.6565,516.0
9527,38.7434,-120.79166666666669,645.0
9528,33.96118,-117.4732,217.0
9529,38.9396,-120.3515,1762.0
9530,36.389125,-121.4005,375.0
9531,37.2162125,-121.748875,120.0
9532,36.70574285714286,-121.63328571428572,28.0
9533,38.10151,-121.3772,3.0
9534,38.41063333333333,-121.4717777777778,5.0
9535,38.7434,-120.79166666666669,645.0
9536,37.622366666666665,-120.98116666666664,29.0
9537,38.00604285714286,-121.221,11.0
9538,39.03344,-121.6506,11.0
9539,33.989675,-117.5445,213.0
9540,37.98608888888889,-121.73277777777778,18.0
9541,38.69396,-121.7392,9.0
9542,37.49679,-120.8623,30.0
9543,35.3537875,-120.648625,591.0
9544,35.36465,-119.993,644.0
9545,37.387142857142855,-120.54871428571428,59.0
9546,38.2467,-120.034,1052.0
9547,38.045744444444445,-122.55166666666666,176.0
9548,37.85643,-122.5419,79.0
9549,35.3537875,-120.648625,591.0
9550,34.13368571428571,-117.64342857142856,502.0
9551,36.2069,-121.07833333333332,135.0
9552,36.67776666666666,-120.335,48.0
9553,35.99796666666666,-120.05466666666666,352.0
9554,37.361025,-122.03025,40.0
9555,37.43314210526316,-121.92552631578948,1.0
9556,34.52698,-120.1424,523.0
9557,35.99796666666666,-120.05466666666666,352.0
9558,35.36465,-119.993,644.0
9559,37.9469,-120.528,165.0
9560,37.65784285714285,-121.43114285714286,74.0
9561,34.096410000000006,-117.2239,345.0
9562,37.622366666666665,-120.98116666666664,29.0
9563,37.387142857142855,-120.54871428571428,59.0
9564,38.16178571428571,-122.18371428571427,149.0
9565,38.4572,-122.259,668.0
9566,39.03344,-121.6506,11.0
9567,38.4572,-122.259,668.0
9568,40.78135,-122.858,754.0
9569,40.70366666666666,-122.323,258.0
9570,37.068133333333336,-119.573,226.0
9571,36.81522,-119.4394,190.0
9572,36.01943333333333,-117.793,1210.0
9573,36.81522,-119.4394,190.0
9574,36.2069,-121.07833333333332,135.0
9575,36.95322,-119.9434,102.0
9576,36.67015,-120.025,71.0
9577,38.41063333333333,-121.4717777777778,5.0
9578,37.98608888888889,-121.73277777777778,18.0
9579,38.00604285714286,-121.221,11.0
9580,38.15166000000001,-121.8235,81.0
9581,38.52920769230769,-121.4353076923077,8.0
9582,38.52920769230769,-121.4353076923077,8.0
9583,34.9211,-116.8545,599.0
9584,37.928025,-122.4004375,1.0
9585,37.85643,-122.5419,79.0
9586,38.4572,-122.259,668.0
9587,40.70366666666666,-122.323,258.0
9588,40.78135,-122.858,754.0
9589,40.5066,-123.289,1345.0
9590,38.834715384615386,-121.32953846153848,36.0
9591,38.7434,-120.79166666666669,645.0
9592,39.7532625,-121.8185,68.0
9593,38.68319230769231,-121.43469230769232,17.0
9594,33.81554545454546,-117.78990909090908,119.0
9595,39.275016666666666,-120.84125,1283.0
9596,39.275016666666666,-120.84125,1283.0
9597,38.7434,-120.79166666666669,645.0
9598,38.0394,-120.34725,1057.0
9599,37.98608888888889,-121.73277777777778,18.0
9600,37.43314210526316,-121.92552631578948,1.0
9601,37.754445454545454,-122.15572727272728,87.0
9602,37.387142857142855,-120.54871428571428,59.0
9603,38.15166000000001,-121.8235,81.0
9604,37.65784285714285,-121.43114285714286,74.0
9605,34.039944444444444,-117.78233333333333,335.0
9606,37.250077777777776,-121.90972222222224,64.0
9607,37.100033333333336,-122.0575,315.0
9608,37.622366666666665,-120.98116666666664,29.0
9609,39.03344,-121.6506,11.0
9610,38.68319230769231,-121.43469230769232,17.0
9611,35.36465,-119.993,644.0
9612,38.9396,-120.3515,1762.0
9613,37.43314210526316,-121.92552631578948,1.0
9614,37.250077777777776,-121.90972222222224,64.0
9615,37.100033333333336,-122.0575,315.0
9616,34.13368571428571,-117.64342857142856,502.0
9617,39.275016666666666,-120.84125,1283.0
9618,39.03344,-121.6506,11.0
9619,37.85643,-122.5419,79.0
9620,38.61923333333333,-121.53191666666667,3.0
9621,37.250077777777776,-121.90972222222224,64.0
9622,37.100033333333336,-122.0575,315.0
9623,35.36465,-119.993,644.0
9624,38.0394,-120.34725,1057.0
9625,38.52920769230769,-121.4353076923077,8.0
9626,40.70366666666666,-122.323,258.0
9627,47.939325,-122.56225,0.0
9628,33.86526,-117.6594,406.0
9629,37.85643,-122.5419,79.0
9630,38.68319230769231,-121.43469230769232,17.0
9631,38.61923333333333,-121.53191666666667,3.0
9632,38.61923333333333,-121.53191666666667,3.0
9633,40.5066,-123.289,1345.0
9634,40.70366666666666,-122.323,258.0
9635,33.9558,-117.8605,193.0
9636,34.07512222222223,-117.52222222222224,324.0
9637,34.0545,-117.64666666666666,294.0
9638,34.08170714285714,-118.4545,201.0
9639,34.17163,-118.39849999999998,203.0
9640,34.03644166666667,-118.26483333333331,79.0
9641,34.10286363636364,-118.22772727272728,170.0
9642,34.17738333333333,-118.29825,185.0
9643,34.02726666666667,-118.36116666666668,32.0
9644,47.8412,-122.32514285714286,128.0
9645,33.81554545454546,-117.78990909090908,119.0
9646,33.64904285714285,-117.901,27.0
9647,33.69015,-117.6495,338.0
9648,33.77231666666667,-117.88025,41.0
9649,33.5819,-117.81916666666666,171.0
9650,33.78631818181818,-118.10099999999998,7.0
9651,33.533585714285714,-117.71128571428572,124.0
9652,33.69015,-117.6495,338.0
9653,33.672825,-117.47,1185.0
9654,33.39414,-117.52,48.0
9655,47.8713,-120.027,631.0
9656,34.395700000000005,-119.43025,253.0
9657,35.0949,-119.437,367.0
9658,34.61075,-117.9565,789.0
9659,34.921533333333336,-118.40933333333334,1008.0
9660,35.56985,-119.26,121.0
9661,35.7525,-119.2555,93.0
9662,36.263666666666666,-119.64116666666666,69.0
9663,35.9018,-118.907,268.0
9664,33.8694875,-117.88,71.0
9665,33.86526,-117.6594,406.0
9666,48.455200000000005,-120.375,1278.0
9667,33.77231666666667,-117.88025,41.0
9668,34.00595555555556,-117.94911111111112,111.0
9669,33.684666666666665,-116.295,14.0
9670,33.4073,-116.047,-47.0
9671,33.66646,-116.1846,-23.0
9672,33.912866666666666,-118.42566666666666,15.0
9673,33.9432375,-118.276,42.0
9674,33.84686666666666,-118.39633333333336,3.0
9675,33.9059,-118.39575,35.0
9676,34.02726666666667,-118.36116666666668,32.0
9677,47.4854,-120.482,381.0
9678,34.2536125,-118.470375,277.0
9679,34.148028571428576,-118.67671428571428,298.0
9680,34.17163,-118.39849999999998,203.0
9681,33.97568181818182,-118.43054545454548,13.0
9682,34.154583333333335,-118.54566666666666,297.0
9683,33.96547058823529,-118.21058823529413,47.0
9684,34.17738333333333,-118.29825,185.0
9685,34.02726666666667,-118.36116666666668,32.0
9686,34.6668,-117.771,853.0
9687,34.7923,-117.444,814.0
9688,47.53017777777777,-122.08433333333332,326.0
9689,35.016,-117.56266666666666,764.0
9690,34.096410000000006,-117.2239,345.0
9691,34.51468,-117.1808,894.0
9692,34.301925,-117.5355,1421.0
9693,35.024966666666664,-117.33933333333331,628.0
9694,34.34892857142857,-117.327,1079.0
9695,33.77585454545454,-118.02509090909092,13.0
9696,33.76791,-118.2809,7.0
9697,33.83766153846154,-118.22846153846154,11.0
9698,33.89765,-118.12433333333333,27.0
9699,47.20695,-120.769,626.0
9700,33.77585454545454,-118.02509090909092,13.0
9701,33.9914,-118.13425,50.0
9702,33.78631818181818,-118.10099999999998,7.0
9703,34.00595555555556,-117.94911111111112,111.0
9704,33.80595,-117.95858333333332,35.0
9705,34.1606,-118.1466,288.0
9706,33.63585,-117.30975,380.0
9707,33.69465,-117.1255,444.0
9708,33.9185375,-117.3055,484.0
9709,36.4924,-119.24666666666668,109.0
9710,47.36466,-122.0342,161.0
9711,36.45595,-119.5175,86.0
9712,33.7528,-114.623,241.0
9713,34.2953,-114.14,139.0
9714,33.8231,-115.394,214.0
9715,33.6157,-114.686,102.0
9716,34.07512222222223,-117.52222222222224,324.0
9717,33.88144285714286,-117.52971428571428,214.0
9718,34.096410000000006,-117.2239,345.0
9719,35.70795,-118.463,856.0
9720,36.245725,-119.34975,92.0
9721,48.42602,-122.4174,2.0
9722,47.08802,-122.3662,121.0
9723,35.432275000000004,-118.98525,170.0
9724,35.32912,-118.9742,114.0
9725,35.4332,-118.7675,651.0
9726,35.51161666666667,-119.0305,286.0
9727,35.016,-117.56266666666666,764.0
9728,35.703500000000005,-115.353,806.0
9729,34.11850909090909,-118.06636363636365,144.0
9730,34.00595555555556,-117.94911111111112,111.0
9731,35.06435,-117.7495,760.0
9732,35.765,-117.383,533.0
9733,47.26406666666667,-122.15033333333334,67.0
9734,35.024966666666664,-117.33933333333331,628.0
9735,34.5343,-118.525,484.0
9736,34.59555,-118.6695,604.0
9737,34.8846,-118.9185,1136.0
9738,34.2819,-118.60325,394.0
9739,34.154583333333335,-118.54566666666666,297.0
9740,34.397,-118.4823,511.0
9741,34.26324,-118.7312,277.0
9742,35.9018,-118.907,268.0
9743,35.70795,-118.463,856.0
9744,46.6462,-121.30166666666668,956.0
9745,33.6157,-114.686,102.0
9746,34.22035,-119.16416666666667,26.0
9747,35.2803,-119.471,407.0
9748,34.354,-119.1786,205.0
9749,34.17738333333333,-118.29825,185.0
9750,34.1258,-119.15633333333334,4.0
9751,34.3365,-118.33157142857144,669.0
9752,34.59555,-118.6695,604.0
9753,34.2819,-118.60325,394.0
9754,34.23816,-118.3824,286.0
9755,47.013000000000005,-120.4815,520.0
9756,34.6853,-118.788,818.0
9757,34.154583333333335,-118.54566666666666,297.0
9758,34.397,-118.4823,511.0
9759,33.9558,-117.8605,193.0
9760,33.77231666666667,-117.88025,41.0
9761,34.00595555555556,-117.94911111111112,111.0
9762,33.80595,-117.95858333333332,35.0
9763,33.64904285714285,-117.901,27.0
9764,33.667425,-117.9775,6.0
9765,33.77585454545454,-118.02509090909092,13.0
9766,46.6166,-120.62528571428572,511.0
9767,33.533585714285714,-117.71128571428572,124.0
9768,33.77231666666667,-117.88025,41.0
9769,33.78631818181818,-118.10099999999998,7.0
9770,33.83766153846154,-118.22846153846154,11.0
9771,35.016,-117.56266666666666,764.0
9772,34.61075,-117.9565,789.0
9773,35.016,-117.56266666666666,764.0
9774,34.2275,-117.96025,992.0
9775,37.49796666666666,-118.572,1693.0
9776,35.32912,-118.9742,114.0
9777,47.31644375,-119.630625,598.0
9778,35.4332,-118.7675,651.0
9779,35.51161666666667,-119.0305,286.0
9780,33.684666666666665,-116.295,14.0
9781,35.7525,-119.2555,93.0
9782,35.51161666666667,-119.0305,286.0
9783,33.046949999999995,-115.507,-47.0
9784,32.93096666666667,-115.561,-31.0
9785,34.07512222222223,-117.52222222222224,324.0
9786,34.0545,-117.64666666666666,294.0
9787,33.88144285714286,-117.52971428571428,214.0
9788,48.86305,-122.70375,68.0
9789,34.9211,-116.8545,599.0
9790,34.51468,-117.1808,894.0
9791,34.3118,-116.797,1806.0
9792,34.0995,-118.92975,390.0
9793,34.11694,-118.8076,301.0
9794,34.154583333333335,-118.54566666666666,297.0
9795,34.352725,-118.936,202.0
9796,34.26324,-118.7312,277.0
9797,33.9914,-118.13425,50.0
9798,33.78631818181818,-118.10099999999998,7.0
9799,48.982,-122.462,38.0
9800,34.00595555555556,-117.94911111111112,111.0
9801,33.96547058823529,-118.21058823529413,47.0
9802,33.83766153846154,-118.22846153846154,11.0
9803,34.059245454545454,-118.1670909090909,139.0
9804,33.84686666666666,-118.39633333333336,3.0
9805,33.9059,-118.39575,35.0
9806,33.97568181818182,-118.43054545454548,13.0
9807,33.76791,-118.2809,7.0
9808,34.1258,-119.15633333333334,4.0
9809,34.921533333333336,-118.40933333333334,1008.0
9810,48.8663,-122.063,923.0
9811,34.79638571428571,-118.39685714285714,789.0
9812,34.7784,-117.926,712.0
9813,35.28553333333333,-118.20266666666669,1219.0
9814,34.2275,-117.96025,992.0
9815,34.17738333333333,-118.29825,185.0
9816,34.059245454545454,-118.1670909090909,139.0
9817,34.14079,-117.8388,285.0
9818,34.1606,-118.1466,288.0
9819,33.69465,-117.1255,444.0
9820,33.3694,-117.119,424.0
9821,47.46255,-122.6365,92.0
9822,33.667425,-117.9775,6.0
9823,33.5819,-117.81916666666666,171.0
9824,33.80595,-117.95858333333332,35.0
9825,34.039944444444444,-117.78233333333333,335.0
9826,34.13368571428571,-117.64342857142856,502.0
9827,34.5035,-117.765,1020.0
9828,34.14079,-117.8388,285.0
9829,34.301925,-117.5355,1421.0
9830,35.3161,-119.09125,114.0
9831,35.4332,-118.7675,651.0
9832,47.4854,-120.482,381.0
9833,47.3023,-122.4202,119.0
9834,35.12838,-119.0094,93.0
9835,35.51161666666667,-119.0305,286.0
9836,33.43,-116.561,1026.0
9837,33.66646,-116.1846,-23.0
9838,33.68905,-116.4795,924.0
9839,34.13368571428571,-117.64342857142856,502.0
9840,34.07512222222223,-117.52222222222224,324.0
9841,34.19495,-117.34625,525.0
9842,34.301925,-117.5355,1421.0
9843,34.34892857142857,-117.327,1079.0
9844,47.342761538461545,-122.27307692307691,131.0
9845,36.263666666666666,-119.64116666666666,69.0
9846,33.69465,-117.1255,444.0
9847,33.672825,-117.47,1185.0
9848,33.9558,-117.8605,193.0
9849,34.0545,-117.64666666666666,294.0
9850,34.00595555555556,-117.94911111111112,111.0
9851,34.14079,-117.8388,285.0
9852,34.07512222222223,-117.52222222222224,324.0
9853,34.0545,-117.64666666666666,294.0
9854,34.14079,-117.8388,285.0
9855,47.60757777777778,-122.298,88.0
9856,34.301925,-117.5355,1421.0
9857,37.5827,-118.781,2125.0
9858,37.19008571428572,-119.3092857142857,1202.0
9859,36.97835,-118.994,1963.0
9860,33.69465,-117.1255,444.0
9861,33.921571428571426,-116.56214285714285,260.0
9862,34.6358,-118.32066666666668,1068.0
9863,34.7784,-117.926,712.0
9864,34.3365,-118.33157142857144,669.0
9865,34.23816,-118.3824,286.0
9866,47.49834166666667,-122.21441666666668,7.0
9867,34.397,-118.4823,511.0
9868,34.17738333333333,-118.29825,185.0
9869,34.3365,-118.33157142857144,669.0
9870,34.23816,-118.3824,286.0
9871,34.17738333333333,-118.29825,185.0
9872,34.1606,-118.1466,288.0
9873,33.84686666666666,-118.39633333333336,3.0
9874,33.82854444444445,-118.31866666666666,24.0
9875,34.03644166666667,-118.26483333333331,79.0
9876,33.96547058823529,-118.21058823529413,47.0
9877,47.28118,-122.7336,0.0
9878,34.17738333333333,-118.29825,185.0
9879,32.93096666666667,-115.561,-31.0
9880,32.697783333333334,-115.672,-6.0
9881,34.6358,-118.32066666666668,1068.0
9882,34.23816,-118.3824,286.0
9883,34.2275,-117.96025,992.0
9884,34.397,-118.4823,511.0
9885,36.4924,-119.24666666666668,109.0
9886,36.97835,-118.994,1963.0
9887,36.81522,-119.4394,190.0
9888,47.7577,-122.51066666666668,124.0
9889,34.19495,-117.34625,525.0
9890,33.9185375,-117.3055,484.0
9891,34.096410000000006,-117.2239,345.0
9892,34.9211,-116.8545,599.0
9893,35.024966666666664,-117.33933333333331,628.0
9894,35.97735,-115.292,918.0
9895,36.0155,-114.738,371.0
9896,35.703500000000005,-115.353,806.0
9897,33.82854444444445,-118.31866666666666,24.0
9898,33.9059,-118.39575,35.0
9899,47.5286,-122.8435,181.0
9900,33.76791,-118.2809,7.0
9901,33.83766153846154,-118.22846153846154,11.0
9902,36.45595,-119.5175,86.0
9903,36.82886666666667,-119.12766666666666,1286.0
9904,36.81522,-119.4394,190.0
9905,34.8846,-118.9185,1136.0
9906,35.12838,-119.0094,93.0
9907,35.2803,-119.471,407.0
9908,35.3161,-119.09125,114.0
9909,34.921533333333336,-118.40933333333334,1008.0
9910,47.57265,-122.638,29.0
9911,34.79638571428571,-118.39685714285714,789.0
9912,34.61585,-118.4255,844.0
9913,34.397,-118.4823,511.0
9914,32.93096666666667,-115.561,-31.0
9915,32.697783333333334,-115.672,-6.0
9916,34.921533333333336,-118.40933333333334,1008.0
9917,34.59555,-118.6695,604.0
9918,34.397,-118.4823,511.0
9919,33.97568181818182,-118.43054545454548,13.0
9920,33.76791,-118.2809,7.0
9921,46.98936666666666,-122.18933333333332,234.0
9922,33.83766153846154,-118.22846153846154,11.0
9923,34.11694,-118.8076,301.0
9924,34.1258,-119.15633333333334,4.0
9925,34.352725,-118.936,202.0
9926,33.78631818181818,-118.10099999999998,7.0
9927,34.096410000000006,-117.2239,345.0
9928,34.51468,-117.1808,894.0
9929,34.34892857142857,-117.327,1079.0
9930,33.77231666666667,-117.88025,41.0
9931,33.78631818181818,-118.10099999999998,7.0
9932,47.2011875,-122.336125,6.0
9933,33.80595,-117.95858333333332,35.0
9934,35.2803,-119.471,407.0
9935,35.45885,-119.722,182.0
9936,35.19873333333333,-119.55566666666664,379.0
9937,34.9094,-120.33466666666668,106.0
9938,33.921571428571426,-116.56214285714285,260.0
9939,34.2672,-116.022,675.0
9940,33.8231,-115.394,214.0
9941,34.2244,-116.446,1066.0
9942,35.024966666666664,-117.33933333333331,628.0
9943,47.08802,-122.3662,121.0
9944,46.494125,-122.3735,478.0
9945,34.79638571428571,-118.39685714285714,789.0
9946,33.69015,-117.6495,338.0
9947,33.5819,-117.81916666666666,171.0
9948,33.39414,-117.52,48.0
9949,32.783649999999994,-115.5665,-10.0
9950,32.7846,-115.084,40.0
9951,34.395700000000005,-119.43025,253.0
9952,34.1258,-119.15633333333334,4.0
9953,34.352725,-118.936,202.0
9954,33.69465,-117.1255,444.0
9955,48.2118,-122.5885,0.0
9956,33.921571428571426,-116.56214285714285,260.0
9957,33.98523333333333,-116.85933333333332,999.0
9958,34.2244,-116.446,1066.0
9959,36.245725,-119.34975,92.0
9960,35.822766666666666,-119.113,146.0
9961,33.69015,-117.6495,338.0
9962,34.0545,-117.64666666666666,294.0
9963,33.88144285714286,-117.52971428571428,214.0
9964,34.02726666666667,-118.36116666666668,32.0
9965,34.8846,-118.9185,1136.0
9966,48.11825,-121.931,163.0
9967,34.23816,-118.3824,286.0
9968,34.79638571428571,-118.39685714285714,789.0
9969,34.6853,-118.788,818.0
9970,34.154583333333335,-118.54566666666666,297.0
9971,34.00595555555556,-117.94911111111112,111.0
9972,34.397,-118.4823,511.0
9973,34.17738333333333,-118.29825,185.0
9974,35.19873333333333,-119.55566666666664,379.0
9975,35.0949,-119.437,367.0
9976,34.00595555555556,-117.94911111111112,111.0
9977,47.342761538461545,-122.27307692307691,131.0
9978,35.30755,-119.627,320.0
9979,34.79638571428571,-118.39685714285714,789.0
9980,34.6853,-118.788,818.0
9981,35.19873333333333,-119.55566666666664,379.0
9982,35.12838,-119.0094,93.0
9983,34.352725,-118.936,202.0
9984,34.19495,-117.34625,525.0
9985,34.0545,-117.64666666666666,294.0
9986,34.00595555555556,-117.94911111111112,111.0
9987,34.096410000000006,-117.2239,345.0
9988,47.2456,-122.5285,105.0
9989,33.6157,-114.686,102.0
9990,34.3739,-114.106,455.0
9991,34.00495,-114.107,259.0
9992,33.78631818181818,-118.10099999999998,7.0
9993,33.83766153846154,-118.22846153846154,11.0
9994,34.154583333333335,-118.54566666666666,297.0
9995,34.397,-118.4823,511.0
9996,34.26324,-118.7312,277.0
9997,33.9914,-118.13425,50.0
9998,34.10286363636364,-118.22772727272728,170.0
9999,47.08802,-122.3662,121.0
10000,34.17738333333333,-118.29825,185.0
10001,34.02726666666667,-118.36116666666668,32.0
10002,34.059245454545454,-118.1670909090909,139.0
10003,34.51468,-117.1808,894.0
10004,35.30755,-119.627,320.0
10005,35.3161,-119.09125,114.0
10006,35.0949,-119.437,367.0
10007,33.69465,-117.1255,444.0
10008,34.301925,-117.5355,1421.0
10009,35.19873333333333,-119.55566666666664,379.0
10010,47.57265,-122.638,29.0
10011,34.9094,-120.33466666666668,106.0
10012,35.26165,-120.82075,227.0
10013,35.36465,-119.993,644.0
10014,33.921571428571426,-116.56214285714285,260.0
10015,33.427350000000004,-117.312,231.0
10016,35.51161666666667,-119.0305,286.0
10017,35.822766666666666,-119.113,146.0
10018,35.51161666666667,-119.0305,286.0
10019,35.822766666666666,-119.113,146.0
10020,34.79638571428571,-118.39685714285714,789.0
10021,47.11445714285714,-122.59271428571428,84.0
10022,34.17738333333333,-118.29825,185.0
10023,34.61585,-118.4255,844.0
10024,34.2275,-117.96025,992.0
10025,32.7846,-115.084,40.0
10026,32.7276,-114.679,37.0
10027,33.68905,-116.4795,924.0
10028,33.98523333333333,-116.85933333333332,999.0
10029,33.8231,-115.394,214.0
10030,34.096410000000006,-117.2239,345.0
10031,34.03642,-117.0424,806.0
10032,47.20518,-122.4202,123.0
10033,34.51468,-117.1808,894.0
10034,35.024966666666664,-117.33933333333331,628.0
10035,34.2073,-115.658,899.0
10036,34.096410000000006,-117.2239,345.0
10037,34.34892857142857,-117.327,1079.0
10038,34.10286363636364,-118.22772727272728,170.0
10039,33.96547058823529,-118.21058823529413,47.0
10040,34.059245454545454,-118.1670909090909,139.0
10041,34.1606,-118.1466,288.0
10042,35.024966666666664,-117.33933333333331,628.0
10043,48.11825,-121.931,163.0
10044,34.096410000000006,-117.2239,345.0
10045,33.96547058823529,-118.21058823529413,47.0
10046,34.17738333333333,-118.29825,185.0
10047,34.059245454545454,-118.1670909090909,139.0
10048,34.1606,-118.1466,288.0
10049,36.245725,-119.34975,92.0
10050,36.81522,-119.4394,190.0
10051,35.4797,-114.936,1084.0
10052,35.703500000000005,-115.353,806.0
10053,34.26324,-118.7312,277.0
10054,47.53017777777777,-122.08433333333332,326.0
10055,48.339,-122.0875,294.0
10056,32.783649999999994,-115.5665,-10.0
10057,32.7528,-116.045,195.0
10058,33.80595,-117.95858333333332,35.0
10059,35.36465,-119.993,644.0
10060,34.354,-119.1786,205.0
10061,34.50355,-119.77866666666668,784.0
10062,34.154583333333335,-118.54566666666666,297.0
10063,34.1258,-119.15633333333334,4.0
10064,34.03642,-117.0424,806.0
10065,34.397,-118.4823,511.0
10066,47.89757142857143,-122.26014285714288,161.0
10067,34.42305,-118.043,1332.0
10068,33.80595,-117.95858333333332,35.0
10069,34.02726666666667,-118.36116666666668,32.0
10070,36.263666666666666,-119.64116666666666,69.0
10071,36.66967142857143,-119.63228571428571,102.0
10072,36.271625,-119.87875,66.0
10073,33.6157,-114.686,102.0
10074,34.2073,-115.658,899.0
10075,33.13288571428571,-117.11957142857143,215.0
10076,34.923633333333335,-114.54933333333334,164.0
10077,47.87774,-121.7802,74.0
10078,34.14079,-117.8388,285.0
10079,35.12838,-119.0094,93.0
10080,35.0949,-119.437,367.0
10081,33.83766153846154,-118.22846153846154,11.0
10082,34.17738333333333,-118.29825,185.0
10083,34.059245454545454,-118.1670909090909,139.0
10084,34.42305,-118.043,1332.0
10085,34.14079,-117.8388,285.0
10086,34.03642,-117.0424,806.0
10087,34.3118,-116.797,1806.0
10088,48.42602,-122.4174,2.0
10089,34.34892857142857,-117.327,1079.0
10090,32.7528,-116.045,195.0
10091,32.7276,-114.679,37.0
10092,34.352725,-118.936,202.0
10093,32.7276,-114.679,37.0
10094,33.4,-113.11566666666666,326.0
10095,33.6316,-114.296,344.0
10096,32.7276,-114.679,37.0
10097,34.02726666666667,-118.36116666666668,32.0
10098,34.059245454545454,-118.1670909090909,139.0
10099,47.70485882352941,-122.32223529411765,81.0
10100,34.1606,-118.1466,288.0
10101,35.822766666666666,-119.113,146.0
10102,35.12838,-119.0094,93.0
10103,35.0949,-119.437,367.0
10104,36.69622,-120.5794,105.0
10105,34.1606,-118.1466,288.0
10106,32.58456666666667,-116.93083333333334,181.0
10107,32.7056,-116.343,1261.0
10108,35.51161666666667,-119.0305,286.0
10109,34.34892857142857,-117.327,1079.0
10110,47.57265,-122.638,29.0
10111,34.26324,-118.7312,277.0
10112,32.69665555555556,-117.10366666666668,15.0
10113,32.6514,-117.03771428571427,54.0
10114,32.7915,-116.98025,197.0
10115,32.56154,-117.0534,33.0
10116,32.71834,-116.92640000000002,277.0
10117,33.13288571428571,-117.11957142857143,215.0
10118,33.12501666666667,-117.33183333333334,0.0
10119,33.2587,-117.30933333333331,16.0
10120,33.19416666666667,-117.04066666666668,526.0
10121,47.9469,-119.865,235.0
10122,33.13288571428571,-117.11957142857143,215.0
10123,33.3694,-117.119,424.0
10124,32.6514,-117.03771428571427,54.0
10125,32.78036,-117.058,137.0
10126,32.78157142857143,-117.23371428571429,10.0
10127,32.806380000000004,-117.14,127.0
10128,32.56154,-117.0534,33.0
10129,32.67565,-117.1655,0.0
10130,32.5655875,-117.1242525,2.0
10131,32.56154,-117.0534,33.0
10132,47.4248,-120.327,234.0
10133,32.71834,-116.92640000000002,277.0
10134,33.2587,-117.30933333333331,16.0
10135,33.13288571428571,-117.11957142857143,215.0
10136,33.39414,-117.52,48.0
10137,33.19416666666667,-117.04066666666668,526.0
10138,33.39414,-117.52,48.0
10139,33.3694,-117.119,424.0
10140,32.78157142857143,-117.23371428571429,10.0
10141,32.67565,-117.1655,0.0
10142,32.85698,-117.0606,257.0
10143,47.31644375,-119.630625,598.0
10144,32.806380000000004,-117.14,127.0
10145,32.88753333333333,-116.90533333333332,360.0
10146,32.71834,-116.92640000000002,277.0
10147,32.56154,-117.0534,33.0
10148,32.67565,-117.1655,0.0
10149,32.8965,-116.7565,466.0
10150,33.13288571428571,-117.11957142857143,215.0
10151,33.0739,-117.0395,126.0
10152,33.3694,-117.119,424.0
10153,33.01938333333333,-117.13816666666666,159.0
10154,47.66325,-121.807,261.0
10155,32.78157142857143,-117.23371428571429,10.0
10156,33.13288571428571,-117.11957142857143,215.0
10157,33.0227,-117.287,0.0
10158,32.87514,-117.1576,103.0
10159,32.85698,-117.0606,257.0
10160,32.806380000000004,-117.14,127.0
10161,33.13288571428571,-117.11957142857143,215.0
10162,32.998059999999995,-116.9652,528.0
10163,32.806380000000004,-117.14,127.0
10164,32.67565,-117.1655,0.0
10165,47.9469,-119.865,235.0
10166,46.9955,-120.194,888.0
10167,32.87514,-117.1576,103.0
10168,32.806380000000004,-117.14,127.0
10169,32.87514,-117.1576,103.0
10170,32.998059999999995,-116.9652,528.0
10171,33.13288571428571,-117.11957142857143,215.0
10172,32.87514,-117.1576,103.0
10173,32.88753333333333,-116.90533333333332,360.0
10174,32.71834,-116.92640000000002,277.0
10175,32.8965,-116.7565,466.0
10176,32.998059999999995,-116.9652,528.0
10177,47.31644375,-119.630625,598.0
10178,32.87514,-117.1576,103.0
10179,32.998059999999995,-116.9652,528.0
10180,32.998059999999995,-116.9652,528.0
10181,33.0926,-116.146,113.0
10182,38.87078,-119.1314,1369.0
10183,39.52155357142857,-119.7835,1355.0
10184,38.5095,-120.34633333333332,1503.0
10185,38.8232,-120.4895,1443.0
10186,39.2883,-120.188,1986.0
10187,38.86756666666667,-119.90833333333336,2831.0
10188,48.11825,-121.931,163.0
10189,39.1479,-116.5065,2388.0
10190,39.59236666666667,-118.2845,1605.0
10191,40.50866666666667,-117.19333333333331,1482.0
10192,41.36865,-115.8945,1955.0
10193,39.74759,-119.3373,1306.0
10194,40.50866666666667,-117.19333333333331,1482.0
10195,39.74759,-119.3373,1306.0
10196,39.52155357142857,-119.7835,1355.0
10197,39.59236666666667,-118.2845,1605.0
10198,39.74759,-119.3373,1306.0
10199,48.7326,-121.068,471.0
10200,37.58635,-114.69475,1958.0
10201,39.33885,-114.6025,3399.0
10202,39.52155357142857,-119.7835,1355.0
10203,39.59236666666667,-118.2845,1605.0
10204,40.50866666666667,-117.19333333333331,1482.0
10205,39.50498,-121.5154,135.0
10206,36.97835,-118.994,1963.0
10207,36.3153,-115.574,2618.0
10208,35.97735,-115.292,918.0
10209,35.703500000000005,-115.353,806.0
10210,47.36466,-122.0342,161.0
10211,36.19652,-115.2102,680.0
10212,39.9166,-120.397,1684.0
10213,39.98075,-120.921,1105.0
10214,40.50866666666667,-117.19333333333331,1482.0
10215,36.3153,-115.574,2618.0
10216,36.3154,-114.548,784.0
10217,37.1436375,-113.614875,948.0
10218,38.489875,-112.92125,1591.0
10219,37.6319,-113.83,1812.0
10220,41.36865,-115.8945,1955.0
10221,47.08802,-122.3662,121.0
10222,42.9449,-115.978,731.0
10223,42.91175,-114.95265,861.0
10224,42.384775,-113.62525,1614.0
10225,40.7559,-113.541,1283.0
10226,43.08898000000001,-115.5472,986.0
10227,38.489875,-112.92125,1591.0
10228,36.0429,-114.9955,560.0
10229,36.3154,-114.548,784.0
10230,36.14653333333333,-115.00833333333333,599.0
10231,36.09313333333333,-115.056,517.0
10232,47.2011875,-122.336125,6.0
10233,36.26996666666667,-115.232,708.0
10234,36.069725,-115.2895,789.0
10235,36.18106666666667,-115.28866666666666,816.0
10236,35.703500000000005,-115.353,806.0
10237,36.4011,-114.964,755.0
10238,36.2441,-115.0175,569.0
10239,36.339475,-115.17425,785.0
10240,36.6178,-114.895,1150.0
10241,36.19652,-115.2102,680.0
10242,36.18106666666667,-115.28866666666666,816.0
10243,47.49834166666667,-122.21441666666668,7.0
10244,36.339475,-115.17425,785.0
10245,36.227075,-115.1215,585.0
10246,36.19652,-115.2102,680.0
10247,35.4797,-114.936,1084.0
10248,35.154125,-114.54575,264.0
10249,36.069725,-115.2895,789.0
10250,36.0429,-114.9955,560.0
10251,35.4797,-114.936,1084.0
10252,35.988625,-115.073,856.0
10253,35.97735,-115.292,918.0
10254,47.26406666666667,-122.15033333333334,67.0
10255,36.0155,-114.738,371.0
10256,35.703500000000005,-115.353,806.0
10257,35.921975,-114.982,701.0
10258,36.09313333333333,-115.056,517.0
10259,36.069725,-115.2895,789.0
10260,36.0637,-115.18516666666666,689.0
10261,36.14653333333333,-115.00833333333333,599.0
10262,36.19652,-115.2102,680.0
10263,36.13378,-115.1142,582.0
10264,36.4011,-114.964,755.0
10265,48.4708,-122.56,30.0
10266,36.36345,-114.9215,736.0
10267,36.36345,-114.9215,736.0
10268,36.0429,-114.9955,560.0
10269,36.14653333333333,-115.00833333333333,599.0
10270,36.052475,-115.0745,599.0
10271,35.703500000000005,-115.353,806.0
10272,36.19652,-115.2102,680.0
10273,36.13378,-115.1142,582.0
10274,36.877633333333335,-111.466,1337.0
10275,36.339475,-115.17425,785.0
10276,48.1818,-118.87,748.0
10277,47.89757142857143,-122.26014285714288,161.0
10278,36.4011,-114.964,755.0
10279,36.227075,-115.1215,585.0
10280,36.36345,-114.9215,736.0
10281,36.339475,-115.17425,785.0
10282,36.227075,-115.1215,585.0
10283,36.3495,-115.3655,960.0
10284,36.2441,-115.0175,569.0
10285,36.339475,-115.17425,785.0
10286,36.3495,-115.3655,960.0
10287,36.19652,-115.2102,680.0
10288,47.939325,-122.56225,0.0
10289,36.339475,-115.17425,785.0
10290,36.07975,-114.891,682.0
10291,36.052475,-115.0745,599.0
10292,35.988625,-115.073,856.0
10293,36.0155,-114.738,371.0
10294,35.42255,-114.3965,984.0
10295,36.14653333333333,-115.00833333333333,599.0
10296,36.227075,-115.1215,585.0
10297,36.052475,-115.0745,599.0
10298,35.97735,-115.292,918.0
10299,48.42602,-122.4174,2.0
10300,36.13378,-115.1142,582.0
10301,36.19652,-115.2102,680.0
10302,36.13378,-115.1142,582.0
10303,35.988625,-115.073,856.0
10304,35.97735,-115.292,918.0
10305,35.921975,-114.982,701.0
10306,35.988625,-115.073,856.0
10307,36.0155,-114.738,371.0
10308,36.14653333333333,-115.00833333333333,599.0
10309,36.0155,-114.738,371.0
10310,48.5372,-123.0922,45.0
10311,36.0155,-114.738,371.0
10312,36.13378,-115.1142,582.0
10313,36.8253,-114.12,539.0
10314,35.988625,-115.073,856.0
10315,35.921975,-114.982,701.0
10316,35.921975,-114.982,701.0
10317,35.703500000000005,-115.353,806.0
10318,37.1436375,-113.614875,948.0
10319,35.154125,-114.54575,264.0
10320,37.2169,-113.19433333333332,1135.0
10321,47.11445714285714,-122.59271428571428,84.0
10322,37.1436375,-113.614875,948.0
10323,36.13378,-115.1142,582.0
10324,46.65818333333333,-116.91283333333332,872.0
10325,47.5428,-116.055,929.0
10326,48.1711625,-115.421625,1096.0
10327,46.79628,-117.3428,748.0
10328,47.48515,-117.645,759.0
10329,47.67685,-117.2685,605.0
10330,47.740564285714285,-117.452,720.0
10331,46.44313333333333,-116.152,546.0
10332,47.20518,-122.4202,123.0
10333,46.24045,-117.129,710.0
10334,46.79628,-117.3428,748.0
10335,48.17405,-116.77733333333332,853.0
10336,47.44770384615385,-114.20811538461538,892.0
10337,48.1711625,-115.421625,1096.0
10338,47.67685,-117.2685,605.0
10339,47.824975,-117.98375,515.0
10340,48.17405,-116.77733333333332,853.0
10341,48.1711625,-115.421625,1096.0
10342,48.884,-117.383,770.0
10343,47.53017777777777,-122.08433333333332,326.0
10344,48.13162,-117.3868,686.0
10345,47.740564285714285,-117.452,720.0
10346,43.57362,-116.7042,768.0
10347,43.85618333333333,-116.377,966.0
10348,44.90415,-116.866,939.0
10349,43.55137142857143,-118.41857142857144,1695.0
10350,43.08898000000001,-115.5472,986.0
10351,43.5399,-114.383,2026.0
10352,43.54864,-116.0888,923.0
10353,45.8513,-116.183,1530.0
10354,46.9289,-122.69475,177.0
10355,44.90415,-116.866,939.0
10356,43.513666666666666,-116.36655555555556,823.0
10357,43.55137142857143,-118.41857142857144,1695.0
10358,47.44770384615385,-114.20811538461538,892.0
10359,48.1711625,-115.421625,1096.0
10360,43.513666666666666,-116.36655555555556,823.0
10361,42.472475,-114.487,1286.0
10362,42.79568333333333,-114.98283333333332,1036.0
10363,43.513666666666666,-116.36655555555556,823.0
10364,43.63298571428572,-116.251,809.0
10365,47.26406666666667,-122.15033333333334,67.0
10366,43.55137142857143,-118.41857142857144,1695.0
10367,42.7711,-114.47015,1176.0
10368,42.68545,-113.513,1268.0
10369,42.472475,-114.487,1286.0
10370,42.70624285714286,-112.77514285714284,1721.0
10371,41.71906666666667,-111.84022222222222,1372.0
10372,45.31903333333333,-117.78166666666668,1093.0
10373,43.55137142857143,-118.41857142857144,1695.0
10374,45.3692,-116.8235,1481.0
10375,47.44770384615385,-114.20811538461538,892.0
10376,48.339,-122.0875,294.0
10377,46.04349,-112.89095,1793.0
10378,43.63298571428572,-116.251,809.0
10379,45.3692,-116.8235,1481.0
10380,43.513666666666666,-116.36655555555556,823.0
10381,43.63298571428572,-116.251,809.0
10382,43.55137142857143,-118.41857142857144,1695.0
10383,43.63298571428572,-116.251,809.0
10384,43.5399,-114.383,2026.0
10385,43.011516666666665,-112.3485,1530.0
10386,44.90415,-116.866,939.0
10387,47.31644375,-119.630625,598.0
10388,47.53017777777777,-122.08433333333332,326.0
10389,43.55137142857143,-118.41857142857144,1695.0
10390,45.3692,-116.8235,1481.0
10391,45.31903333333333,-117.78166666666668,1093.0
10392,43.55137142857143,-118.41857142857144,1695.0
10393,43.5399,-114.383,2026.0
10394,42.91175,-114.95265,861.0
10395,42.472475,-114.487,1286.0
10396,42.384775,-113.62525,1614.0
10397,44.85345,-114.0725,2051.0
10398,42.79568333333333,-114.98283333333332,1036.0
10399,47.69176,-122.064,120.0
10400,46.04349,-112.89095,1793.0
10401,42.384775,-113.62525,1614.0
10402,43.45823076923077,-111.959,1436.0
10403,43.0625125,-110.475375,2252.0
10404,42.79568333333333,-114.98283333333332,1036.0
10405,43.011516666666665,-112.3485,1530.0
10406,42.384775,-113.62525,1614.0
10407,41.86853333333333,-112.11533333333334,1371.0
10408,43.011516666666665,-112.3485,1530.0
10409,43.85084,-111.727,1493.0
10410,47.82616,-122.055,77.0
10411,43.011516666666665,-112.3485,1530.0
10412,41.52419,-110.337,1976.0
10413,43.0625125,-110.475375,2252.0
10414,41.71906666666667,-111.84022222222222,1372.0
10415,41.86853333333333,-112.11533333333334,1371.0
10416,46.9769828125,-110.5825,2531.0
10417,48.1711625,-115.421625,1096.0
10418,46.04349,-112.89095,1793.0
10419,46.9769828125,-110.5825,2531.0
10420,48.13162,-117.3868,686.0
10421,47.87774,-121.7802,74.0
10422,46.9769828125,-110.5825,2531.0
10423,46.035314285714286,-108.35314285714288,994.0
10424,44.051988888888886,-108.45988888888888,1518.0
10425,44.63035,-106.91325,1428.0
10426,47.4138,-123.10366666666664,0.0
10427,47.97983333333334,-124.17466666666668,499.0
10428,45.79828571428571,-120.7414285714286,584.0
10429,46.1797,-119.916,263.0
10430,46.33825,-120.2395,213.0
10431,45.56751428571429,-120.22385714285714,341.0
10432,47.70485882352941,-122.32223529411765,81.0
10433,45.86293333333333,-119.64433333333334,86.0
10434,45.67482777777778,-122.59183333333333,79.0
10435,46.0499,-119.328,396.0
10436,45.690175,-121.243,385.0
10437,47.31644375,-119.630625,598.0
10438,45.5629,-122.012,1065.0
10439,45.56751428571429,-120.22385714285714,341.0
10440,45.59295,-121.622,437.0
10441,45.56766,-120.5508,457.0
10442,44.669125,-121.17775,732.0
10443,47.89757142857143,-122.26014285714288,161.0
10444,45.67325,-119.9,214.0
10445,46.1302,-118.36566666666666,282.0
10446,46.24045,-117.129,710.0
10447,46.79628,-117.3428,748.0
10448,46.8544,-118.4855,496.0
10449,45.8727,-118.277,795.0
10450,45.67048,-122.2732,546.0
10451,45.93143333333333,-122.62833333333332,104.0
10452,46.02766666666667,-122.26533333333332,831.0
10453,45.54215,-122.61707692307692,74.0
10454,47.71461428571428,-122.19085714285714,52.0
10455,46.13746666666666,-123.128,161.0
10456,45.446057142857136,-123.001,52.0
10457,45.60123,-122.8359,207.0
10458,45.93143333333333,-122.62833333333332,104.0
10459,46.64393333333334,-122.85516666666666,161.0
10460,46.13746666666666,-123.128,161.0
10461,46.0922,-123.526,219.0
10462,45.868,-123.014,499.0
10463,46.14945,-119.1085,266.0
10464,46.13965,-118.8965,158.0
10465,47.87774,-121.7802,74.0
10466,46.382133333333336,-119.37933333333336,145.0
10467,45.74152857142857,-119.34685714285716,194.0
10468,45.67325,-119.9,214.0
10469,46.02766666666667,-122.26533333333332,831.0
10470,46.64393333333334,-122.85516666666666,161.0
10471,47.1472,-123.07433333333334,66.0
10472,46.34013333333333,-124.002,56.0
10473,47.1472,-123.07433333333334,66.0
10474,46.64393333333334,-122.85516666666666,161.0
10475,47.07808333333333,-123.86666666666667,107.0
10476,48.0007,-121.598,705.0
10477,46.13746666666666,-123.128,161.0
10478,46.02766666666667,-122.26533333333332,831.0
10479,45.690175,-121.243,385.0
10480,45.5629,-122.012,1065.0
10481,45.54215,-122.61707692307692,74.0
10482,44.288,-122.08833333333332,1112.0
10483,45.47567272727272,-122.44154545454543,289.0
10484,45.59295,-121.622,437.0
10485,45.53926666666666,-123.80966666666666,463.0
10486,46.0922,-123.526,219.0
10487,48.455200000000005,-120.375,1278.0
10488,46.02766666666667,-122.26533333333332,831.0
10489,45.868,-123.014,499.0
10490,46.8544,-118.4855,496.0
10491,45.3353,-118.2,1111.0
10492,45.92613333333333,-118.614,476.0
10493,47.07808333333333,-123.86666666666667,107.0
10494,46.33825,-120.2395,213.0
10495,46.6166,-120.62528571428572,511.0
10496,46.382133333333336,-119.37933333333336,145.0
10497,45.86293333333333,-119.64433333333334,86.0
