Line,ec3,ec3veg,miroc6,mpi,taiesm1
88209,0.9731202793864213,0.9745258653253648,0.9928017572241493,0.9674228926201307,0.9725276326220953
88210,0.9874577191385198,0.9958366541313599,1.002658282075177,0.9919083658192083,0.9760737003286138
88211,0.9506630410322184,0.9560961600332886,0.9727763169236271,0.9493620783423643,0.9493997892138142
88212,1.0174437010580573,1.0193694547083316,1.0306017068160178,1.0102602717667586,1.0207009330879437
88213,0.9644362119678331,0.9699561382179342,0.9844365096434452,0.9601321087445738,0.9642830828432787
88214,0.9614845597320147,0.9662063941436531,0.9850416544275663,0.9582081790539526,0.9669730715577514
88215,1.0835297683132363,1.0846526360712572,1.0909578315171355,1.0978080810976212,1.089582503131728
88216,0.9614553267508944,0.9661770175998569,0.9850117052164269,0.9581790456879259,0.9669436717038914
88217,1.0761023199776532,1.080174870475624,1.0856203804853553,1.0802961447781676,1.0789664238117616
88218,1.0294869549273271,1.0363427520831106,1.0430043534409164,1.021254254470975,1.0323408478770728
88219,1.045830687167606,1.0477018470481871,1.0549495689195318,1.0391149708838792,1.0458802453371037
88220,0.9628491676638247,0.9746793985638365,0.9926382721054774,0.9602822124998439,0.962709206816637
88221,1.029111405086443,1.0359647012940418,1.0426238725449697,1.020881707863237,1.0319642569554464
88222,0.9481127167190959,0.9549649817088846,0.972847993530323,0.9473169680299492,0.9494791956163239
88223,1.0294243432137566,1.0362797234111651,1.042940919621267,1.0211921434567874,1.032278062594399
88224,0.9467130606501898,0.9521236051821356,0.9687344564514051,0.945417503426711,0.945455057610464
88225,0.9874577191385198,0.9947374167224181,1.0022922152403362,0.9919083658192083,0.9760737003286138
88227,0.9106365686456012,0.9202429194921595,0.9308845337487287,0.915204430999357,0.909026310759506
88228,0.9336578330691473,0.9403674703986815,0.9564293355510872,0.9341597177412158,0.931610910263375
88229,0.9336578330691473,0.9403674703986815,0.9564293355510872,0.9341597177412158,0.931610910263375
88230,0.9138821276719059,0.9227758224241861,0.9316350696579578,0.9166500835500972,0.9086581675334517
88231,0.9467130606501898,0.9521236051821356,0.9687344564514051,0.945417503426711,0.945455057610464
88232,0.9481127167190959,0.9549649817088846,0.972847993530323,0.9473169680299492,0.9494791956163239
88233,0.9235358390980599,0.9374046690635124,0.9522192439586284,0.9299349030221316,0.9234924030274059
88234,0.9178482289036786,0.928213748652541,0.9391066885938552,0.9222756113638588,0.9161389837777032
88235,0.922367690410009,0.930105245977186,0.9445927524272639,0.9251652295949749,0.9214468552000725
88237,0.9314931657220432,0.9419609613675022,0.9500639838836314,0.9371907886682406,0.9263577187614085
88238,0.9741457914574797,0.9796935621701074,0.9859877815466639,0.9772477683798727,0.9663152436341724
88239,0.9262651640069485,0.9398259449011362,0.9532814747002044,0.9297874790072352,0.9239868746064506
88240,0.932984101853809,0.943820639925042,0.9628958820425029,0.9370586676340955,0.9368794009421941
88241,0.9314557849813384,0.943820639925042,0.9603851694830065,0.9370586676340955,0.9314119764169333
88242,0.908216530053513,0.917808322568628,0.9284336238926839,0.9127774899285914,0.9066086966690512
88243,0.9150065187258166,0.9246700211915542,0.9353747591623158,0.9196015771499325,0.9133866648923692
88245,0.9083062632007153,0.9178880315382311,0.928502414062078,0.9128624364625973,0.9066477750714957
88246,0.9091370785351786,0.9187276111853372,0.9293517025399209,0.9136974192665209,0.9075294721632643
88247,0.9083062632007153,0.9178880315382311,0.928502414062078,0.9128624364625973,0.9067001259406182
88248,0.9138283603957122,0.9249882051003772,0.9336569033776544,0.9177792330054961,0.9099885605632994
88249,0.9111439809375255,0.9244526235636105,0.9333486773879649,0.9174698427735457,0.9056553082550276
88250,0.9774622921631748,0.98284995667183,0.979464286577138,0.9807101208560778,0.9715721882428731
88251,1.0150556970274198,1.016392282299865,1.0218176792916647,1.0195337559164168,1.0151810085429602
88252,0.9719956434219396,0.9775311690184829,0.983811495707162,0.9750907736180575,0.9641823792918608
88253,0.9702540508999726,0.9738848781841664,0.9781912756045762,0.9719863191573875,0.9643591942406081
88254,0.9259007090900746,0.9359496493210167,0.9469836973367266,0.9297820229106916,0.9235244783280404
88255,0.9259007090900746,0.9359496493210167,0.9469836973367266,0.9297820229106916,0.9235244783280404
88256,0.9178482289036786,0.928213748652541,0.9391066885938552,0.9222756113638588,0.9161389837777032
88257,0.8982579402981172,0.9124950759579151,0.9252683594297749,0.9040426637193641,0.897641368470312
88258,0.9017679480378503,0.9160607163329033,0.9280293076143751,0.9075752756834184,0.9011489669111227
88259,0.8982579402981172,0.9124950759579151,0.9252683594297749,0.9040426637193641,0.897641368470312
88260,0.8999545089979578,0.9142185347943771,0.9270159435780881,0.905750158212625,0.899336772631085
88261,0.8982609145920916,0.9124976033415433,0.9252704948309417,0.9040454551346891,0.8976443623622846
88262,0.8982609145920916,0.9124976033415433,0.9252704948309417,0.9040454551346891,0.8976443623622846
88263,0.8982609145920916,0.9124976033415433,0.9252704948309417,0.9040454551346891,0.8976443623622846
88264,0.9117399408863426,0.9256616494607213,0.9340238243086735,0.9181695411152325,0.9064290471438239
88265,0.9057753444446106,0.9157196366002402,0.9214670464599866,0.9100624207994927,0.8991361399388691
88266,0.9111439809375255,0.9260565559495784,0.9333486773879649,0.9182627529720965,0.9056553082550276
88267,0.952369838547386,0.9605518843021421,0.9646634885571957,0.9604534948856751,0.9497813118883365
88268,0.952369838547386,0.9605518843021421,0.9646634885571957,0.9604534948856751,0.9497813118883365
88269,0.9187440784037215,0.9269858432677788,0.932184786608009,0.922069319597778,0.9132782196901325
88270,0.9059453308521421,0.9206177885873453,0.9280293076143751,0.9123074599228426,0.901393645515342
88271,0.908159405822356,0.9206456714022955,0.9297887160660071,0.9115841748630452,0.9034243207474631
88272,0.9243313288317231,0.9352357568944271,0.9431882265089704,0.927162298227092,0.9192951611931743
88273,0.9149757835656269,0.9257741826612705,0.9336569033776544,0.9177792330054961,0.9099885605632994
88274,0.9007452258987401,0.9097085725031456,0.9157743770271708,0.9051136630903046,0.8949274598143663
88275,0.9025899744569406,0.9115716782174539,0.917489072374236,0.9069673583161963,0.8967602934433642
88276,0.9007452258987401,0.9097085725031456,0.9157743770271708,0.9051136630903046,0.8949274598143663
88277,0.9032422506747767,0.9131597909915999,0.9195660076187199,0.9071489697371335,0.897229370536696
88278,0.9032422506747767,0.9131597909915999,0.9195660076187199,0.9071489697371335,0.897229370536696
88279,0.9032422506747767,0.9131597909915999,0.9195660076187199,0.9071489697371335,0.897229370536696
88280,0.9032422506747767,0.9131597909915999,0.9195660076187199,0.9071489697371335,0.897229370536696
88281,0.911455295910876,0.9233210552890907,0.9306093292750064,0.9167942957195444,0.9074015256271228
88282,0.911455295910876,0.9233210552890907,0.9306093292750064,0.9167942957195444,0.9074015256271228
88283,0.9124557886594225,0.9243345729290027,0.931630847159478,0.9177792330054961,0.9083975686041978
88284,0.9774622921631748,0.98284995667183,0.979464286577138,0.9807101208560778,0.9715721882428731
88285,0.9774622921631748,0.98284995667183,0.979464286577138,0.9807101208560778,0.9715721882428731
88286,0.9702540508999726,0.9738848781841664,0.9781912756045762,0.9719863191573875,0.9643591942406081
88287,0.9065824837845996,0.9167944727749253,0.9237661767622981,0.909469328514013,0.9004138029666641
88288,0.9078563803755838,0.91808271887982,0.9250642192509766,0.9107472815937616,0.9016790315526897
88289,0.9165958473933128,0.9269206296051681,0.9339693372940755,0.9195145778324928,0.9103590324065389
88291,0.9032436655094735,0.9131610501957569,0.9195671676596472,0.9071503229560831,0.8972308810017064
88292,0.9032436655094735,0.9131610501957569,0.9195671676596472,0.9071503229560831,0.8972308810017064
88293,0.9040422851074649,0.9139142809502494,0.9196468639326931,0.9075198570693499,0.8975988700761802
88294,0.9034087755537971,0.9133279731061847,0.9197352615877956,0.9073161471248548,0.8973948919283118
88295,0.9062253607682798,0.9161754837067403,0.9226027483879305,0.9101449144713827,0.9001927274735866
88296,0.9041249855398632,0.9140520468949203,0.9204644149862475,0.9080354548210763,0.898106334190592
88297,0.9109091893725566,0.9197735030111845,0.9286034889270322,0.9136680004078968,0.9057024899137133
88298,0.9032833343659058,0.9126444790529457,0.9174191389182974,0.9081349474806877,0.89775204314757
88299,0.9032833343659058,0.9126444790529457,0.9174191389182974,0.9081349474806877,0.89775204314757
88300,0.9032833343659058,0.9126444790529457,0.9174191389182974,0.9081349474806877,0.89775204314757
88301,0.9032833343659058,0.9126444790529457,0.9174191389182974,0.9081349474806877,0.89775204314757
88305,0.9083226868612441,0.9222269108857892,0.934841815505054,0.9128314290025378,0.9053275963278927
88306,0.9008765188815275,0.9151571412380984,0.9279694041008676,0.9066789166750552,0.900258062785002
88307,0.9028174994429843,0.9125228148698615,0.9172924114425562,0.9077881639808785,0.8976817102595158
88308,0.9036989351053826,0.9134137259922919,0.9181879792010365,0.908674452585308,0.8985581317659594
88309,0.9168485626878824,0.9266221628648443,0.9329004137006189,0.9195735385016754,0.9102938229720692
88310,0.909788223124646,0.9183190148722343,0.9243907141929536,0.9124922148246716,0.9025874805987686
88311,0.9042270154098412,0.9139142809502494,0.9196468639326931,0.9075198570693499,0.8975988700761802
88312,0.9049720429685426,0.9146672902211459,0.9204045965000978,0.9082675977274621,0.8983384364499662
88313,0.9083226868612441,0.9222269108857892,0.934841815505054,0.9128314290025378,0.9053275963278927
88314,0.9083226868612441,0.9222269108857892,0.934841815505054,0.9128314290025378,0.9053275963278927
88315,0.9099637485141846,0.9188193104842413,0.9276405726336538,0.9127198364497888,0.9047621867309532
88316,0.8722509517114744,0.8879351682405425,0.9010724123498417,0.8776273578410496,0.8715427818518809
88317,0.8810579770656704,0.8969005554656669,0.9101704449354876,0.8864886681977494,0.8803426568901085
88318,0.8722509517114744,0.8879351682405425,0.9010724123498417,0.8776273578410496,0.8715427818518809
88319,0.8722509517114744,0.8879351682405425,0.9010724123498417,0.8776273578410496,0.8715427818518809
88321,0.9135659535802197,0.9224017883211014,0.9250486909081939,0.9168199221999609,0.906696274502277
88323,0.9237102445169235,0.9316398571962238,0.9339033364352803,0.9274302829761147,0.9173115106011196
88324,0.9237343558405329,0.9316613197243518,0.9339240492353343,0.9274531473254756,0.9173377849431086
88326,0.9237354506043056,0.9316622942223217,0.933924989692607,0.9274541854717315,0.9173389779161716
88327,0.9236243489178071,0.9315633983568097,0.9338295485971695,0.9273488299408041,0.9172179087955281
88328,0.9237354506043056,0.9316622942223217,0.933924989692607,0.9274541854717315,0.9173389779161716
88329,1.0468118930492925,1.0489395951783753,1.04411603525136,1.0514721750634266,1.049599004290282
88330,1.0468118930492925,1.0489395951783753,1.04411603525136,1.0514721750634266,1.049599004290282
88331,0.9647741300555203,0.9687700045505889,0.9688097377765448,0.9662822168130354,0.9589920918492233
88332,0.9498903689253747,0.9554103071909681,0.9595291082371947,0.9499139041628062,0.9427433138015219
88333,0.9331273524215353,0.9397035730918892,0.9399448884469925,0.9350779115776274,0.9259132899667712
88334,0.9671453877320759,0.9703919154513085,0.9710119600120322,0.967367466767035,0.9609853274409408
88335,0.918659963340742,0.9276742249017768,0.9300124557986568,0.922426555776668,0.9135683598656605
88336,0.918659963340742,0.9276742249017768,0.9300124557986568,0.922426555776668,0.9135683598656605
88337,0.918659963340742,0.9276742249017768,0.9300124557986568,0.922426555776668,0.9135683598656605
88338,0.918659963340742,0.9276742249017768,0.9300124557986568,0.922426555776668,0.9135683598656605
88339,0.9132300535036278,0.9221662148578752,0.9248367080242587,0.917667851627445,0.9074719769357077
88340,0.9146602530334018,0.923602575464166,0.9262749305015815,0.9191010974198915,0.9088982637668814
88341,0.889232282053457,0.9054116334519899,0.9180158075737229,0.8955227750365636,0.886759472510487
88342,0.892279377794793,0.9085141703122991,0.9211615346398585,0.8985914261518627,0.8897980947769172
88343,0.889232282053457,0.9054116334519899,0.9180158075737229,0.8955227750365636,0.886759472510487
88344,0.8612238515547374,0.8740096262799372,0.8886636938787402,0.8661058324988957,0.8623710123235261
88345,0.8744410309432219,0.8901637478379947,0.9033332560067344,0.8798306322885091,0.8737311232211258
88346,0.8814219724598981,0.8959033383911059,0.9086904808497759,0.8875686808047697,0.8806665731842473
88347,0.8776348204262775,0.8920539651556665,0.9047861658791861,0.8837551185842741,0.8768826668286248
88348,0.8757858167994044,0.8902062983147914,0.9029391127073104,0.8819067670892997,0.8750335743246457
88349,0.8824755099199384,0.8969741849970011,0.909776611546615,0.8886295652424206,0.8817192077380077
88350,0.8760069613912157,0.8903993611300012,0.9031079458488892,0.8821159074669773,0.8752562029068848
88351,0.9482258859112145,0.9560203615242239,0.9571250817861734,0.9545597961003821,0.9423530557064068
88352,0.9482258859112145,0.9560203615242239,0.9571250817861734,0.9545597961003821,0.9423530557064068
88353,0.9130212199667073,0.9219060863693421,0.9307565454570688,0.915786427570858,0.907802448274232
88354,0.9308850381682543,0.9409105001620963,0.9501084956655851,0.9356537533220955,0.9248031853847606
88355,0.9134308595797138,0.9263102515692849,0.9397302152771776,0.9185083961608177,0.9104310916131297
88356,0.9082137193460088,0.9163729542021234,0.922430671363687,0.9111531190454502,0.9006776961256666
88357,0.9081467039043976,0.9163123152080949,0.9223747105189556,0.9110884108040233,0.9006047131015777
88358,0.8613918582011589,0.8741604659628123,0.8887953171898081,0.8662672393893046,0.8625374631316397
88359,0.8613918582011589,0.8741604659628123,0.8887953171898081,0.8662672393893046,0.8625374631316397
88360,0.8596120605171007,0.8719011645266977,0.8872059397908805,0.8643029830788588,0.8617167643822757
88361,0.859614190185906,0.871903087038758,0.8872076103799496,0.8643050331506799,0.8617188582573462
88362,0.8613751161138792,0.8741454344342549,0.8887822004733636,0.8662511549134285,0.8625208760703256
88363,0.8612891087956427,0.874068215115754,0.8887148183489032,0.866168526091533,0.8624356652040047
88364,0.8612891087956427,0.874068215115754,0.8887148183489032,0.866168526091533,0.8624356652040047
88365,0.8612764936598731,0.8740568890358758,0.8887049352023201,0.8661564065282109,0.8624231668955028
88366,0.8612238515547374,0.8740096262799372,0.8886636938787402,0.8661058324988957,0.8623710123235261
88367,0.8612891087956427,0.874068215115754,0.8887148183489032,0.866168526091533,0.8624356652040047
88368,0.9863284031013273,0.9909524696716364,0.9907520415421631,0.9868250205989315,0.9811838545692545
88369,1.037381682151122,1.0380053977697283,1.035024014659374,1.0376696921656035,1.0359637344503132
88370,1.037381682151122,1.0380053977697283,1.035024014659374,1.0376696921656035,1.0359637344503132
88371,0.9900091044184305,0.9916674332814995,0.9929783371979389,0.9904693107863319,0.9875372976770982
88372,0.968590733572822,0.9718421130500171,0.9724630842333958,0.9688131444927424,0.9624214674087815
88373,0.9292378530545137,0.9406395699534253,0.9494224131815833,0.9322524020024141,0.9235062126038013
88374,0.9302773882642492,0.9425827890295333,0.9557254913293843,0.9353326589262201,0.926056849663413
88375,0.9236243489178071,0.9315633983568097,0.9338295485971695,0.9273488299408041,0.9172179087955281
88376,0.9199871043874738,0.9290133370590123,0.9313546755341217,0.9237586971598584,0.9148887456408972
88377,0.918668208731053,0.9276815013744025,0.9300194833012185,0.9224343945392512,0.9135771590034546
88378,0.9231710816369075,0.9322272387441829,0.9341312888809923,0.9271209450722012,0.916478120025304
88379,0.9850107082285201,0.987296099445404,0.9879436855196528,0.9861374317325324,0.9796924009207286
88380,0.9332098275477985,0.9385147805968429,0.9421638615691599,0.9319787807985365,0.924461051214923
88381,0.9869930980505068,0.9886471563873164,0.9899546830095237,0.9874521195022056,0.9845276528698165
88383,0.9411177090916459,0.9468091447955301,0.9501800524078682,0.940975260071088,0.932018266134386
88384,0.9850107082285201,0.987296099445404,0.9879436855196528,0.9861374317325324,0.9796924009207286
88385,0.963584258502673,0.968653809168171,0.9676978772312739,0.9643933446304934,0.9575276626372178
88387,0.9850107082285201,0.987296099445404,0.9879436855196528,0.9861374317325324,0.9796924009207286
88388,0.9850107082285201,0.987296099445404,0.9879436855196528,0.9861374317325324,0.9796924009207286
88389,0.9485045589602156,0.9530343397824007,0.9560173601890077,0.9478511548803755,0.9416618416290091
88391,0.9329855213605307,0.9395607424756227,0.9398020211519033,0.9349357840406123,0.9257725554100427
88392,0.9237102445169235,0.9316398571962238,0.9339033364352803,0.9274302829761147,0.9173115106011196
88393,0.9329855213605307,0.9395607424756227,0.9398020211519033,0.9349357840406123,0.9257725554100427
88394,0.9237102445169235,0.9316398571962238,0.9339033364352803,0.9274302829761147,0.9173115106011196
88395,0.9237102445169235,0.9316398571962238,0.9339033364352803,0.9274302829761147,0.9173115106011196
88396,0.9237102445169235,0.9316398571962238,0.9339033364352803,0.9274302829761147,0.9173115106011196
88398,0.9127583327746315,0.9230155928950194,0.9300194833012185,0.9183413611988052,0.9077261734648978
88399,0.9150426201974898,0.9238927369747658,0.9265439179532258,0.91830184845592,0.9081618371311311
88400,0.9132300535036278,0.9221662148578752,0.9248367080242587,0.917667851627445,0.9074719769357077
88401,0.8596992077875127,0.8719798352520264,0.8872743020660152,0.864386873371681,0.8618024470338858
88402,0.8595566165794642,0.871851113905752,0.8871624479147792,0.8642496114504818,0.8616622523361515
88403,0.8598037883286679,0.8720859097048362,0.8873822370574896,0.8644920241571717,0.8619072834295265
88404,0.8685978488003534,0.882450554830034,0.8974494396993115,0.874203636333563,0.8692092248609676
88405,0.8685820008064551,0.882436546677756,0.8974373750296971,0.8741885381631044,0.869193458997579
88406,0.8612764936598731,0.8740568890358758,0.8887049352023201,0.8661564065282109,0.8624231668955028
88407,0.8612617667256471,0.8740436669722255,0.8886933976417148,0.8661422581362697,0.8624085763481084
88408,0.8612027589742901,0.873990689184661,0.8886471695211429,0.8660855685915563,0.8623501150967894
88409,0.9099676571067827,0.9188228084299987,0.9276436675121914,0.9127236165849806,0.904766339386971
88410,0.9647741300555203,0.9687700045505889,0.9688097377765448,0.9662822168130354,0.9589920918492233
88411,0.9414503521137529,0.9475377980137015,0.9518263988394761,0.9420958549334483,0.9346337029093219
88412,0.9647741300555203,0.9687700045505889,0.9688097377765448,0.9662822168130354,0.9589920918492233
88413,0.9132300535036278,0.9221662148578752,0.9248367080242587,0.917667851627445,0.9074719769357077
88414,0.9342236457257639,0.9417896553107363,0.9447216560935533,0.9393358510198248,0.9279271448702342
88415,0.9342236457257639,0.9417896553107363,0.9447216560935533,0.9393358510198248,0.9279271448702342
88416,0.9089756983631453,0.9185267910015378,0.9220266022487248,0.9118474473713941,0.9022115972148972
88417,0.9089756983631453,0.9185267910015378,0.9220266022487248,0.9118474473713941,0.9022115972148972
88418,0.9232052288101631,0.9322571337876714,0.934160298004349,0.9271532298126139,0.9165154511327996
88419,0.9230646907761797,0.9321340970022194,0.9340409075224154,0.9270203573608548,0.9163618082230434
88420,0.9230646907761797,0.9321340970022194,0.9340409075224154,0.9270203573608548,0.9163618082230434
88421,0.9230646907761797,0.9321340970022194,0.9340409075224154,0.9270203573608548,0.9163618082230434
88422,0.9230646907761797,0.9321340970022194,0.9340409075224154,0.9270203573608548,0.9163618082230434
88423,0.8833639678604086,0.8987139498629576,0.9132484862316539,0.8896251655626374,0.8826193331873452
88424,0.8722010049977774,0.8878919430615825,0.9010346803613546,0.8775797356294738,0.8714925273492127
88425,0.8722509517114744,0.8879351682405425,0.9010724123498417,0.8776273578410496,0.8715427818518809
88426,0.8722010049977774,0.8878919430615825,0.9010346803613546,0.8775797356294738,0.8714925273492127
88430,0.908188291337816,0.9163499455873391,0.9224094377706838,0.911128566448795,0.9006500038696904
88431,0.9342236457257639,0.9417896553107363,0.9447216560935533,0.9393358510198248,0.9279271448702342
88432,0.9081467039043976,0.9163123152080949,0.9223747105189556,0.9110884108040233,0.9006047131015777
88433,0.9081467039043976,0.9163123152080949,0.9223747105189556,0.9110884108040233,0.9006047131015777
88434,0.9018160349267373,0.9104390038495503,0.9140437558938158,0.9047939038710839,0.8962149311509924
88435,0.9018160349267373,0.9104390038495503,0.9140437558938158,0.9047939038710839,0.8962149311509924
88436,0.9018160349267373,0.9104390038495503,0.9140437558938158,0.9047939038710839,0.8962149311509924
88437,0.9018160349267373,0.9104390038495503,0.9140437558938158,0.9047939038710839,0.8962149311509924
88438,0.9143865740531113,0.9232287136262596,0.9258775091917841,0.9176428619798856,0.9075120084881588
88439,1.0075993449774507,1.0108841197051497,1.0103778159560028,1.0133459238444003,1.0082865746509782
88440,0.992061653975166,0.9960627419707854,0.9922245251020838,0.9937177898092109,0.9876376015441461
88441,0.992061653975166,0.9960627419707854,0.9922245251020838,0.9937177898092109,0.9876376015441461
88442,0.9920605786348863,0.9960622103429017,0.9922234719630971,0.9937169399485678,0.9876359209151246
88443,0.908911842516192,0.9177209407175025,0.9219725000204346,0.9117857560494116,0.9019975095635939
88444,0.9398413789897868,0.9478294750775021,0.945568040713039,0.943429602739431,0.9348860025076777
88445,0.9397612212236529,0.947760419697676,0.9454958570421098,0.9433544501958732,0.9347988835564002
88446,0.9124717332418487,0.9213112746489366,0.9239592501495267,0.9157270894491469,0.9055990373831715
88447,0.8598582049732798,0.8721408670225422,0.8874378737795782,0.8645466466632354,0.861961792358931
88448,0.859614190185906,0.871903087038758,0.8872076103799496,0.8643050331506799,0.8617188582573462
88449,0.8596885986176045,0.8719702579563264,0.8872659796626228,0.8643766606816727,0.8617920161554198
88450,0.8596439838729204,0.8719299826947609,0.8872309817274097,0.8643337133127585,0.8617481512068375
88451,0.8685363694353049,0.8823962129762469,0.8974026373655967,0.8741450658522443,0.8691480641155122
88452,0.8685363694353049,0.8823962129762469,0.8974026373655967,0.8741450658522443,0.8691480641155122
88453,0.8685304100283588,0.8823909454594712,0.8973981007002899,0.8741393884252094,0.8691421355948165
88454,0.908911842516192,0.9184700940206684,0.9219725000204346,0.9117857560494116,0.9021426015772153
88455,0.908911842516192,0.9184700940206684,0.9219725000204346,0.9117857560494116,0.9021426015772153
88456,0.9124717332418487,0.9213112746489366,0.9239592501495267,0.9157270894491469,0.9055990373831715
88457,0.8964103439925996,0.9048164143266519,0.9078432588613604,0.8987134801745151,0.8916277243051065
88458,0.8964470833916625,0.9048499321137085,0.907875627739574,0.8987493323491906,0.8916663171771102
88459,0.912593540740295,0.9214199704906341,0.9240640556762552,0.9158440457886824,0.9057311738483146
88460,0.8832646281107567,0.8986288108762263,0.9131764577882534,0.8895316630957362,0.8825192950522646
88461,0.8832646281107567,0.8986288108762263,0.9131764577882534,0.8895316630957362,0.8825192950522646
88462,0.8832646281107567,0.8986288108762263,0.9131764577882534,0.8895316630957362,0.8825192950522646
88463,0.8843721526787223,0.89975560057645,0.914321488767306,0.8906470458921344,0.8836258850479091
88464,0.8935432472531338,0.9095957356655088,0.9240347923125163,0.900621814478262,0.891317188549596
88465,0.8938988434599632,0.9099577201518166,0.9244025229938625,0.9009802276854578,0.8916718988697784
88466,0.8597013290040678,0.8719817501553516,0.8872759660653069,0.864388915315974,0.8618045326028249
88467,0.8612027589742901,0.873990689184661,0.8886471695211429,0.8660855685915563,0.8623501150967894
88468,0.8596885986176045,0.8719702579563264,0.8872659796626228,0.8643766606816727,0.8617920161554198
88469,0.8618131863982303,0.874603270209343,0.8892623803149124,0.8666968025254951,0.8629607302613267
88470,0.9413068706147496,0.9473933887590701,0.9516813359817378,0.9419522750567537,0.9344912602999891
88471,0.9423847780561918,0.9484730231962107,0.9527622166239437,0.9430303632779304,0.9355672929889628
88472,0.9665416969288343,0.9716868758031556,0.9715201047525099,0.9675890272094569,0.9609207546518092
88473,0.9665416969288343,0.9716868758031556,0.9715201047525099,0.9675890272094569,0.9609207546518092
88474,0.9512430792079798,0.956764711398808,0.9608848107445942,0.9512666215550893,0.9440939100961843
88475,0.9647858845830936,0.9687803917342739,0.9688201114085049,0.9662934542460428,0.9590058407371893
88476,0.9018578382854031,0.9104768584490858,0.9140799766096114,0.9048343370829814,0.8962593303561567
88477,0.9020491272572565,0.9106586372169932,0.914257823629187,0.9050223249207279,0.8964568772235335
88478,0.934297507696053,0.9418546122032084,0.9447831917639488,0.9394036838517701,0.9280085029846183
88479,0.9869991089773824,0.9886523959046801,0.9899593141862454,0.9874579161469702,0.9845348174467581
88480,0.9131944599004012,0.9235767272277966,0.9285829868797413,0.9152437660366189,0.9058560128871911
88481,0.929618890354622,0.9401878899007986,0.9452841905758768,0.9317050546712075,0.9221484563245135
88482,0.9155484721844236,0.9259575026886646,0.9309766673649335,0.9176030609762315,0.9081911082863952
88483,0.8833709185924312,0.8987199070341245,0.9132535261014527,0.8896317078898514,0.8826263327815834
88484,0.89461113754218,0.9101554301161586,0.9248739783644354,0.9009515905924135,0.8938570774466749
88486,0.8727864503953179,0.8884879206500055,0.9016394797179469,0.8781687913795302,0.872077497196993
88487,0.8832747305425038,0.8991648854618987,0.9124744868961192,0.8887217511514567,0.8825572578492304
88488,0.8755318430478097,0.8899845835994331,0.9027452297487001,0.8816665835555215,0.874777895757095
88489,0.8616279867761136,0.8739373525479867,0.8892675801690999,0.8663266247301821,0.8637361494542876
88493,0.9089756983631453,0.9185267910015378,0.9220266022487248,0.9118474473713941,0.9022115972148972
88494,0.9100300273109972,0.9195921983461725,0.9230960690553632,0.9129051072863069,0.9032580804220328
88495,0.9089756983631453,0.9185267910015378,0.9220266022487248,0.9118474473713941,0.9022115972148972
88496,0.9091420010850197,0.9186948411548402,0.9221952927141253,0.9120142754974983,0.9023766624026615
88497,0.901818921656471,0.910441617892024,0.9140462571064737,0.9047966959832056,0.8962179971413786
88498,0.901818921656471,0.910441617892024,0.9140462571064737,0.9047966959832056,0.8962179971413786
88499,0.9291607530531063,0.9354098935097297,0.9431106202932044,0.9299416609416663,0.9236762825152935
88500,0.9266697020324559,0.9329225090010854,0.9428341262702766,0.9294070139064241,0.9210650066118948
88501,0.891381347174431,0.9078119343425683,0.9212909022588817,0.8987916765589585,0.8897079197285078
88502,0.8788592809181461,0.8928624460292187,0.908024545140819,0.8845259215233588,0.8794772914836324
88503,0.9671453877320759,0.9703919154513085,0.9710119600120322,0.967367466767035,0.9609853274409408
88504,0.9671453877320759,0.9703919154513085,0.9710119600120322,0.967367466767035,0.9609853274409408
88505,0.9671453877320759,0.9703919154513085,0.9710119600120322,0.967367466767035,0.9609853274409408
88506,0.8966511061917553,0.9053220460170263,0.9087564243904123,0.8989742642151303,0.8923061038280146
88507,0.8965950264437232,0.9052710490971922,0.9087074202101887,0.8989195535970635,0.8922474488720611
88508,0.8996879442377637,0.9083882513830259,0.9118342615392053,0.9020189704883941,0.8953282259288833
88509,0.901833346991128,0.9104546805886615,0.9140587559834832,0.904810648507124,0.8962333182529046
88510,0.912593540740295,0.9214199704906341,0.9240640556762552,0.9158440457886824,0.9057311738483146
88511,0.9017987029007124,0.9104233090654756,0.9140287385501971,0.9047771399392607,0.8961965228235723
88512,0.9017856907689977,0.9104115261242729,0.9140174642089446,0.9047645543155921,0.8961827026355741
88513,0.9413068706147496,0.9473933887590701,0.9516813359817378,0.9419522750567537,0.9344912602999891
88514,0.9499002387664924,0.9554190499773877,0.9595370166521238,0.9499237691768727,0.9427546581517369
88515,0.9499002387664924,0.9554190499773877,0.9595370166521238,0.9499237691768727,0.9427546581517369
88516,0.9302773882642492,0.9425827890295333,0.9557254913293843,0.9353326589262201,0.926056849663413
88517,0.9302773882642492,0.9425827890295333,0.9557254913293843,0.9353326589262201,0.926056849663413
88518,0.9302773882642492,0.9425827890295333,0.9557254913293843,0.9353326589262201,0.926056849663413
88519,0.9574206454341748,0.9629843431301313,0.9671357960610147,0.9574443672477118,0.9502169318757628
88520,0.9723773311439923,0.9774931433863759,0.9765284882071809,0.9731938004902828,0.966265466539001
88521,0.9498903689253747,0.9554103071909681,0.9595291082371947,0.9499139041628062,0.9427433138015219
88522,0.9420086887897751,0.9493316247062814,0.9567203488653907,0.9439080289709502,0.936115820070083
88523,0.9498903689253747,0.9554103071909681,0.9595291082371947,0.9499139041628062,0.9427433138015219
88524,0.9920605786348863,0.9960622103429017,0.9922234719630971,0.9937169399485678,0.9876359209151246
88525,1.030074413571721,1.032042237171821,1.0272122582874037,1.0323928177567177,1.0294229839751021
88526,0.901833346991128,0.9104546805886615,0.9140587559834832,0.904810648507124,0.8962333182529046
88527,0.8964317222783715,0.9051225479273063,0.9085647224969715,0.8987602368617938,0.8920766446377938
88528,0.8999928808195501,0.9086958321991361,0.9121428907889201,0.9023246151296432,0.8956318390131983
88529,0.9121056870757247,0.9212210130284583,0.9246912873679397,0.9143812239634298,0.9062750638581435
88530,0.9420086887897751,0.9493316247062814,0.9567203488653907,0.9439080289709502,0.936115820070083
88531,0.9283653027805605,0.9346295510039873,0.9445593043421787,0.931107623330275,0.9227503520060938
88532,0.9089358229102767,0.9184913859209497,0.9219928174718325,0.9118089235600558,0.902168512216194
88533,0.9089358229102767,0.9184913859209497,0.9219928174718325,0.9118089235600558,0.902168512216194
88534,0.8965950264437232,0.9052710490971922,0.9087074202101887,0.8989195535970635,0.8922474488720611
88535,0.979753524204826,0.9841706079474559,0.9831507276331496,0.9828338824118068,0.9765081907104941
88536,0.9374205404573627,0.9432856839773388,0.9453402634641319,0.9407674751616657,0.9344947866322765
88537,0.9374205404573627,0.9432856839773388,0.9453402634641319,0.9407674751616657,0.9344947866322765
88538,0.9140173126548864,0.9213574123150279,0.9241545097754337,0.9168405290027086,0.9114602954318951
88539,0.9140173126548864,0.9213574123150279,0.9241545097754337,0.9168405290027086,0.9114602954318951
88540,0.9089344917517039,0.9184902039996541,0.9219916896419469,0.911807637524285,0.9021670739107599
88541,0.9091287101819254,0.9186864642661676,0.9221886980955422,0.9120024698797857,0.90235984629918
88542,0.9038971369041022,0.9125356465650961,0.9161469121670208,0.9068803662190955,0.8981880706662044
88543,0.9055936323715417,0.9151786470384203,0.9193642126675452,0.9077436832255233,0.8981880706662044
88544,0.9055936323715417,0.9151786470384203,0.9193642126675452,0.9077436832255233,0.8981880706662044
88545,0.8964409660433219,0.9048443511755049,0.9078702380993428,0.8987433627267506,0.8916598912196534
88546,0.8964409660433219,0.9048443511755049,0.9078702380993428,0.8987433627267506,0.8916598912196534
88547,0.923757657283565,0.9306015469924165,0.9326615453776241,0.9258870070966189,0.9173373507257655
88548,0.923757657283565,0.9306015469924165,0.9326615453776241,0.9258870070966189,0.9173373507257655
88549,0.9237389643571193,0.9305846290844364,0.9326451578164073,0.9258688685965967,0.9173169741789254
88550,0.9237488643978924,0.9305935890457503,0.9326538368973956,0.9258784750037607,0.9173277658941187
88551,0.9920605786348863,0.9960622103429017,0.9922234719630971,0.9937169399485678,0.9876359209151246
88552,0.8917287647347641,0.9081027253554572,0.9215363872403326,0.8991133613335788,0.8900611930679315
88553,0.8917336073429114,0.9081067787961309,0.9215398092373163,0.8991178453281233,0.8900661172807712
88554,0.9141717337674797,0.9214977835131853,0.9242895719455109,0.9169895257644292,0.911619651552826
88555,0.9141717337674797,0.9214977835131853,0.9242895719455109,0.9169895257644292,0.911619651552826
88556,0.9155358024287128,0.92287278363784,0.9256687377985168,0.9183577989548715,0.9129799121600125
88557,0.923769736521368,0.9306124792442535,0.9326721349278336,0.9258987280741859,0.9173505178858185
88558,0.92377412582139,0.930616451761185,0.9326759829162821,0.9259029871923985,0.9173553025060508
88559,0.923767541241501,0.9306104924164589,0.932670210382334,0.9258965979041467,0.9173481248882854
88560,0.923767541241501,0.9306104924164589,0.932670210382334,0.9258965979041467,0.9173481248882854
88561,0.9629749741832413,0.9680404227753918,0.9670852637948759,0.9637834051530528,0.9569232884673102
88562,0.9629749741832413,0.9680404227753918,0.9670852637948759,0.9637834051530528,0.9569232884673102
88563,0.9629749741832413,0.9680404227753918,0.9670852637948759,0.9637834051530528,0.9569232884673102
88564,0.9629688184326048,0.9680351311823843,0.9670798097980288,0.9637773877981195,0.9569160909074124
88565,0.8966450531371312,0.9053165415700956,0.9087511350278438,0.8989683589352361,0.8922997728233375
88566,0.9042925525318969,0.9130380002225528,0.9165018873805201,0.9066356738407467,0.8999102112557373
88567,0.9237246492481899,0.9305716733144228,0.9326326081938218,0.9258549780772904,0.9173013697203279
88568,0.9237488643978924,0.9305935890457503,0.9326538368973956,0.9258784750037607,0.9173277658941187
88569,0.9237664434440719,0.930609498860201,0.9326692479717376,0.9258955326663633,0.9173469282176303
88570,0.8964103439925996,0.9048164143266519,0.9078432588613604,0.8987134801745151,0.8916277243051065
88571,0.9237244928235606,0.9322796471864613,0.9319373951983935,0.9270619385921843,0.9175499350332161
88572,0.9235993563657673,0.9321693387789484,0.9318264976248212,0.9269426117868299,0.9174139646488563
88573,0.9236247132011992,0.9321916908021673,0.9318489690380444,0.9269667913270693,0.9174415169402285
88574,0.9236642903500621,0.9322265781716674,0.9318840427470854,0.9270045310104569,0.9174845206321007
88575,0.9236642903500621,0.9322265781716674,0.9318840427470854,0.9270045310104569,0.9174845206321007
88576,0.914034839327648,0.9213733442165588,0.9241698390687924,0.9168574399677425,0.9114783822713578
88577,0.8964103439925996,0.9048164143266519,0.9078432588613604,0.8987134801745151,0.8916277243051065
88578,0.8964103439925996,0.9048164143266519,0.9078432588613604,0.8987134801745151,0.8916277243051065
88579,0.896462366474097,0.90486387508896,0.907889092796528,0.89876424637007,0.8916823712525576
88580,0.912593540740295,0.9214199704906341,0.9240640556762552,0.9158440457886824,0.9057311738483146
88581,0.923769736521368,0.9306124792442535,0.9326721349278336,0.9258987280741859,0.9173505178858185
88582,1.0075952804808443,1.0108783136486286,1.010372277739405,1.0133388185636711,1.0082821450311001
88583,0.9238539361780224,0.9306886841124661,0.9327459510596982,0.9259804305742024,0.9174423005570409
88584,1.0075993449774507,1.0108841197051497,1.0103778159560028,1.0133459238444003,1.0082865746509782
88585,0.9629734359039331,0.968039100442611,0.9670839008785785,0.9637819014577852,0.9569214898478687
88586,0.9637059779148621,0.96877549594726,0.9678195697548665,0.9645150584752767,0.9576494280924126
88587,0.9374160868455182,0.9432816673533397,0.9453363989237189,0.94076327143318,0.934490113449702
88588,0.9374160868455182,0.9432816673533397,0.9453363989237189,0.94076327143318,0.934490113449702
88589,0.9374160868455182,0.9432816673533397,0.9453363989237189,0.94076327143318,0.934490113449702
88590,0.9247341033572002,0.9315803964227044,0.9336411281303915,0.926864195475202,0.9183115887678976
88591,0.911609022098865,0.9272504318902688,0.94190760739682,0.9200240632901372,0.9110257976711335
88592,0.9156309085825685,0.9303356313661025,0.9467885412560911,0.9227331162963123,0.9142072508676677
88593,0.9426476048136943,0.9481122415374377,0.949661832766006,0.9446288171134034,0.9354398105013678
88594,0.9426476048136943,0.9481122415374377,0.949661832766006,0.9446288171134034,0.9354398105013678
88595,0.9426476048136943,0.9481122415374377,0.949661832766006,0.9446288171134034,0.9354398105013678
88596,0.9426296396723467,0.9480960613917288,0.9496461558800463,0.9446115009769498,0.9354194662953556
88597,0.9426476048136943,0.9481122415374377,0.949661832766006,0.9446288171134034,0.9354398105013678
88598,0.9238539361780224,0.9306886841124661,0.9327459510596982,0.9259804305742024,0.9174423005570409
88599,0.923712522558382,0.9305606981708563,0.9326219771120623,0.9258432110734323,0.9172881507714132
88600,0.923712522558382,0.9305606981708563,0.9326219771120623,0.9258432110734323,0.9172881507714132
88601,0.9237521625184165,0.9305965739883816,0.9326567282675144,0.9258816753032924,0.9173313610664359
88602,0.92370700620946,0.9305557056573522,0.9326171411111774,0.9258378583448387,0.917282137555623
88603,0.92370700620946,0.9305557056573522,0.9326171411111774,0.9258378583448387,0.917282137555623
88604,0.915715685283022,0.9234278050972096,0.9274445179447359,0.9173022810274466,0.9085195938911053
88605,0.9170331851022536,0.924515020136244,0.9286959576573501,0.9189458459010497,0.90978908133932
88609,0.9411177090916459,0.9468091447955301,0.9501800524078682,0.940975260071088,0.932018266134386
88610,0.9231190396938374,0.9306433348310347,0.9340487055926383,0.9251419578101642,0.9151566751051939
88611,0.9224733981786928,0.9306421340336519,0.9340031614769715,0.9247943031346838,0.915490013056859
88612,0.934626083769341,0.9450266662753027,0.9501800524078682,0.939827411022525,0.930992380441722
88613,0.9208792973269306,0.9302487665969806,0.9330709241294611,0.9237995670735719,0.9137599854594337
88614,0.9411177090916459,0.9468091447955301,0.9501800524078682,0.940975260071088,0.932018266134386
88615,0.9411177090916459,0.9468091447955301,0.9501800524078682,0.940975260071088,0.932018266134386
88616,0.9411177090916459,0.9468091447955301,0.9501800524078682,0.940975260071088,0.932018266134386
88617,0.9411177090916459,0.9468091447955301,0.9501800524078682,0.940975260071088,0.932018266134386
88618,0.9203954894057216,0.9285554442237587,0.9319128239563181,0.9227139117457372,0.9134195148835985
88619,0.9249788918139922,0.9343683155284405,0.9371965443153614,0.9279053474248733,0.9178446282851457
88620,0.9412621236215152,0.9469389892489587,0.9503013311547468,0.9411200410180333,0.9321862601111587
88621,0.9411395653687439,0.9468287958425293,0.9501984070212866,0.9409971718070594,0.9320436913091038
88622,0.9412621236215152,0.9469389892489587,0.9503013311547468,0.9411200410180333,0.9321862601111587
88623,0.9394042802469206,0.9466930347162017,0.9542254398356796,0.9413683878015517,0.9321484522922245
88624,0.9394042802469206,0.9466930347162017,0.9542254398356796,0.9413683878015517,0.9321484522922245
88625,0.9394042802469206,0.9466930347162017,0.9542254398356796,0.9413683878015517,0.9321484522922245
88626,0.9394042802469206,0.9466930347162017,0.9542254398356796,0.9413683878015517,0.9321484522922245
88627,0.9656675099162466,0.9731600384545364,0.9809030294631518,0.9676865286618178,0.9582088284297727
88628,0.9394042802469206,0.9466930347162017,0.9542254398356796,0.9413683878015517,0.9321484522922245
88629,0.9141779220070548,0.9215034087679433,0.9242949844630088,0.9169954966496757,0.9116260375373498
88630,0.9142057128329562,0.9215314222871763,0.9243230828455843,0.9170233731292824,0.9116537507864738
88631,0.9115567196913185,0.9207412632252205,0.9251923712271701,0.9148917795483867,0.9058267238816209
88632,0.9115567196913185,0.9207412632252205,0.9251923712271701,0.9148917795483867,0.9058267238816209
88633,0.9115567196913185,0.9207412632252205,0.9251923712271701,0.9148917795483867,0.9058267238816209
88634,0.8964317222783715,0.9051225479273063,0.9085647224969715,0.8987602368617938,0.8920766446377938
88635,0.8964317222783715,0.9051225479273063,0.9085647224969715,0.8987602368617938,0.8920766446377938
88636,0.8964317222783715,0.9051225479273063,0.9085647224969715,0.8987602368617938,0.8920766446377938
88637,0.8964317222783715,0.9051225479273063,0.9085647224969715,0.8987602368617938,0.8920766446377938
88638,0.8964317222783715,0.9051225479273063,0.9085647224969715,0.8987602368617938,0.8920766446377938
88639,0.8964440250115482,0.9048471419124204,0.9078729331779364,0.8987463478247902,0.8916631045075799
88640,0.8964134088475187,0.90481921042489,0.9078459591143807,0.8987164710143687,0.8916309437828667
88641,0.913461058403672,0.92267844202668,0.9268965519614744,0.914695887412816,0.9069136763772316
88642,0.913461058403672,0.92267844202668,0.9268965519614744,0.914695887412816,0.9069136763772316
88643,0.8964439901241836,0.9051337036391085,0.9085754422064889,0.8987722051340259,0.8920894759640071
88644,0.9237246492481899,0.9305716733144228,0.9326326081938218,0.9258549780772904,0.9173013697203279
88645,0.8966219791797144,0.9050121392030218,0.9080333105314128,0.8989207333662057,0.8918485145889598
88646,0.9094957125397825,0.9192446321208153,0.9231210335798312,0.9124520880975542,0.9034975511991955
88647,0.8966541318454434,0.905324797447431,0.908759068310139,0.8989772160031836,0.8923092684157958
88648,0.8966068250108694,0.9049956678123904,0.908016368492893,0.898905216803041,0.8918341166005812
88649,0.8964134088475187,0.90481921042489,0.9078459591143807,0.8987164710143687,0.8916309437828667
88650,0.8964134088475187,0.90481921042489,0.9078459591143807,0.8987164710143687,0.8916309437828667
88651,0.8964134088475187,0.90481921042489,0.9078459591143807,0.8987164710143687,0.8916309437828667
88652,0.8964470833916625,0.9048499321137085,0.907875627739574,0.8987493323491906,0.8916663171771102
88653,0.947725811837188,0.9522518735904979,0.9552324448591039,0.9470729442192368,0.940888712556401
88654,0.9388608613003655,0.9449862399341105,0.9467561231871443,0.9389688396902678,0.9305441162656661
88655,0.9324720163968704,0.9377727752621426,0.9414189712105854,0.9312419429335641,0.9237301569915118
88656,0.9426427089633916,0.9481078321299555,0.9496575605058225,0.9446240981283047,0.9354342663151145
88657,0.9426427089633916,0.9481078321299555,0.9496575605058225,0.9446240981283047,0.9354342663151145
88658,0.9426427089633916,0.9481078321299555,0.9496575605058225,0.9446240981283047,0.9354342663151145
88659,0.9192127952372607,0.9273625362409293,0.930715712560835,0.9215283159542813,0.9122455498251373
88660,0.9192712653937811,0.9274212531734652,0.9307745320092299,0.9215868558793446,0.9123038117283492
88661,0.9194759071328146,0.9276267587478646,0.9309803964373177,0.9217917418425009,0.9125077244762552
88662,0.9374427766704505,0.9433057384055517,0.9453595585706226,0.9407884637625504,0.9345181191114778
88663,0.9201197322405792,0.9294814733297961,0.9323013030736771,0.9230375932731265,0.9130062925658323
88664,0.9195778300006728,0.9277308074026972,0.9310853153249598,0.9218942702496684,0.9126078177789555
88665,0.9237389643571193,0.9305846290844364,0.9326451578164073,0.9258688685965967,0.9173169741789254
88666,0.9237389643571193,0.9305846290844364,0.9326451578164073,0.9258688685965967,0.9173169741789254
88667,0.9237389643571193,0.9305846290844364,0.9326451578164073,0.9258688685965967,0.9173169741789254
88668,0.923701487223232,0.9305507107600143,0.9326123028020603,0.9258325030581848,0.9172761214614689
88669,0.923701487223232,0.9305507107600143,0.9326123028020603,0.9258325030581848,0.9172761214614689
88670,0.9236840278690206,0.9322439769215933,0.9319015344239756,0.9270233521971855,0.9175059669375827
88671,0.9236840278690206,0.9322439769215933,0.9319015344239756,0.9270233521971855,0.9175059669375827
88672,0.9236631928242323,0.9322256106969696,0.931883070105037,0.927003484438848,0.9174833280861077
88673,0.898982444429013,0.9073519367016815,0.9129126389698874,0.901698007070816,0.8945950706664069
88674,0.9189708300204324,0.9271172042929384,0.9304689997963951,0.9212853926194534,0.9120064750547863
88675,0.9374897423210837,0.9433480960170362,0.9454003124478124,0.940832794398167,0.9345674001169912
88676,0.9374897423210837,0.9433480960170362,0.9454003124478124,0.940832794398167,0.9345674001169912
88677,0.923712522558382,0.9305606981708563,0.9326219771120623,0.9258432110734323,0.9172881507714132
88678,0.923712522558382,0.9305606981708563,0.9326219771120623,0.9258432110734323,0.9172881507714132
88679,0.923712522558382,0.9305606981708563,0.9326219771120623,0.9258432110734323,0.9172881507714132
88680,0.9374906261831006,0.9433488931609597,0.9454010794111539,0.9408336286722363,0.9345683275511883
88681,0.9238048039379502,0.9306442169109534,0.9327028777133152,0.9259327554477912,0.917388743570522
88682,0.9374897423210837,0.9433480960170362,0.9454003124478124,0.940832794398167,0.9345674001169912
88683,0.9412621236215152,0.9469389892489587,0.9503013311547468,0.9411200410180333,0.9321862601111587
88684,0.915715685283022,0.9234278050972096,0.9274445179447359,0.9173022810274466,0.9085195938911053
88685,0.915715685283022,0.9234278050972096,0.9274445179447359,0.9173022810274466,0.9085195938911053
88686,0.915638990594464,0.9233585784894832,0.9273791430989567,0.9172271305975276,0.9084358433710693
88690,0.9374897423210837,0.9433480960170362,0.9454003124478124,0.940832794398167,0.9345674001169912
88691,0.914176684596511,0.9215022839324687,0.9242939021667295,0.916994302701537,0.9116247605855217
88692,0.9157035424241616,0.9234168445984916,0.9274341672676307,0.9172903826576486,0.9085063339489179
88693,0.9374897423210837,0.9433480960170362,0.9454003124478124,0.940832794398167,0.9345674001169912
88694,0.9374897423210837,0.9433480960170362,0.9454003124478124,0.940832794398167,0.9345674001169912
88695,0.9374897423210837,0.9433480960170362,0.9454003124478124,0.940832794398167,0.9345674001169912
88697,0.9203911490229516,0.9285414460336351,0.9318948868120491,0.9227068151260991,0.9134235271174911
88698,0.9170657084769777,0.9245444255465743,0.9287236375222786,0.9189775684980633,0.9098246609181743
88700,0.9237521625184165,0.9305965739883816,0.9326567282675144,0.9258816753032924,0.9173313610664359
88703,0.915638990594464,0.9233585784894832,0.9273791430989567,0.9172271305975276,0.9084358433710693
88704,0.9169519991457602,0.9245389858253837,0.9287089868012134,0.9185424165107821,0.909738522748971
88705,0.9426590175854129,0.9481225203661214,0.949671791891311,0.9446398175962859,0.9354527346005354
88706,0.9427505794580181,0.9482049853623105,0.9497516920986521,0.9447280719603874,0.9355564206838697
88707,0.9427505794580181,0.9482049853623105,0.9497516920986521,0.9447280719603874,0.9355564206838697
88708,0.9411454405062345,0.9468340782052689,0.9502033408965389,0.941003061852094,0.9320505257764826
88709,0.9297712726410935,0.9400069076490191,0.9452440364077226,0.9305024327130353,0.9236871043298095
88710,0.9297712726410935,0.9400069076490191,0.9452440364077226,0.9305024327130353,0.9236871043298095
88711,0.940250935053698,0.9506019382200277,0.9558980958420846,0.9409903361962655,0.9340981907045864
88713,0.914176684596511,0.9215022839324687,0.9242939021667295,0.916994302701537,0.9116247605855217
88716,0.9141717337674797,0.9214977835131853,0.9242895719455109,0.9169895257644292,0.911619651552826
88717,0.914176684596511,0.9215022839324687,0.9242939021667295,0.916994302701537,0.9116247605855217
88721,0.9169367229097355,0.9242844393431593,0.9270844858970353,0.919762847831937,0.9143770942524109
88722,0.9144546820909975,0.9217825091125823,0.9245749762668471,0.9172731570224848,0.9085063339489179
88723,0.9001130658343272,0.908489850694769,0.9140554207954662,0.9028309901017461,0.895721885811942
88724,0.8979981161877574,0.9063662452742959,0.9119259871998978,0.9007132474577233,0.8936114169594839
88725,0.9114716633710436,0.9206656271592417,0.9251212488167395,0.9148101606233868,0.9057357166357763
88726,0.9116348551084825,0.9208107456437951,0.9252577075456134,0.9149667575605861,0.9059103254324135
88727,0.9189602563570816,0.9271077583509392,0.9304600134397685,0.9212751409221556,0.9119949250831897
88729,0.9414042140541409,0.9470944158780137,0.9496461558800463,0.9412617962521408,0.9323067986233802
88730,0.9411454405062345,0.9468340782052689,0.9502033408965389,0.941003061852094,0.9320505257764826
88731,0.9224379433571623,0.9318100618814599,0.9346330543382794,0.9253590184557287,0.9153167463921501
88734,0.8964439901241836,0.9051337036391085,0.9085754422064889,0.8987722051340259,0.8920894759640071
88735,0.9236247132011992,0.9321916908021673,0.9318489690380444,0.9269667913270693,0.9174415169402285
88736,0.8966068250108694,0.9049956678123904,0.908016368492893,0.898905216803041,0.8918341166005812
88737,0.8966480799556853,0.9050507022356691,0.9080715866104432,0.898959880854979,0.8918883506461276
88738,0.912117222357666,0.9212312730630894,0.9247010669746519,0.9143924390738937,0.9062874251107627
88739,0.9121069692650575,0.9212221534685617,0.9246923744064645,0.9143824705643051,0.9062764378577838
88740,0.9121069692650575,0.9212221534685617,0.9246923744064645,0.9143824705643051,0.9062764378577838
88742,0.9209510662071766,0.9284576903055783,0.9318550634491003,0.9229692334380234,0.913007401476923
88743,0.9186540239412142,0.9261419249679335,0.9295308243607968,0.92066715744595,0.9107301723522899
88744,0.918430567719798,0.9259166473665132,0.9293047224330977,0.9204432115437677,0.910508643552829
88745,0.918430567719798,0.9259166473665132,0.9293047224330977,0.9204432115437677,0.910508643552829
88746,0.9199691457644411,0.927467766280537,0.9308615171359009,0.9219851612200922,0.9120339505903617
88747,0.896462366474097,0.90486387508896,0.907889092796528,0.89876424637007,0.8916823712525576
88748,0.896462366474097,0.90486387508896,0.907889092796528,0.89876424637007,0.8916823712525576
88749,0.896462366474097,0.90486387508896,0.907889092796528,0.89876424637007,0.8916823712525576
88750,0.914034839327648,0.9213733442165588,0.9241698390687924,0.9168574399677425,0.9114783822713578
88751,0.9238321257477236,0.9306689445228443,0.9327268302126352,0.9259592669653309,0.9174185259594941
88752,0.923712522558382,0.9305606981708563,0.9326219771120623,0.9258432110734323,0.9172881507714132
88753,0.9189813945799493,0.9271266421144907,0.9304779784324317,0.9212956354940016,0.9120180150685945
88754,0.9155679722955979,0.9232944760802924,0.9273186076028664,0.9171575423849213,0.908358290832982
88755,0.9154693665641133,0.923205473617495,0.927234558007578,0.9170609224596857,0.908250611598328
88756,0.907935235836798,0.9235136107140907,0.9381117177727533,0.9163163643945028,0.9073543618047278
88757,0.8938396589640535,0.9129771836333271,0.9252758173402155,0.9011017342867428,0.8918716433335638
88758,0.9293655562100595,0.9379385430647412,0.9425443436228521,0.9308229105270056,0.91983764184214
88759,0.9183929933556204,0.9258827351347958,0.9292724526906367,0.9204066262439677,0.9104671436613463
88760,0.9183929933556204,0.9258827351347958,0.9292724526906367,0.9204066262439677,0.9104671436613463
88761,0.9183929933556204,0.9258827351347958,0.9292724526906367,0.9204066262439677,0.9104671436613463
88762,0.9374897423210837,0.9433480960170362,0.9454003124478124,0.940832794398167,0.9345674001169912
88763,0.914176684596511,0.9215022839324687,0.9242939021667295,0.916994302701537,0.9116247605855217
88764,0.9411395653687439,0.9468287958425293,0.9501984070212866,0.9409971718070594,0.9320436913091038
88765,0.9412621236215152,0.9469389892489587,0.9503013311547468,0.9411200410180333,0.9321862601111587
88766,0.9412621236215152,0.9469389892489587,0.9503013311547468,0.9411200410180333,0.9321862601111587
88767,0.9202866924981322,0.929627718351355,0.9324413711569096,0.9231980624862782,0.9131892100213336
88768,0.9065522466222001,0.9161047114855592,0.9201021077473854,0.9096790003996018,0.9016479296505798
88769,0.907049475071427,0.9166040473241529,0.9206023389290904,0.9101769136116791,0.9021440940356151
88770,0.9114716633710436,0.9206656271592417,0.9251212488167395,0.9148101606233868,0.9057357166357763
88771,0.9114716633710436,0.9206656271592417,0.9251212488167395,0.9148101606233868,0.9057357166357763
88772,0.9088464486067153,0.9188491234841565,0.9232430471248078,0.9127553790447512,0.9022557654555822
88773,0.9236247132011992,0.9321916908021673,0.9318489690380444,0.9269667913270693,0.9174415169402285
88774,0.896594710925467,0.9049846157854815,0.9080056952333813,0.8988933952017676,0.891821391506311
88775,0.9065522466222001,0.9161047114855592,0.9201021077473854,0.9096790003996018,0.9016479296505798
88776,0.8979981161877574,0.9063662452742959,0.9119259871998978,0.9007132474577233,0.8936114169594839
88777,0.9170789346551563,0.9245563837827881,0.9287348940504252,0.9189904690350731,0.9098391299161864
88778,0.9190399211182495,0.9271789268691034,0.9305277194233073,0.9213523800018645,0.9120819452782006
88779,0.9177609732735448,0.9252458613002802,0.9294285192035298,0.9196744113867141,0.910513945340778
88780,0.9177609732735448,0.9252458613002802,0.9294285192035298,0.9196744113867141,0.910513945340778
88781,0.9177609732735448,0.9252458613002802,0.9294285192035298,0.9196744113867141,0.910513945340778
88782,0.9177609732735448,0.9252458613002802,0.9294285192035298,0.9196744113867141,0.910513945340778
88783,0.917060895502639,0.9245400739776743,0.9287195413052657,0.9189728740249911,0.9098193956793785
88784,0.917060895502639,0.9245400739776743,0.9287195413052657,0.9189728740249911,0.9098193956793785
88785,0.917060895502639,0.9245400739776743,0.9287195413052657,0.9189728740249911,0.9098193956793785
88786,0.917060895502639,0.9245400739776743,0.9287195413052657,0.9189728740249911,0.9098193956793785
88787,0.9426590175854129,0.9481225203661214,0.949671791891311,0.9446398175962859,0.9354527346005354
88788,0.9426590175854129,0.9481225203661214,0.949671791891311,0.9446398175962859,0.9354527346005354
88789,0.918962606847157,0.9271098581512459,0.9304620110754208,0.9212774198399164,0.9119974926044864
88790,0.918962606847157,0.9271098581512459,0.9304620110754208,0.9212774198399164,0.9119974926044864
88791,0.918962606847157,0.9271098581512459,0.9304620110754208,0.9212774198399164,0.9119974926044864
88792,0.9156731343021729,0.9233893974072259,0.9274082472188585,0.9172605867997767,0.9084731283515269
88793,0.911638686050359,0.920814152351636,0.9242939021667295,0.9149704337036738,0.905914424362052
88794,0.9170891914566142,0.9245714834318701,0.9287526762971363,0.9190019690681496,0.9098446452714771
88795,0.9114587290469497,0.9206541254260798,0.9251104334935125,0.9147977490455907,0.9057218773106749
88796,0.9189767003436472,0.9271224485292612,0.9304739888803089,0.9212910841941093,0.9120128874024349
88797,0.9189508498968497,0.9270993551358739,0.9304520190809702,0.9212660208901222,0.9119846500759563
88798,0.9130595477273101,0.9227899763703261,0.9266784357043446,0.9162266650198594,0.9058263035010102
88799,0.9189508498968497,0.9270993551358739,0.9304520190809702,0.9212660208901222,0.9119846500759563
88801,0.9121069692650575,0.9212221534685617,0.9246923744064645,0.9143824705643051,0.9062764378577838
88802,0.9150705299923536,0.9239209167078142,0.9265721785501766,0.9183298576607895,0.9081895370546296
88803,0.9006494629631661,0.9090773102551543,0.9121120522061875,0.9029585427890274,0.8958545567262366
88804,0.9109458424076089,0.9205194435837774,0.9245257927317083,0.9140794742178,0.9060308173269044
88805,0.8980778438636791,0.9064389143395835,0.9119940211543446,0.9007906739721426,0.8936948848933868
88806,0.9028137128218736,0.9112188740571645,0.916803274833583,0.9055408486032668,0.8984076410229171
88807,0.9170620989190426,0.9245411620259296,0.9287205655062796,0.9189740478117614,0.9098207121784019
88808,0.9170657084769777,0.9245444255465743,0.9287236375222786,0.9189775684980633,0.9098246609181743
88809,0.9095624338274798,0.9199828365219433,0.923919346979725,0.9136738220248665,0.9026048156929587
88810,0.9141717337674797,0.9214977835131853,0.9242895719455109,0.9169895257644292,0.911619651552826
88811,0.911588797701172,0.9207697887140945,0.9252191945272539,0.9149225612711157,0.9058610460451817
88812,0.9145680863860493,0.9237790830580034,0.9282430305860532,0.9175131184953377,0.9087072111958915
88813,0.9145680863860493,0.9237790830580034,0.9282430305860532,0.9175131184953377,0.9087072111958915
88814,0.9114587290469497,0.9206541254260798,0.9251104334935125,0.9147977490455907,0.9057218773106749
88815,0.9143489606940423,0.9240701612971212,0.9279550278155149,0.9175130368490437,0.9071227996478706
88816,0.9190340810647167,0.9271737096330108,0.9305227560102085,0.9213467177623815,0.9120755660393116
88818,0.9190457583761287,0.9271841416114801,0.9305326804654648,0.9213580395319962,0.9120883214592485
88819,0.920306941001009,0.9284564923283053,0.9318096262951914,0.9226223952402525,0.9133399565741454
88820,0.9189813945799493,0.9271266421144907,0.9304779784324317,0.9212956354940016,0.9120180150685945
88821,0.9156731343021729,0.9233893974072259,0.9274082472188585,0.9172605867997767,0.9084731283515269
88823,0.9094478558904654,0.9192022797056595,0.9230808450138656,0.9124059101097436,0.9034462630225548
88824,0.9096396980721899,0.9336424349122747,0.9377505917923064,0.9269060091343981,0.9113030695584307
88825,0.9094478558904654,0.9192022797056595,0.9230808450138656,0.9124059101097436,0.9034462630225548
88826,0.9101162604867633,0.9198778533789639,0.9237592692638822,0.9130764887471626,0.9041102567092748
88827,0.9134174642924192,0.9232144647572609,0.9271099594422698,0.9163884299906857,0.9073896753393572
88828,0.9111667352980625,0.9209335666364175,0.9248170902346243,0.9141285426250783,0.9051575534941904
88829,0.9451476437258205,0.9555679314217449,0.9626564317544235,0.9444434096025097,0.9387624970975618
88830,0.911638686050359,0.920814152351636,0.9242939021667295,0.9149704337036738,0.905914424362052
88831,0.911638686050359,0.920814152351636,0.9252609109792072,0.9149704337036738,0.905914424362052
88832,0.9116348551084825,0.9208107456437951,0.9252577075456134,0.9149667575605861,0.9059103254324135
88833,0.9183068445919301,0.925804983287686,0.929198466871908,0.9203227453220945,0.9103719938990139
88834,0.9188956532840398,0.9263985997074792,0.9297942591576904,0.9209128465885537,0.9109557148482998
88835,0.9251899746387984,0.9327304016932086,0.9361430763058002,0.9272172289984585,0.9172105483788221
88836,0.9522016215039956,0.959609535014051,0.9666898872000538,0.9518818540603315,0.944231093537619
88837,0.9522016215039956,0.959609535014051,0.9666898872000538,0.9518818540603315,0.944231093537619
88838,0.9522016215039956,0.959609535014051,0.9666898872000538,0.9518818540603315,0.944231093537619
88839,0.943434438934594,0.952137205019689,0.9568127289148352,0.9449138549116007,0.9337622894925899
88840,0.9522016215039956,0.959609535014051,0.9666898872000538,0.9518818540603315,0.944231093537619
88841,0.9478472541968814,0.9583949627848615,0.9666898872000538,0.9518818540603315,0.9441621486969799
88842,0.9170596919710063,0.9245389858253837,0.9287185170063975,0.9189717001258696,0.9098180790541209
88843,0.9170596919710063,0.9245389858253837,0.9287185170063975,0.9189717001258696,0.9098180790541209
88844,0.9189813945799493,0.9271266421144907,0.9304779784324317,0.9212956354940016,0.9120180150685945
88845,0.9065522466222001,0.9161047114855592,0.9201021077473854,0.9096790003996018,0.9016479296505798
88846,0.9149722645822388,0.9249861457920954,0.9307355608120158,0.9175131184953377,0.9087072111958915
88847,0.9149462063225051,0.9249633488578406,0.9307146119626721,0.9174878929031453,0.9086790846195802
88848,0.9149462063225051,0.9249633488578406,0.9307146119626721,0.9174878929031453,0.9086790846195802
88849,0.9149462063225051,0.9249633488578406,0.9307146119626721,0.9174878929031453,0.9086790846195802
88850,0.9145436311771636,0.9247255093537453,0.9305888354494704,0.9158063367761095,0.9087651291762341
88851,0.9111445613655601,0.9203747605968355,0.9248477434945575,0.9144962809633337,0.9053857230172658
88852,0.9116348551084825,0.9208107456437951,0.9252577075456134,0.9149667575605861,0.9059103254324135
88853,0.9116348551084825,0.9208107456437951,0.9252577075456134,0.9149667575605861,0.9059103254324135
88854,0.9543739198979068,0.9635951057528124,0.9749545490889197,0.9551665028643319,0.9470639218785043
88855,0.9708313594879837,0.982583326756803,0.9982660923960669,0.9805684902661728,0.9697264667354369
88856,0.9170657084769777,0.9245444255465743,0.9287236375222786,0.9189775684980633,0.9098246609181743
88857,0.9170657084769777,0.9245444255465743,0.9287236375222786,0.9189775684980633,0.9098246609181743
88858,0.9170657084769777,0.9245444255465743,0.9287236375222786,0.9189775684980633,0.9098246609181743
88863,0.9170657084769777,0.9245444255465743,0.9287236375222786,0.9189775684980633,0.9098246609181743
88864,0.9170657084769777,0.9245444255465743,0.9287236375222786,0.9189775684980633,0.9098246609181743
88865,0.9170657084769777,0.9245444255465743,0.9287236375222786,0.9189775684980633,0.9098246609181743
88866,0.895005290209645,0.9137626658459287,0.9164945400650245,0.9124913565684395,0.889589611932532
88870,0.9149462063225051,0.9249633488578406,0.9307146119626721,0.9174878929031453,0.9086790846195802
88871,0.9149424794357033,0.9249600884172705,0.9307116158407343,0.9174842851075911,0.9086750619137187
88872,0.9154693665641133,0.923205473617495,0.927234558007578,0.9170609224596857,0.908250611598328
88873,0.9087632079090128,0.918764966647499,0.9231584878513359,0.9126717803304693,0.9021731283945719
88874,0.9150173374748339,0.9247686301825035,0.9286654271828185,0.9181912457261766,0.9077685836671241
88876,0.8983000060962621,0.9223515834920433,0.9252243720207843,0.9153031765068633,0.8934228435055389
88877,0.9291101599207546,0.9376807908574488,0.942285325708687,0.9305671137463308,0.9195848638917203
88878,0.9291101599207546,0.9376807908574488,0.942285325708687,0.9305671137463308,0.9195848638917203
88879,0.9460472154953863,0.9547740832904706,0.95946255572633,0.9475307286128289,0.9363482797030946
88880,0.9202178864613656,0.9295674488489517,0.9323836471317938,0.9231319313277494,0.9131138282779292
88881,0.9047898972404489,0.9229310820047676,0.9366336222489363,0.916827720494926,0.9045432774594596
88882,0.9095531612959193,0.9199747040560136,0.923911640064825,0.9136650016818189,0.902594770788152
88883,0.909812556753863,0.9202358249818171,0.9241734179507919,0.9139250755525246,0.9028530253259341
88884,0.915619438734812,0.9233409305730446,0.9273624771577613,0.9172079724393774,0.9084144926477422
88885,0.915619438734812,0.9233409305730446,0.9273624771577613,0.9172079724393774,0.9084144926477422
88886,0.9088271452352535,0.9188214174129917,0.9232116892410517,0.9127327770826967,0.9022420675862963
88887,0.915619438734812,0.9233409305730446,0.9273624771577613,0.9172079724393774,0.9084144926477422
88888,0.9088271452352535,0.9188214174129917,0.9232116892410517,0.9127327770826967,0.9022420675862963
88889,0.9095531612959193,0.9199747040560136,0.923911640064825,0.9136650016818189,0.902594770788152
88890,0.913325421587244,0.9228293211744071,0.9278724046584271,0.9153968220006566,0.9062932784385423
88891,0.9111445613655601,0.9203747605968355,0.9248477434945575,0.9144962809633337,0.9053857230172658
88892,0.913325421587244,0.9228293211744071,0.9278724046584271,0.9153968220006566,0.9062932784385423
88893,0.913325421587244,0.9228293211744071,0.9278724046584271,0.9153968220006566,0.9062932784385423
88894,0.9135164899997473,0.922998092444703,0.9280294861196186,0.9155830006500596,0.9065010735050927
88895,0.9169888664722872,0.9264706101484267,0.9315022879859144,0.9190553635817937,0.9099736825954657
88896,0.9205708886950319,0.9300896707887576,0.9351410038069029,0.9226454581365374,0.9135283014925407
88897,0.9190815028854842,0.9288530190617011,0.9327579931052267,0.9222619558556232,0.9118179402415602
88898,0.9145436311771636,0.9247255093537453,0.9305888354494704,0.9158063367761095,0.9087651291762341
88899,0.9137070513986949,0.9306718496957437,0.9446686064589388,0.9255505530208593,0.9132826668301031
88900,0.9407929597771418,0.9605069008958578,0.9743735485636301,0.9525683504503474,0.9379850402940181
88901,0.9489279135481109,0.9665466575724015,0.9810829503277297,0.9612279491735557,0.9484871701363145
88902,0.9074219346083766,0.9230729933460584,0.9380481958046202,0.9145521721317057,0.9068159580523719
88903,0.950213144898707,0.9588100281406347,0.9710840879629583,0.952750173845936,0.9438946738438682
88904,0.950213144898707,0.9588100281406347,0.9710840879629583,0.952750173845936,0.9438946738438682
88906,0.9602785285597524,0.9735293879884083,0.9844952390210461,0.9657018643766426,0.9579000589590023
88909,0.9347105008894914,0.9435542612657075,0.9506228174908656,0.9361314183055327,0.9265584843641187
88910,0.9246875351826647,0.9334364633013145,0.9404292229064773,0.926093216002434,0.9166229332974373
88911,0.9275160775342882,0.936590712453124,0.9437624364951583,0.9285188292530661,0.91985858453395
88912,0.9275160775342882,0.936590712453124,0.9437624364951583,0.9285188292530661,0.91985858453395
88913,0.9253477580306254,0.9344244580351503,0.9411613898283124,0.9269721108473429,0.9176427337075032
88914,0.9252559078721532,0.934344383842935,0.9410899425657744,0.9268823811271564,0.9175407470160543
88915,0.9350636467745005,0.9442484608487014,0.9510655226855887,0.9367073606922016,0.9272667049942027
88916,0.9252559078721532,0.934344383842935,0.9410899425657744,0.9268823811271564,0.9175407470160543
88917,0.9529945252130615,0.9629199818644018,0.9740901215815696,0.9559013038191441,0.9470262035468139
88918,0.9529945252130615,0.9629199818644018,0.9740901215815696,0.9559013038191441,0.9470262035468139
88919,0.9529945252130615,0.9629199818644018,0.9740901215815696,0.9559013038191441,0.9470262035468139
88920,0.9317210266916451,0.9408602418394578,0.9476435737842345,0.9333565671260031,0.9239629345465882
88921,0.9276925506888237,0.936743932739966,0.9438975240253518,0.9286927158065924,0.9200549524721944
88922,0.9280883501625726,0.9371435939804715,0.9443002373413149,0.9290889420001927,0.9204474933692169
88923,0.9582024057698536,0.9681808821535518,0.982294417069964,0.9633377088539298,0.9536662902087247
88924,0.9569988897599986,0.9708041873721222,0.9851602145992386,0.967208158247492,0.9563008147028373
88925,0.9215548617783609,0.9452973182138869,0.9492856457621747,0.9394583026600432,0.9166559337986997
88926,0.9566238863083094,0.9681163428748903,0.9799463156357016,0.9613117088670652,0.9519773966725155
88927,0.875689387206652,0.8989117616576296,0.9099853397525395,0.893123708551528,0.8742296394482472
88928,0.8736737216259431,0.898725778732025,0.9062515419866006,0.8908070116739434,0.8734058222830327
88929,0.9569988897599986,0.9708041873721222,0.9851602145992386,0.967208158247492,0.9563008147028373
88930,0.9430769797036423,0.9681171594723783,0.971650643492676,0.9613345632439494,0.9420302957320943
88931,0.9820135247383882,1.0024921537363252,1.011591889761975,0.9970425136918696,0.9807389545519115
88932,0.8664786201758689,0.8914063981627517,0.8988942363654958,0.8835272460425945,0.8662120330301434
88933,0.8664786201758689,0.8914063981627517,0.8988942363654958,0.8835272460425945,0.8662120330301434
88934,0.8664786201758689,0.8914063981627517,0.8988942363654958,0.8835272460425945,0.8662120330301434
88935,0.8602824682906856,0.8864087905876987,0.8906415498073029,0.8762601280893786,0.855336236206799
88936,0.9090845268358014,0.931901797828794,0.9337135499087561,0.9257347146376377,0.9041966085676435
88937,0.9514530821933804,0.9743551159660586,0.9785987008139896,0.967716695347771,0.9466880867860856
88938,0.9119944203630513,0.9360592914521129,0.9426694747665261,0.9305722485112728,0.9136620977056933
88939,0.9384753049017344,0.9587748412391007,0.9666969099441074,0.9522355704068812,0.9382055326088903
88940,0.9055712261313632,0.9289018885557353,0.9328210417368566,0.923164146079622,0.9007572661586384
88941,0.8993433619229878,0.9250078258271784,0.9298242494394362,0.9169727209948165,0.8966878618531294
88942,0.8942241444189757,0.9214229061886532,0.9274865446108748,0.9117378401333487,0.8914075447000859
88943,0.8899413340569083,0.9122781267176742,0.9140517275385284,0.9062409078668809,0.8851563439092195
88944,0.8608243737214285,0.8837314448333369,0.8860624854915634,0.8771235931140032,0.8557249571956129
88945,0.8564134519463728,0.8785665900707651,0.8834727282411647,0.8742246102835921,0.8529292009554048
88946,0.8829156370921826,0.9053313050620367,0.908937759190177,0.8994238150369979,0.8782520033922492
88947,0.8907653019448174,0.9133501885299146,0.9169839609043049,0.907398005083267,0.8860665898218718
88948,0.8545644772257996,0.8766697872920498,0.8815653332357253,0.8723371817280929,0.8510877486435325
88949,0.8760594842911514,0.8982715125900939,0.9018452943094644,0.8924175948978671,0.8714383441207012
88950,0.8401029088047425,0.8616637817115729,0.8668297402493228,0.8572398925534244,0.8353825194656858
88951,0.842146112440869,0.8637594232734103,0.8689379458734408,0.8593247748305134,0.8374142427027321
88952,0.8398777914153137,0.8614726913348404,0.8666466136620791,0.857041925158865,0.8351497776626173
88954,0.853169963868708,0.8740753567111212,0.8766970780808275,0.8696181076945559,0.8469166373659912
88955,0.8407841270834692,0.8624023306648467,0.867581836316704,0.8579667831248877,0.8360510111985966
88956,0.8969831308690713,0.9200925341084659,0.9239745195219996,0.9144092062135071,0.8922148246733678
88957,0.8969831308690713,0.9200925341084659,0.9239745195219996,0.9144092062135071,0.8922148246733678
88958,0.8969831308690713,0.9200925341084659,0.9239745195219996,0.9144092062135071,0.8922148246733678
88959,0.8969831308690713,0.9200925341084659,0.9239745195219996,0.9144092062135071,0.8922148246733678
88960,0.8969831308690713,0.9200925341084659,0.9239745195219996,0.9144092062135071,0.8922148246733678
88961,0.8782300582362378,0.9022140024391905,0.9077438745072,0.8968575127135835,0.8774250089013941
88962,0.8826858992584363,0.9051815574105314,0.9094522160694307,0.899921555004338,0.8796601755380641
88963,0.9012523378676388,0.9234493309270989,0.927692496435182,0.9178784275415387,0.8967499301243146
88964,0.8826858992584363,0.9051815574105314,0.9094522160694307,0.899921555004338,0.8796601755380641
88965,0.8826858992584363,0.9051815574105314,0.9094522160694307,0.899921555004338,0.8796601755380641
88966,0.8826858992584363,0.9051815574105314,0.9094522160694307,0.899921555004338,0.8796601755380641
88967,0.8550983102565082,0.8743668586380413,0.8787225885811712,0.8712861010079097,0.846632555190185
88968,0.9675277328570054,0.9857521186157752,0.9919374789512343,0.9833520508292648,0.9630894753911087
88969,0.9800507343645509,0.9978986814660933,1.0048989624281648,0.9961748450139155,0.9765432946509249
88970,0.8912739095266357,0.9107285012783474,0.9137853185186672,0.9088395536433446,0.8866428519705214
88971,0.9081447526555645,0.9285678191221548,0.9314722737757428,0.9245434927106965,0.9023147850818743
88972,0.9081447526555645,0.9285678191221548,0.9314722737757428,0.9245434927106965,0.9023147850818743
88973,0.9075436173052155,0.9281083079648943,0.9310325147680936,0.9240564555493646,0.9016723230249207
88974,0.9012523378676388,0.9234493309270989,0.927692496435182,0.9178784275415387,0.8967499301243146
88975,0.9623211106464927,0.9810800717400502,0.9865918575567558,0.9803537809791676,0.9583319029421059
88976,0.9623211106464927,0.9810800717400502,0.9865918575567558,0.9803537809791676,0.9583319029421059
88977,0.9800507343645509,0.9978986814660933,1.0048989624281648,0.9961748450139155,0.9765432946509249
88978,0.9188673622289306,0.9368192554312939,0.9410669404193667,0.936235047648165,0.9114173833280186
88979,0.8323629073334682,0.8552925197235515,0.8587246625131177,0.848077064503407,0.8262620698674265
88980,0.8414860226857859,0.8646669551394803,0.8681367159371282,0.8573724149076026,0.8353183169781898
88981,0.9800507343645509,0.9978986814660933,1.0048989624281648,0.9961748450139155,0.9765432946509249
88982,0.8564285140265255,0.875288083041815,0.8779134418902724,0.870824649863663,0.8480916826274215
88983,0.8972295434642968,0.9215508313878592,0.9244551106067732,0.9144245157553758,0.8922963338240653
88984,0.8908680123505909,0.9118593631219933,0.9137089610700556,0.9059136615487937,0.8812712960081768
88985,0.8884816992575267,0.9104601806201543,0.9133943611080804,0.9037295136138697,0.8809818274797026
88986,0.9075436173052155,0.9281083079648943,0.9310325147680936,0.9240564555493646,0.9016723230249207
88987,0.9075436173052155,0.9281083079648943,0.9310325147680936,0.9240564555493646,0.9016723230249207
88988,0.8919822108693739,0.9129998152851013,0.914851726504339,0.9070466774903805,0.8823734920226768
88989,0.8991522431697897,0.9172460853708547,0.9201084740017962,0.916839891657344,0.8941073328287988
88990,0.8991522431697897,0.9172460853708547,0.9201084740017962,0.916839891657344,0.8941073328287988
88991,0.8991522431697897,0.9172460853708547,0.9201084740017962,0.916839891657344,0.8941073328287988
88992,0.8991522431697897,0.9172460853708547,0.9201084740017962,0.916839891657344,0.8941073328287988
88993,0.8418443706329868,0.8654730914546703,0.869260953603726,0.8590671620632361,0.835764442074634
88994,0.8326021933935873,0.8558499281449676,0.8596177548226943,0.8475503781239114,0.8256128680527132
88995,0.8368289419678396,0.8601946950603854,0.8639816493072735,0.8518530119396367,0.8298041349513778
88996,0.8326021933935873,0.8558499281449676,0.8596177548226943,0.8475503781239114,0.8256128680527132
88997,0.8427528803198862,0.8617432402040601,0.8660360845605962,0.8587069608251637,0.8344093490783305
88998,0.8427528803198862,0.8617432402040601,0.8660360845605962,0.8587069608251637,0.8344093490783305
88999,0.8422890722325973,0.8609667373508147,0.865802574706489,0.8568536628864063,0.8344093490783305
89000,0.8763845354031791,0.8943334122523872,0.8983137243898849,0.8934250064881823,0.8705426533765066
89001,0.8772717795204096,0.8952388276571656,0.8992231694282157,0.8943295022308286,0.8714239832229435
89002,0.8233967376305514,0.8459251954245521,0.8493891746051264,0.8376308800432818,0.8150776550768694
89003,0.8240774958548767,0.8466245794609845,0.8500914225493305,0.8383234066036604,0.8157515353484308
89004,0.8233967376305514,0.8459251954245521,0.8493891746051264,0.8376308800432818,0.8150776550768694
89005,0.8484619326865105,0.8749326272060728,0.8780665852728883,0.8646647635517846,0.842782889256019
89006,0.8484619326865105,0.8749326272060728,0.8780665852728883,0.8646647635517846,0.842782889256019
89007,0.8272555790651557,0.8491203166365046,0.8555703564530925,0.84301966484334,0.8216665151306848
89008,0.8484383235464632,0.8676110964725613,0.8714884315876816,0.8625247008644109,0.8406363745467406
89009,0.8249619532284821,0.8489971986857301,0.852137073463064,0.8395652444848039,0.8160459938718138
89010,0.8766033361689808,0.8982879809990402,0.9011829335982747,0.8916472981833083,0.8692037322978214
89011,0.8767386694511449,0.8984266620372945,0.9013220615700746,0.8917849540082602,0.8693379232016288
89012,0.9034857448661591,0.921137127719013,0.9253137074879326,0.9205626994328495,0.8961604768098423
89013,0.8260771568629591,0.8484471349615211,0.853138303253659,0.8414112259172034,0.8186946929170029
89014,0.8680094798724434,0.8932725817048218,0.8964432528475211,0.8837911150003549,0.8610083925528385
89015,0.8091102818849619,0.8270559642472444,0.8319044028266952,0.8226822003758479,0.80057079075385
89016,0.8091102818849619,0.8270559642472444,0.8319044028266952,0.8226822003758479,0.80057079075385
89017,0.8096045195798146,0.8275611638997954,0.8324125641040838,0.8231847283543119,0.8010598121778105
89018,0.8416415252140902,0.8603048310502527,0.8651369506418423,0.8561949186939543,0.8340590724465707
89019,0.8467910271908233,0.8653177425684628,0.8717727747133296,0.8607609954614769,0.8392328891411861
89021,0.8416415252140902,0.8603048310502527,0.8651369506418423,0.8561949186939543,0.8340590724465707
89022,0.8437433004698732,0.8624532129351318,0.8672973994567461,0.858333037168777,0.8361419125486957
89023,0.820631592765447,0.8428541062493738,0.8475143499996396,0.835864578458147,0.813297794589124
89024,0.8106906379566772,0.8285752190928004,0.8340604545910278,0.8238828058766144,0.8022491015368163
89025,0.820631592765447,0.8428541062493738,0.8475143499996396,0.835864578458147,0.813297794589124
89026,0.8216009900753611,0.8438468941863406,0.8485120551006078,0.836849999194084,0.8142594939740452
89027,0.8569042337068853,0.8794271499815318,0.8830729279915396,0.8717604061244267,0.8493949493490367
89028,0.8569042337068853,0.8794271499815318,0.8830729279915396,0.8717604061244267,0.8493949493490367
89029,0.843368439314659,0.8626956513415928,0.8684191290357072,0.8567052439878682,0.8364857102757417
89030,0.8373205944364508,0.858576846313079,0.8649834190091311,0.8525948975129015,0.8312992789332742
89031,0.833163266185696,0.8539838000309848,0.8591995204079672,0.8466444194076519,0.8272723500321608
89032,0.8336785745715896,0.8528443641079524,0.8585197074817891,0.8469041757331883,0.8268529013915359
89033,0.8501374697298402,0.8713200189148342,0.8773494254089603,0.8631760005189953,0.8435715544036929
89034,0.9190794479235382,0.9378937903861352,0.9434734187822243,0.9359537022134324,0.9107965213092497
89035,0.8923857105808563,0.9113650058806568,0.9154153013802602,0.9116739117914298,0.8860001882607927
89036,0.9003891132956926,0.9214950994266119,0.9279593170117277,0.9181284083367857,0.8951145686614648
89037,0.8861816327319662,0.9119736284979352,0.9152106790086121,0.9022936631983707,0.8790339746295474
89038,0.8955139254987462,0.9145597517996419,0.9186242454140888,0.9148697405651343,0.8891060190392425
89039,0.9219392665388231,0.9421191859048735,0.9486951793863867,0.9387635870580257,0.9125450923881476
89040,0.8308888100075413,0.8509491320922702,0.856419266037867,0.8466464785900776,0.8250030120392841
89041,0.8290681933958188,0.8501392630499353,0.855604190935648,0.8455875285997071,0.8224051354273745
89042,0.8467910271908233,0.8653177425684628,0.8717767031958954,0.8607609954614769,0.8392328891411861
89043,0.8462005675763615,0.8672626779171964,0.8736738634070131,0.8618243729235753,0.8399093391348249
89044,0.8273260729856607,0.8457915875780623,0.8528115554670995,0.8412606974105665,0.8222361128869162
89045,0.834004831967234,0.853128164885508,0.8587912083172168,0.8472009820799643,0.8271946319178577
89046,0.8244465370078656,0.8428438585310173,0.8498379298146224,0.8383296908969669,0.8193753934945822
89047,0.8106906379566772,0.8285752190928004,0.8340604545910278,0.8238828058766144,0.8022491015368163
89048,0.8337415246293172,0.8528991210372652,0.8585720908933466,0.8469614423844017,0.8269188375115472
89049,0.8337415246293172,0.8528991210372652,0.8585720908933466,0.8469614423844017,0.8269188375115472
89050,0.8231667428185414,0.8415883470887485,0.8485912704832156,0.8370683565090711,0.8180886441823657
89051,0.8231667428185414,0.8415883470887485,0.8485912704832156,0.8370683565090711,0.8180886441823657
89052,0.8231667428185414,0.8415883470887485,0.8485912704832156,0.8370683565090711,0.8180886441823657
89053,0.8272904941326724,0.8480341470041979,0.8540879579498243,0.8437744083540003,0.8206417231834807
89054,0.8263884412298612,0.8448330283386087,0.8518450403018841,0.8403072731555427,0.8213042497251212
89055,0.8904931538229698,0.9113671691533771,0.9177603400828853,0.9080374805529081,0.8852765804360245
89056,0.8904931538229698,0.9113671691533771,0.9177603400828853,0.9080374805529081,0.8852765804360245
89057,0.8904931538229698,0.9113671691533771,0.9177603400828853,0.9080374805529081,0.8852765804360245
89058,0.8235133815254102,0.8418937987032682,0.8488814154160332,0.8373837889199559,0.8184468782570923
89059,0.8530670885324297,0.8743167497669672,0.8827761823161565,0.8677098580609874,0.8487773369758018
89060,0.9148598530949892,0.9348848143226453,0.9414103118785057,0.9315549825435976,0.905537815195789
89061,0.9074018223487091,0.9294439109362173,0.9348506973012293,0.9242996188421633,0.9015737456170996
89062,0.8517629954072568,0.8736767626914763,0.8820285578921349,0.8652676971044899,0.8465873797633511
89063,0.8375947537911664,0.8591440070600136,0.867356878342905,0.850874818027473,0.8325052294348024
89064,0.8623999356896581,0.8846700348433841,0.8941275471802212,0.8766025584029666,0.8593516432358215
89065,0.8785979670749601,0.9025354514597175,0.9091488532225,0.8949513836780445,0.8743335714325682
89066,0.8948825357509931,0.9223116499241926,0.9266208958224624,0.9107046633228315,0.8908693406843505
89067,0.8948825357509931,0.9223116499241926,0.9266208958224624,0.9107046633228315,0.8908693406843505
89068,0.8838730568499026,0.9087279621667385,0.9151047135691993,0.9009488412310213,0.8787472475657168
89069,0.8769664442413785,0.8965221036751995,0.904959511061783,0.8928598464779436,0.8681332478804205
89070,0.8769664442413785,0.8965221036751995,0.904959511061783,0.8928598464779436,0.8681332478804205
89071,0.885270495538376,0.9050113287609449,0.9135286304972062,0.901314393416277,0.8763536570766517
89072,0.8769664442413785,0.8965221036751995,0.904959511061783,0.8928598464779436,0.8681332478804205
89073,0.9221399087794468,0.9453137829400032,0.9555220604221567,0.9365010169803436,0.9203049256901328
89074,0.912372043930625,0.9359993376113289,0.9454436842535852,0.9287967752401652,0.9111654080278084
89075,0.9063825477126645,0.9292843291441372,0.939511559797487,0.9224140592606979,0.9038292976936876
89076,0.8748110666118531,0.9001477801390987,0.9064368098060972,0.892117740562806,0.8710072757691174
89077,0.8846989981104114,0.9095771292645642,0.9159598394662558,0.9017907390757551,0.8795683989784657
89078,0.8898631892045488,0.9123385541784538,0.920275845196951,0.9051612406157243,0.8809184499644698
89079,0.8904578002847365,0.9143419025640688,0.9208673797381605,0.9062007945437435,0.886183761613157
89080,0.8876382505357636,0.9133808873549374,0.9194278328881416,0.903755011369779,0.8838617940899516
89081,0.8923004328735762,0.9159948479874601,0.9225321219058552,0.9078390224886885,0.8877858028068664
89082,0.8879752763859319,0.9114680811998042,0.9182509284590714,0.9039015567742857,0.8802005601878424
89083,0.8875357284151847,0.9115835333558239,0.9205028840170828,0.9046294498266964,0.8870976758222882
89084,0.8771774186653569,0.9019808491395284,0.9087963822108868,0.8931034513607626,0.8716967900507365
89085,0.8492491541056578,0.8701009787434832,0.8765873072341333,0.8653598108375629,0.8423205536850406
89086,0.8771774186653569,0.9019808491395284,0.9084004777777522,0.8931034513607626,0.8716967900507365
89087,0.8734235671660149,0.8987200952437159,0.9049991501567236,0.8907027917608351,0.8696258093490237
89088,0.8816525198021864,0.9049780459876354,0.9117125965281702,0.8974653983911232,0.8739331628458861
89089,0.8501970036117313,0.8710721010330362,0.8775656689342013,0.8663256414955186,0.843260670159583
89090,0.8687361173408652,0.8939449650804678,0.9002019789368774,0.88595564638217,0.8649513637901296
89091,0.8492491541056578,0.8701009787434832,0.8765873072341333,0.8653598108375629,0.8423205536850406
89092,0.8446950000037327,0.8655207939480365,0.8721922903910909,0.8620023855904624,0.8384239978973218
89093,0.8786151416426633,0.9025489613527274,0.9091613764358277,0.8949660386289409,0.8743514146492669
89094,0.8658167671989311,0.8904735542615155,0.8966327547826665,0.8819605751513041,0.8597183133958505
89095,0.8788370699628673,0.9027235406176277,0.909323206847505,0.8951554128536277,0.8745819818155633
89096,0.8492226952322347,0.8700785911904889,0.8765661564508181,0.865336510484593,0.8422927087817977
89097,0.8446101875942639,0.8654486836608601,0.8721241528611104,0.8619281616142173,0.8383352686763776
89098,0.8443465021757476,0.8652244975610133,0.8719123200603799,0.8616974028710283,0.8380594026481464
89099,0.8443465021757476,0.8652244975610133,0.8719123200603799,0.8616974028710283,0.8380594026481464
89100,0.8446101875942639,0.8654486836608601,0.8721241528611104,0.8619281616142173,0.8383352686763776
89101,0.8786151416426633,0.9025489613527274,0.9091613764358277,0.8949660386289409,0.8743514146492669
89102,0.8786151416426633,0.9025489613527274,0.9091613764358277,0.8949660386289409,0.8743514146492669
89103,0.8785979670749601,0.9025354514597175,0.9091488532225,0.8949513836780445,0.8743335714325682
89104,0.8722367362175951,0.8950737513539992,0.9044440395219152,0.8889687868684593,0.8694191202329524
89105,0.8722367362175951,0.8950737513539992,0.9044440395219152,0.8889687868684593,0.8694191202329524
89106,0.8758586455808594,0.8987904900170591,0.9081996877298757,0.8926601750422375,0.8730293296192574
89107,0.8711150646311916,0.8963929442883413,0.9026670923537035,0.8883817476369004,0.8664588064676251
89108,0.8659785053441996,0.8906398983963638,0.8968002494815907,0.8821253290265223,0.8598789123247806
89109,0.8652280504948999,0.8900031309297765,0.8961911112302021,0.8814498741412881,0.8590995537805851
89110,0.8446526286315251,0.8654847682661287,0.8721582494204285,0.8619653039535053,0.8383796697881635
89111,0.855258946899697,0.8763526760868359,0.8831099562641658,0.8727890177974607,0.8489072183991762
89112,0.8446376574015719,0.8654720392553965,0.8721462216919486,0.8619522018281508,0.8383640071485634
89113,0.8446775613990377,0.8655059669747464,0.8721782802482911,0.8619871240274343,0.8384057539812988
89114,0.871775683024167,0.8968944539064575,0.9040385401008033,0.8890331772236867,0.8664588064676251
89115,0.8739786271161629,0.8991608721799326,0.9063230112091774,0.8912797303490954,0.8686483150141864
89116,0.8658999294055506,0.8905400120821009,0.8966951480877526,0.8820327210046037,0.8598057174844682
89117,0.8652280504948999,0.8900031309297765,0.8961911112302021,0.8814498741412881,0.8590995537805851
89118,0.8658999294055506,0.8905400120821009,0.8966951480877526,0.8820327210046037,0.8598057174844682
89119,0.8658999294055506,0.8905400120821009,0.8966951480877526,0.8820327210046037,0.8598057174844682
89120,0.8856435787397535,0.9108129087615205,0.917255112409463,0.9019571112871565,0.8822941474210102
89121,0.8652280504948999,0.8900031309297765,0.8961911112302021,0.8814498741412881,0.8590995537805851
89122,0.8443465021757476,0.8652244975610133,0.8719123200603799,0.8616974028710283,0.8380594026481464
89123,0.8453013929482428,0.8661460512928042,0.8728235654251058,0.8626244644278914,0.8390246861217315
89124,0.878067874863082,0.9026548666849527,0.9100395254184567,0.8952601395429054,0.8705497607158965
89125,0.8895658983304099,0.9128224958505532,0.9211859035358088,0.9052877515762492,0.8852717874656425
89126,0.8515833806070424,0.8725737547401811,0.8792980082539664,0.8690275299786232,0.8452628532259696
89127,0.8446376574015719,0.8654720392553965,0.8721462216919486,0.8619522018281508,0.8383640071485634
89129,0.8652280504948999,0.8900031309297765,0.8961911112302021,0.8814498741412881,0.8590995537805851
89130,0.8652280504948999,0.8900031309297765,0.8961911112302021,0.8814498741412881,0.8590995537805851
89131,0.8652280504948999,0.8900031309297765,0.8961911112302021,0.8814498741412881,0.8590995537805851
89132,0.8652280504948999,0.8900031309297765,0.8961911112302021,0.8814498741412881,0.8590995537805851
89133,0.8652280504948999,0.8900031309297765,0.8961911112302021,0.8814498741412881,0.8590995537805851
89134,0.878067874863082,0.9026548666849527,0.9100395254184567,0.8952601395429054,0.8705497607158965
89135,0.878067874863082,0.9026548666849527,0.9100395254184567,0.8952601395429054,0.8705497607158965
89136,0.8443565963555858,0.8652330794422333,0.8719204289922673,0.8617062363910285,0.8380699632013652
89137,0.8443565963555858,0.8652330794422333,0.8719204289922673,0.8617062363910285,0.8380699632013652
89138,0.8773448482985218,0.8995977514496432,0.9104400409378348,0.8945366669016894,0.8751565003461674
89139,0.8784679068936996,0.9007492952114006,0.9116054635368872,0.8956817321453209,0.8762767577133197
89140,0.8796662321241752,0.9028030476995031,0.9138610731715012,0.8970957442880532,0.8779062364134389
89141,0.8889140948987289,0.9122530243429747,0.9229948372150772,0.9063035210737316,0.88744369886214
89142,0.8778640546641442,0.9038760620109311,0.9125945210599409,0.8945986240165847,0.8744037565513793
89143,0.8806853936576242,0.9048766803927569,0.912766449163882,0.8970598872552193,0.8729202065124778
89144,0.9095545395312171,0.9345388243002175,0.9426872221881678,0.9264657942102148,0.9015348070943656
89145,0.8879179854184688,0.9127237664386411,0.919598119035265,0.9058540563040429,0.8838732271158333
89146,0.8879179854184688,0.9127237664386411,0.919598119035265,0.9058540563040429,0.8838732271158333
89147,0.8778640375069771,0.9020095541396683,0.908684930565303,0.8942237609612407,0.8728115617602535
89148,0.877622458913069,0.9018196880163133,0.9085089929150298,0.8940174506424232,0.8725588903063489
89149,0.8932494324892519,0.9175964987153851,0.9255321784232214,0.9103719815870723,0.8906311118042636
89150,0.8875357284151847,0.9115835333558239,0.9205028840170828,0.9046294498266964,0.8870976758222882
89151,0.8829531095674978,0.9071932118366562,0.9156077243270964,0.8994978435832623,0.8787525176004998
89152,0.8795547725570741,0.9037074449241705,0.9103850472020253,0.8959191892986467,0.8745009822859582
89153,0.877622458913069,0.9018196880163133,0.9085089929150298,0.8940174506424232,0.8725588903063489
89161,0.8251424847458716,0.8469743834497799,0.8518703705801626,0.8415835994877787,0.8185109769255455
89162,0.8495671870040121,0.8682756614814643,0.8708799871142875,0.8638479873587114,0.8412971466162114
89163,0.8582810443165084,0.8771814082402866,0.8798124459711132,0.8727083202631357,0.8499261796169754
89166,0.8495671870040121,0.8682756614814643,0.8708799871142875,0.8638479873587114,0.8412971466162114
89168,0.8914012520540828,0.9180055909194001,0.9229553349794,0.9078224220235999,0.8883642441059242
89169,0.8802636110969315,0.9057061281086807,0.9106989618884249,0.8967640159428959,0.8757584594173513
89170,0.8913978659763103,0.9180030910665791,0.922952995713988,0.9078195876095669,0.8883607543167947
89172,0.9270711806286116,0.9378087500959897,0.9498204342181222,0.9306829834872382,0.9219124561128705
89177,0.9096396980721899,0.9336424349122747,0.9402355510762213,0.928169559231711,0.9113030695584307
89178,0.9096396980721899,0.9336424349122747,0.9402355510762213,0.928169559231711,0.9113030695584307
89179,0.887403909417401,0.9083136362009953,0.9101560420649459,0.9023910542392016,0.8778445095043231
89180,0.9012523378676388,0.9234493309270989,0.927692496435182,0.9178784275415387,0.8967499301243146
89182,0.8953217479048622,0.9208714474463248,0.9256663333483638,0.9128722733736694,0.8926781224946257
89183,0.8953217479048622,0.9208714474463248,0.9256663333483638,0.9128722733736694,0.8926781224946257
89184,0.8953217479048622,0.9208714474463248,0.9256663333483638,0.9128722733736694,0.8926781224946257
89185,0.8953217479048622,0.9208714474463248,0.9256663333483638,0.9128722733736694,0.8926781224946257
89186,0.8847160232873713,0.9081777747665072,0.9193654996822355,0.9023300582115068,0.8832412283992681
89194,0.8983000060962621,0.9223515834920433,0.9252243720207843,0.9153031765068633,0.8934228435055389
89196,0.8740299328343772,0.8946245311929177,0.8964391703402478,0.8887912078783168,0.8646146016922711
89197,0.895005290209645,0.9137626658459287,0.9164945400650245,0.9124913565684395,0.889589611932532
89198,0.8740299328343772,0.8946245311929177,0.8964391703402478,0.8887912078783168,0.8646146016922711
89199,0.8983000060962621,0.9223515834920433,0.9252243720207843,0.9153031765068633,0.8934228435055389
89200,0.8905118245666489,0.9121436309415961,0.917449777647899,0.9070950925477429,0.8847922292163262
89208,0.8729875125717331,0.8935575485831234,0.8953700234835031,0.8877311824380578,0.8635834107154824
89209,0.8729875125717331,0.8935575485831234,0.8953700234835031,0.8877311824380578,0.8635834107154824
89210,0.8498526804963604,0.8693602125509519,0.872730111668966,0.865185877240989,0.8418233319452464
89211,0.8745387175577657,0.895145304312396,0.8969609997858791,0.8893085853408758,0.8651179056232167
89216,0.8773790623685281,0.8958011788331502,0.900201027038482,0.8947630001589284,0.8716942520853828
89217,0.9344982529353815,0.9436212141733787,0.9508313260865794,0.9355063310117283,0.9268001991804696
89220,0.9163644250671512,0.9266622091962875,0.9346336273907982,0.9219695107161634,0.9113123848861617
89227,0.9121069692650575,0.9212221534685617,0.9246923744064645,0.9143824705643051,0.9062764378577838
89231,0.9121069692650575,0.9212221534685617,0.9246923744064645,0.9143824705643051,0.9062764378577838
89232,0.9121069692650575,0.9212221534685617,0.9246923744064645,0.9143824705643051,0.9062764378577838
89237,0.9189689723840093,0.9340721532153149,0.9491232705673518,0.9286963006689285,0.9168385087963965
89239,0.9133478867200738,0.928751529876835,0.9436698350935091,0.9214572816790784,0.9116841931629134
89240,0.9190806017433786,0.9340721532153149,0.9479012141032892,0.9286963006689285,0.9168385087963965
89241,0.9164097638541899,0.9304724665716043,0.9443310740457662,0.9238259797352107,0.9132427844193473
89243,0.8657183143347652,0.8855900264028719,0.889022837113337,0.881337761732837,0.8575390683873184
89251,0.8826605846968556,0.901193596011396,0.9056199298003649,0.900149167856096,0.8769415537971824
89252,0.8794838489528516,0.8979501591135084,0.9023605623250773,0.8969094899028247,0.8737854011065005
89253,0.8773790623685281,0.8958011788331502,0.900201027038482,0.8947630001589284,0.8716942520853828
89255,0.8773790623685281,0.8958011788331502,0.900201027038482,0.8947630001589284,0.8716942520853828
89257,0.9101312889099409,0.9226446658711713,0.9318075627932263,0.9135634941387122,0.9053859225627102
89258,0.908159405822356,0.9206456714022955,0.9297887160660071,0.9115841748630452,0.9034243207474631
89260,0.9393083193592584,0.9497610061007118,0.9640106674724008,0.944535703920282,0.9356564121152933
89261,0.943223057359244,0.9537193075709077,0.9680283569941118,0.9484722279947224,0.9395559301286508
89263,0.8686966212654013,0.8825378612490105,0.8975246339389208,0.8742977358630999,0.8693074854865578
89264,0.8686966212654013,0.8825378612490105,0.8975246339389208,0.8742977358630999,0.8693074854865578
89265,0.8686966212654013,0.8825378612490105,0.8975246339389208,0.8742977358630999,0.8693074854865578
89266,0.8686966212654013,0.8825378612490105,0.8975246339389208,0.8742977358630999,0.8693074854865578
89267,0.8605337571102217,0.8745687729894205,0.8892939440969048,0.8661786297830909,0.8629865869483119
89268,0.8686966212654013,0.8825378612490105,0.8975246339389208,0.8742977358630999,0.8693074854865578
89269,0.8597147453227239,0.871996778197777,0.8872929651105744,0.8644029499702538,0.861818226834213
89270,0.8603295158970394,0.8743873210718199,0.8891358162233631,0.8659836212409834,0.8627863687085913
89271,0.8669194904244899,0.8826452417799759,0.8976338379470192,0.8744041137979413,0.8666538858249341
89272,0.8689080412417345,0.8827526498520404,0.8977430699639043,0.8745105190167343,0.8695190541326291
89275,0.8674196332049826,0.8907055406270257,0.9003047361416057,0.8817881095197494,0.8648569996390261
89276,0.8544051748522554,0.8757802847458612,0.8841416402078273,0.867907912565164,0.8490570967279459
89277,0.8544051748522554,0.8757802847458612,0.8841416402078273,0.867907912565164,0.8490570967279459
89283,0.9683410201006288,0.9823323661127634,0.9958361393993236,0.9825063847966401,0.968317380029031
89284,0.9533081816068474,0.9648480298388307,0.9802477268593491,0.9628695604658071,0.9522232317950114
89286,0.9629749741832413,0.9680404227753918,0.9670852637948759,0.9637834051530528,0.9569232884673102
89287,0.9629688184326048,0.9680351311823843,0.9670798097980288,0.9637773877981195,0.9569160909074124
89288,0.8788370699628673,0.9027235406176277,0.909323206847505,0.8951554128536277,0.8745819818155633
89289,0.8788370699628673,0.9027235406176277,0.909323206847505,0.8951554128536277,0.8745819818155633
89292,0.8982460373980786,0.9124849615730523,0.9252598137368907,0.9040314926921232,0.8976293871398406
89294,0.9499416887994969,0.9554557668757888,0.9595702295363914,0.9499651989384513,0.94280230042652
89295,0.9499416887994969,0.9554557668757888,0.9595702295363914,0.9499651989384513,0.94280230042652
89297,0.9516777105792669,0.9572018656526509,0.9613238475082472,0.9517012636830828,0.9445252749489099
89298,0.9503172604689303,0.9558335186069385,0.9599496079732941,0.9503407799029205,0.9431750494468987
89301,0.8875357284151847,0.9115835333558239,0.9205028840170828,0.9046294498266964,0.8870976758222882
89302,0.8875357284151847,0.9115835333558239,0.9205028840170828,0.9046294498266964,0.8870976758222882
89303,0.8797759931611421,0.9029156956505938,0.9139751008963041,0.8972076801059302,0.8780157778455748
89307,1.0058420448136596,1.0063104125813371,1.0118030238116273,1.0068256045723794,1.0073886371020668
89309,0.9634376500046562,0.9685064293424761,0.967550642849783,0.9642466130307333,0.9573819756449385
89310,0.865534814081748,0.8924931531964524,0.8979230031749906,0.8814566097299524,0.8625734050638698
89311,0.8526709274266585,0.8794076566172584,0.8844864063663108,0.8709532000103762,0.8492759109745429
89312,0.8645643411762085,0.8914924535025001,0.8969162153119669,0.8804682846582924,0.8616062526108036
89314,0.9374734448430815,0.9476303081056134,0.9553495242315431,0.9392799673199319,0.9312003822395349
89319,0.9683410201006288,0.9823323661127634,0.9958361393993236,0.9825063847966401,0.968317380029031
89322,0.8251424847458716,0.8469743834497799,0.8518703705801626,0.8415835994877787,0.8185109769255455
89324,0.8361805991308218,0.8583045479952652,0.8632660298334971,0.8528416503182426,0.8294603801567028
89325,0.8251424847458716,0.8469743834497799,0.8518703705801626,0.8415835994877787,0.8185109769255455
89326,0.8251424847458716,0.8469743834497799,0.8518703705801626,0.8415835994877787,0.8185109769255455
89328,0.905624529019073,0.9196987206142349,0.9342347950344702,0.9119359231653376,0.9026503975635689
89332,0.8773846211486391,0.8968679998841251,0.9052749497321829,0.8932190976706031,0.8685848709232933
89333,0.8773846211486391,0.8968679998841251,0.9052749497321829,0.8932190976706031,0.8685848709232933
89334,0.8820100363221997,0.9015961279540177,0.9100473977416473,0.8979279893790889,0.8731638953837793
89336,0.9051874211982186,0.9308537866327845,0.9339573430377119,0.9201632107081598,0.9011531531839702
89337,0.9051874211982186,0.9308537866327845,0.9339573430377119,0.9201632107081598,0.9011531531839702
89338,0.8526317592397185,0.8765632583452216,0.8803996581366444,0.870075243413819,0.8464739225140748
89339,0.8752673545347363,0.9024801209036281,0.9081592676021023,0.8934495863757971,0.8723052330556785
89347,0.8643031931901468,0.8870359330086565,0.8979008342368723,0.8814283054984932,0.8625739351406284
89350,0.8488096594422541,0.8723266518646438,0.8816869014775021,0.8640000979768425,0.8460281242116859
89351,0.8644885262338595,0.8872261406471822,0.8980933716425794,0.881617310690143,0.8627588973785171
89353,0.8528884068341984,0.8749128859664606,0.8842660900841409,0.8669343868459363,0.84987373442187
89354,0.8706778170911703,0.8935782210670319,0.9045232558173697,0.8879292347875894,0.8689358049875417
89355,0.9121185034416429,0.9212324125217567,0.9247021530783065,0.9143936846005684,0.9062887979245362
89360,0.9216598791231279,0.933609992575745,0.9371855342624695,0.9240053823345242,0.9148917965213306
89361,0.9230196983734633,0.934987443052832,0.9385682601025469,0.9253686621460612,0.916241630125965
89370,0.8235133815254102,0.8418937987032682,0.8488814154160332,0.8373837889199559,0.8184468782570923
89372,0.8235133815254102,0.8418937987032682,0.8488814154160332,0.8373837889199559,0.8184468782570923
89373,0.8295139682112812,0.8480283155584267,0.8550668480191969,0.8434854432797791,0.8244105475197158
89374,0.8242427739684883,0.842639470830066,0.8496332765313037,0.8381254664947185,0.8191717832573678
89375,0.8352688527224321,0.8539116462861156,0.8609990096804107,0.8493372571116539,0.8301300262416729
89376,0.8242427739684883,0.842639470830066,0.8496332765313037,0.8381254664947185,0.8191717832573678
89377,0.8235133815254102,0.8418937987032682,0.8488814154160332,0.8373837889199559,0.8184468782570923
89381,0.9149757835656269,0.9257741826612705,0.9336569033776544,0.9177792330054961,0.9099885605632994
89383,0.9116718521134923,0.9257741826612705,0.9336569033776544,0.9177792330054961,0.9061799995690144
89384,0.9149757835656269,0.9257741826612705,0.9336569033776544,0.9177792330054961,0.9099885605632994
89392,0.8446376574015719,0.8654720392553965,0.8721462216919486,0.8619522018281508,0.8383640071485634
89393,0.8462383934812999,0.8671122601324693,0.8737990913119885,0.8635857519977134,0.8399528535638612
89401,0.85210553526562,0.874109797991624,0.8834544167451229,0.8661386223850218,0.8490936300398324
89402,0.85210553526562,0.874109797991624,0.8834544167451229,0.8661386223850218,0.8490936300398324
89405,0.85210553526562,0.874109797991624,0.8834544167451229,0.8661386223850218,0.8490936300398324
89406,0.8488096594422541,0.8723266518646438,0.8816869014775021,0.8640000979768425,0.8460281242116859
89408,0.85210553526562,0.874109797991624,0.8834544167451229,0.8661386223850218,0.8490936300398324
89412,0.9260496125531953,0.932298235399037,0.9422032202191715,0.9287850927299679,0.9204486675656711
89413,0.9273189126568155,0.9335761002464013,0.9434946614431015,0.9300581422496289,0.9217102906723393
89421,0.9683410201006288,0.9816877166999349,0.9807189220371039,0.9773699246626895,0.968317380029031
89425,0.8680094798724434,0.8932725817048218,0.8964432528475211,0.8837911150003549,0.8610083925528385
89427,0.869215505680318,0.894513708457448,0.8976887849797142,0.8850190680563714,0.8622046909416163
89429,0.8731634749515024,0.9000954434424429,0.9060975763187927,0.8905071052479292,0.8703736278785932
89430,0.8821591686035439,0.9076564734691822,0.912660058804973,0.8986951053809361,0.8776443155413585
89440,0.8495928827450703,0.869094451397913,0.8724633203465425,0.8649213921713839,0.8415659887448987
89441,0.8731210168029854,0.893162650622242,0.896624815079646,0.8888740251063671,0.8648718306415443
89448,0.9647858845830936,0.9687803917342739,0.9688201114085049,0.9662934542460428,0.9590058407371893
89450,0.9253477580306254,0.9344244580351503,0.9411613898283124,0.9269721108473429,0.9176427337075032
89451,0.9253477580306254,0.9344244580351503,0.9411613898283124,0.9269721108473429,0.9176427337075032
89456,0.8723739355625463,0.899281551397248,0.9052782569733734,0.8897018832523829,0.8695866111491577
89457,0.8723739355625463,0.899281551397248,0.9052782569733734,0.8897018832523829,0.8695866111491577
89458,0.9156249519436569,0.9296756113841201,0.9435223503681828,0.9230348165888178,0.9124606847051252
89459,0.9156249519436569,0.9296756113841201,0.9435223503681828,0.9230348165888178,0.9124606847051252
89463,0.9327116599798742,0.941729400315568,0.9570568208413778,0.9346646603117866,0.9328567536172486
89472,0.8482362249140347,0.8694716039318524,0.87777817580606,0.8616507481773362,0.8429230336886068
89474,0.9296748059037523,0.9394910200134451,0.9463286046122913,0.9313004951669853,0.9225582744922761
89478,0.8776186462445533,0.8920399153287614,0.9047739492244337,0.8837398524739158,0.8768663803923887
89479,0.9002879227211716,0.9145564903183637,0.927357987412978,0.9060854153809139,0.8996699900272767
89482,0.8724049713022559,0.8974478082018484,0.9031760948058586,0.8896438216092557,0.8687604299150135
89483,0.8724049713022559,0.8974478082018484,0.9031760948058586,0.8896438216092557,0.8687604299150135
89484,0.8724049713022559,0.8974478082018484,0.9031760948058586,0.8896438216092557,0.8687604299150135
89485,0.8724049713022559,0.8974478082018484,0.9031760948058586,0.8896438216092557,0.8687604299150135
89486,0.8724049713022559,0.8974478082018484,0.9031760948058586,0.8896438216092557,0.8687604299150135
89487,0.8724049713022559,0.8974478082018484,0.9031760948058586,0.8896438216092557,0.8687604299150135
89488,0.8724049713022559,0.8974478082018484,0.9031760948058586,0.8896438216092557,0.8687604299150135
89489,0.8724049713022559,0.8974478082018484,0.9031760948058586,0.8896438216092557,0.8687604299150135
89490,0.876778838529403,0.9019472295548809,0.9077042353499425,0.8941041170949201,0.873116024962776
89491,0.8646801108514426,0.8909399872206637,0.8951943837080023,0.8807394461919976,0.8597085943272365
89492,0.8724049713022559,0.8974478082018484,0.9031760948058586,0.8896438216092557,0.8687604299150135
89495,0.8616760978433886,0.8855495658678366,0.8950517001467369,0.8770967962949294,0.8588523995067501
89497,0.855685097856521,0.8793925801387872,0.8888286486576151,0.8709985803780252,0.8528810319278605
89499,0.9602785285597524,0.9785538866418041,0.9907348050124837,0.973573428695113,0.9613197326270922
89502,0.8774482593644731,0.9017551153292072,0.9080079083462603,0.8945093117026004,0.8732190905047043
89503,0.8838879531749108,0.9083731999544156,0.9146718829394073,0.9010742185406654,0.8796277459579067
89506,0.8788681980825294,0.9035823645344082,0.9099230081045093,0.8958472922336345,0.87377141327345
89509,0.8501374697298402,0.8713200189148342,0.8773494254089603,0.8631760005189953,0.8435715544036929
89510,0.8363368985572137,0.8572278525640485,0.8624612564304167,0.8498636169249101,0.8304261087732057
89518,0.8802636110969315,0.9057061281086807,0.9106989618884249,0.8967640159428959,0.8757584594173513
89519,0.8802636110969315,0.9057061281086807,0.9106989618884249,0.8967640159428959,0.8757584594173513
89528,0.9125001446665154,0.932733081852478,0.9390163009461994,0.9273221096752369,0.9037881751764362
89529,0.9125001446665154,0.932733081852478,0.9390163009461994,0.9273221096752369,0.9037881751764362
89530,0.9394350940339017,0.9601112927087344,0.9667207729230464,0.9552127492273957,0.9298052428618898
89532,0.9442501152920619,0.9547741249007424,0.9616338199445669,0.9441091630928868,0.9378017247374688
89536,0.8441162607257935,0.8653765196375219,0.8712384429632157,0.8590546098006175,0.8381740064352622
89537,0.8797728859860782,0.9049790057869664,0.9125511998452468,0.8970114568256584,0.8795033433957183
89538,0.8955670694882555,0.9210529522089163,0.9258361607949998,0.9130734666047653,0.8929302044507237
89540,0.8772380365962179,0.9047933502497262,0.9090913751377986,0.8943150518061072,0.8739558111654502
89541,0.8860160478553348,0.9129651517910002,0.9189731319870296,0.9033689850993546,0.883225301746659
89546,0.9308850381682543,0.9409105001620963,0.9501084956655851,0.9356537533220955,0.9248031853847606
89560,0.897608581159388,0.9194127779061071,0.9247612108915824,0.9143240061912109,0.8918434046332847
89561,0.8905118245666489,0.9121436309415961,0.917449777647899,0.9070950925477429,0.8847922292163262
89563,0.8905118245666489,0.9121436309415961,0.917449777647899,0.9070950925477429,0.8847922292163262
89564,0.8905118245666489,0.9121436309415961,0.917449777647899,0.9070950925477429,0.8847922292163262
89569,0.9647858845830936,0.9687803917342739,0.9688201114085049,0.9662934542460428,0.9590058407371893
89572,0.8982490139819105,0.9124874908969897,0.9252619507734863,0.9040342862540125,0.8976323833370482
89573,0.8982490139819105,0.9124874908969897,0.9252619507734863,0.9040342862540125,0.8976323833370482
89582,0.920412599500451,0.9398331261162407,0.94625890080168,0.9347144693894289,0.9094643980244336
89586,0.8755318430478097,0.8899845835994331,0.9027452297487001,0.8816665835555215,0.874777895757095
89587,0.8596885986176045,0.8719702579563264,0.8872659796626228,0.8643766606816727,0.8617920161554198
89588,0.8759903249041023,0.8903848369676993,0.9030952443152905,0.8821001739331874,0.8752394547954603
89589,0.8871943348248331,0.9017729542368558,0.9146459290534822,0.8933823294762955,0.8864338610072148
89590,0.8770840692114563,0.8914965539799783,0.9042228312924371,0.8832015468779867,0.8763322615811504
89591,0.8616276337070148,0.8743997364227072,0.889038593421778,0.8665043493580474,0.8627735522062615
89592,0.8616276337070148,0.8743997364227072,0.889038593421778,0.8665043493580474,0.8627735522062615
89593,0.8616276337070148,0.8743997364227072,0.889038593421778,0.8665043493580474,0.8627735522062615
89594,0.8759903249041023,0.8903848369676993,0.9030952443152905,0.8821001739331874,0.8752394547954603
89597,0.8695923006217613,0.8934898169220352,0.903120193451018,0.8851018525731609,0.8678161785392797
89598,0.8788681980825294,0.9035823645344082,0.9099230081045093,0.8958472922336345,0.87377141327345
89606,0.8529130783298353,0.8723811799179008,0.8778345261065826,0.8653729384713166,0.8460172929659029
89607,0.848452414782936,0.8667640864917012,0.873074351456708,0.860010033153246,0.8412842917496663
89610,0.8639749684407844,0.8918982019913497,0.8965800079816983,0.8821408302876033,0.8609458272195528
89611,0.86339607429891,0.8916660003563257,0.8964874964017867,0.8807541471144319,0.8608375428893527
89615,0.898480913927595,0.9127208424344816,0.9254966450626512,0.9042667701764154,0.8978642215144853
89616,0.8983989586368488,0.9126375882430432,0.9254122255213398,0.9041842871265107,0.8977823224755807
89625,0.9606528986507092,0.9823555402903612,0.9901507816128903,0.9601294483312036,0.9601763150103619
89626,0.963516674020905,0.9838482938674826,0.9853372326606674,0.9609861903059809,0.9645553247912036
89627,0.9121970054474995,0.9350300189526878,0.9393657250682858,0.921671773849188,0.9123467986567463
89628,0.9121970054474995,0.9350300189526878,0.9393657250682858,0.921671773849188,0.9123467986567463
89629,0.8907130561281384,0.9052501102797069,0.9064239323571804,0.8979919963344636,0.8808657156223947
89630,0.9821092759833188,1.0006180011809,1.0025053465282272,0.976665234235822,0.9846414961393826
89631,0.9277061930468256,0.9477393008322602,0.9555358807771125,0.9318601203817131,0.9270899839240352
89632,0.8880745378550172,0.9025685295604339,0.9037388744788162,0.8953319159919293,0.878256367672631
89633,0.8880745378550172,0.9025685295604339,0.9037388744788162,0.8953319159919293,0.878256367672631
89634,0.8880745378550172,0.9025685295604339,0.9037388744788162,0.8953319159919293,0.878256367672631
89635,0.963516674020905,0.9838482938674826,0.9853372326606674,0.9609861903059809,0.9645553247912036
89636,0.963516674020905,0.9838482938674826,0.9853372326606674,0.9609861903059809,0.9645553247912036
89637,0.937892840601994,0.9599884648026472,0.9654367332982224,0.9405998273611418,0.9382141808745484
89639,0.8915718125549168,0.914002048747342,0.9219128528151094,0.9030255178453696,0.8876125308855147
89640,0.9725785661812228,0.9915046602343353,0.9937333223287861,0.9684735708293176,0.9747527114450857
89641,0.9821092759833188,1.0006180011809,1.0025053465282272,0.976665234235822,0.9846414961393826
89642,0.9909612459479246,1.008363081370291,1.013940271754815,0.9799267803513182,0.9935509384915412
89643,0.9305345301162056,0.9506287136838104,0.9584490633913718,0.9347011217048761,0.9299164423306258
89644,0.9922474480760121,1.0095751932308925,1.0142900763012321,0.9833717878474637,0.9930845078349738
89645,0.9909558263286985,1.008472792964224,1.0119723968372119,0.9808854619924539,0.9933575987125292
89646,0.9379275916703339,0.9548525281030734,0.9678929161646052,0.9395553330384117,0.9358626586309955
89647,0.9027652187841948,0.9226834835805096,0.9339336068574277,0.9088612897019644,0.8980414666642117
89648,1.0811030189799102,1.0842071784340188,1.087711683056582,1.0824557254824863,1.0792266831200739
89649,1.0174056670820386,1.0324701408097023,1.0370646612387446,1.0048965830513872,1.0199001493515136
89650,0.9909558263286985,1.008472792964224,1.0119723968372119,0.9808854619924539,0.9945255913684703
89651,0.9814321502872908,0.9835556638851833,1.0012917547031588,0.9757438725178279,0.9817398293978714
89652,0.9909612459479246,1.008363081370291,1.013940271754815,0.9799267803513182,0.9935509384915412
89653,1.0198027768860345,1.0349027440248644,1.0395080896048976,1.0072642201986648,1.022303136405949
89654,0.9909558263286985,1.008472792964224,1.0119723968372119,0.9808854619924539,0.9945255913684703
89655,0.9383001948807477,0.9552318549515451,0.9682774234667706,0.9399285828889976,0.9362344415214969
89656,0.883513444343556,0.8999598756762025,0.9113285468236577,0.8918456534794899,0.8827318568754624
89657,0.9277061930468256,0.9477393008322602,0.9555358807771125,0.9318601203817131,0.9270899839240352
89658,0.9628491676638247,0.9746793985638365,0.9926382721054774,0.9602822124998439,0.962709206816637
89659,0.9628491676638247,0.9746793985638365,0.9926382721054774,0.9602822124998439,0.962709206816637
89660,0.9094214409257974,0.9250320332565615,0.9372512429056942,0.9153074680586331,0.9044127701766345
89661,0.9522780014868578,0.9576346709222734,0.9784355667579663,0.9502998054666386,0.9546365089569181
89662,0.9145175329430161,0.9300084462691561,0.9425749514350343,0.9199364210807115,0.9123585889707169
89663,0.9268937917522947,0.9408137295951956,0.9556828817838554,0.9333164385982077,0.926850195592978
89664,0.8914439367742637,0.9131343253524837,0.923981015261545,0.9037582125533223,0.8901712932676613
89665,0.8914439367742637,0.9131343253524837,0.923981015261545,0.9037582125533223,0.8901712932676613
89666,0.8894800223400767,0.9086709938177062,0.923981015261545,0.8975719284591666,0.8849025592139547
89667,0.8926199379687341,0.9143389407108115,0.9251999396748372,0.9049504588557886,0.8913456155788927
89668,0.8914439367742637,0.9131343253524837,0.923981015261545,0.9037582125533223,0.8901712932676613
89669,0.9080572525473113,0.929927402948105,0.9426123073991715,0.9166835088282813,0.9080820421346214
89670,0.8785306109775031,0.8959620271592618,0.9120374823366979,0.8856976719576285,0.8731468721391071
89671,0.9000242629957422,0.9168329049177345,0.9320392814619957,0.9061948823122795,0.8952589629707655
89672,0.8906932785182197,0.9103892869299384,0.9215133049988379,0.8967214669934813,0.8860220407966654
89673,0.8827349298699612,0.904591060013544,0.9143567759928763,0.8895401455784552,0.8786391483083716
89674,0.8908975799264346,0.9105540017004913,0.9216562322613657,0.8969135126570011,0.88623592566207
89675,0.8974728627683665,0.9150753088833252,0.9289643972422681,0.9006669484572185,0.8915629304989503
89676,0.9027895622658693,0.9205283796790724,0.9328487676445741,0.9073080136360514,0.8954945486783252
89677,0.9339551878293564,0.9536496052923825,0.9638349306139179,0.9367229910685131,0.9339523021840418
89678,0.9339551878293564,0.9536496052923825,0.9638349306139179,0.9367229910685131,0.9339523021840418
89679,0.9131948110953395,0.9345363267584418,0.9446439494228631,0.920796843972765,0.9124370895659643
89680,0.9339551878293564,0.9536496052923825,0.9638349306139179,0.9367229910685131,0.9339523021840418
89681,0.9106565016125705,0.9268210446062474,0.9416069453463664,0.9141702841685255,0.9046376187959543
89682,0.9106565016125705,0.9268210446062474,0.9416069453463664,0.9141702841685255,0.9046376187959543
89683,0.8958219142504407,0.9128609456724951,0.9287257287655295,0.9008633872009992,0.8900072348431805
89684,0.902361804132977,0.9200601387483014,0.9340248872652409,0.905573289453945,0.896419677784461
89685,0.9061482173719408,0.9279723895193935,0.9406306261268572,0.914756338423413,0.9061729548433805
89686,0.8778862848490806,0.90090761761617,0.9124540496252072,0.8875371565310736,0.8779840158227681
89687,0.870848462717821,0.8896374490801989,0.9049368343744865,0.8787708711219213,0.8663668817644415
89688,0.8680729542137292,0.887391864635725,0.902390326701372,0.8771549828819359,0.8634321104170161
89689,0.8771976929228926,0.8946026619335958,0.9106537272216253,0.8843538799450029,0.8718221223629943
89690,0.8680729542137292,0.887391864635725,0.902390326701372,0.8771549828819359,0.8634321104170161
89691,0.8746570670977959,0.8941225065487151,0.9092347281398124,0.8838079806467924,0.8699810236795689
89692,0.891670317561573,0.9140787047846337,0.9219819968611511,0.9031127629300777,0.8877149792711078
89693,0.9026198284210812,0.925303385596994,0.9333037283218433,0.9142027844439771,0.8986159194664237
89694,0.8915556089966064,0.9139894394256026,0.9219014792162101,0.903011166601216,0.8875956786135708
89695,0.9051168976505587,0.9271646827594833,0.9377312392199075,0.9144539505633259,0.9012598515626343
89696,0.887407643077575,0.9115232206009489,0.9194257141253782,0.8993654204522747,0.885298183270979
89697,0.8931053924434846,0.9185874709882035,0.9294090092442171,0.9050368803721611,0.8912137753716053
89698,0.9023892455903205,0.9238246770225217,0.9340177488425435,0.9119835235586238,0.9014144603180452
89699,0.887407643077575,0.9115232206009489,0.9194257141253782,0.8993654204522747,0.885298183270979
89700,0.8861385362040924,0.9126369267540693,0.9204476147373162,0.899483156154089,0.8859903939747491
89702,0.8771976929228926,0.8946026619335958,0.9106537272216253,0.8843538799450029,0.8718221223629943
89703,0.8771976929228926,0.8946026619335958,0.9106537272216253,0.8843538799450029,0.8718221223629943
89704,0.8771976929228926,0.8946026619335958,0.9106537272216253,0.8843538799450029,0.8718221223629943
89705,0.8771976929228926,0.8946026619335958,0.9106537272216253,0.8843538799450029,0.8718221223629943
89706,0.8765295325383451,0.8940377169653113,0.9101813016901352,0.8837285296397297,0.8711214553702127
89707,0.8893895825494708,0.9111680039415458,0.9197630231098741,0.8959695860980609,0.8855143853370381
89708,0.8988202302021709,0.9188855490920307,0.928023088673752,0.9064958642511717,0.8940848005779519
89709,0.910882009332011,0.9321694744305917,0.9422514980363705,0.9184647889298183,0.9101262068451751
89710,0.892682551433452,0.9188343471046619,0.926501476078183,0.904865854765595,0.8908761483819271
89711,0.8787081758040168,0.900968342501037,0.910526631764982,0.8898771397841269,0.876628202525254
89712,0.8806469465552125,0.8970424092040877,0.9083758138523511,0.8889533409909769,0.8798677797943095
89713,0.8787081758040168,0.900968342501037,0.910526631764982,0.8898771397841269,0.876628202525254
89714,0.8775422642918074,0.9003714214493611,0.9107401921482556,0.8882225241191825,0.8771466658719209
89715,0.889212946861161,0.9145173600021963,0.9212940951982034,0.9020406474981314,0.887453963205891
89716,0.8869169027838288,0.9109609016782836,0.9194278650119216,0.8981193296909532,0.8847601946931168
89717,0.922311803243961,0.9356907944065662,0.9503712428787335,0.9258847096458952,0.9213174410526335
89718,0.921730005685633,0.9356074383823737,0.9504303759195132,0.9281331334390364,0.9216865414709073
89719,0.8813223397996486,0.9076790934315685,0.9154480146369879,0.8945956430643661,0.881174989138419
89721,0.8827349298699612,0.904591060013544,0.9143567759928763,0.8895401455784552,0.8786391483083716
89722,0.885970415017567,0.9079066543559611,0.917708164578772,0.8928005738585983,0.881859621202625
89725,0.8975598056328082,0.9150933998716213,0.9260739681174829,0.90620359470628,0.8952576405120581
89726,0.886888249495424,0.9109387978671138,0.9194080052082599,0.8980937610364841,0.884730940765584
89728,0.8915718125549168,0.914002048747342,0.9219128528151094,0.9003798470113982,0.8876125308855147
89729,0.8915556089966064,0.9139894394256026,0.9219014792162101,0.903011166601216,0.8875956786135708
89730,0.8974728627683665,0.9150753088833252,0.9289643972422681,0.9006669484572185,0.8915629304989503
89731,0.8974728627683665,0.9150753088833252,0.9289643972422681,0.9006669484572185,0.8915629304989503
89732,0.8831356210139074,0.8995750192385839,0.9109388287178731,0.89146426698618,0.8823543677817911
89733,0.8988202302021709,0.9188855490920307,0.928023088673752,0.9080903738098013,0.8940848005779519
89734,0.8916559076297492,0.9143370705323277,0.9232815662373004,0.9014400833956026,0.8867156252022389
89735,0.8912572005697967,0.9083190089836386,0.9187506410416654,0.8991039435592071,0.8886202398221031
89736,0.8951827153444573,0.9123196719657617,0.9227972498245534,0.9030640190706766,0.8925341401847078
89737,0.8806611739484714,0.8970545108211577,0.9083864801794631,0.8889664839878535,0.8798821097003815
89739,0.8779929355241674,0.9009924736343166,0.9125282897039673,0.8876345665788065,0.8780905721543978
89740,0.880821209777972,0.9071605951763111,0.9149244146667403,0.8940857545507725,0.8806739564847923
89742,0.8808123320933925,0.9071538334766661,0.9149182589266676,0.8940779543013085,0.8806650667017281
89744,0.8765295325383451,0.8940377169653113,0.9101813016901352,0.8837285296397297,0.8711214553702127
89745,0.8765295325383451,0.8940377169653113,0.9101813016901352,0.8837285296397297,0.8711214553702127
89746,0.8817292573531389,0.9058171046190714,0.9181790416629512,0.8933067026289502,0.8817900207178918
89747,0.8912969697945611,0.9179079009296868,0.9247752765180624,0.9037075260662729,0.888763185162137
89748,0.8869101650540597,0.9109557040212996,0.9194231950230414,0.8981133172942337,0.8847533157269573
89749,0.8891441712203189,0.9167419237278368,0.9227676450823178,0.9018993046601819,0.8860910404445616
89750,0.8869101650540597,0.9109557040212996,0.9194231950230414,0.8981133172942337,0.8847533157269573
89751,0.8774865188615942,0.8999094502321959,0.9117864409386799,0.8893728295221928,0.8767872606546053
89752,0.8770184687356452,0.8982467533096387,0.9074023431036142,0.887092429564932,0.8767872606546053
89753,0.8772162571128044,0.9000381848474519,0.9104036580265171,0.8878931401397764,0.8768207835852173
89754,0.8808123320933925,0.9071538334766661,0.9149182589266676,0.8940779543013085,0.8806650667017281
89755,0.8842417497243723,0.9097797112257044,0.9187337198458781,0.8964870558425453,0.8839438710096047
89756,0.8845751063360103,0.9112955876299239,0.9191245754199894,0.8979837730140275,0.881964741281698
89757,0.8920385039978604,0.9131980281517585,0.9228871231029481,0.8985743129384556,0.8870103323279381
89758,0.8920385039978604,0.9131980281517585,0.9228871231029481,0.8985743129384556,0.8870103323279381
89759,0.886888249495424,0.9109387978671138,0.9194080052082599,0.8980937610364841,0.884730940765584
89760,0.8874573113505614,0.911523291485702,0.919997932998339,0.8986700127818799,0.8852986184078754
89761,0.8814978684990148,0.9008239177943292,0.9109825941136541,0.8901581943201284,0.8786506669354371
89762,0.877947038569185,0.900955955692749,0.9124963402344923,0.88759264617361,0.8780447157983979
89763,0.8778862848490806,0.90090761761617,0.9124540496252072,0.8875371565310736,0.8779840158227681
89764,0.8806222605298257,0.9036531106585219,0.9152051129819222,0.8902768591720389,0.8807200273068908
89765,0.8800496262969765,0.9011598571484756,0.9114907323588031,0.8909939775152474,0.878704524968359
89766,0.866422223413952,0.8853820998184504,0.9017363220702276,0.8744803622805837,0.8610997702460648
89767,0.8605101952701569,0.8808281209353712,0.8963798382440052,0.8694993661931206,0.8581443075920142
89768,0.8921793680404826,0.9133092755413615,0.9229851545430576,0.898705916220746,0.8871583909403475
89769,0.8909962220001841,0.9151508097744092,0.9236567163800975,0.9022501737741914,0.8888295942645417
89770,0.8903404848922785,0.9118255146832269,0.9278872590398143,0.8994673896099586,0.8868539470589191
89771,0.9016817174361328,0.9205455086911937,0.9303017137968268,0.9098677372725491,0.8973376209602958
89772,0.892740083894712,0.9204494483446333,0.9264995391641485,0.9055468021590439,0.889674605524483
89773,0.8916559076297492,0.9143370705323277,0.9232815662373004,0.9014400833956026,0.8867156252022389
89774,0.8916559076297492,0.9143370705323277,0.9232815662373004,0.9014400833956026,0.8867156252022389
89775,0.8806611739484714,0.8970545108211577,0.9083864801794631,0.8889664839878535,0.8798821097003815
89776,0.8806611739484714,0.8970545108211577,0.9083864801794631,0.8889664839878535,0.8798821097003815
89777,0.9021877316830236,0.9211819125832438,0.9306111573806284,0.9081546820213799,0.8952920006585796
89778,0.909563782043966,0.9287132543873802,0.9382195902180926,0.9155795166038889,0.9026116733305715
89779,0.8786450099533567,0.905052981223895,0.9123411814373684,0.8912395320017358,0.8780933282895349
89780,0.8777560743627651,0.8999862559107648,0.909182438903639,0.888438936397697,0.8765610102743253
89781,0.8781554327153384,0.9011217680750635,0.9126414105525665,0.887782986580766,0.8782529256249169
89782,0.8781554327153384,0.9011217680750635,0.9126414105525665,0.887782986580766,0.8782529256249169
89783,0.8779929355241674,0.9009924736343166,0.9125282897039673,0.8876345665788065,0.8780905721543978
89784,0.9018390289358544,0.9154856579320174,0.9275651100575116,0.9070056871432672,0.8989658422674108
89785,0.8947468182700675,0.9113129028137827,0.9228025674650825,0.9028382836857074,0.8918926677949525
89787,0.8786450099533567,0.905052981223895,0.9123411814373684,0.8912395320017358,0.8780933282895349
89788,0.878605041055884,0.9050224088941697,0.9123131293585737,0.891204097172438,0.8780531585408411
89789,0.8819647647749512,0.9083488473661031,0.9161257635523893,0.8952518712500056,0.8818172604113829
89792,0.9156848895836036,0.9337639870760751,0.9485884471932972,0.9229458630551755,0.9129759063867392
89793,0.8967485314343336,0.9179047085616948,0.9275934747471151,0.903282914176539,0.8917217007359949
89795,0.8921793680404826,0.9133092755413615,0.9229851545430576,0.898705916220746,0.8871583909403475
89798,0.8939485429526066,0.9150386624838888,0.924697176672489,0.9004625228775538,0.8889374079231891
89799,0.895299216005686,0.9172391722346518,0.9259603072966959,0.9021782978650932,0.8902314116557648
89801,0.8801162182262471,0.9008239177943292,0.9109825941136541,0.8897811659929118,0.8786506669354371
89802,0.8612795776241762,0.8735968100095683,0.888936506594835,0.8659812466123414,0.8633891046052258
89803,0.8778862848490806,0.900345767185907,0.9116480084658268,0.8875371565310736,0.8779840158227681
89804,0.88170575466671,0.9009950527232735,0.9111348862485212,0.8903494625604423,0.8788640703333176
89805,0.88170575466671,0.9009950527232735,0.9111348862485212,0.8903494625604423,0.8788640703333176
89806,0.8813453635982398,0.9006983785233555,0.9108708795395677,0.8900178828492539,0.8784941136491536
89807,0.8848552836284868,0.9031911585643032,0.9137237366172769,0.8932905822464221,0.8827920787770757
89808,0.8661696641256201,0.8797940410548462,0.8932280910625177,0.8712225105000843,0.8679235789022381
89809,0.9169601883677447,0.9324924775692585,0.945092547583166,0.9223935502317808,0.9147954779054487
89810,0.8846202391290144,0.9034460508103314,0.9141085337597877,0.8934502095165429,0.8808884489674158
89811,0.8846202391290144,0.9013371722548787,0.912723241991203,0.8932105320706845,0.8808884489674158
89812,0.8813453635982398,0.9006983785233555,0.9108708795395677,0.8900178828492539,0.8784941136491536
89813,0.9135387987476565,0.9264698389278023,0.9389790653510938,0.9178062409021913,0.9103872207462895
89814,0.8777714642224393,0.8988270475564878,0.9091311794930297,0.8886874840771931,0.8764298449234049
89815,0.8755494569923201,0.8967421840490646,0.9058824381695009,0.8856065438705015,0.8753894869700898
89816,0.8620643492945743,0.882133061388756,0.8974997142855705,0.8709421998218995,0.8597280459952216
89817,0.8623033825477788,0.8823776592956241,0.8977485730588528,0.8711836947260175,0.8599664314381106
89818,0.874729662277191,0.8950932207132251,0.9106856380423498,0.8837379447793837,0.8723590343795262
89819,0.8605101952701569,0.8808281209353712,0.8963798382440052,0.8694993661931206,0.8581443075920142
89820,0.8605101952701569,0.8808281209353712,0.8963798382440052,0.8694993661931206,0.8581443075920142
89821,0.8806540616249773,0.8970484611765606,0.9083811480394671,0.8889599137556397,0.8798749461306091
89823,0.8806611739484714,0.8970545108211577,0.9083864801794631,0.8889664839878535,0.8798821097003815
89824,0.8806611739484714,0.8970545108211577,0.9083864801794631,0.8889664839878535,0.8798821097003815
89826,0.8757858167994044,0.8902062983147914,0.9029391127073104,0.8819067670892997,0.8750335743246457
89828,0.8755318430478097,0.8899845835994331,0.9027452297487001,0.8816665835555215,0.874777895757095
89829,0.8845751063360103,0.9127674678633148,0.9191245754199894,0.8981621980582944,0.881964741281698
89830,0.8968492940323218,0.9229863965756822,0.9299106759781245,0.9088691304685927,0.893027479336359
89831,0.878605041055884,0.9050224088941697,0.9123131293585737,0.891204097172438,0.8780531585408411
89832,0.8811047142220254,0.9075972407293601,0.9149087036405462,0.8937396152529853,0.8805512615749558
89833,0.8777959310660036,0.8999862559107648,0.909182438903639,0.8886026644240609,0.8765610102743253
89834,0.8777959310660036,0.8999862559107648,0.909182438903639,0.8885881344746952,0.8765610102743253
89835,0.8772911810750004,0.8993684757572284,0.9105691907065442,0.8876887739842103,0.8769672734305568
89836,0.8771758938413775,0.9000059613173771,0.9102402059319564,0.8878566243639555,0.8767802764439655
89837,0.8522264651973998,0.8711770191226863,0.8866687046945868,0.8611314898799691,0.8530590648917232
89838,0.8647448198409776,0.8844603803313926,0.9005071807086186,0.8742276343006454,0.8625181598263184
89839,0.8772911810750004,0.8993684757572284,0.9106420718289632,0.8876887739842103,0.8777861636450799
89840,0.8771382004102176,0.8992453751613264,0.9105338029746675,0.8875500060168977,0.8776338653477183
89842,0.8859333983971736,0.9056273024332155,0.921107881488987,0.8942688927175143,0.8879454296658474
89843,0.8929666049872593,0.912816854066734,0.9284203296188227,0.9011154180331151,0.8926474703222623
89845,0.8701890717629673,0.8838644329604453,0.8973489977280108,0.8752607971125475,0.8719495357238338
89846,0.8633624417963488,0.8757094613991584,0.8910862545385051,0.8680754810040563,0.8654770703243098
89847,0.8662445858898651,0.8798605451907061,0.8932864854971252,0.8712942873311234,0.8679974058973395
89848,0.8662445858898651,0.8798605451907061,0.8932864854971252,0.8712942873311234,0.8679974058973395
89849,0.8662122202138084,0.8798318157820167,0.8932612593600978,0.8712632802079251,0.8679655131408582
89850,0.8847628197083696,0.9031146283245043,0.9136561382304142,0.8932055101750317,0.882697790607691
89851,0.8671101410712092,0.8807371156700983,0.8941739689210806,0.8721639214806082,0.8688643761024134
89852,0.8829074273965408,0.9022086357184506,0.9123548956220506,0.8915564204915609,0.8800640242597139
89854,0.8755318430478097,0.8899845835994331,0.9027452297487001,0.8816665835555215,0.874777895757095
89855,0.8633436240423246,0.8768738917134686,0.8905169364036736,0.8684077747977902,0.8651190847468041
89856,0.8757858167994044,0.8902062983147914,0.9029391127073104,0.8819067670892997,0.8750335743246457
89857,0.8771382004102176,0.8992453751613264,0.9105338029746675,0.8875500060168977,0.8776338653477183
89858,0.8921761053067243,0.9133066987516871,0.9229828838531313,0.8987028679703509,0.8871549615789612
89859,0.8921761053067243,0.9133066987516871,0.9229828838531313,0.8987028679703509,0.8871549615789612
89860,0.8921761053067243,0.9133066987516871,0.9229828838531313,0.8987028679703509,0.8871549615789612
89861,0.8921761053067243,0.9133066987516871,0.9229828838531313,0.8987028679703509,0.8871549615789612
89862,0.8921761053067243,0.9133066987516871,0.9229828838531313,0.8987028679703509,0.8871549615789612
89863,0.903150826748536,0.923206046770921,0.9336122090580056,0.9084636941034665,0.89803623801142
89864,0.9119080751321964,0.9311370902386782,0.9422676488346321,0.9163503199427163,0.9055888103742706
89865,0.9119080751321964,0.9311370902386782,0.9422676488346321,0.9163503199427163,0.9055888103742706
89866,0.8755624882993346,0.8967528011093934,0.9058920405127084,0.8856184185927685,0.875402536835835
89867,0.8755624882993346,0.8967528011093934,0.9058920405127084,0.8856184185927685,0.875402536835835
89868,0.8755624882993346,0.8967528011093934,0.9058920405127084,0.8856184185927685,0.875402536835835
89869,0.8755494569923201,0.8967421840490646,0.9058824381695009,0.8856065438705015,0.8753894869700898
89870,0.87572245770381,0.8969166420841634,0.9060575512697091,0.8857802252632323,0.8755624770164221
89871,0.87572245770381,0.8969166420841634,0.9060575512697091,0.8857802252632323,0.8755624770164221
89872,0.87572245770381,0.8969166420841634,0.9060575512697091,0.8857802252632323,0.8755624770164221
89873,0.8755624882993346,0.8967528011093934,0.9058920405127084,0.8853887801744992,0.875402536835835
89874,0.8772958203245668,0.8939050242605654,0.9056697362521486,0.8831755279792423,0.8747152676260339
89875,0.8772958203245668,0.8939050242605654,0.9056697362521486,0.8831755279792423,0.8747152676260339
89876,0.8772958203245668,0.8939050242605654,0.9056697362521486,0.8831755279792423,0.8747152676260339
89877,0.87560278504456,0.8967968029100036,0.9059376137459348,0.8856604844807758,0.8754428052788599
89878,0.8847640692348316,0.9129624532132775,0.9193209187750141,0.8983540634311059,0.882153146554441
89879,0.8991222546666042,0.9270203247029054,0.9332598007801263,0.910240564167436,0.8951423517852831
89880,0.8971383447231702,0.9249748577706854,0.9312005664669221,0.9082321217150374,0.8931672234828987
89881,0.8845751063360103,0.9127674678633148,0.9191245754199894,0.8981621980582944,0.881964741281698
89882,0.915701080493319,0.9352128247230306,0.9524094129385511,0.9230494340435997,0.915050127795213
89883,0.9111719623500938,0.9309677324649269,0.944126928429908,0.9220134543226547,0.9082195243769571
89884,0.8930259969943918,0.9130448106329618,0.9296375532858456,0.9011154180331151,0.8926474703222623
89885,0.8629497679593017,0.8764339574040795,0.890031349527048,0.8679965769955479,0.864719135634354
89886,0.8629497679593017,0.8764339574040795,0.890031349527048,0.8679965769955479,0.864719135634354
89887,0.8631339263312271,0.8766209933784647,0.8902212872619861,0.8681818123851285,0.8649036715993706
89888,0.8629497679593017,0.8764339574040795,0.890031349527048,0.8679965769955479,0.864719135634354
89889,0.8897273897274923,0.9062005404089132,0.9176257493398708,0.8977734629365,0.8868892507140188
89890,0.8716298958614453,0.88754256744843,0.8996598662914103,0.8770712289483653,0.8709012858540964
89891,0.8716298958614453,0.88754256744843,0.8996598662914103,0.8770712289483653,0.8709012858540964
89892,0.8719754685877581,0.8878944490282245,0.9000165519836114,0.8774189589851589,0.8712465697103878
89893,0.8673045896746931,0.8809299641310366,0.8943653319025535,0.8723577654379356,0.8690586133124795
89894,0.8629871371736967,0.8764672570721452,0.8900606399619414,0.8680324119442178,0.8647559654169601
89895,0.8629871371736967,0.8764672570721452,0.8900606399619414,0.8680324119442178,0.8647559654169601
89896,0.8599000895147973,0.8721933112170991,0.8875032146306899,0.8645925838573457,0.8620054986001207
89897,0.8661453075011767,0.8797724211080666,0.8932091076413055,0.8711991763384721,0.867899578203635
89898,0.8930259969943918,0.9130448106329618,0.9296375532858456,0.9011154180331151,0.8926474703222623
89899,0.8519846543944839,0.8709566892052284,0.886465377846423,0.8608998686212392,0.852818214079375
89900,0.8519846543944839,0.8709566892052284,0.886465377846423,0.8608998686212392,0.852818214079375
89901,0.8583721650219174,0.8774864372231507,0.8931113978100925,0.8673542185107714,0.8592119740815106
89902,0.8519846543944839,0.8709566892052284,0.886465377846423,0.8608998686212392,0.852818214079375
89903,0.8806469465552125,0.8970424092040877,0.9083758138523511,0.8889533409909769,0.8798677797943095
89904,0.8806469465552125,0.8970424092040877,0.9083758138523511,0.8889533409909769,0.8798677797943095
89905,0.8806469465552125,0.8970424092040877,0.9083758138523511,0.8889533409909769,0.8798677797943095
89906,0.8662122202138084,0.8798318157820167,0.8932612593600978,0.8712632802079251,0.8679655131408582
89907,0.8626252677692529,0.8761448030583726,0.889777015221251,0.8676854028350215,0.864399320770465
89908,0.8662122202138084,0.8798318157820167,0.8932612593600978,0.8712632802079251,0.8679655131408582
89909,0.8562676505064961,0.8757792295017014,0.8922579929738463,0.8652183584567067,0.854584556581836
89910,0.8562676505064961,0.8757792295017014,0.8922579929738463,0.8652183584567067,0.854584556581836
89911,0.8562676505064961,0.8757792295017014,0.8922579929738463,0.8652183584567067,0.854584556581836
89912,0.8576964924245428,0.8772406301202188,0.8937468914757565,0.866662136296609,0.8560105899444618
89913,0.8786853153118577,0.9003233295791515,0.909963023658051,0.8884528410904945,0.8781250741564965
89914,0.8786853153118577,0.9003233295791515,0.909963023658051,0.8884528410904945,0.8781250741564965
89916,0.86626478899506,0.8798784785558401,0.8933022321194187,0.871313642436639,0.8680173138095854
89918,0.8662304320745441,0.8798479815327392,0.8932754538412241,0.8712807276170026,0.867983458891774
89919,0.8662081709786185,0.8798282214858826,0.8932581033612154,0.8712594009437092,0.8679615230735243
89921,0.8595736911427317,0.8718665275006771,0.8871758416390425,0.8642660478079585,0.8616790399061006
89922,0.8662304320745441,0.8798479815327392,0.8932754538412241,0.8712807276170026,0.867983458891774
89923,0.8662304320745441,0.8798479815327392,0.8932754538412241,0.8712807276170026,0.867983458891774
89924,0.8661696641256201,0.8797940410548462,0.8932280910625177,0.8712225105000843,0.8679235789022381
89925,0.8786013159769294,0.8968628964884667,0.90667951688218,0.8851462496554108,0.8774002298198493
89926,0.8716954888561893,0.887599245833113,0.8997099167926603,0.8771337461626558,0.8709672928997333
89927,0.8784359289974238,0.896724576313143,0.9065554032075934,0.8849906606385488,0.8772330327868285
89928,0.9000410290804348,0.9203170905100266,0.9310388781805813,0.9068111028575794,0.8965788685422782
89929,0.884949765488434,0.9028080790284113,0.9135449917186554,0.8899680896801893,0.8820722324183355
89930,0.8626252677692529,0.8761448030583726,0.889777015221251,0.8676854028350215,0.864399320770465
89931,0.8624133155669117,0.8759559447327071,0.8896109053309134,0.8674821576791005,0.8641904299289729
89932,0.8784906127824764,0.8967703101710341,0.9065964396232771,0.8850421045967677,0.8772883150934838
89933,0.8784341034766742,0.8967230495786426,0.9065540332919806,0.8849889432773039,0.8772311872847695
89934,0.8661696641256201,0.8797940410548462,0.8932280910625177,0.8712225105000843,0.8679235789022381
89935,0.8661696641256201,0.8797940410548462,0.8932280910625177,0.8712225105000843,0.8679235789022381
89936,0.8596439838729204,0.8719299826947609,0.8872309817274097,0.8643337133127585,0.8617481512068375
89937,0.8613918582011589,0.8741604659628123,0.8887953171898081,0.8662672393893046,0.8625374631316397
89938,0.8613918582011589,0.8741604659628123,0.8887953171898081,0.8662672393893046,0.8625374631316397
89939,0.8624133155669117,0.8759559447327071,0.8896109053309134,0.8674821576791005,0.8641904299289729
89940,0.8596120605171007,0.8719011645266977,0.8872059397908805,0.8643029830788588,0.8617167643822757
89941,0.8661453075011767,0.8797724211080666,0.8932091076413055,0.8711991763384721,0.867899578203635
89942,0.8661453075011767,0.8797724211080666,0.8932091076413055,0.8711991763384721,0.867899578203635
89943,0.8661453075011767,0.8797724211080666,0.8932091076413055,0.8711991763384721,0.867899578203635
89944,0.8661777767169506,0.8798012421433132,0.8932344140012176,0.871230282541169,0.8679315729459313
89945,0.9105421307629841,0.9327095366037295,0.9435815790550425,0.9163306985728484,0.9060598614385019
89946,0.9105421307629841,0.9327095366037295,0.9435815790550425,0.9163306985728484,0.9060598614385019
89947,0.8624133155669117,0.8759559447327071,0.8896109053309134,0.8674821576791005,0.8641904299289729
89948,0.8663011053292201,0.8799107150241051,0.8933305378747315,0.8713484344927401,0.8680530995354975
89949,0.8663011053292201,0.8799107150241051,0.8933305378747315,0.8713484344927401,0.8680530995354975
89950,0.8662769014729185,0.8798892302693434,0.8933116728207713,0.8713252465189106,0.8680292493125006
89951,0.8853865893456856,0.9104404021407417,0.9183997508240105,0.8970979817439528,0.8834448357052918
89952,0.9001188851462989,0.9255895781894541,0.9336813656069358,0.9120251480103316,0.8981448219031322
89953,0.881591883363598,0.9021848510172268,0.911275155973998,0.8902166677682197,0.8804774873191682
89954,0.8596120605171007,0.8719011645266977,0.8872059397908805,0.8643029830788588,0.8617167643822757
89955,0.8661777767169506,0.8798012421433132,0.8932344140012176,0.871230282541169,0.8679315729459313
89959,0.8595736911427317,0.8718665275006771,0.8871758416390425,0.8642660478079585,0.8616790399061006
89960,0.8595736911427317,0.8718665275006771,0.8871758416390425,0.8642660478079585,0.8616790399061006
89962,0.8595736911427317,0.8718665275006771,0.8871758416390425,0.8642660478079585,0.8616790399061006
89963,0.8595736911427317,0.8718665275006771,0.8871758416390425,0.8642660478079585,0.8616790399061006
89964,0.8595736911427317,0.8718665275006771,0.8871758416390425,0.8642660478079585,0.8616790399061006
89965,0.859443162514048,0.8717486972072106,0.887073453265038,0.8641403983763823,0.8615507053963634
89966,0.8662769014729185,0.8798892302693434,0.8933116728207713,0.8713252465189106,0.8680292493125006
89967,0.8662769014729185,0.8798892302693434,0.8933116728207713,0.8713252465189106,0.8680292493125006
89968,0.8662769014729185,0.8798892302693434,0.8933116728207713,0.8713252465189106,0.8680292493125006
89969,0.8593248094177213,0.8716418596648581,0.8869806187653185,0.8640264700552986,0.8614343420783196
89970,0.8661453075011767,0.8797724211080666,0.8932091076413055,0.8711991763384721,0.867899578203635
89971,0.8661453075011767,0.8797724211080666,0.8932091076413055,0.8711991763384721,0.867899578203635
89972,0.8619528259842784,0.8742718226889542,0.8896139173281276,0.8666551511556341,0.8640626447160311
89973,0.8619528259842784,0.8742718226889542,0.8896139173281276,0.8666551511556341,0.8640626447160311
89974,0.8619528259842784,0.8742718226889542,0.8896139173281276,0.8666551511556341,0.8640626447160311
89975,0.8788734820736426,0.8994369412118424,0.9085138896351027,0.8874860363466026,0.8777606524912532
89976,0.8614406283574492,0.8745393583280937,0.8893322339551116,0.8658214019926793,0.863897313924381
89977,0.874339899295358,0.8913263436969703,0.9032291047432116,0.8812685907014077,0.8743927673903223
89978,0.8659330281859003,0.8795839964586544,0.8930436638129077,0.8709958095834082,0.867690401422247
89979,0.8611137173725972,0.8742467185238645,0.8890773770461496,0.8655060397228417,0.8635768901858736
89980,0.862537928930467,0.8756926509899626,0.8905478382067188,0.8669375158221198,0.8650051756298271
89981,0.8611137173725972,0.8742467185238645,0.8890773770461496,0.8655060397228417,0.8635768901858736
89982,0.8716954888561893,0.887599245833113,0.8997099167926603,0.8771337461626558,0.8709672928997333
89983,0.8622799746799626,0.8753914674231867,0.890198756516842,0.8666650167303563,0.8647390539231715
89984,0.8858443333554523,0.9060866378302308,0.9227761195461444,0.894405819492164,0.8853746090931901
89985,0.9060199792201276,0.926723314545576,0.943792909403366,0.9147764584339133,0.9055395567008324
89986,0.8593248094177213,0.8716418596648581,0.8869806187653185,0.8640264700552986,0.8614343420783196
89987,0.8593248094177213,0.8716418596648581,0.8869806187653185,0.8640264700552986,0.8614343420783196
89988,0.8593248094177213,0.8716418596648581,0.8869806187653185,0.8640264700552986,0.8614343420783196
89989,0.8613083468682119,0.8744209427711036,0.8892291056240349,0.8656937930037376,0.8637676571074419
89990,0.8625441494985311,0.8756755593146585,0.890504968875195,0.8669358878590063,0.8650069883487091
89991,0.859443162514048,0.8717486972072106,0.887073453265038,0.8641403983763823,0.8615507053963634
89992,0.8597013290040678,0.8719817501553516,0.8872759660653069,0.864388915315974,0.8618045326028249
89993,0.8597013290040678,0.8719817501553516,0.8872759660653069,0.864388915315974,0.8618045326028249
89994,0.859614190185906,0.871903087038758,0.8872076103799496,0.8643050331506799,0.8617188582573462
89995,0.8596014090746292,0.871891549177206,0.887197584429908,0.8642927297403602,0.8617062919620498
89996,0.8597013290040678,0.8719817501553516,0.8872759660653069,0.864388915315974,0.8618045326028249
89997,0.8597013290040678,0.8719817501553516,0.8872759660653069,0.864388915315974,0.8618045326028249
89998,0.8597013290040678,0.8719817501553516,0.8872759660653069,0.864388915315974,0.8618045326028249
89999,0.8597013290040678,0.8719817501553516,0.8872759660653069,0.864388915315974,0.8618045326028249
90000,0.8597013290040678,0.8719817501553516,0.8872759660653069,0.864388915315974,0.8618045326028249
90001,0.8596885986176045,0.8719702579563264,0.8872659796626228,0.8643766606816727,0.8617920161554198
90002,0.8596885986176045,0.8719702579563264,0.8872659796626228,0.8643766606816727,0.8617920161554198
90003,0.8596885986176045,0.8719702579563264,0.8872659796626228,0.8643766606816727,0.8617920161554198
90004,0.8784341034766742,0.8967230495786426,0.9065540332919806,0.8849889432773039,0.8772311872847695
90005,0.86433309932684,0.8774758110821006,0.8923183569497555,0.8687285823455683,0.8667980337404704
90006,0.86433309932684,0.8774758110821006,0.8923183569497555,0.8687285823455683,0.8667980337404704
90007,0.86433309932684,0.8774758110821006,0.8923183569497555,0.8687285823455683,0.8667980337404704
90008,0.8596014090746292,0.871891549177206,0.887197584429908,0.8642927297403602,0.8617062919620498
90009,0.8595758245320384,0.8718684533618833,0.8871775151286825,0.8642681014573211,0.8616811374373428
90010,0.8771773776308168,0.8938040661659827,0.9055808676424804,0.8830633317345855,0.8745940634267511
90011,0.874339899295358,0.8913263436969703,0.9032291047432116,0.8812685907014077,0.8743927673903223
90012,0.874339899295358,0.8913263436969703,0.9032291047432116,0.8812685907014077,0.8743927673903223
90013,0.874339899295358,0.8913263436969703,0.9032291047432116,0.8812685907014077,0.8743927673903223
90014,0.8746275324878153,0.8916116463702787,0.9035128934845303,0.8815552487051816,0.8746803930117218
90015,0.8606751785769927,0.8746944177820025,0.8894034411076852,0.8663136597237533,0.8631252234387122
90016,0.8646191479904699,0.8787026291441278,0.8934790552944097,0.8702834669884139,0.8670804199704296
90017,0.8612685858824074,0.8735808956568403,0.888914583399243,0.8659683653619,0.8633772634717751
90023,0.8599239793253204,0.8722090013533599,0.8875089109921308,0.8646133249697086,0.8620279727738891
90024,0.8596439838729204,0.8719299826947609,0.8872309817274097,0.8643337133127585,0.8617481512068375
90025,0.8596439838729204,0.8719299826947609,0.8872309817274097,0.8643337133127585,0.8617481512068375
90026,0.8596439838729204,0.8719299826947609,0.8872309817274097,0.8643337133127585,0.8617481512068375
90027,0.8596439838729204,0.8719299826947609,0.8872309817274097,0.8643337133127585,0.8617481512068375
90028,0.8596439838729204,0.8719299826947609,0.8872309817274097,0.8643337133127585,0.8617481512068375
90029,0.8595566165794642,0.871851113905752,0.8871624479147792,0.8642496114504818,0.8616622523361515
90030,0.8595566165794642,0.871851113905752,0.8871624479147792,0.8642496114504818,0.8616622523361515
90031,0.8595566165794642,0.871851113905752,0.8871624479147792,0.8642496114504818,0.8616622523361515
90032,0.8612341246282931,0.8735378636177082,0.8888610835783577,0.8659306147695411,0.8633413236359583
90033,0.8617593581749908,0.8740706007412873,0.8894031657440533,0.8664587125248243,0.863867842282232
90034,0.859443162514048,0.8717486972072106,0.887073453265038,0.8641403983763823,0.8615507053963634
90035,0.8595758245320384,0.8718684533618833,0.8871775151286825,0.8642681014573211,0.8616811374373428
90036,0.8771773776308168,0.8938040661659827,0.9055808676424804,0.8830633317345855,0.8745940634267511
90037,0.8793570056915606,0.8960250085581407,0.9078310732687557,0.8852575853329411,0.8767672724161958
90038,0.8595566165794642,0.871851113905752,0.8871624479147792,0.8642496114504818,0.8616622523361515
90039,0.8595566165794642,0.871851113905752,0.8871624479147792,0.8642496114504818,0.8616622523361515
90040,0.8598710939964598,0.8721700893880149,0.887487025202295,0.8645658058467626,0.8619775001211264
90041,0.8595566165794642,0.871851113905752,0.8871624479147792,0.8642496114504818,0.8616622523361515
90042,0.8685820008064551,0.882436546677756,0.8974373750296971,0.8741885381631044,0.869193458997579
90043,0.8859840930483374,0.9066796576446929,0.9158152517269902,0.8946518472922982,0.8848641449324885
90044,0.8613751161138792,0.8741454344342549,0.8887822004733636,0.8662511549134285,0.8625208760703256
90045,0.859443162514048,0.8717486972072106,0.887073453265038,0.8641403983763823,0.8615507053963634
90046,0.859443162514048,0.8717486972072106,0.887073453265038,0.8641403983763823,0.8615507053963634
90047,0.859443162514048,0.8717486972072106,0.887073453265038,0.8641403983763823,0.8615507053963634
90048,0.8740687189401735,0.8910952312153609,0.9030253852004514,0.8810138949027757,0.8741217135639052
90049,0.8635505805526315,0.8776610180020776,0.8924647313642924,0.8692258548074937,0.86601663179526
90050,0.8744080606634062,0.8913844358263933,0.9032803125007767,0.881332609511854,0.8744608969622465
90051,0.8744080606634062,0.8913844358263933,0.9032803125007767,0.881332609511854,0.8744608969622465
90052,0.8743872587167094,0.8913667067992296,0.9032646844560049,0.881313071782804,0.8744401047190088
90056,0.8595758245320384,0.8718684533618833,0.8871775151286825,0.8642681014573211,0.8616811374373428
90057,0.8604977276987497,0.8745367633567019,0.8892660486794403,0.8661442288988842,0.8629512671365797
90058,0.8604977276987497,0.8745367633567019,0.8892660486794403,0.8661442288988842,0.8629512671365797
90059,0.874339899295358,0.8913263436969703,0.9032291047432116,0.8812685907014077,0.8743927673903223
90060,0.874339899295358,0.8913263436969703,0.9032291047432116,0.8812685907014077,0.8743927673903223
90061,0.874339899295358,0.8913263436969703,0.9032291047432116,0.8812685907014077,0.8743927673903223
90062,0.8809351971293271,0.8980497732335634,0.9100423188752575,0.8879161528589647,0.8809884640175211
90063,0.8809351971293271,0.8980497732335634,0.9100423188752575,0.8879161528589647,0.8809884640175211
90064,0.8809351971293271,0.8980497732335634,0.9100423188752575,0.8879161528589647,0.8809884640175211
90065,0.8809351971293271,0.8980497732335634,0.9100423188752575,0.8879161528589647,0.8809884640175211
90066,0.8605040901449889,0.8745424159365591,0.889270974719566,0.8661503037575449,0.8629575042719381
90067,0.8605337571102217,0.8745687729894205,0.8892939440969048,0.8661786297830909,0.8629865869483119
90068,0.8605125705292586,0.8745499501615297,0.8892775405594938,0.8661584008253614,0.8629658176333165
90069,0.8685304100283588,0.8823909454594712,0.8973981007002899,0.8741393884252094,0.8691421355948165
90070,0.8595800906901186,0.8718723045257023,0.8871808616241887,0.8642722081593586,0.8616853318900242
90072,0.8603295158970394,0.8743873210718199,0.8891358162233631,0.8659836212409834,0.8627863687085913
90073,0.8603295158970394,0.8743873210718199,0.8891358162233631,0.8659836212409834,0.8627863687085913
90074,0.8603295158970394,0.8743873210718199,0.8891358162233631,0.8659836212409834,0.8627863687085913
90075,0.884949765488434,0.9028080790284113,0.9135449917186554,0.8899680896801893,0.8820722324183355
90076,0.884949765488434,0.9028080790284113,0.9135449917186554,0.8899680896801893,0.8820722324183355
90077,0.8879193690372703,0.9058376092683805,0.916610551545017,0.8929545330926091,0.8850321799022175
90078,0.8742619819357977,0.8912599377039034,0.9031705689118712,0.8811954092437615,0.8743148863813193
90079,0.8884019411881249,0.9074343375933792,0.9196652422729776,0.8956241621129535,0.8864447178349532
90080,0.8685304100283588,0.8823909454594712,0.8973981007002899,0.8741393884252094,0.8691421355948165
90081,0.8887147393409823,0.9076896293526405,0.9198845358708271,0.8959149206268591,0.8867635353743248
90082,0.8743872587167094,0.8913667067992296,0.9032646844560049,0.881313071782804,0.8744401047190088
90083,0.9172959589162196,0.9344799862491874,0.9476685682842317,0.9227509354737236,0.9118518699747661
90084,0.9172959589162196,0.9344799862491874,0.9476685682842317,0.9227509354737236,0.9118518699747661
90085,0.9172959589162196,0.9344799862491874,0.9476685682842317,0.9227509354737236,0.9118518699747661
90086,0.87975335009575,0.8968580725253574,0.9088435161606431,0.8867303272809186,0.8798065868418788
90087,0.9263511316881319,0.9434273404264724,0.9596225571968047,0.9308284703107762,0.9214812380444289
90088,0.9166047308137146,0.9339954951854883,0.9497464004155876,0.9237765216988812,0.9097769945043631
90089,0.8884019411881249,0.9074343375933792,0.9196652422729776,0.8956241621129535,0.8864447178349532
90090,0.9093688184447564,0.9261771876929551,0.9391110858202169,0.914227635992733,0.9071072460114297
90091,0.9093688184447564,0.9261771876929551,0.9391110858202169,0.914227635992733,0.9071072460114297
90092,0.9050415985536602,0.9185346589712627,0.9361262060280363,0.9107122711845994,0.904661948085516
90093,0.9050415985536602,0.9185346589712627,0.9361262060280363,0.9107122711845994,0.904661948085516
90094,0.8756108133108778,0.9007184153307065,0.9082608645551842,0.8927820909426476,0.8753423199869688
90095,0.8756108133108778,0.9007184153307065,0.9082608645551842,0.8927820909426476,0.8753423199869688
90096,0.8756108133108778,0.9007184153307065,0.9082608645551842,0.8927820909426476,0.8753423199869688
90097,0.8756108133108778,0.9007184153307065,0.9082608645551842,0.8927820909426476,0.8753423199869688
90098,0.8756108133108778,0.9007184153307065,0.9082608645551842,0.8927820909426476,0.8753423199869688
90099,0.9527850814212754,0.9700682714700918,0.9800875614057911,0.9599649348221212,0.9485315993241268
90100,0.9167180753713895,0.9371628478635696,0.9447293834133649,0.9274979576822802,0.9123385317240746
90101,0.9222013937821285,0.9419760455776721,0.9510613525653976,0.9313119960365215,0.9163816604857745
90102,0.9407929597771418,0.9605069008958578,0.9743735485636301,0.9525683504503474,0.9379850402940181
90103,0.9407929597771418,0.9605069008958578,0.9743735485636301,0.9525683504503474,0.9379850402940181
90104,0.9049741568012719,0.9228670981690975,0.9284914823007873,0.9125433008280087,0.8997328871985617
90105,0.898482223191087,0.9215665161646058,0.9262635851453414,0.9074201759330748,0.8935103029358074
90106,0.9049741568012719,0.9228670981690975,0.9284914823007873,0.9125433008280087,0.8997328871985617
90107,0.9049741568012719,0.9228670981690975,0.9284914823007873,0.9125433008280087,0.8997328871985617
90108,0.9021320930729382,0.9219606657432681,0.9278358482481204,0.910591497614538,0.8969073970600225
90109,0.8946201459812606,0.9176052123707729,0.9222820912547037,0.9035196794171161,0.8896695972561142
90110,0.9026457148991937,0.9224855768117366,0.9283641043056332,0.9111099357363702,0.8974180442466122
90111,0.9109320286944205,0.9312477599784932,0.9387665378489646,0.9216438716550477,0.9065801273993708
90112,0.91383105021191,0.934211435872249,0.941754142090989,0.9245769833815283,0.9094652990849311
90114,0.9019374986062777,0.9258559457520467,0.9372614457768942,0.9198944002353534,0.90043399603899
90117,0.9287668621078009,0.9477070482807158,0.9561638197715249,0.9395797459060777,0.9232694091509757
90118,0.9181625633685361,0.9385308897615392,0.9480571192641987,0.9280737020646019,0.9161467940366067
90119,0.9029510649929501,0.9261501738757256,0.9296277809166238,0.9119334730350046,0.8979544155616237
90120,0.8795949058916362,0.9032463117691831,0.9004473369631757,0.886721997918132,0.8729879134106453
90121,0.8943656809635088,0.9173442094996616,0.9160717988324848,0.9024840856968309,0.8894165403683657
90122,0.8482947938843842,0.8748077694720016,0.8705747997141337,0.8563012998956627,0.8426198191073512
90123,0.9190286450419706,0.9405966608325427,0.9448371744127104,0.9270831617532579,0.9141385417250542
90124,0.8724480789151974,0.896081161910614,0.9023597442568116,0.8859885339381266,0.8686247991633642
90125,0.8724480789151974,0.896081161910614,0.9023597442568116,0.8859885339381266,0.8686247991633642
90126,0.9238759994410529,0.9452931711221568,0.9533965398143567,0.9354917213914368,0.92015589122564
90127,0.9110400355963891,0.9312503573220334,0.9407026883268631,0.9208742899111562,0.9090399033353028
90128,0.9097209056515935,0.9312699392054267,0.9402672417649036,0.9207012181325616,0.9082324805078218
90129,0.915338928332794,0.937525873584836,0.9481403087757823,0.926015673913238,0.9125399846753179
90130,0.9072451539678502,0.9270089923481227,0.9327823348071195,0.9160009111264498,0.9010837369468077
90131,0.9074327671056898,0.9275630659411215,0.9369779703845871,0.917228082631454,0.9054405543802998
90132,0.9050716462886294,0.9265243344484553,0.9354812803533514,0.9160029216189423,0.9035898592641154
90133,0.897300895422846,0.9200187884888356,0.9277237756847302,0.9086508730810295,0.8955045962713463
90134,0.9005901754107322,0.923391346573746,0.9311245783198462,0.9119817592397826,0.8987872914771582
90135,0.9005901754107322,0.923391346573746,0.9311245783198462,0.9119817592397826,0.8987872914771582
90136,0.9005901754107322,0.923391346573746,0.9311245783198462,0.9119817592397826,0.8987872914771582
90137,0.9045288618145578,0.9274297527672197,0.935196805418286,0.9159702661697151,0.9027180930576417
90138,0.9045288618145578,0.9274297527672197,0.935196805418286,0.9159702661697151,0.9027180930576417
90139,0.9045288618145578,0.9274297527672197,0.935196805418286,0.9159702661697151,0.9027180930576417
90140,0.9036762041549674,0.9250820537118578,0.9340195730917804,0.914583557214123,0.9021976689517679
90141,0.9036762041549674,0.9250820537118578,0.9340195730917804,0.914583557214123,0.9021976689517679
90142,0.9037048962620623,0.9251039739692727,0.9340387360698683,0.9146087686586699,0.9022268377718213
90143,0.9036535160624096,0.9250647205393361,0.9340044202469231,0.914563621506981,0.902174603889627
90145,0.9036535160624096,0.9250647205393361,0.9340044202469231,0.914563621506981,0.902174603889627
90146,0.903623215210854,0.9250415715690375,0.9339841832288341,0.9145369966786941,0.9021437995636622
90147,0.903623215210854,0.9250415715690375,0.9339841832288341,0.9145369966786941,0.9021437995636622
90148,0.9036535160624096,0.9250647205393361,0.9340044202469231,0.914563621506981,0.9018713122707247
90149,0.8668312549740617,0.8916871085535106,0.8991539312873579,0.8838303599563004,0.8665654537740558
90150,0.8668312549740617,0.8916871085535106,0.8991539312873579,0.8838303599563004,0.8665654537740558
90151,0.909067391883013,0.9321569895786309,0.940285296065829,0.9217430230320963,0.9064839681713348
90152,0.8905657637419278,0.91858748259119,0.9229580811597978,0.9079320588617995,0.8872278494645195
90153,0.8905657637419278,0.91858748259119,0.9229580811597978,0.9079320588617995,0.8872278494645195
90154,0.8905657637419278,0.91858748259119,0.9229580811597978,0.9079320588617995,0.8872278494645195
90155,0.9151368488882063,0.9373188959266634,0.947930987767948,0.9258112373627194,0.9123385231537338
90156,0.9072451539678502,0.9270089923481227,0.9327823348071195,0.9160009111264498,0.9010837369468077
90157,0.9122426610469555,0.9321153673796042,0.9379205119592106,0.921046648783797,0.9060473042191857
90158,0.9349505170092635,0.9579276093704299,0.9580240917827328,0.9445812225291708,0.9295307947526387
90159,0.9063624221737749,0.9298064377828641,0.9296277809166238,0.9150116147245074,0.901183653613353
90160,0.8344759636762094,0.857897869512896,0.8616525776601147,0.8515480092671839,0.8284492508777391
90161,0.820115810502528,0.8417918407748359,0.8481862124367742,0.8357438416841573,0.8145749839253911
90162,0.8200908093957886,0.8409279785905096,0.8474737336852377,0.8353740580424593,0.8140606653136474
90163,0.8232421398741284,0.8440935701728706,0.8506639661259784,0.8385187424311205,0.8171251175084326
90164,0.9310667434770383,0.9534238814500507,0.9605387510695168,0.9412815898126156,0.9271328772776977
90165,0.847650624870049,0.8688650639746337,0.8745687327849003,0.8623291758776352,0.8416345863489332
90166,0.8200908093957886,0.8417661788775843,0.8481603556080674,0.8357183641592455,0.8145501517299139
90167,0.8372767359919123,0.8579948763041686,0.8633716440470108,0.8505976963932704,0.8311884431549931
90168,0.8392036948006641,0.8599695170814494,0.8653586592394872,0.8525553128578283,0.8331013900020983
90169,0.8270398352334027,0.8476985568436622,0.8528737840503271,0.8404161850624817,0.8211947522082504
90170,0.8263777811752187,0.8470287475106915,0.8522019897877945,0.8397491405946582,0.8205348420807788
90171,0.8263777811752187,0.8470287475106915,0.8522019897877945,0.8397491405946582,0.8205348420807788
90172,0.9144467136951495,0.9380152988209645,0.9455494030486767,0.9208247777677792,0.9087625647409241
90173,0.9145624672197015,0.9359741598794693,0.9398260879807054,0.9209413386476261,0.9079458308622107
90174,0.9144467136951495,0.9380152988209645,0.9455494030486767,0.9208247777677792,0.9087625647409241
90175,0.9145911734895744,0.9359741598794693,0.9398260879807054,0.9241376078716719,0.9079458308622107
90176,0.9145911734895744,0.9359741598794693,0.9398260879807054,0.9241376078716719,0.9079458308622107
90177,0.9145911734895744,0.9359741598794693,0.9398260879807054,0.9241376078716719,0.9079458308622107
90178,0.8734101938399771,0.8935263488942369,0.8986515315312886,0.8821810435957353,0.865832528298358
90179,0.8943220637884448,0.9149868725201641,0.9209485845779829,0.9052916369990831,0.8879147960955934
90180,0.8533503557485703,0.874707443947118,0.8804494650882683,0.8681276075510067,0.8472938644754372
90181,0.8515222338721631,0.8716963173639705,0.8795923453579362,0.86390630424099,0.84561845297663
90182,0.9381543989267772,0.9590882676209135,0.9678183204317221,0.9507058075501069,0.9337654839603621
90183,0.8482362249140347,0.8694716039318524,0.87777817580606,0.8616507481773362,0.8429230336886068
90184,0.8482362249140347,0.8694716039318524,0.87777817580606,0.8616507481773362,0.8429230336886068
90185,0.8482362249140347,0.8694716039318524,0.87777817580606,0.8616507481773362,0.8429230336886068
90187,0.8483169920147159,0.8695397905915893,0.877841566052965,0.8617235140931421,0.8430070223644754
90193,0.8506943940669022,0.8719766693787281,0.8799244780455059,0.8641384878236065,0.8453695432662635
90194,0.897982625288607,0.9238310666317566,0.9312500405170882,0.9145228887783073,0.8955429588440522
90195,0.9069180284284462,0.9330236754651506,0.9405164720734196,0.923622876307819,0.9044540860095074
90196,0.8602322904084104,0.8806454043238768,0.8886347219573214,0.8727632092718731,0.8542583690985768
90197,0.9098133758178077,0.9353288577324966,0.943416555629028,0.9226562086215809,0.905764827784885
90198,0.8431818488607531,0.865481925868724,0.8684789947052037,0.853900158739252,0.8342333405157025
90199,0.8833612474447121,0.9081348862286579,0.9159874404916836,0.8958306847027294,0.8794304078508364
90200,0.8360420829269954,0.8581533307632321,0.8611250214799044,0.8466696339450641,0.8271693473883996
90201,0.8360420829269954,0.8581533307632321,0.8611250214799044,0.8466696339450641,0.8271693473883996
90202,0.8374761046843758,0.8596252788536614,0.862602066764878,0.848121884616633,0.8285881501800489
90203,0.840779813491812,0.8630163625979718,0.866004893459686,0.8514675893171191,0.8318567974335951
90204,0.9152022636002833,0.9415520010152375,0.9474444732944436,0.9288818239105163,0.9083570840874519
90205,0.9152022636002833,0.9415520010152375,0.9474444732944436,0.9288818239105163,0.9083570840874519
90207,0.8276626945676165,0.8503461894684683,0.8531731219439661,0.8387826799955844,0.8189381166424072
90208,0.8219562063548804,0.8444833053022538,0.8472907469187876,0.8329995227893235,0.8132917818006253
90209,0.825391241590471,0.8480124834837113,0.8508316576728567,0.8364807091224747,0.8166906075600785
90210,0.8253655007636475,0.8479860371860265,0.850805123455806,0.836454622457158,0.8166651380730785
90211,0.8222371066259033,0.8447719041199276,0.8475803051684906,0.8332841970699049,0.8135697210389475
90212,0.8148515532545577,0.8339610564921517,0.8398003685385592,0.8236767090389795,0.805649499088605
90213,0.853272931766441,0.8766583184992216,0.8795727243037914,0.8647370011628263,0.8442783905922043
90214,0.825391241590471,0.8480124834837113,0.8508316576728567,0.8364807091224747,0.8166906075600785
90216,0.8811461875877714,0.9060160438277847,0.9161294110106725,0.8969473254587556,0.8763485618667319
90217,0.9264805931850233,0.9529866361498716,0.9601746110747155,0.9384894900990706,0.9206718755549897
90221,0.9351801150567683,0.9542348701275406,0.9680325625984396,0.9458573276007027,0.9322185238188216
90223,0.9168040129334512,0.9341985582898426,0.9499528879772642,0.9239773630618137,0.909974792182967
90225,0.8968835036649717,0.9192138966623777,0.9256460645982545,0.9094952590349069,0.8930479591315676
90226,0.9345937728606039,0.951259507938008,0.9652216342566372,0.9396928422452574,0.9283757350088532
90227,0.8402165887912191,0.8665627941951705,0.8715673623728982,0.8582318256329418,0.8368711608535087
90229,0.9069657443630962,0.926413699989916,0.9353489090130725,0.9159258307509115,0.9012421586293172
90230,0.9105327111692908,0.9307428677618919,0.9361954641891362,0.9196389278060003,0.9060242253596016
90231,0.8780636182056302,0.9020173986782835,0.8982801759374899,0.8845880911377866,0.8725082133267222
90232,0.9030982359567234,0.9227185994104022,0.9353489090130725,0.9138436634721904,0.9001719589909196
90233,0.9069657443630962,0.9261239735719925,0.9346352191280484,0.9159258307509115,0.9012421586293172
90234,0.9219070404708615,0.9357514106045973,0.9505398577001953,0.9282948186536617,0.9218636810064519
90235,0.9219036825105232,0.9357486797171908,0.9505377809934222,0.9282917518140386,0.9218603210594325
90236,0.9219070404708615,0.9357514106045973,0.9505398577001953,0.9282948186536617,0.9218636810064519
90239,0.849654420586918,0.8679920345115236,0.8743112392532113,0.8612284126796894,0.8424761424461379
90241,0.8516448443793811,0.8791695745630084,0.8837845646723407,0.8695514541200218,0.8486589332150628
90242,0.8516448443793811,0.8791695745630084,0.8837845646723407,0.8695514541200218,0.8486589332150628
90243,0.8515175759357394,0.8790683773124799,0.8836876186745375,0.8694412877541634,0.8485287605183571
90251,0.8264326644494681,0.8470762194720243,0.8522476472888335,0.8397991940395865,0.8205918725884065
90252,0.8325243327244624,0.8541585868542325,0.8593184224263023,0.8481585749788904,0.8270570562614286
90254,0.8261253192328132,0.84787860556025,0.8536340251656066,0.8410798445780195,0.8210038980931057
90259,0.8689122082278904,0.8894235612887402,0.8974521998978491,0.8815030480393532,0.8629101611958875
90260,0.9106201624758452,0.9355813234637724,0.9436597177699592,0.9244421497630714,0.9057902219962323
90264,0.8751287272638211,0.9026177844648937,0.9069054747987984,0.8921646809760906,0.8718543939084574
90265,0.853853483857674,0.8814798633986359,0.8861117763987147,0.8718263645266424,0.8508564694344133
90266,0.8749547304942648,0.902485247006291,0.9067792318509666,0.8920166058603769,0.871675327663045
90267,0.865498835203576,0.8924078904458599,0.8980236543916003,0.8834781422099531,0.8625697728130123
90268,0.865498835203576,0.8924078904458599,0.8980236543916003,0.8834781422099531,0.8625697728130123
90269,0.865498835203576,0.8924078904458599,0.8980236543916003,0.8834781422099531,0.8625697728130123
90271,0.9217733177397182,0.9394807661644687,0.9555643106623356,0.9298620067429904,0.9196060924239414
90272,0.9217733177397182,0.9394807661644687,0.9555643106623356,0.9298620067429904,0.9196060924239414
90273,0.9150507130155977,0.9319103624983178,0.9448846392320787,0.9199242128847595,0.912782346365724
90274,0.9217733177397182,0.9394807661644687,0.9555643106623356,0.9298620067429904,0.9196060924239414
90285,0.8863721365872612,0.9133320713338021,0.9193424661294932,0.9037320479548686,0.8835802688812449
90286,0.8676585196466022,0.8925175542234188,0.8999854800844442,0.8846597174486108,0.8673926886251436
90287,0.8325243327244624,0.8541585868542325,0.8593184224263023,0.8481585749788904,0.8270570562614286
90289,0.8738157139312634,0.9003937319619213,0.9063189829965791,0.890929703326141,0.8710633960593058
90290,0.8602824682906856,0.8864087905876987,0.8906415498073029,0.8762601280893786,0.855336236206799
90291,0.8676585196466022,0.8925175542234188,0.8999854800844442,0.8846597174486108,0.8673926886251436
90296,0.8269638880948037,0.847620712612896,0.852795464578005,0.8403390095725372,0.821119341824124
90298,0.8264326644494681,0.8470762194720243,0.8522476472888335,0.8397991940395865,0.8205918725884065
90299,0.9220158300909055,0.9358625115114085,0.9506534118496848,0.9284046764891751,0.9219724633649884
90300,0.9162758060287598,0.93548654346525,0.9466079673158347,0.9207135419614697,0.9099632577028158
90302,0.8863691199506297,0.9142540176939193,0.9186032935345243,0.9036505978340373,0.8830475169703762
90303,0.9079193594813874,0.934654284848703,0.9404004678421647,0.9228193600042376,0.9064740911348721
90309,0.85372190409833,0.8813440263838725,0.8859752256010724,0.8716920151266542,0.8507253515182825
90310,0.86163686172,0.8878043162271365,0.8920437393292284,0.8776396760908769,0.8566828424912148
90311,0.9105327111692908,0.9307428677618919,0.9361954641891362,0.9196389278060003,0.9060242253596016
90316,0.9105327111692908,0.9307428677618919,0.9361954641891362,0.9196389278060003,0.9060242253596016
90317,0.9105327111692908,0.9307428677618919,0.9361954641891362,0.9196389278060003,0.9060242253596016
90318,0.8928350153471094,0.9150646100414873,0.9214677434855483,0.9053898418694581,0.8890167842743417
90319,0.9010534463811797,0.9234876616244505,0.9299497350850962,0.9137238384605968,0.8972000689843944
90320,0.8403725100387659,0.862210709513794,0.8674191866725303,0.8561541357396163,0.8348536937547063
90322,0.878181688857106,0.9001801193341425,0.907333752162909,0.8908791892209323,0.873933127398996
90324,0.8749547304942648,0.902485247006291,0.9067792318509666,0.8920166058603769,0.871675327663045
90325,0.8543768718010224,0.8820338000261211,0.8864315731934895,0.8733807605289216,0.8520271654629936
90326,0.8749547304942648,0.902485247006291,0.9067792318509666,0.8920166058603769,0.871675327663045
90327,0.8749547304942648,0.902485247006291,0.9067792318509666,0.8920166058603769,0.871675327663045
90329,0.9093765326660077,0.926630156254417,0.942256852367782,0.9164917679565442,0.9026026387919887
90337,0.8222216186251731,0.8439533063546713,0.8503640968194329,0.8378897778406506,0.8166665648895509
90339,0.8936390933955797,0.9161468009957501,0.922160366476317,0.9060873317891888,0.8881197266531773
90341,0.9208202290730289,0.9440125363718808,0.950209011866614,0.9336470959971294,0.9151329839808682
90342,0.8961049711969415,0.9186747858120591,0.92470494492392,0.9085875588428918,0.8905703744987011
90344,0.8936390933955797,0.9161468009957501,0.922160366476317,0.9060873317891888,0.8881197266531773
90345,0.8961049711969415,0.9186747858120591,0.92470494492392,0.9085875588428918,0.8905703744987011
90346,0.8255472363311629,0.8482197330384555,0.8525631942003211,0.8366830175561947,0.8184126796905484
90348,0.8963426594822603,0.9139548023788995,0.9261872093277945,0.9008288441781991,0.8890997402535457
90351,0.8200908093957886,0.8417661788775843,0.8481603556080674,0.8357183641592455,0.8145501517299139
90352,0.824971026109691,0.8467753819174071,0.8532076092732528,0.8406915777133517,0.819397396960857
90353,0.8200908093957886,0.8417661788775843,0.8481603556080674,0.8357183641592455,0.8145501517299139
90358,0.8458850395345778,0.8723845076036545,0.8681538538299716,0.8538877202154667,0.8402126391868983
90359,0.8458850395345778,0.8723845076036545,0.8681538538299716,0.8538877202154667,0.8402126391868983
90360,0.8368794271120826,0.8618205615120116,0.8596078552574742,0.8448026022317812,0.8316235777121614
90363,0.9051173737681204,0.9274291868050745,0.9295196675125968,0.9139440585378336,0.900660611441797
90367,0.8948524344069054,0.9159638786318344,0.9256321587611088,0.9013730007632911,0.8898362325062846
90368,0.894907276760915,0.9160200148319053,0.925688887496017,0.901428242739847,0.8898907674349469
90374,0.8534588692828632,0.8810724810923323,0.885702253420254,0.8714234436547943,0.8504632399515354
90376,0.8515222338721631,0.8716963173639705,0.8795923453579362,0.86390630424099,0.84561845297663
90377,0.8474617553079286,0.8748948351508554,0.8792570138226725,0.8663118312294275,0.845131066915713
90378,0.8474617553079286,0.8748948351508554,0.8792570138226725,0.8663118312294275,0.845131066915713
90381,0.9399532278762883,0.9565474119927122,0.9726399017416383,0.9485428766252235,0.9369448344902492
90382,0.9087058061405581,0.9243790088754207,0.9393753990917301,0.9158461319245129,0.9080989722148781
90389,0.8727352052235234,0.8977396904579832,0.9052513112873052,0.8898358773391215,0.8724678188199854
90390,0.8259666221060035,0.8518420958472864,0.8477110630905521,0.8337808602363097,0.820427792199538
90393,0.9123445928462778,0.9314729080429154,0.9425466162518106,0.9167632890030989,0.9060591280393253
90394,0.9156848895836036,0.9337639870760751,0.9485884471932972,0.9229458630551755,0.9129759063867392
90396,0.8568124068017212,0.8834513939951341,0.8890107963035708,0.8746112676229927,0.8539127414359775
90398,0.9096169268923034,0.926376459815253,0.9392736922454873,0.9144614867742227,0.9073620303365451
90404,0.9116111895132992,0.9334096550078201,0.9393664471605779,0.9228992553273705,0.9054617951206392
90405,0.9016569878711103,0.9231456356541812,0.9321626241050572,0.9146475664243294,0.8950947486003412
90406,0.9156848895836036,0.9337639870760751,0.9485884471932972,0.9229458630551755,0.9129759063867392
90407,0.9155292137419043,0.9336435212977033,0.948496080181897,0.9228044552139828,0.9128148630082146
90409,0.9234179464451693,0.9416790408655561,0.9566521429141391,0.930752111090296,0.920681622565383
90410,0.8882645979456454,0.9088115954767686,0.9245777863215364,0.8977446919143559,0.8855527183505949
90411,0.9155666873896763,0.9336725188725349,0.9485183137754205,0.922838494110305,0.9128536288013246
90412,0.9155292137419043,0.9336435212977033,0.948496080181897,0.9228044552139828,0.9128148630082146
90416,0.8513370866238964,0.8715391194044425,0.8794458237609372,0.8637384299318486,0.8454249384514306
90417,0.8513370866238964,0.8715391194044425,0.8794458237609372,0.8637384299318486,0.8454249384514306
90418,0.8513370866238964,0.8715391194044425,0.8794458237609372,0.8637384299318486,0.8454249384514306
90419,0.8513370866238964,0.8715391194044425,0.8794458237609372,0.8637384299318486,0.8454249384514306
90420,0.8513370866238964,0.8715391194044425,0.8794458237609372,0.8637384299318486,0.8454249384514306
90423,0.9100756430498027,0.9284246547809273,0.9425453537705321,0.9171948412179666,0.9070442232525054
90424,0.8850394029567509,0.9055117965088035,0.9212207419789116,0.8944850757049907,0.8823373699102408
90425,0.8336015546426189,0.8544643829112396,0.860073518382748,0.8480368214622483,0.8276852267159321
90428,0.8515175759357394,0.8790683773124799,0.8836876186745375,0.8694412877541634,0.8485287605183571
90429,0.82634019270535,0.8481807362028962,0.8546236388316335,0.8420868349878827,0.8207573132597108
90437,0.8669194904244899,0.8917573512877202,0.8992189163336151,0.8839062074351479,0.8666538858249341
90441,0.8670249848481767,0.8918658682017839,0.8993283412368439,0.884013768952655,0.8667593479275064
90442,0.8749721979852219,0.9024985520964732,0.9067919050080797,0.8920314708634561,0.8716933041304488
90443,0.8749721979852219,0.9024985520964732,0.9067919050080797,0.8920314708634561,0.8716933041304488
90447,0.8519418876897522,0.8720526430460037,0.8799244780455059,0.8642868216600708,0.846057063849061
90448,0.8519418876897522,0.8720526430460037,0.8799244780455059,0.8642868216600708,0.846057063849061
90452,0.9219036825105232,0.9357486797171908,0.9505377809934222,0.9282917518140386,0.9218603210594325
90454,0.9219036825105232,0.9357486797171908,0.9505377809934222,0.9282917518140386,0.9218603210594325
90455,0.9219036825105232,0.9357486797171908,0.9505377809934222,0.9282917518140386,0.9218603210594325
90477,0.8231779614814478,0.8449349257833981,0.8513531727702521,0.8388643446547941,0.8176164465487031
90483,0.848108030485393,0.8701472477668565,0.8754036682853242,0.8640349240131079,0.8425384142100241
90485,0.848108030485393,0.8701472477668565,0.8754036682853242,0.8640349240131079,0.8425384142100241
90486,0.8387871256221586,0.8618813061888475,0.8636874928310302,0.8492169833345148,0.8299062078855325
90495,0.8325243327244624,0.8541585868542325,0.8593184224263023,0.8481585749788904,0.8270570562614286
90496,1.030669567176105,1.042157327158052,1.0426383893385427,1.0302878261689796,1.0321554313162389
90497,1.0310987247057959,1.042587877560075,1.0430689994650637,1.030716938519845,1.0325847653787004
90498,1.039934910733776,1.0487925108571707,1.0528595818027677,1.0404583582214597,1.0422084321910652
90499,0.8720622340873612,0.8960384657337354,0.9051459956980781,0.8887853587399507,0.877912864733027
90500,1.0399302324851563,1.0487868348679696,1.0528534523982835,1.0404536206170198,1.0422034964988758
90501,1.0400566950694263,1.0489143744752842,1.052981486533929,1.040580146848844,1.0423302355275004
90502,0.8983022327285856,0.9175601552972991,0.9260350087805908,0.9085292330649695,0.8966995900489186
90503,1.030669567176105,1.042157327158052,1.0426383893385427,1.0302878261689796,1.0321554313162389
90505,0.9097152054162873,0.9274047421521429,0.9254963529450114,0.9178377857603949,0.9003201375557701
90506,0.8996049092465154,0.9166870414776739,0.9264023534420412,0.906849034789448,0.8935764296261967
90507,1.0215197017394237,1.0383260496867164,1.0340317188725654,1.0210700681287002,1.0230566825972356
90508,1.0215197017394237,1.0383260496867164,1.0340317188725654,1.0210700681287002,1.0230566825972356
90509,0.8720622340873612,0.8960384657337354,0.9051459956980781,0.8887853587399507,0.877912864733027
90510,0.8814700061059887,0.9057048923671117,0.9112833597722672,0.8983735391491964,0.8869843593348322
90511,0.8773558283196752,0.8976607867879859,0.9030799597251117,0.8873721582012521,0.8716048809728106
90512,1.0375668800896167,1.0433755441387464,1.04517939731016,1.0316730235710363,1.0374977045703406
90513,0.9297671106906105,0.9461541864452393,0.9493517538198221,0.9349252059213782,0.9356352622439356
90514,0.869101770138906,0.8982403166998618,0.9023966239489133,0.8844447667627591,0.8748920690467884
90515,0.8862680601328937,0.9108040281299099,0.9112833597722672,0.8992968036253571,0.8869843593348322
90516,0.8965118496616173,0.9196638350943948,0.9244792439971166,0.9082885110609099,0.9021817303737315
90517,0.8983022327285856,0.9175601552972991,0.9260350087805908,0.9085292330649695,0.8966995900489186
90518,0.8862680601328937,0.9108040281299099,0.9112833597722672,0.8992968036253571,0.8869843593348322
90519,0.8965118496616173,0.9196638350943948,0.9244792439971166,0.9082885110609099,0.9021817303737315
90520,0.8713684070453216,0.9003990718204393,0.9032388894131497,0.8862277091253281,0.8765054152702909
90521,0.8748913951747332,0.9041703445518192,0.9083468668919362,0.890308029363502,0.8807094063806077
90522,0.8683725736838962,0.8973034287420969,0.9001334828177738,0.8831807883104917,0.8734919204691188
90523,0.8793065459686918,0.9086016791915514,0.907236788815216,0.8943012158257048,0.8833772893711916
90525,0.8692955843736866,0.8983872654085862,0.9025370746858584,0.8846136136743685,0.875076383543729
90526,0.869101770138906,0.8982403166998618,0.9023966239489133,0.8844447667627591,0.8748920690467884
90527,0.8386585302312144,0.8658684640429282,0.8664981095090168,0.849898907975195,0.8424411186545722
90528,0.8692955843736866,0.8983872654085862,0.9025370746858584,0.8846136136743685,0.875076383543729
90529,0.8665759635843556,0.8849505157137656,0.8758191554639407,0.8655526865470793,0.8728329849051205
90530,0.8649024286657507,0.8882558855485223,0.8875206168179292,0.8726218946090536,0.8594446359621155
90531,0.8329299254296821,0.8621344995373122,0.8569905007339413,0.8378981284403769,0.8389562165223959
90532,0.8387618966251326,0.86597518411732,0.8666049071885112,0.8500036597688578,0.8425449512603166
90533,0.8262918656566614,0.852258824600987,0.8521290235090634,0.8366769469912994,0.8268394681461307
90534,0.857185662798379,0.8798729472071606,0.8816835508753548,0.8670047108642162,0.8514059053623195
90535,0.8059781752928447,0.8314381748954405,0.8294186412436784,0.8130062052679449,0.8011284312958494
90536,0.880383180263263,0.9026676030652667,0.9045132598518977,0.8911091848241528,0.881645431881708
90537,0.8262918656566614,0.852258824600987,0.8521290235090634,0.8366769469912994,0.8268394681461307
90538,0.8773483876999979,0.8964246465768246,0.9072132979169505,0.8862100695023325,0.8729774861489337
90539,0.8991541588245477,0.9187045423943841,0.9297613367722855,0.9082360904248752,0.8946746221176359
90540,0.8781987588617263,0.8972935074293645,0.9080926156850123,0.8870690298616416,0.8738236208081712
90541,0.834908637609395,0.8611463862986392,0.8610152316094519,0.8454020170905967,0.8354619506304196
90542,0.8485667641116298,0.8760747867507228,0.8658817656886474,0.8539965921987558,0.8502499876706228
90543,0.8471124476137789,0.8745733256169526,0.8643977738682188,0.8525329697878035,0.852211870752342
90544,0.8433806157690722,0.870720518830484,0.8605897940089903,0.8487772586135921,0.8484575741336707
90545,0.8433806157690722,0.870720518830484,0.8605897940089903,0.8487772586135921,0.8484575741336707
90546,0.9334179444284119,0.9535855481571168,0.9576216783736671,0.941108274198805,0.9298440296874191
90547,0.9266990309807027,0.9484943607272278,0.948019201205973,0.9332066504817815,0.9222459982268729
90548,0.7760369534333584,0.8014308629637265,0.7992176490798112,0.7841315972979718,0.7720911435206087
90549,0.775999845865649,0.8013987346038929,0.7991850961280701,0.7840961029038055,0.772053240503964
90550,0.7760369534333584,0.8014308629637265,0.7992176490798112,0.7841315972979718,0.7720911435206087
90551,0.775999845865649,0.8013987346038929,0.7991850961280701,0.7840961029038055,0.772053240503964
90552,0.7589987075601324,0.7850692746757415,0.7820534454732133,0.7663147262527804,0.7551719518432597
90553,0.7580451889380585,0.7837356688392639,0.7819941908139467,0.766407117400831,0.7552623944761525
90554,0.7483673920693655,0.7751171602678402,0.7722426651538352,0.7570807198660864,0.745218097447144
90555,0.7669842026939597,0.792802682328483,0.7891335149722899,0.7759490700365568,0.7641791202223083
90556,0.7656622885855999,0.7914623700211246,0.788732411542818,0.7757439888942704,0.7641791202223083
90557,0.7472178012180943,0.7739688288327019,0.7710942804836135,0.7559317304281314,0.7440682422343776
90558,0.7515022712425447,0.77805793180729,0.7745114296219987,0.7609404809579383,0.7492278564965896
90559,0.8780636182056302,0.9020173986782835,0.8982801759374899,0.8845880911377866,0.8725082133267222
90560,0.9026250753027667,0.9210571246541412,0.9295218049591445,0.9110856186250559,0.8981341584725925
90561,0.775999845865649,0.8013987346038929,0.7991850961280701,0.7840961029038055,0.772053240503964
90562,0.775999845865649,0.8013987346038929,0.7991850961280701,0.7840961029038055,0.772053240503964
90563,0.7472178012180943,0.7739688288327019,0.7710942804836135,0.7559317304281314,0.7440682422343776
90564,0.7472178012180943,0.7739688288327019,0.7710942804836135,0.7559317304281314,0.7440682422343776
90565,0.7853727120287882,0.8118661498045494,0.8100778509848241,0.7943898757273762,0.786109282634188
90566,0.779581566488672,0.8065586835628822,0.8038475815026312,0.7901371520413605,0.7806634411367503
90567,0.7505622580020993,0.77671164962765,0.7739998920535368,0.758771455370725,0.7465726927261828
90568,0.7474755839382373,0.7741934751989431,0.7713224055389901,0.7561785283101048,0.744330042240824
90569,0.7519402180121232,0.7781376174019364,0.7754208813021191,0.7601644866763912,0.7479433282786431
90570,0.7585532396386077,0.7856873397000216,0.7825629681730835,0.7691982945466076,0.75882723025433
90571,0.7509970871830579,0.7775348961764643,0.7739907780643015,0.7604289522295387,0.7487242013720352
90572,0.7465591793254645,0.7758953916127621,0.771310315732661,0.7573363068856049,0.7478862286548291
90573,0.745741138361178,0.7750452055432347,0.7704651537523125,0.7565064569019323,0.7470667335784734
90574,0.7615414842516001,0.7876993922674435,0.7846734595164833,0.7688820128697864,0.7577019082424872
90575,0.7817922728422074,0.8065940777830743,0.8039230366313763,0.7893614991514035,0.7773305571775355
90576,0.7831645464086084,0.8080098857543315,0.8053341561460006,0.7907470589186829,0.778694999131013
90577,0.7491696226231163,0.775948065883575,0.7730704893849033,0.7578922908826331,0.7460169520382385
90578,0.7651593947049888,0.7921713683385685,0.7879825754188365,0.7734034158270545,0.7615049308879959
90579,0.7820077278676137,0.8085699799620888,0.8051436715195418,0.791958771184921,0.7807493593771325
90580,0.7820077278676137,0.8085699799620888,0.8051436715195418,0.791958771184921,0.7807493593771325
90581,0.7673794732444498,0.7943627172163532,0.7906626728351203,0.7777158303353601,0.7672287928096696
90582,0.777111200700188,0.8025155227777968,0.8003013639834361,0.7852090600074793,0.7731638596710704
90583,0.7519621450280816,0.7785340560455782,0.7749853836161669,0.761406130355069,0.7496863384783234
90584,0.7711367235189365,0.7972488077167021,0.7944944172584059,0.7814105573116542,0.7759052649796242
90585,0.785181108484736,0.8127570122936656,0.8101011864720783,0.7954016828738659,0.7913101655019592
90586,0.7574981918966958,0.785191428164456,0.7813895376495887,0.767622942595295,0.7598957766007682
90587,0.7574981918966958,0.785191428164456,0.7813895376495887,0.767622942595295,0.7598957766007682
90588,0.7584671537682491,0.786195814133823,0.7823890603902536,0.7686048556494266,0.760867805368305
90589,0.8192367778580267,0.8461839082114007,0.8424955882735634,0.8283420354585986,0.8160140848489646
90590,0.8100425892646131,0.8366872954529392,0.8330403690535976,0.8190456597346338,0.806856064123138
90591,0.7725658338771187,0.7988195484846903,0.7968420668391027,0.7833627286123069,0.780588700296514
90592,0.7775258833437979,0.805025683287122,0.8039765465258653,0.7896744520425756,0.7854393865443478
90593,0.7725658338771187,0.7988195484846903,0.7968420668391027,0.7833627286123069,0.780588700296514
90594,0.7725658338771187,0.7988195484846903,0.7968420668391027,0.7833627286123069,0.780588700296514
90596,0.7645702086131081,0.7917373825116547,0.7888390365910154,0.7763079320012584,0.7656618594014719
90597,0.7627634222017872,0.789866396266125,0.7869748995425453,0.7744734077067729,0.7638524932665518
90598,0.7582734271624932,0.7852168599909027,0.7823423840178824,0.7699144820196566,0.7593560874273481
90599,0.7571192131136363,0.7840216337061149,0.7811515331475983,0.7687425484140035,0.75820022539553
90600,0.752300051534984,0.7807468671388675,0.7765774352749507,0.7630577177341118,0.7531261749347425
90601,0.7523229683084934,0.7807706504671897,0.7766010915928793,0.7630809622106426,0.7531491168738529
90602,0.7523125054909194,0.7807575945775125,0.776588409875568,0.7630695075350946,0.7531385773879756
90603,0.7528858169148035,0.7813525830231232,0.7771802211292531,0.7636510164993806,0.753712518332773
90604,0.766350345623859,0.7953262083055342,0.7910792283417758,0.7773080688761805,0.7671918316807816
90605,0.7571232586656869,0.7840251400403104,0.7811550956901214,0.7687463575537596,0.7582042487333222
90606,0.7493943974139867,0.7758755725326509,0.7723390178610603,0.7588061340819808,0.747126362128882
90607,0.7673794732444498,0.7943627172163532,0.7906626728351203,0.7777158303353601,0.7672287928096696
90608,0.7712292967534913,0.7983479114651854,0.7946293045365558,0.781617509740883,0.7710778603783969
90609,0.7699134257277971,0.7959847239024729,0.7932346368674609,0.780171215222607,0.7746745208166795
90610,0.792997480143617,0.8179462377013923,0.8169127880543827,0.8035924493577516,0.8026892355398314
90611,0.8016762700570434,0.8266165568745664,0.8258930655598756,0.8109537651997237,0.8120228577016043
90612,0.7985723658743834,0.8238492734855284,0.8221333030088652,0.8093249036182832,0.8088553321607738
90613,0.7930382120314031,0.8179853932569106,0.8169520067937399,0.803632498654282,0.802729342256984
90614,0.802090884147047,0.8270440696803104,0.8263202041875326,0.811373177461196,0.8124428228805463
90615,0.7655421621775875,0.7916456422761148,0.789070940197933,0.7756843789302608,0.7678219807760165
90616,0.7656819268669445,0.7917901726661312,0.7892150005257452,0.7758259952795835,0.7679621616908329
90617,0.7655421621775875,0.7916456422761148,0.789070940197933,0.7756843789302608,0.7678219807760165
90618,0.7579458672175234,0.785904954799818,0.7823397449072569,0.768121823673041,0.7593810541864447
90619,0.7477018844049982,0.7752830922137697,0.7717660677529684,0.7577403081849778,0.7491176741698733
90620,0.7485901225789828,0.7762040956945848,0.7726828931576678,0.7586404715812923,0.7500075942421408
90621,0.8564700536009137,0.87341230418011,0.8761143400806907,0.8615981497450291,0.8641253628470734
90622,0.8282817012933942,0.8498877038237026,0.8528940113679253,0.8379626349628927,0.8399442898510097
90623,0.8460934337381929,0.8642916625659828,0.8652909495015207,0.8492922307583628,0.8532750584565597
90624,0.8453637735712657,0.8635674096592783,0.8645669768844775,0.8485635632445692,0.8525476014952243
90625,0.8127454929150142,0.836211049192476,0.841659097086595,0.8244600580840877,0.8255191681540137
90626,0.783329263566142,0.8095591242560727,0.8080942484194874,0.7950977573687469,0.7931300636792412
90627,0.7833468189008165,0.8095741830978308,0.8081094434987831,0.7951141774639734,0.793146671841668
90628,0.7699134257277971,0.7959847239024729,0.7932346368674609,0.780171215222607,0.7746745208166795
90629,0.7700305141936555,0.7961057772924438,0.793355272024081,0.7802898636935192,0.7747923333500774
90630,0.7699134257277971,0.7959847239024729,0.7932346368674609,0.780171215222607,0.7746745208166795
90631,0.7676481854916425,0.7945735587319597,0.7911166170144315,0.7784375274669139,0.7717347799042342
90632,0.7676481854916425,0.7945735587319597,0.7911166170144315,0.7784375274669139,0.7717347799042342
90633,0.7621631592305865,0.7896424589291018,0.7868576498268347,0.7722775368665347,0.7645351483986398
90634,0.7676481854916425,0.7945735587319597,0.7911166170144315,0.7784375274669139,0.7717347799042342
90635,0.8031776362428753,0.8304768619692648,0.8273395888395629,0.8130437669375171,0.8024907297081698
90636,0.8031776362428753,0.8304768619692648,0.8273395888395629,0.8130437669375171,0.8024907297081698
90637,0.8104488451241103,0.837939621117241,0.834780220283723,0.820383940161754,0.809757148511265
90638,0.7699134257277971,0.7959847239024729,0.7932346368674609,0.780171215222607,0.7746745208166795
90639,0.7699134257277971,0.7959847239024729,0.7932346368674609,0.780171215222607,0.7746745208166795
90640,0.7699134257277971,0.7959847239024729,0.7932346368674609,0.780171215222607,0.7746745208166795
90641,0.7758713979123183,0.8018284432498439,0.8008352041787412,0.7866135045827537,0.7828407661532124
90642,0.7758713979123183,0.8018284432498439,0.8008352041787412,0.7866135045827537,0.7828407661532124
90643,0.7758713979123183,0.8018284432498439,0.8008352041787412,0.7866135045827537,0.7828407661532124
90644,0.7715395358974855,0.7987467375339071,0.7966876019732722,0.7825152284664625,0.7783615134355071
90645,0.7762491645758031,0.8022188482274069,0.8012251255547551,0.7869965015070866,0.7832219261561011
90646,0.7750283590223112,0.7996327822186208,0.7984637500698711,0.7855216977463529,0.7847355626967176
90647,0.7750320322879313,0.7996359791758249,0.7984669691629437,0.7855251651635261,0.784739045393619
90648,0.7833713817714641,0.8095952530506096,0.80813070406654,0.7951371519918753,0.7931699094997837
90649,0.7750430498968741,0.799645568157443,0.7984766245384322,0.7855355653565049,0.7847494914162132
90650,0.7833503289248486,0.8095771939784699,0.8081124816185299,0.7951174605110222,0.7931499924904498
90651,0.844017844978186,0.871922216121072,0.8680215216108597,0.8538421997237152,0.843094362682319
90652,0.844017844978186,0.871922216121072,0.8680215216108597,0.8538421997237152,0.843094362682319
90653,0.7805601253199462,0.8072455183870356,0.8058844686085942,0.7919325183820823,0.7833459944269094
90654,0.7811641101496397,0.8088250614349087,0.8058844686085942,0.7919767350939065,0.7833459944269094
90655,0.7715395358974855,0.7987467375339071,0.7966876019732722,0.7825152284664625,0.7783615134355071
90656,0.7715395358974855,0.7987467375339071,0.7966876019732722,0.7825152284664625,0.7783615134355071
90657,0.7750283590223112,0.7996327822186208,0.7984637500698711,0.7855216977463529,0.7847355626967176
90658,0.7753348281343447,0.7999489806465448,0.7987794862279436,0.7858323162345526,0.7841949117091104
90659,0.7746520785001171,0.7979057739904836,0.7972982235517622,0.7828787906339867,0.7850504655901143
90660,0.7746520785001171,0.7979057739904836,0.7972982235517622,0.7828787906339867,0.7850504655901143
90661,0.7747227546740245,0.7979785717390593,0.7973709658698529,0.7829502173803816,0.7851220904714927
90662,0.7968923735338178,0.821316553049268,0.8205776141946661,0.8056830320905528,0.8075833831606306
90663,0.7968728794716875,0.8212997831833071,0.82056076368562,0.8056645326618821,0.8075650966296105
90664,0.775009987222868,0.7996167927062974,0.7984476498438586,0.7855043555126879,0.7847181440404769
90665,0.775009987222868,0.7996167927062974,0.7984476498438586,0.7855043555126879,0.7847181440404769
90666,0.7749916063013583,0.7996007953141203,0.7984315416807248,0.7854870046964064,0.7847007167617157
90667,0.7754344585792208,0.8000547411587796,0.7988849579592293,0.7859345746127028,0.7851479325341053
90668,0.7746704843153338,0.797921924326303,0.797314431569408,0.7828963871282609,0.7848484104709215
90669,0.7746704843153338,0.797921924326303,0.797314431569408,0.7828963871282609,0.7848484104709215
90671,0.7683445193291223,0.7908348968017705,0.7908888720426182,0.7780240074638309,0.778130274508777
90672,0.7746991944386272,0.7979543042667555,0.7973467168755624,0.7829264069381111,0.7850982139799924
90673,0.7746756357140079,0.7979300383505806,0.7973224694362158,0.7829025980226628,0.7847181440404769
90674,0.7746520785001171,0.7979057739904836,0.7972982235517622,0.7828787906339867,0.7850504655901143
90675,0.774648396240405,0.7979025429678616,0.7972949809891916,0.782875270289396,0.7850469875662518
90676,0.7749916063013583,0.7996007953141203,0.7984315416807248,0.7854870046964064,0.7847007167617157
90677,0.775009987222868,0.7996167927062974,0.7984476498438586,0.7855043555126879,0.7847181440404769
90679,0.8095668492726642,0.8329511072198972,0.8326931217347034,0.817600783547919,0.8193340669103917
90680,0.79686637888721,0.8212941910375727,0.8205551446478869,0.8056583637588761,0.8075589987217078
90683,0.7744692957978313,0.8009464586791478,0.7998864451936182,0.7857529483451076,0.7794006412538654
90684,0.7806320919673975,0.8073199453936734,0.8062514969100312,0.7920055335496611,0.7856026783294974
90685,0.7746208225987502,0.8010769232830255,0.800017733070466,0.7858953703370771,0.7795481648644959
90686,0.7746915411731637,0.8011500571523424,0.8000907702416055,0.7859671182150156,0.7796193332778635
90687,0.7746594419227684,0.7979122350801807,0.7973047077177728,0.7828858302773339,0.7850574206052695
90688,0.7747013965188758,0.7979526415507505,0.7973451533894008,0.7829272258035128,0.7850986706544906
90689,0.7747956213696905,0.7980496943880697,0.7974421323395661,0.7830224511398574,0.785194160097842
90690,0.79686637888721,0.8212941910375727,0.8205551446478869,0.8056583637588761,0.8075589987217078
90691,0.7968728794716875,0.8212997831833071,0.82056076368562,0.8056645326618821,0.8075650966296105
90692,0.7746940381165478,0.797946185085904,0.7973386738582346,0.7829201910374675,0.785091720479462
90693,0.7750623277546673,0.7996737624660892,0.7985044021330656,0.7855586839018014,0.7841949117091104
90694,0.7759850929423875,0.8021430296922244,0.8011586671535854,0.7869787575163973,0.7841879170082723
90695,0.7762757714391624,0.8019405997610453,0.8014575642081537,0.7872730194824412,0.7844812684273951
90696,0.7699957685958962,0.7960717669129717,0.7933211876219174,0.7802554164211598,0.7747577277121136
90697,0.7683826162240832,0.7908685720824663,0.7909225369371055,0.7780601780919844,0.778166424187098
90698,0.7684994718843686,0.7909888474078552,0.7910428204694718,0.7781785055162818,0.778284767769306
90699,0.7683445193291223,0.7908348968017705,0.7908888720426182,0.7780240074638309,0.778130274508777
90700,0.7746594419227684,0.7979122350801807,0.7973047077177728,0.7828858302773339,0.7850574206052695
90701,0.7746594419227684,0.7979122350801807,0.7973047077177728,0.7828858302773339,0.7850574206052695
90702,0.7746704843153338,0.797921924326303,0.797314431569408,0.7828963871282609,0.785067850547064
90703,0.7746940381165478,0.797946185085904,0.7973386738582346,0.7829201910374675,0.785091720479462
90704,0.7683559523776577,0.7908450028793336,0.7908989750031844,0.7780348624193358,0.7781411231770241
90705,0.7682987529965716,0.7907944425280014,0.790848430246564,0.7779805553304444,0.778086847544222
90706,0.8095668492726642,0.8329511072198972,0.8326931217347034,0.817600783547919,0.8193340669103917
90707,0.8095608258713429,0.8329459343370191,0.8326879396633193,0.8175950564373327,0.819328403154911
90708,0.8095668492726642,0.8329511072198972,0.8326931217347034,0.817600783547919,0.8193340669103917
90709,0.8087136003651892,0.8314747893775166,0.8320364991550051,0.817237338536401,0.8185655425542177
90710,0.79686637888721,0.8212941910375727,0.8205551446478869,0.8056583637588761,0.8075589987217078
90711,0.7747337931174617,0.7979882564155745,0.7973806851678119,0.7829607700600945,0.7851325161839255
90712,0.789033865573342,0.8123803174863135,0.8114644245459406,0.7970028082623687,0.7986858517866218
90713,0.7747190744613419,0.7979753428761704,0.7973677254640935,0.7829466991229003,0.7851186145452815
90714,0.796885876794753,0.8213109641889543,0.8205719984588079,0.8056768668274958,0.8075772888488503
90715,0.796885876794753,0.8213109641889543,0.8205719984588079,0.8056768668274958,0.8075772888488503
90716,0.7890508701792526,0.8123951173390662,0.8114793091095922,0.7970190495210675,0.7987019332763551
90717,0.7985723658743834,0.8238492734855284,0.8221333030088652,0.8093249036182832,0.8088553321607738
90718,0.7969213436564482,0.8213497329625774,0.8206106685192305,0.8057135315370754,0.8076142110932315
90719,0.7756970637627998,0.7992197101349584,0.79850576465148,0.7848042456206609,0.7858846216427008
90720,0.7756970637627998,0.7992197101349584,0.79850576465148,0.7848042456206609,0.7858846216427008
90721,0.7756970637627998,0.7992197101349584,0.79850576465148,0.7848042456206609,0.7858846216427008
90722,0.7756310582635627,0.799161914993102,0.7984477256199011,0.7847414622889062,0.785822216864856
90723,0.7756970637627998,0.7992197101349584,0.79850576465148,0.7848042456206609,0.7858846216427008
90724,0.9051173737681204,0.9274291868050745,0.9295196675125968,0.9139440585378336,0.900660611441797
90725,0.8796130105865397,0.9008347207170138,0.9009768721533713,0.8869340570662687,0.8736624673380946
90726,0.7890508701792526,0.8123951173390662,0.8114793091095922,0.7970190495210675,0.7987019332763551
90727,0.7890508701792526,0.8123951173390662,0.8114793091095922,0.7970190495210675,0.7987019332763551
90728,0.7890508701792526,0.8123951173390662,0.8114793091095922,0.7970190495210675,0.7987019332763551
90729,0.7757153777059436,0.7992357461560896,0.798521868339211,0.7848216655950873,0.7859019365894325
90730,0.7968923735338178,0.821316553049268,0.8205776141946661,0.8056830320905528,0.8075833831606306
90731,0.8095758821554395,0.8329588646502895,0.8327008929443657,0.8176093721084295,0.819342560462512
90732,0.7968728794716875,0.8212997831833071,0.82056076368562,0.8056645326618821,0.8075650966296105
90733,0.7621631592305865,0.7896424589291018,0.7868576498268347,0.7722775368665347,0.7645351483986398
90734,0.7621631592305865,0.7896424589291018,0.7868576498268347,0.7722775368665347,0.7645351483986398
90735,0.7663722739798128,0.7940033305879327,0.791203142126372,0.7765425091779785,0.7687573626718608
90736,0.7816994503385589,0.8092809111422721,0.8063485764304201,0.7924805135420704,0.7838749138679595
90737,0.7816994503385589,0.8092809111422721,0.8063485764304201,0.7924805135420704,0.7838749138679595
90738,0.7814255246155939,0.8090476526054037,0.8061110929249964,0.7922227344039025,0.7836042728802041
90739,0.7684998159246793,0.7961154323806127,0.7936592224745954,0.7794725132200668,0.7707808543832847
90740,0.7746594419227684,0.7979122350801807,0.7973047077177728,0.7828858302773339,0.7850574206052695
90741,0.7747065551315212,0.7979607624764318,0.7973531981654476,0.7829334437982638,0.7847216284613976
90742,0.7756860710335262,0.799210084728921,0.7984960986286819,0.7847937894974322,0.7858742285624059
90743,0.7682529319960135,0.7907539402724081,0.7908079404842664,0.7779370514551264,0.7780433688694454
90744,0.7757007272785681,0.7992229179713329,0.7985089860239744,0.784807730305222,0.7858880853173373
90745,0.7749805733680684,0.7995911930949624,0.7984218729714925,0.7854765900853081,0.784690256253966
90746,0.7751094829476863,0.7997224150315294,0.7985529835540182,0.785606477698559,0.7841879170082723
90747,0.7749916063013583,0.7996007953141203,0.7984315416807248,0.7854870046964064,0.7847007167617157
90748,0.7749916063013583,0.7996007953141203,0.7984315416807248,0.7854870046964064,0.7847007167617157
90749,0.7746866782522508,0.7979397273472998,0.7973321930485353,0.7829131548773381,0.7850847689280277
90750,0.7764964667820644,0.8000513043637165,0.7993363859620418,0.7856161457759719,0.7866980014496929
90751,0.7756457363443986,0.7991747672184323,0.798460632082195,0.7847554238073285,0.7858360941987074
90752,0.7756163743546394,0.7991490577012068,0.7984348140685978,0.7847274952427409,0.7858083340384197
90753,0.7758276781531809,0.799355986327936,0.7986418698843545,0.7849370592971665,0.7860176956041297
90754,0.7791214384969659,0.8018234725778627,0.8037986996167561,0.7898097892285686,0.7861844588725763
90755,0.7683101997024107,0.7908045605926463,0.7908585451903203,0.777991423212319,0.7780977091309174
90756,0.7683101997024107,0.7908045605926463,0.7908585451903203,0.777991423212319,0.7780977091309174
90757,0.7682987529965716,0.7907944425280014,0.790848430246564,0.7779805553304444,0.778086847544222
90761,0.7757007272785681,0.7992229179713329,0.7985089860239744,0.784807730305222,0.7858880853173373
90762,0.7683445193291223,0.7908348968017705,0.7908888720426182,0.7780240074638309,0.778130274508777
90763,0.7945028025937289,0.8181834949023223,0.8193050140161267,0.8047993431547867,0.8041214981954014
90764,0.7945028025937289,0.8181834949023223,0.8193050140161267,0.8047993431547867,0.8041214981954014
90765,0.783642008045997,0.808700726630354,0.8089987984786247,0.7927078037591678,0.7925719339317988
90766,0.7760089621986925,0.7995512836617032,0.7988367463202619,0.7851238050064896,0.7862050861490367
90767,0.7944067711703724,0.8181003604066975,0.8192224765141287,0.80470898880164,0.8040307734370339
90768,0.7833682784555018,0.8084241573518784,0.8087221940910875,0.7924330727828544,0.7922972181842121
90769,0.7756494049542259,0.7991779794833335,0.7984638579028314,0.784758913323466,0.7858395626741939
90770,0.7757438309733717,0.799275269824446,0.7985610613081999,0.7848544483160813,0.7859352292229165
90771,0.7757389696409451,0.7992600534191866,0.798546153891047,0.784845534480834,0.7859258383296048
90772,0.7757117156443859,0.7992325395839529,0.798518648236554,0.7848181822898131,0.7858984742853121
90773,0.7683445193291223,0.7908348968017705,0.7908888720426182,0.7780240074638309,0.778130274508777
90774,0.8087136003651892,0.8314747893775166,0.8320364991550051,0.817237338536401,0.8185655425542177
90775,0.7832365486069838,0.8082823017123653,0.8085802193370961,0.7922976536420051,0.7921618541142161
90776,0.7782569797620368,0.803700373295907,0.8045010253617275,0.790010299878856,0.7853126768205899
90777,0.7782569797620368,0.803700373295907,0.8045010253617275,0.790010299878856,0.7853126768205899
90778,0.7927925560747922,0.8187111581811318,0.8195267640983219,0.8047653940191785,0.7999800330282917
90779,0.7782244032591363,0.8036722117322291,0.8044729993472635,0.7899797890830277,0.7852813459085487
90780,0.7756163743546394,0.7991490577012068,0.7984348140685978,0.7847274952427409,0.7858083340384197
90781,0.8002191914325161,0.8213886776293101,0.8247442485612423,0.8104752826374717,0.8082989478527809
90782,0.801694562827838,0.8229016398083677,0.8262631734180635,0.8119688600836426,0.809788661073355
90783,0.8002735935104173,0.8214363819344217,0.8247909147697261,0.8105264073075076,0.8083507628135372
90784,0.8002735935104173,0.8214363819344217,0.8247909147697261,0.8105264073075076,0.8083507628135372
90785,0.7795905768679731,0.8020301998895569,0.8040050792697556,0.7900186876346238,0.7876541495131976
90786,0.7794877109118326,0.8019184732753951,0.8038925823257534,0.7899116789711804,0.7875480763327366
90787,0.7910765336205313,0.813840779276535,0.815844237859249,0.8016554772055607,0.7992567343441894
90788,0.8003151336835077,0.8214728081606957,0.824826548369381,0.8105654450962627,0.8083903276589445
90789,0.7944862650464177,0.8181691782175562,0.8192908001351975,0.804783783198919,0.8041058744555072
90790,0.8002191914325161,0.8213886776293101,0.8247442485612423,0.8104752826374717,0.8082989478527809
90791,0.784531409217133,0.8095135705069202,0.811465670840038,0.7961138102218037,0.7907415686474712
90792,0.7865304089318939,0.8115762252043951,0.813533299523211,0.7981423220963488,0.7927563919567804
90793,0.7837110467202744,0.8062633410086825,0.8082481459626779,0.7941914927932647,0.7907415686474712
90794,0.797994466715814,0.8216795575593883,0.824126685395458,0.8095395046246289,0.8057031998400966
90795,0.7995555034820474,0.8232869271000464,0.8257388420075596,0.8111231257938813,0.8072793164299755
90796,0.7944862650464177,0.8181691782175562,0.8192908001351975,0.804783783198919,0.8041058744555072
90797,0.7944366034314367,0.8181261860523369,0.8192481166966417,0.8047370573917508,0.8040589570989636
90798,0.7944067711703724,0.8181003604066975,0.8192224765141287,0.80470898880164,0.8040307734370339
90799,0.8035493140028512,0.826819580411947,0.8281226213430211,0.8123356915812051,0.812827244044463
90800,0.786970291303509,0.8110366425111464,0.8114689530113165,0.7955648245513344,0.7960636527185476
90801,0.7927648163158294,0.816596316074892,0.817944684442388,0.8014433724638351,0.8021305180609991
90803,0.8100577276199825,0.8325274728378851,0.8335651039784233,0.8183200028235622,0.8194151283186032
90804,0.8100577276199825,0.8325274728378851,0.8335651039784233,0.8183200028235622,0.8194151283186032
90807,0.786970291303509,0.8110366425111464,0.8114689530113165,0.7955648245513344,0.7960636527185476
90808,0.810082365674382,0.8325527943137077,0.8335904570139874,0.8183448921765777,0.8194400509800616
90809,0.7794481488652595,0.8018836722597014,0.8038581908375326,0.7898743544588198,0.7875102483288158
90810,0.7782480962140557,0.8018963315353189,0.8038707011403009,0.7898879317024499,0.7853052537112977
90811,0.8002480038782085,0.8214139427396001,0.8247689638670596,0.8105023592701466,0.8083263900836314
90812,0.768650781905619,0.7911634426258065,0.7912174708023864,0.7783399164136708,0.7784462888858644
90813,0.8001068999756813,0.8212902125555878,0.8246479264133192,0.8103697568788478,0.8081919971063874
90814,0.8001068999756813,0.8212902125555878,0.8246479264133192,0.8103697568788478,0.8081919971063874
90815,0.7795128643095498,0.8019405997610453,0.8039144484448546,0.7899354098211928,0.7875721272863062
90816,0.7795128643095498,0.8019405997610453,0.8039144484448546,0.7899354098211928,0.7875721272863062
90817,0.7795128643095498,0.8019405997610453,0.8039144484448546,0.7899354098211928,0.7875721272863062
90818,0.7794877109118326,0.8019184732753951,0.8038925823257534,0.7899116789711804,0.7875480763327366
90819,0.8001582812342174,0.8213352670191131,0.8246920003057514,0.8104180422208472,0.8082409345070244
90820,0.792031099702299,0.8173640572167793,0.817665389773636,0.8011961363997558,0.8010587794628954
90821,0.8774053362183688,0.9038600069483623,0.9021470500223118,0.8871315489332717,0.875520858512296
90822,0.8510943972553998,0.8795087863387129,0.8777852155568924,0.8620995794596538,0.8526453869666716
90823,0.7971759524493156,0.8250665788469734,0.8251550887019956,0.8084869883148248,0.8057737111258333
90824,0.8064490759888849,0.831630559181457,0.8334278849863558,0.8174635966279777,0.8107096387732285
90825,0.813664404541967,0.8390711873598943,0.8408845939026665,0.8247774724887968,0.8176469963685807
90826,0.8092061088854107,0.8350003511693078,0.836442262402346,0.8203265093835282,0.8128212465722455
90827,0.8113360539945892,0.8366701337467918,0.8384783511156332,0.8224173212165838,0.8156224352431594
90829,0.7944366034314367,0.8181261860523369,0.8192481166966417,0.8047370573917508,0.8040589570989636
90832,0.7948968447769108,0.8186001514952809,0.8197227321082138,0.8052032661042485,0.8045247729672874
90833,0.8001068999756813,0.8212902125555878,0.8246479264133192,0.8103697568788478,0.8081919971063874
90834,0.8001068999756813,0.8212902125555878,0.8246479264133192,0.8103697568788478,0.8081919971063874
90835,0.8327085842256392,0.8591967191279785,0.8590054623735047,0.8436006490300101,0.833792695623747
90836,0.8321207802236008,0.8587134531010293,0.8585214588728365,0.8430564255841128,0.8332092673568101
90837,0.8333301559572643,0.8598380628136709,0.8596466632964176,0.8442303510964362,0.83441507658565
90838,0.8145687357269218,0.8417076697123816,0.8416493735482028,0.8263633437165493,0.8174595738758493
90839,0.8192302651460202,0.8465245070062211,0.8464658772308041,0.8310923700941226,0.8221376466834747
90840,0.8137282616875899,0.8388935899097056,0.8411110524429639,0.8256018586829875,0.8200086449442378
90841,0.796901820400409,0.8248360972739703,0.824924742144727,0.8082308287084102,0.8055132745490301
90842,0.8263664105131313,0.8519214449536561,0.8541732487905719,0.8384238747480814,0.832744046715183
90843,0.9264484586421456,0.9490655074614034,0.9456092467993804,0.933405135068535,0.920934584032735
90844,0.8963662173761581,0.9194135447496355,0.9168264117804195,0.9030988652512411,0.8896631337799448
90845,0.910318379349736,0.9304217617970577,0.9281401104849927,0.919723930305987,0.9040095213447827
90846,0.9264484586421456,0.9490655074614034,0.9456092467993804,0.933405135068535,0.920934584032735
90847,0.8342084880919952,0.8608678793277766,0.8606754034052547,0.8451715698937159,0.8352997061306292
90848,0.7971759524493156,0.8250665788469734,0.8251550887019956,0.8084869883148248,0.8057737111258333
90849,0.796901820400409,0.8248360972739703,0.824924742144727,0.8082308287084102,0.8055132745490301
90850,0.796901820400409,0.8248360972739703,0.824924742144727,0.8082308287084102,0.8055132745490301
90851,0.8934604597647167,0.9164330744307754,0.9138543281914152,0.9001712823607686,0.8867791056087725
90852,0.9004406822218554,0.9235927720499525,0.9209938791748744,0.9072039335897448,0.8937071295183272
90853,0.8934604597647167,0.9164330744307754,0.9138543281914152,0.9001712823607686,0.8867791056087725
90854,0.8934604597647167,0.9164330744307754,0.9138543281914152,0.9001712823607686,0.8867791056087725
90855,0.8229540597164412,0.8506891472525854,0.8503307156785808,0.8341702810876784,0.8244755703656251
90856,0.8002395479276531,0.8285712779801762,0.8274752984737518,0.8115388255113869,0.8047819907348551
90857,0.8400427696109093,0.8681759989175089,0.8678123758228818,0.8514191167498357,0.8415859295554391
90858,0.8181549167516734,0.8449150705807663,0.8470179361431117,0.8301116682804924,0.8222627000876419
90859,0.8181549167516734,0.8449150705807663,0.8470179361431117,0.8301116682804924,0.8222627000876419
90860,0.8345724410199848,0.8600597653929992,0.8629087257543738,0.8471096050923553,0.8384946513793925
90861,0.829579107964847,0.8558630115021314,0.8595713050227186,0.8406586095469334,0.8344156406092558
90862,0.8416603256169745,0.8673641095864995,0.8702372656932286,0.8543039657335454,0.8456158466550318
90863,0.9156699685966565,0.9369496807112611,0.9337236354916734,0.9246827962291113,0.909609194873163
90864,0.9142807273250191,0.9344716138791933,0.9321800312105153,0.9237272178762879,0.9079444087180287
90865,0.9156699685966565,0.9369496807112611,0.9337236354916734,0.9246827962291113,0.909609194873163
90866,0.8891328814302762,0.910584269768205,0.9107279596803445,0.8965331620915022,0.8831179366751533
90867,0.841307904941629,0.868598435244774,0.8707433557969906,0.8535005182540522,0.8454965116300845
90868,0.9318564531460919,0.9535895130928893,0.9529076501955622,0.9409277014080745,0.9300236727820556
90869,0.9021462772082058,0.9220691877475923,0.9198080192556004,0.9114673927352097,0.8958940550277975
90871,0.9196266064241599,0.9387266467371804,0.9368945919352333,0.9273276965155378,0.9155639633041013
90874,0.8833823022879976,0.9110610588813967,0.9093632359304371,0.8942343393774167,0.8828340714863024
90875,0.9665432342030019,0.9877011415755209,0.9851753922397162,0.9734795632882466,0.9629450981472165
90876,0.9629294922388464,0.980449484056347,0.9793467945366572,0.9687652228617465,0.959887246553363
90877,0.9439264595743966,0.9659573506737281,0.9674144029599927,0.9576463969737716,0.9468058945499319
90878,0.9629294922388464,0.980449484056347,0.9793467945366572,0.9687652228617465,0.959887246553363
90879,0.9631022806249229,0.9805393538169743,0.979441815785158,0.9689101365200325,0.9600746689963601
90880,0.9613497311142037,0.9805393538169743,0.979441815785158,0.9689101365200325,0.9591571203330475
90881,0.9631022806249229,0.9805393538169743,0.979441815785158,0.9689101365200325,0.9600746689963601
90883,0.950770010617939,0.9717475530563758,0.9708215202639555,0.9588564838452048,0.9487220531043413
90884,0.9341304601325753,0.9579649848093454,0.9568797709647243,0.944046548728467,0.9334597935791749
90886,0.950770010617939,0.9717475530563758,0.9708215202639555,0.9588564838452048,0.9487220531043413
90889,0.7683445193291223,0.7908348968017705,0.7908888720426182,0.7780240074638309,0.778130274508777
90890,0.7684614085746365,0.790955207537499,0.7910091909896698,0.7781423692623946,0.7782486524738838
90891,0.7699609020686154,0.792498593027645,0.792552681817357,0.7796607531487925,0.7797672437499857
90892,0.7683445193291223,0.7908348968017705,0.7908888720426182,0.7780240074638309,0.778130274508777
90895,0.8556484288729127,0.8824537595733459,0.8781742746724794,0.8637434782369986,0.8499105564451171
90896,0.8780636182056302,0.9020173986782835,0.8982801759374899,0.8845880911377866,0.8725082133267222
90897,0.8476033334774284,0.87430010031047,0.8703161656421988,0.8554420276590655,0.841554749813792
90898,0.8780636182056302,0.9020173986782835,0.8982801759374899,0.8845880911377866,0.8725082133267222
90899,0.8780636182056302,0.9020173986782835,0.8982801759374899,0.8845880911377866,0.8725082133267222
90900,0.8780636182056302,0.9020173986782835,0.8982801759374899,0.8845880911377866,0.8725082133267222
90902,0.9096938355119372,0.9335121106975885,0.9299786562976009,0.9171012508960135,0.9043032327480987
90903,0.9050227591087949,0.9286735473591025,0.9248571122811771,0.9118932726746845,0.8989215011143888
90909,0.7727404275113895,0.799480809630536,0.7967934985714747,0.7832033835935303,0.7738128082782094
90911,0.7727404275113895,0.799480809630536,0.7967934985714747,0.7832033835935303,0.7738128082782094
90912,0.7750542303161542,0.8015590608942393,0.7991793230555778,0.7842732244813058,0.7722423799731328
90913,0.7727404275113895,0.799480809630536,0.7967934985714747,0.7832033835935303,0.7738128082782094
90914,0.8437662105343542,0.8721952086220109,0.865634602706189,0.8512424109035142,0.8454260726238932
90915,0.8373190134780407,0.8671801227331143,0.8584246258112236,0.8465324338945892,0.8437672928838595
90918,0.8515072998897341,0.8804791473836348,0.8750838831933067,0.8595113661327418,0.8550668746804698
90919,0.8488698010727365,0.8764619751072039,0.8740403788606894,0.857577835986308,0.8502499876706228
90923,0.782769479864809,0.8104391144982297,0.80749750429839,0.7935852595184658,0.7849519753069487
90924,0.8165983241372656,0.841041893895419,0.847924248591803,0.8297600612934019,0.8231794582073639
90927,0.8055390325109457,0.8268584252370327,0.8302377312412712,0.8158677863747631,0.8136760384636376
90928,0.819260196914201,0.845835538829714,0.847924248591803,0.8311332849056037,0.8233390350188049
90934,0.8259666221060035,0.8518420958472864,0.8477110630905521,0.8337808602363097,0.820427792199538
90936,0.8259666221060035,0.8518420958472864,0.8477110630905521,0.8337808602363097,0.820427792199538
90937,0.8259666221060035,0.8518420958472864,0.8477110630905521,0.8337808602363097,0.820427792199538
90938,0.8259666221060035,0.8518420958472864,0.8477110630905521,0.8337808602363097,0.820427792199538
90939,0.8171730686974966,0.8415269035201766,0.8393663008078048,0.8249096734181245,0.8120409810351598
90940,0.7873650229575497,0.8151971026039521,0.8122382225733599,0.7982443007198561,0.7895603315613061
90941,0.8182006050783305,0.8439712809519304,0.840125546010329,0.8257673807965505,0.812361842277398
90942,0.8612955627082024,0.8858424812906127,0.8825940165847747,0.8687338393743983,0.854880043289508
90946,0.9050227591087949,0.9286735473591025,0.9248571122811771,0.9118932726746845,0.8989215011143888
90947,0.8217373977197502,0.8490061933592702,0.845921494450893,0.8317272610900412,0.8211202953536313
90949,0.9213704777253161,0.9458238836724868,0.9424015544396663,0.9306055130572246,0.9186443856568892
90951,0.8869787231510626,0.9128517694132872,0.9097135305730196,0.8970745123124563,0.8854600101841739
90952,0.8193550635409804,0.8465448030440192,0.843469047118718,0.8293159648693658,0.8187397502428323
90954,0.7699172026413997,0.7959879916565292,0.7932379571529765,0.7801747887903204,0.7746782028507253
90955,0.7699172026413997,0.7959879916565292,0.7932379571529765,0.7801747887903204,0.7746782028507253
90956,0.7699172026413997,0.7959879916565292,0.7932379571529765,0.7801747887903204,0.7746782028507253
90958,0.8793418815774855,0.9038707515539394,0.9044495177776338,0.8910050993177422,0.8799821066815646
90959,0.9068935775636863,0.9321909904500536,0.9327878906798455,0.9189222293133228,0.907553862314417
90961,0.8935420383018136,0.9184670156458722,0.919055128144611,0.9053936008977986,0.8941926021569602
90962,0.8793418815774855,0.9038707515539394,0.9044495177776338,0.8910050993177422,0.8799821066815646
90965,0.7702920070971365,0.7963754876690385,0.7936241144173948,0.7805545867557236,0.7750553250155431
90970,0.8092061088854107,0.8362640314083233,0.836442262402346,0.8203265093835282,0.8128212465722455
90971,0.9408615126357553,0.9615368184636524,0.9605464381865179,0.949210520706634,0.9387156306227764
90975,0.8446164398541715,0.8674221494427581,0.8667041261872012,0.8521548483803979,0.8392866578001219
90976,0.858408038375189,0.8828726625307195,0.8796350884195729,0.8658213779514946,0.8520140272159498
90978,0.786970291303509,0.8110366425111464,0.8114689530113165,0.7955648245513344,0.7960636527185476
90979,0.7757153777059436,0.7992357461560896,0.798521868339211,0.7848216655950873,0.7859019365894325
90981,0.9234226394481563,0.9400077615396583,0.9391655279858806,0.9316494255576604,0.917145204663726
90984,0.8454232194219854,0.8636190238031577,0.8646181681630323,0.8486216142506839,0.8526039267505753
90985,0.8454232194219854,0.8636190238031577,0.8646181681630323,0.8486216142506839,0.8526039267505753
90986,0.8454232194219854,0.8636190238031577,0.8646181681630323,0.8486216142506839,0.8526039267505753
90987,0.8454232194219854,0.8636190238031577,0.8646181681630323,0.8486216142506839,0.8526039267505753
90988,0.8420393387046292,0.862389036559264,0.8662331587575774,0.8501320056244729,0.8519981645356274
90989,0.8453447203414479,0.8635508667167123,0.8645505694812884,0.8485449571054826,0.8525295485107294
90990,0.8454018355715954,0.8636004571101874,0.8645997535803213,0.8486007321407759,0.8525836654125885
90991,0.8454232194219854,0.8636190238031577,0.8646181681630323,0.8486216142506839,0.8526039267505753
90992,0.8454232194219854,0.8636190238031577,0.8646181681630323,0.8486216142506839,0.8526039267505753
90997,0.7921880525958165,0.8172124367820787,0.8152274569404596,0.7990958344070754,0.7874212867324952
91000,0.816837515795221,0.8425652587598451,0.8387259306579014,0.8243916855695868,0.8110084801381592
91001,0.7855362041594962,0.8133473761271462,0.8122715337952562,0.7966278724553915,0.7899951855852726
91005,0.9050227591087949,0.9286735473591025,0.9248571122811771,0.9118932726746845,0.8989215011143888
91006,0.8473258941620693,0.8749807670358952,0.8725323062238403,0.8571313685596681,0.847197109977177
91007,0.9050227591087949,0.9286735473591025,0.9248571122811771,0.9118932726746845,0.8989215011143888
91008,0.9045051344764286,0.9282924495511332,0.9244543453323913,0.911415865281202,0.8983677710587601
91009,0.8280497794182996,0.8527277678706761,0.8505384071735086,0.8358893596464801,0.8228493828076685
91010,0.8057205518741066,0.8327001871483701,0.8311934381701598,0.8178254453874602,0.8158015056227054
91012,0.8155325950779965,0.8425954885695907,0.8395340817104604,0.8254470266487824,0.8149201523493752
91013,0.7821449059910808,0.8097924629485929,0.8068531998674449,0.7929520557050562,0.7843256600142361
91016,0.8227064489976839,0.8484146857807127,0.8460477692705813,0.8319867501178323,0.8223060589298395
91017,0.9050227591087949,0.9286735473591025,0.9248571122811771,0.9118932726746845,0.8989215011143888
91025,0.7743217873317773,0.8005417235510064,0.7977759564987708,0.7846380556438667,0.7791100245330299
91026,0.8255161682404458,0.8501186486389057,0.8479359868007593,0.8333317614468441,0.820331683454574
91027,0.8096188371971291,0.833747536717118,0.8316069073661978,0.8172839220582253,0.8045341923345695
91029,0.7882359369072758,0.8131354779315961,0.8111604008775132,0.7951092567586758,0.7834929517739091
91034,0.783329263566142,0.8095591242560727,0.8080942484194874,0.7950977573687469,0.7931300636792412
91037,0.7699406166569186,0.7960121985129621,0.7932620803778834,0.7801985147501374,0.774701761653414
91038,0.7840923477406375,0.8103477603823754,0.8088814575295652,0.7958723058811602,0.7939026953528685
91040,0.9408615126357553,0.9615368184636524,0.9605464381865179,0.949210520706634,0.9387156306227764
91045,0.9068726831701673,0.9300117202406858,0.9289581727619479,0.9164994218916872,0.9062215865591989
91046,0.8390644678918732,0.8670772292654018,0.8653780205694148,0.849914095594797,0.8405935348919505
91047,0.9109476262157213,0.9347705633030523,0.9321469726593339,0.9194853406694101,0.908670746580374
91051,0.8942986154738817,0.9137278017717942,0.9266433119262983,0.9049393415512357,0.8914008516041083
91053,0.900363437583276,0.9233363899566464,0.922290404508835,0.9099210786158898,0.8997170143380625
91055,0.86929680372578,0.8960551678683729,0.8955234215223185,0.881044291768538,0.8698367317947336
91061,0.7756510685261053,0.8019160166108183,0.7991455015556329,0.7859850468157354,0.7804475257126015
91062,0.7707375868980318,0.7968361556079033,0.7940831908087238,0.7810061030043022,0.7755036601848313
91063,0.7699640321739355,0.7960364069217364,0.7932862051497686,0.7802222422314566,0.7747253219668857
91066,0.7699172026413997,0.7959879916565292,0.7932379571529765,0.7801747887903204,0.7746782028507253
91068,0.7698869768135942,0.7959618405964243,0.7932113856885852,0.7801461903285201,0.7746487363393677
91069,1.0836291612300366,1.0858432069629074,1.0921106134746776,1.0877382545830534,1.0829809576788547
91071,0.8520245092983798,0.8787207414318503,0.877083186816006,0.8624913270646538,0.851495739275948
91072,0.8572736304077356,0.8841343317015448,0.8824866884997409,0.8678049317580911,0.8567416027584911
91080,0.8073483912851129,0.835886850669857,0.8328528740985698,0.8185037857256093,0.8095994169440375
91083,0.7754319214565055,0.8016945838131543,0.7989243193479826,0.7857650247406225,0.7802279765266491
91084,0.7814255246155939,0.8090476526054037,0.8061110929249964,0.7922227344039025,0.7836042728802041
91088,0.8437662105343542,0.8721952086220109,0.865634602706189,0.8512424109035142,0.8454260726238932
91089,0.8437662105343542,0.8721952086220109,0.865634602706189,0.8512424109035142,0.8454260726238932
91090,0.8437662105343542,0.8721952086220109,0.865634602706189,0.8512424109035142,0.8454260726238932
91091,0.8522484580040616,0.8810609918628545,0.8756948002953123,0.8602077142791534,0.8557880281204923
91092,0.8515072998897341,0.8804791473836348,0.8750838831933067,0.8595113661327418,0.8550668746804698
91094,0.7703790998027272,0.7964706310189502,0.7937184179802016,0.7806448711566257,0.7751439031146693
91095,0.7698869768135942,0.7959618405964243,0.7932113856885852,0.7801461903285201,0.7746487363393677
91096,0.7698869768135942,0.7959618405964243,0.7932113856885852,0.7801461903285201,0.7746487363393677
91097,0.7698869768135942,0.7959618405964243,0.7932113856885852,0.7801461903285201,0.7746487363393677
91099,0.7699020927332062,0.7959749187060461,0.7932246740439579,0.7801604923939991,0.7746634725207486
91100,0.7699020927332062,0.7959749187060461,0.7932246740439579,0.7801604923939991,0.7746634725207486
91101,0.7698945355249699,0.7959683802962473,0.7932180305221881,0.7801533420700374,0.7746561051616219
91103,0.7698945355249699,0.7959683802962473,0.7932180305221881,0.7801533420700374,0.7746561051616219
91104,0.7698869768135942,0.7959618405964243,0.7932113856885852,0.7801461903285201,0.7746487363393677
91105,0.7880189133528778,0.812911598832249,0.8109370655725078,0.794890340785733,0.7832772340969063
91106,0.8515072998897341,0.8804791473836348,0.8750838831933067,0.8595113661327418,0.8550668746804698
91107,0.8513816510545542,0.8803805191384904,0.8749803246004526,0.8593933181068464,0.8549446191768911
91108,0.8510880749981498,0.8804791473836348,0.8750838831933067,0.856164586487866,0.8550668746804698
91113,0.786970291303509,0.8110366425111464,0.8114689530113165,0.7955648245513344,0.7960636527185476
91115,0.7742509043882455,0.7974353380965373,0.8038087603401811,0.7853238512420678,0.7841915262633593
91116,0.786970291303509,0.8110366425111464,0.8114689530113165,0.7955648245513344,0.7958914797071911
91118,0.8513816510545542,0.8803805191384904,0.8749803246004526,0.8593933181068464,0.8549446191768911
91122,0.7769685608438399,0.8023682199223201,0.8001544675399272,0.7850649337776402,0.7730219443547326
91126,0.781415805378746,0.8069608480682471,0.8047344245191167,0.7895585206642152,0.7774465990842114
91136,0.852095237607801,0.8809406965525526,0.8755684961387892,0.8600637540587961,0.8556389417156618
91138,0.852095237607801,0.8809406965525526,0.8755684961387892,0.8600637540587961,0.8556389417156618
91139,0.8446580437133909,0.8742738345261755,0.8690574053483212,0.8496962017956805,0.8507691883485092
91140,0.852095237607801,0.8809406965525526,0.8755684961387892,0.8600637540587961,0.8556389417156618
91141,0.852095237607801,0.8809406965525526,0.8755684961387892,0.8600637540587961,0.8556389417156618
91142,0.8262694857544223,0.8520940727524016,0.8479710087300091,0.8340681091248853,0.8207418572407343
91143,0.9187739529860095,0.9378562842474129,0.936025928078166,0.9264679028305762,0.9147150766410748
91154,0.7757153777059436,0.7992357461560896,0.798521868339211,0.7848216655950873,0.7859019365894325
91158,0.7757153777059436,0.7992357461560896,0.798521868339211,0.7848216655950873,0.7859019365894325
91162,0.7782244032591363,0.8036722117322291,0.8044729993472635,0.7899797890830277,0.7852813459085487
91164,0.8149171316603513,0.8403819649612143,0.838037458222917,0.8241095676488979,0.8145205324529056
91165,0.7968728794716875,0.8212997831833071,0.82056076368562,0.8056645326618821,0.8075650966296105
91167,0.8669095688890062,0.8878247933784996,0.887964891852404,0.8741248842278802,0.8610449638637517
91168,0.7492801938050743,0.7757573333374341,0.7722213176174395,0.758690496175858,0.7470125041561466
91171,1.0836186397295209,1.0858324255766902,1.0920991013905434,1.087727251485354,1.0829705124391253
91180,0.8389720651773973,0.8689778173847896,0.8572125740768439,0.841624640438296,0.8449905319204185
91181,0.8295598739382902,0.8586462857425596,0.8535230996634164,0.8345079754981252,0.8355617825341523
91182,0.8389720651773973,0.8689778173847896,0.8572125740768439,0.841624640438296,0.8449905319204185
91183,0.8264449666661744,0.8554221621516521,0.8503182130800784,0.8313744886418032,0.8324243387468081
91184,0.8996978940059868,0.9146446498448063,0.9052049877203656,0.8925440015455536,0.9034349666530049
91185,0.8996978940059868,0.9146446498448063,0.9052049877203656,0.8925440015455536,0.9034349666530049
91186,0.9019491251091152,0.9169332808372302,0.9074699987164339,0.894777332123047,0.9056955486885225
91187,0.8997198995203725,0.9146631406176273,0.9052256879470276,0.8925677209185711,0.9034560850878907
91188,0.8592645980099313,0.877277528776335,0.8635620267799666,0.855765350086459,0.8633502053788364
91189,0.8592454037025272,0.8772610518492309,0.8635434885084912,0.8557456179419338,0.8633316348861734
91190,0.8592454037025272,0.8772610518492309,0.8635434885084912,0.8557456179419338,0.8633316348861734
91191,0.8436025554723644,0.8685107225585884,0.8548669509155996,0.845163101745886,0.8493234204726562
91192,0.8438439664858233,0.8687092962568037,0.8550887580195327,0.8454017736036249,0.8495548266700619
91193,0.8592454037025272,0.8772610518492309,0.8635434885084912,0.8557456179419338,0.8633316348861734
91194,0.8436025554723644,0.8685107225585884,0.8548669509155996,0.845163101745886,0.8493234204726562
91195,0.8592709923895326,0.8772830179025688,0.8635682026117525,0.8557719236376292,0.8633563919445992
91196,0.8592645980099313,0.877277528776335,0.8635620267799666,0.855765350086459,0.8633502053788364
91197,0.8592390018755316,0.877255556355989,0.8635373054910279,0.8557390367283751,0.8633254411218921
91198,0.908081549152803,0.92482979425419,0.9275192732935283,0.9069740333720704,0.9142141918590061
91199,0.908081549152803,0.92482979425419,0.9275192732935283,0.9069740333720704,0.9142141918590061
91200,0.908081549152803,0.92482979425419,0.9275192732935283,0.9069740333720704,0.9142141918590061
91202,0.8605214616031308,0.8785607402453105,0.8648251763085787,0.8570170952594085,0.8646130450720289
91204,0.950460900429794,0.9629097166140547,0.9596117595889375,0.9411277559289973,0.9539813400601106
91206,0.8672102536048153,0.8854888776593601,0.8764048128129304,0.8661924081653124,0.8734342696145311
91207,0.8672102536048153,0.8854888776593601,0.8764048128129304,0.8661924081653124,0.8734342696145311
91208,0.8672102536048153,0.8854888776593601,0.8764048128129304,0.8661924081653124,0.8734342696145311
91209,0.8689862031733587,0.8873022598047998,0.8781995918099669,0.867966273300281,0.8752229652714667
91211,0.8665759635843556,0.8849505157137656,0.8737494157939028,0.8655526865470793,0.8728329849051205
91214,0.8922650957580925,0.9064984756062329,0.9004076435446657,0.886726950929616,0.8956734589029913
91215,0.8684443473755998,0.8867555743331281,0.8776553293203225,0.8674246810478572,0.8746794854128603
91216,0.861624389071601,0.8796867885966565,0.8659336198337388,0.8581155311933005,0.8657212167092952
91217,0.910344300568423,0.9260245785605806,0.9247759276736152,0.9054153530189619,0.9147593646320265
91218,0.9103273662750246,0.926010789006442,0.9247618906987137,0.9053974130347711,0.9147433241430957
91219,0.9453307196214186,0.9627532637432586,0.964100253184407,0.9411162278956219,0.956022611778518
91221,0.8665759635843556,0.8849505157137656,0.8758191554639407,0.8655526865470793,0.8728329849051205
91222,0.8665759635843556,0.8849505157137656,0.8758191554639407,0.8655526865470793,0.8728329849051205
91223,0.8569749405575143,0.8791223291515118,0.8754074021286619,0.8621204324369143,0.8658165812189795
91225,0.8665759635843556,0.8849505157137656,0.8758191554639407,0.8655526865470793,0.8728329849051205
91226,0.8509623785491569,0.8780933046056467,0.869590350172667,0.8572431595270905,0.8583507949080309
91228,0.8613104171980333,0.8793704051899212,0.8656190829734763,0.8578020144899441,0.8654067078511047
91229,0.8671720471891667,0.885456447583148,0.8763695347354504,0.8661538747068994,0.8733980505394305
91230,0.9086509764110269,0.9254068535055605,0.9280975648779537,0.9075429585480138,0.91478640518271
91231,1.0565090960422359,1.06237799103756,1.0643738417958282,1.0476993252667934,1.0605072609106896
91232,1.0564308668170057,1.0622920341363147,1.0642852733500874,1.0476328325551014,1.0604237593890267
91233,0.8442630416245162,0.871431770697708,0.8613635303331687,0.8496252486389653,0.849307595003056
91234,0.8442630416245162,0.871431770697708,0.8613635303331687,0.8496252486389653,0.849307595003056
91235,0.8509623785491569,0.8780933046056467,0.869590350172667,0.8572431595270905,0.8583507949080309
91236,0.8509623785491569,0.8780933046056467,0.869590350172667,0.8572431595270905,0.8583507949080309
91237,0.851537279628073,0.8766391107190279,0.8651731650856155,0.8558177878560954,0.8584077206948768
91238,0.9453587103590486,0.9627720630575453,0.9649898164035352,0.9411464816821348,0.9560449309444715
91239,1.018589530721842,1.0235987094950705,1.024426704175117,1.013963785216718,1.0172307346357152
91240,0.9083390739145023,0.9223650989902504,0.9227044173961901,0.9058868818037636,0.9145204644466777
91241,0.9453307196214186,0.9627532637432586,0.964972169055962,0.9411162278956219,0.956022611778518
91242,0.9453361697803742,0.9627569241982461,0.9649756052073151,0.9411221187055078,0.9560269575980896
91243,1.0624089356393982,1.0662191185143048,1.0711192957729856,1.0548103663956032,1.0662558513167428
91244,1.0624089356393982,1.0662191185143048,1.0711192957729856,1.0548103663956032,1.0662558513167428
91245,1.0330803680715146,1.035100887467725,1.040595198790236,1.0209163055913528,1.0381219950391969
91246,1.0624089356393982,1.0662191185143048,1.0711192957729856,1.0548103663956032,1.0662558513167428
91247,0.9453307196214186,0.9627532637432586,0.964972169055962,0.9411162278956219,0.956022611778518
91248,0.9471584750029525,0.9645917958940156,0.9668121176791565,0.9429414699266802,0.957856907621884
91249,0.9103273662750246,0.926010789006442,0.9247618906987137,0.9053974130347711,0.9147433241430957
91250,0.9081880475148864,0.9249156712776476,0.9276018920886668,0.9070819158135378,0.9143130724498634
91251,0.9081880475148864,0.9249156712776476,0.9276018920886668,0.9070819158135378,0.9143130724498634
91252,0.9081880475148864,0.9249156712776476,0.9276018920886668,0.9070819158135378,0.9143130724498634
91253,0.9126002356495608,0.9292584372349507,0.9327768447672807,0.9121731697383955,0.9194337091783618
91254,0.9453587103590486,0.9627720630575453,0.9649898164035352,0.9411464816821348,0.9560449309444715
91255,1.0624713977590967,1.0662851957939725,1.0711899901617414,1.0548655528025412,1.0663219633420027
91256,1.033125192110678,1.035148373041429,1.040649878392033,1.0209449232008327,1.0381734441541766
91257,1.0624713977590967,1.0662851957939725,1.0711899901617414,1.0548655528025412,1.0663219633420027
91258,1.0209852713506404,1.0259996165611491,1.0268284704207549,1.0163548030413785,1.0196250831426674
91259,1.0185640980895414,1.0235665522386546,1.024393440547083,1.013944610512687,1.0172071354435932
91260,1.0193077859302044,1.0243138925390216,1.025141384586362,1.0146849255103965,1.017949832520276
91261,1.0185640980895414,1.0235665522386546,1.024393440547083,1.013944610512687,1.0172071354435932
91262,0.9126002356495608,0.9292584372349507,0.9351587858712817,0.91249566294515,0.9207680465779257
91263,0.9126002356495608,0.9292584372349507,0.9351587858712817,0.91249566294515,0.9207680465779257
91264,1.0185640980895414,1.0235665522386546,1.024393440547083,1.013944610512687,1.0172071354435932
91265,1.0624441145138934,1.0662563334848214,1.071159111151587,1.05484144752042,1.0662930858563542
91266,1.0624441145138934,1.0662563334848214,1.071159111151587,1.05484144752042,1.0662930858563542
91267,1.0242048821559702,1.0273344290768893,1.035476545361481,1.0099579163334804,1.031486145187965
91268,1.0242569478021308,1.0273930799756616,1.0355521751247574,1.0099795817461623,1.0315534813868965
91269,0.8206959890955738,0.8499642753772712,0.8413825985125755,0.8297264984474446,0.8270162528895858
91270,0.846316596710961,0.8688752448577904,0.8686068557274439,0.8552378238321153,0.8566198621236574
91271,0.863563980736606,0.8860763283153563,0.8809173914726397,0.8668677762372642,0.8711961969666239
91272,1.0330808011714674,1.0351013462845886,1.0405957271192485,1.020916582099033,1.0381224921536425
91273,1.0330808011714674,1.0351013462845886,1.0405957271192485,1.020916582099033,1.0381224921536425
91274,1.033083400627394,1.0351041000925874,1.0405988981368115,1.0209182416926104,1.0381254758224523
91275,1.062437707554363,1.0662495557058622,1.0711518597798593,1.0548357868559266,1.0662863045134199
91276,1.062437707554363,1.0662495557058622,1.0711518597798593,1.0548357868559266,1.0662863045134199
91277,1.033125192110678,1.035148373041429,1.040649878392033,1.0209449232008327,1.0381734441541766
91278,1.033077337513007,1.0350976769582962,1.0405915018779195,1.0209143707673047,1.0381185165470839
91280,1.0340268881701422,1.0360494330863148,1.041549249383181,1.0218506191198506,1.0390735681581276
91281,1.0242569478021308,1.0273930799756616,1.0355521751247574,1.0099795817461623,1.0315534813868965
91282,0.941048187450651,0.947803126798232,0.9475997987871104,0.9306527628458683,0.9458908717954156
91283,1.0330803680715146,1.035100887467725,1.040595198790236,1.0209163055913528,1.0381219950391969
91284,1.0330803680715146,1.035100887467725,1.040595198790236,1.0209163055913528,1.0381219950391969
91285,1.0331444729818229,1.0351687987241007,1.0406733984378165,1.0209572330798655,1.0381955746760558
91286,1.033083400627394,1.0351041000925874,1.0405988981368115,1.0209182416926104,1.0381254758224523
91287,1.0331431558428206,1.0351674033799956,1.0406717917099582,1.020956392149414,1.0381940628700148
91288,1.0331444729818229,1.0351687987241007,1.0406733984378165,1.0209572330798655,1.0381955746760558
91289,1.0331431558428206,1.0351674033799956,1.0406717917099582,1.020956392149414,1.0381940628700148
91290,1.0156404741325344,1.0273674680992289,1.0311620327113222,1.0058996303795578,1.0226388235191313
91291,1.0242157437540493,1.0273466644780245,1.0354923228917516,1.009962435979085,1.0315001925102072
91292,1.0331444729818229,1.0351687987241007,1.0406733984378165,1.0209572330798655,1.0381955746760558
91293,1.0331444729818229,1.0351687987241007,1.0406733984378165,1.0209572330798655,1.0381955746760558
91294,1.0331444729818229,1.0351687987241007,1.0406733984378165,1.0209572330798655,1.0381955746760558
91295,1.0331444729818229,1.0351687987241007,1.0406733984378165,1.0209572330798655,1.0381955746760558
91296,1.024780898974853,1.0279176368731153,1.0360783317956457,1.0105008407629907,1.0320788497290712
91297,1.026701032656648,1.0298411768713134,1.0380107929471867,1.0124056289806735,1.034006928079259
91298,1.016057795729357,1.0273398222185242,1.0315418924016369,1.0063410310410394,1.0230391177167273
91299,0.8709232695503515,0.8868381195012872,0.886180944981384,0.8714725085839223,0.8777108261701748
91300,0.8701805124320764,0.8860817895821689,0.8854251755261662,0.8707292830533128,0.8769622803605519
91301,0.9057698699256425,0.9197562229002917,0.9200945815564782,0.9033246137509802,0.9119337766198238
91302,0.9400810964556113,0.9468283553968901,0.9466252584584027,0.929697506757223,0.9449182738562076
91303,0.9400717902243274,0.9468201431335777,0.9466170134428208,0.9296864930137059,0.9449097531326645
91304,1.0331125277972928,1.0351349567661117,1.0406344295982368,1.020936837709696,1.038158908064049
91305,1.0331348225795933,1.0351585753270627,1.0406616262685349,1.0209510717669696,1.0381844979827608
91306,1.0242488610810818,1.0273839704718002,1.0355404285872798,1.0099762166804076,1.0315430229411549
91308,1.033083400627394,1.0351041000925874,1.0405988981368115,1.0209182416926104,1.0381254758224523
91311,0.9921116211058453,0.9950718257822966,0.9993891136201875,0.9780804227729185,0.997914610007605
91312,1.033091207807992,1.0351123708503076,1.0406084219299352,1.020923226108675,1.038134436937861
91313,1.033091207807992,1.0351123708503076,1.0406084219299352,1.020923226108675,1.038134436937861
91315,1.0156404741325344,1.0273674680992289,1.0311620327113222,1.0058996303795578,1.0226388235191313
91316,1.0242569478021308,1.0273930799756616,1.0355521751247574,1.0099795817461623,1.0315534813868965
91317,1.0242569478021308,1.0273930799756616,1.0355521751247574,1.0099795817461623,1.0315534813868965
91318,1.0242569478021308,1.0273930799756616,1.0355521751247574,1.0099795817461623,1.0315534813868965
91319,1.033125192110678,1.035148373041429,1.040649878392033,1.0209449232008327,1.0381734441541766
91320,1.033125192110678,1.035148373041429,1.040649878392033,1.0209449232008327,1.0381734441541766
91321,1.033125192110678,1.035148373041429,1.040649878392033,1.0209449232008327,1.0381734441541766
91322,1.0557696196621011,1.0566998662115499,1.0645305804167255,1.0520063271336457,1.0563349361801597
91323,1.0557674689077312,1.0566976811841406,1.0645281088926515,1.052004315551102,1.0563327645917837
91324,1.0242288879161208,1.0273614711264063,1.0355114159710528,1.009967905464911,1.031517191819517
91325,1.0624281061214456,1.066239398560929,1.0711409929056144,1.0548273038235212,1.0662761420274922
91326,1.0185640980895414,1.0235665522386546,1.024393440547083,1.013944610512687,1.0172071354435932
91327,1.0185640980895414,1.0235665522386546,1.024393440547083,1.013944610512687,1.0172071354435932
91328,1.0185640980895414,1.0235665522386546,1.024393440547083,1.013944610512687,1.0172071354435932
91329,1.0624281061214456,1.066239398560929,1.0711409929056144,1.0548273038235212,1.0662761420274922
91330,1.0624281061214456,1.066239398560929,1.0711409929056144,1.0548273038235212,1.0662761420274922
91331,1.0624281061214456,1.066239398560929,1.0711409929056144,1.0548273038235212,1.0662761420274922
91332,1.0624281061214456,1.066239398560929,1.0711409929056144,1.0548273038235212,1.0662761420274922
91334,0.9921798557063604,0.9951372592652904,0.9994504872151156,0.9781621297299424,0.9979773668214659
91335,0.9302138209040581,0.945430711211557,0.9507691359781947,0.926425682245935,0.9401555129359109
91337,0.9921116211058453,0.9950718257822966,0.9993891136201875,0.9780804227729185,0.997914610007605
91339,0.9921116211058453,0.9950718257822966,0.9993891136201875,0.9780804227729185,0.997914610007605
91340,0.9921116211058453,0.9950718257822966,0.9993891136201875,0.9780804227729185,0.997914610007605
91341,0.9921195333010024,0.9950767570561446,0.9993897227709696,0.9781026595722325,0.9979166919398774
91342,1.0557696196621011,1.0566998662115499,1.0645305804167255,1.0520063271336457,1.0563349361801597
91343,1.051452714060428,1.0501050454230951,1.0597860054021158,1.0479648790222564,1.0503302049533283
91344,1.0516125543265598,1.0502646808186602,1.059947112482711,1.0481241890729318,1.0504898745773077
91345,1.051452714060428,1.0501050454230951,1.0597860054021158,1.0479648790222564,1.0503302049533283
91346,0.9921190004368232,0.9950764249481976,0.99938968174623,0.9781011619963988,0.9979165517271861
91347,0.9921192136127576,0.9950765578102295,0.9993896981584531,0.9781017611119627,0.9979166078202188
91348,1.0557660354079246,1.0566962248409653,1.0645264615961625,1.0520029748108821,1.056331317205876
91349,1.0557674689077312,1.0566976811841406,1.0645281088926515,1.052004315551102,1.0563327645917837
91351,1.0156404741325344,1.0249493085989103,1.0311620327113222,1.0058996303795578,1.0223644298610788
91353,1.0156404741325344,1.0273674680992289,1.0311620327113222,1.0058996303795578,1.0226388235191313
91354,1.0156404741325344,1.0273674680992289,1.0311620327113222,1.0058996303795578,1.0226388235191313
91356,1.0242096697485308,1.0273398222185242,1.0354834998154965,1.009959908506679,1.031492336994331
91357,1.0242647289646893,1.0274018452666107,1.0355634777785598,1.009982819676682,1.0315635446358729
91358,0.8206959890955738,0.8499642753772712,0.8413825985125755,0.8297264984474446,0.8270162528895858
91359,1.0557667521241874,1.05669695297838,1.064527285205788,1.0520036451495145,1.0563320408648658
91360,1.0557703367148228,1.0567005946907477,1.0645314044126,1.052006997787105,1.0563356601788452
91361,1.0242048821559702,1.0273344290768893,1.035476545361481,1.0099579163334804,1.031486145187965
91362,1.015690883507362,1.0274548528280074,1.0312612338920908,1.005918793840621,1.0227113822668334
91363,1.015690883507362,1.0274548528280074,1.0312612338920908,1.005918793840621,1.0227113822668334
91364,1.015690883507362,1.0274548528280074,1.0312612338920908,1.005918793840621,1.0227113822668334
91365,0.9515509746205226,0.9567108801953542,0.9645456229020553,0.9401685949553195,0.9587012888810652
91366,0.992210019811275,0.9951675132807497,0.9994808723606918,0.9781918676700295,0.9980077071814542
91367,0.948032845793252,0.9586389431720331,0.959725534124161,0.9450490921943916,0.9539163637031175
91368,0.948032845793252,0.9586389431720331,0.959725534124161,0.9450490921943916,0.9539163637031175
91369,0.9400751754389058,0.9468231304075662,0.9466200126307343,0.9296904993517258,0.944912852611775
91370,0.9921190004368232,0.9950764249481976,0.99938968174623,0.9781011619963988,0.9979165517271861
91371,0.9400717902243274,0.9468201431335777,0.9466170134428208,0.9296864930137059,0.9449097531326645
91372,1.0242647289646893,1.0274018452666107,1.0355634777785598,1.009982819676682,1.0315635446358729
91373,1.051452714060428,1.0501050454230951,1.0597860054021158,1.0479648790222564,1.0503302049533283
91374,1.051452714060428,1.0501050454230951,1.0597860054021158,1.0479648790222564,1.0503302049533283
91375,1.0529990124303343,1.0605726863111116,1.065432130642742,1.0448977941821818,1.0575969624910373
91377,0.9921082900410195,0.9950697497013489,0.9993888571666896,0.9780710608960479,0.9979137335097168
91379,0.9921082900410195,0.9950697497013489,0.9993888571666896,0.9780710608960479,0.9979137335097168
91380,0.9921082900410195,0.9950697497013489,0.9993888571666896,0.9780710608960479,0.9979137335097168
91381,0.9920984551819743,0.9950636201562143,0.9993881000008344,0.9780434199238703,0.9979111456912866
91383,0.9365870072517742,0.9468894275387842,0.9499613996098972,0.9392523186600855,0.9416338782051139
91384,0.9921082900410195,0.9950697497013489,0.9993888571666896,0.9780710608960479,0.9979137335097168
91385,0.939921554892288,0.9466875696888828,0.9464839112251598,0.9295086894552947,0.9447721997007353
91389,0.9400751754389058,0.9468231304075662,0.9466200126307343,0.9296904993517258,0.944912852611775
91390,1.0041477385395408,1.0082190501271289,1.013097242134041,1.0008205072440668,1.0062330056088717
91391,1.0041477385395408,1.0082190501271289,1.013097242134041,1.0008205072440668,1.0062330056088717
91392,0.8813570974278432,0.8957328138466993,0.8969127225105125,0.8798269296046455,0.8888140777711006
91393,0.8827592865760643,0.897145031915944,0.8983257760506581,0.8812280678484004,0.8902214342314587
91394,1.0041477385395408,1.0082190501271289,1.013097242134041,1.0008205072440668,1.0062330056088717
91395,1.0041435625406658,1.0082108020359417,1.013084149807448,1.0008196789368706,1.0062267406192702
91396,1.0041435625406658,1.0082108020359417,1.013084149807448,1.0008196789368706,1.0062267406192702
91397,1.0041435625406658,1.0082108020359417,1.013084149807448,1.0008196789368706,1.0062267406192702
91398,1.0041435625406658,1.0082108020359417,1.013084149807448,1.0008196789368706,1.0062267406192702
91399,0.940044661939303,0.9467962038956226,0.9465929787283294,0.9296543870942277,0.9448849146979922
91400,1.004143840021045,1.0082113500935046,1.0130850197498777,1.0008197339748734,1.0062271569061083
91401,0.9163869179892992,0.9283665996666256,0.9290655826979352,0.9116624503032292,0.925617725029047
91402,0.9163869179892992,0.9283665996666256,0.9290655826979352,0.9116624503032292,0.925617725029047
91403,1.0154061462715025,1.0180002889575945,1.0249517165168154,1.0138253193483595,1.0154328364321026
91404,1.0154061462715025,1.0180002889575945,1.0249517165168154,1.0138253193483595,1.0154328364321026
91405,1.0154057374357146,1.0179998122697584,1.0249510593931743,1.0138249519991172,1.015432426896772
91407,0.9921798557063604,0.9951372592652904,0.9994504872151156,0.9781621297299424,0.9979773668214659
91408,0.9536842740385048,0.9654969930889138,0.9742423540924434,0.9515948644711648,0.9624013546243679
91409,0.9536622802089372,0.9654807668947247,0.9742303269083938,0.9515718388277955,0.9623836277033068
91410,0.9536797517160339,0.965493656686551,0.974239881078999,0.9515901299915619,0.9623977096474422
91411,0.939921554892288,0.9466875696888828,0.9464839112251598,0.9295086894552947,0.9447721997007353
91412,0.9020250044553132,0.9153263754915985,0.9188092263658265,0.8999981896520229,0.9108818514849886
91413,0.9029421393489103,0.9161350849663691,0.9252919669306969,0.9048462713681505,0.9124792907188374
91414,0.8921728006329772,0.9161305756096473,0.9257980583742867,0.9035340086316651,0.9055237793090979
91415,0.9174427733612246,0.9308475886739896,0.9401515239081477,0.9193774844400954,0.9271330848678965
91416,0.9029421393489103,0.9161350849663691,0.9252919669306969,0.9048462713681505,0.9124792907188374
91417,0.902006139643219,0.9153102540479439,0.9187938132165057,0.8999789014035245,0.910864820169706
91418,0.9017055271986983,0.9150533646044332,0.9185482119325658,0.899671540115001,0.910593429753279
91419,0.8863733320007271,0.9008190232534098,0.9020046865821547,0.8848357312734143,0.8938665775455371
91420,0.9920984551819743,0.9950636201562143,0.9993881000008344,0.9780434199238703,0.9979111456912866
91421,0.940044661939303,0.9467962038956226,0.9465929787283294,0.9296543870942277,0.9448849146979922
91422,0.8816819279309008,0.8960909102978408,0.8972735224027832,0.8801481830455655,0.8891562401614819
91423,0.9399739107914408,0.94673377025333,0.9465302960707722,0.9295706533116149,0.9448201358293462
91424,0.9399739107914408,0.94673377025333,0.9465302960707722,0.9295706533116149,0.9448201358293462
91425,0.8828100394790731,0.8972094546721973,0.8983913084487454,0.8812773491310302,0.890279312864898
91426,0.9513417159447539,0.9565012706389665,0.9643354685987116,0.9399600877685934,0.9584915422935494
91427,0.9513417159447539,0.9565012706389665,0.9643354685987116,0.9399600877685934,0.9584915422935494
91428,0.9513451174620281,0.9565042985819229,0.9643379352992318,0.9399643246313173,0.9584944269725697
91429,0.9513403548841428,0.9565000590582584,0.9643344815901927,0.9399583924572764,0.9584903880376344
91430,0.9436618349775079,0.9504567167359369,0.9502521896669703,0.9332045032597479,0.9485331769524932
91431,0.9399060473816205,0.9466738854134964,0.9464701723651887,0.9294903359936184,0.9447580013458939
91432,1.0154059418439654,1.018000050602437,1.0249513879395151,1.013825135665072,1.015432631654778
91433,1.0154059418439654,1.018000050602437,1.0249513879395151,1.013825135665072,1.015432631654778
91434,1.0154061462715025,1.0180002889575945,1.0249517165168154,1.0138253193483595,1.0154328364321026
91435,0.9531224420709145,0.9706186923683745,0.9794681502810577,0.9521092843549753,0.9665294987529743
91436,0.9531224420709145,0.9706186923683745,0.9794681502810577,0.9521092843549753,0.9665294987529743
91437,0.9536622802089372,0.9654807668947247,0.9742303269083938,0.9515718388277955,0.9623836277033068
91438,0.9536622802089372,0.9654807668947247,0.9742303269083938,0.9515718388277955,0.9623836277033068
91439,0.872111567930203,0.8880326320787151,0.8873751936250898,0.8726610151760616,0.8789017292440784
91440,0.872563626876076,0.888492943706631,0.8878351644698477,0.8731133589278608,0.8793573078694038
91441,0.9400055196482473,0.9467616631007222,0.946558300170345,0.9296080624571278,0.9448490764507538
91442,0.8806847721606882,0.8950774584014914,0.896258733007675,0.8791527618947366,0.8881506311687034
91443,0.8806847721606882,0.8950774584014914,0.896258733007675,0.8791527618947366,0.8881506311687034
91444,0.8806847721606882,0.8950774584014914,0.896258733007675,0.8791527618947366,0.8881506311687034
91445,0.9299078692519093,0.9451944858837646,0.9505569601074938,0.9261020974475322,0.9398953142526333
91446,0.9299386573561526,0.945218256539513,0.9505783104811268,0.9261346602847451,0.9399214975930658
91447,0.877606205864847,0.891800708184876,0.894720141966031,0.8756082848014682,0.8842628040529735
91448,0.877606205864847,0.891800708184876,0.894720141966031,0.8756082848014682,0.8842628040529735
91449,0.8777346909901197,0.8919129159078375,0.8948290503420315,0.8757390929197056,0.8843836066769862
91450,0.8916378596010106,0.9157228801042306,0.9254402762152611,0.9030600517981153,0.9050603828774135
91451,0.95365450066701,0.9654750274748072,0.9742260727468542,0.9515636943118503,0.9623773574495591
91452,1.0207212325743666,1.022331697157949,1.0298094248511218,1.015197150919549,1.0217311018933972
91453,0.9513457975710841,0.9565049039976143,0.9643384284986636,0.9399651717612493,0.9584950037437082
91454,1.0207212325743666,1.022331697157949,1.0298094248511218,1.015197150919549,1.0217311018933972
91455,0.9077766767738467,0.9211474854994641,0.9246485690543889,0.9057393088209911,0.9166797249990984
91456,0.930056880213017,0.9453095349415213,0.9506602956263319,0.9262596972956605,0.9400220399523046
91457,0.9302407471418905,0.9454515018589179,0.9507878102576304,0.9264541600285379,0.9401784131894201
91458,0.9513274118682407,0.9564885375325218,0.9643250956454994,0.9399422708502303,0.9584794116455707
91459,0.9512160997272794,0.9563894511909086,0.9642443764231051,0.9398036199235109,0.958385013780352
91460,0.9512057060172412,0.9563801991260275,0.9642368394472776,0.9397906732534285,0.9583761995207806
91461,0.9513451174620281,0.9565042985819229,0.9643379352992318,0.9399643246313173,0.9584944269725697
91462,0.9513451174620281,0.9565042985819229,0.9643379352992318,0.9399643246313173,0.9584944269725697
91464,0.8534775682385285,0.8755345718514247,0.8718348056953888,0.8586020610198044,0.862283125570318
91465,0.8534775682385285,0.8755345718514247,0.8718348056953888,0.8586020610198044,0.862283125570318
91466,0.796249428974122,0.8235874953296721,0.8204772282565168,0.8079139957334683,0.803706544112925
91467,0.939934457522376,0.9466989553637135,0.9464953423151552,0.9295239599411701,0.9447840130969056
91468,0.9299078692519093,0.9451944858837646,0.9505569601074938,0.9261020974475322,0.9398953142526333
91469,0.9299078692519093,0.9451944858837646,0.9505569601074938,0.9261020974475322,0.9398953142526333
91470,0.9299078692519093,0.9451944858837646,0.9505569601074938,0.9261020974475322,0.9398953142526333
91471,1.0154061462715025,1.0180002889575945,1.0249517165168154,1.0138253193483595,1.0154328364321026
91472,1.0154061462715025,1.0180002889575945,1.0249517165168154,1.0138253193483595,1.0154328364321026
91473,1.0154061462715025,1.0180002889575945,1.0249517165168154,1.0138253193483595,1.0154328364321026
91474,1.0154061462715025,1.0180002889575945,1.0249517165168154,1.0138253193483595,1.0154328364321026
91475,1.0154061462715025,1.0180002889575945,1.0249517165168154,1.0138253193483595,1.0154328364321026
91477,1.0154055330467489,1.0179995739595575,1.0249507308777916,1.0138247683504944,1.0154322221580847
91478,0.9030301288173965,0.9162102716489859,0.9253584319906122,0.9049323954659302,0.9125579967848845
91479,0.9536797517160339,0.965493656686551,0.974239881078999,0.9515901299915619,0.9623977096474422
91480,0.9164001575284441,0.9283778289134677,0.9290766958811199,0.9116764937625097,0.9256294120247843
91481,0.9163929376922735,0.9283717053343178,0.9290706355940969,0.9116688355311988,0.9256230388248894
91482,0.8777035672354339,0.891885734918087,0.894802668538985,0.8757074064877738,0.8843543437940561
91483,0.9165673289833015,0.928547185357857,0.9292461798141469,0.9118428035176637,0.9257982670977519
91484,1.0557703367148228,1.0567005946907477,1.0645314044126,1.052006997787105,1.0563356601788452
91485,0.9921798557063604,0.9951372592652904,0.9994504872151156,0.9781621297299424,0.9979773668214659
91486,0.9513478375095551,0.9565067198989778,0.9643399078156865,0.9399677126659447,0.9584967337278784
91487,1.0557703367148228,1.0567005946907477,1.0645314044126,1.052006997787105,1.0563356601788452
91488,1.0557703367148228,1.0567005946907477,1.0645314044126,1.052006997787105,1.0563356601788452
91489,1.0557703367148228,1.0567005946907477,1.0645314044126,1.052006997787105,1.0563356601788452
91490,1.0557703367148228,1.0567005946907477,1.0645314044126,1.052006997787105,1.0563356601788452
91491,0.9512160997272794,0.9563894511909086,0.9642443764231051,0.9398036199235109,0.958385013780352
91492,0.9512057060172412,0.9563801991260275,0.9642368394472776,0.9397906732534285,0.9583761995207806
91493,0.9301215489999841,0.9453594660901986,0.9507051435318531,0.9263280930590957,0.9400770382322875
91494,0.9314313092148216,0.9466906837345336,0.9520438887467965,0.9276325114799779,0.9414008173715653
91495,0.9301215489999841,0.9453594660901986,0.9507051435318531,0.9263280930590957,0.9400770382322875
91496,0.930056880213017,0.9453095349415213,0.9506602956263319,0.9262596972956605,0.9400220399523046
91497,0.9300831995443228,0.9453298561504773,0.9506785480030203,0.9262875334920979,0.9400444234434525
91498,0.9300831995443228,0.9453298561504773,0.9506785480030203,0.9262875334920979,0.9400444234434525
91499,0.9300831995443228,0.9453298561504773,0.9506785480030203,0.9262875334920979,0.9400444234434525
91500,0.8917649858128998,0.909045942152353,0.9153215966777787,0.8958931790092148,0.9013816414497408
91501,0.9300831995443228,0.9453298561504773,0.9506785480030203,0.9262875334920979,0.9400444234434525
91502,0.8100743279047417,0.8322764521783711,0.8321332869495253,0.8177742193678412,0.8206434387117345
91503,0.8481980709081801,0.8664353862970461,0.8674368243891232,0.851403726031161,0.8553951001971273
91505,0.8777035672354339,0.891885734918087,0.894802668538985,0.8757074064877738,0.8843543437940561
91506,0.862073910872855,0.8786490884011889,0.8811463414487082,0.865313915741703,0.8698043868920871
91507,1.0207206850204633,1.0223311078053774,1.0298086428247313,1.0151967475625125,1.0217305281163156
91508,1.0207209587845092,1.022331402467775,1.0298090338195158,1.0151969492315165,1.021730814991334
91509,1.0207206850204633,1.0223311078053774,1.0298086428247313,1.0151967475625125,1.0217305281163156
91510,1.0154059418439654,1.018000050602437,1.0249513879395151,1.013825135665072,1.015432631654778
91511,1.0154061462715025,1.0180002889575945,1.0249517165168154,1.0138253193483595,1.0154328364321026
91512,1.0154075778044216,1.0180019580732862,1.0249540174250207,1.0138266056168237,1.0154342704144577
91513,0.9300091370256889,0.9452726726827664,0.9506271862941496,0.9262092023949803,0.9399814366234539
91514,0.9512057060172412,0.9563801991260275,0.9642368394472776,0.9397906732534285,0.9583761995207806
91515,0.9050548976626414,0.9210391630956611,0.9268777182361173,0.9042019258021119,0.9154477027001291
91517,0.9512057060172412,0.9563801991260275,0.9642368394472776,0.9397906732534285,0.9583761995207806
91518,0.9513457975710841,0.9565049039976143,0.9643384284986636,0.9399651717612493,0.9584950037437082
91519,0.9513457975710841,0.9565049039976143,0.9643384284986636,0.9399651717612493,0.9584950037437082
91520,0.8925176245626206,0.9163934102534281,0.926028725805057,0.903839540889563,0.9058225070411124
91521,0.9031478441960238,0.9163240483885526,0.9254695410094069,0.9050495353410458,0.9126728535767018
91522,0.8916378596010106,0.9157228801042306,0.9254402762152611,0.9030600517981153,0.9050603828774135
91523,0.8916378596010106,0.9157228801042306,0.9254402762152611,0.9030600517981153,0.9050603828774135
91524,0.8916378596010106,0.9157228801042306,0.9254402762152611,0.9030600517981153,0.9050603828774135
91525,0.9513403548841428,0.9565000590582584,0.9643344815901927,0.9399583924572764,0.9584903880376344
91526,0.9301074364309657,0.9453485696219361,0.9506953563575099,0.9263131671829227,0.9400650359912823
91527,0.8921728006329772,0.9161305756096473,0.9257980583742867,0.9035340086316651,0.9055237793090979
91528,0.893238204722702,0.9198291960561782,0.9267857652205819,0.902118725886615,0.9093202164846609
91529,0.8843183601607897,0.9095346316815062,0.920473452051295,0.8965344194353893,0.9000357178152798
91531,0.892068771927038,0.9108876665895375,0.9166658531836624,0.902680388364913,0.9054336605210319
91532,0.892068771927038,0.91605128709971,0.9257284753566145,0.9034418365906605,0.9054336605210319
91533,0.892068771927038,0.91605128709971,0.9257284753566145,0.9034418365906605,0.9054336605210319
91534,0.892068771927038,0.91605128709971,0.9257284753566145,0.9034418365906605,0.9054336605210319
91535,0.892068771927038,0.91605128709971,0.9257284753566145,0.9034418365906605,0.9054336605210319
91536,0.8913496525121587,0.9155032545007175,0.9252475476263546,0.9028047155712863,0.9048107383523896
91537,0.8675274074021917,0.8800998687083706,0.8819963953992601,0.8674224792706375,0.8746084195448965
91538,0.8683457467917125,0.8809300677120342,0.8828283833982697,0.8682407196813567,0.875433438459588
91539,0.8655147523550833,0.8809543973730118,0.8854370269562938,0.867580569600169,0.8749013694269789
91540,0.8723633447467531,0.8879251596469535,0.8924432591084497,0.8744455082646535,0.8818242356702348
91541,0.8655147523550833,0.8804104202723704,0.8823078254066121,0.867580569600169,0.8749013694269789
91542,0.8655147523550833,0.8809543973730118,0.8854370269562938,0.867580569600169,0.8749013694269789
91543,0.8808454742414221,0.8952170437820058,0.896396608049645,0.8793157423900587,0.8883003149310394
91544,0.8808454742414221,0.8952170437820058,0.896396608049645,0.8793157423900587,0.8883003149310394
91545,0.8808454742414221,0.8952170437820058,0.896396608049645,0.8793157423900587,0.8883003149310394
91546,0.9021074421839019,0.915396825542645,0.9188765813510078,0.9000824776468979,0.9109562774211599
91547,0.8816239107455567,0.8959921981881245,0.8971715084211571,0.8800945488870283,0.8890770055114839
91548,0.8100743279047417,0.8322764521783711,0.8321332869495253,0.8177742193678412,0.8206434387117345
91549,0.8100743279047417,0.8322764521783711,0.8321332869495253,0.8177742193678412,0.8206434387117345
91550,0.9512202530631225,0.9563931483275653,0.9642473882119537,0.9398087934141597,0.958388535970637
91551,0.9512008505453283,0.9563758769831435,0.9642333185206012,0.9397846251412424,0.9583720819020173
91552,0.9178573063969017,0.9301094034500615,0.9373463896220176,0.9163308781593911,0.9266154055829726
91553,0.9175224444173946,0.9297700715366729,0.937004417438188,0.9159965730668617,0.9262773483852006
91554,0.9300091370256889,0.9452726726827664,0.9506271862941496,0.9262092023949803,0.9399814366234539
91555,0.9300091370256889,0.9452726726827664,0.9506271862941496,0.9262092023949803,0.9399814366234539
91556,0.8924778941422832,0.9163631252589581,0.9260021468185181,0.9038043368811125,0.9057880869374098
91557,0.8937317201838479,0.9034167709991193,0.909153344442035,0.895268511757639,0.9009912276349281
91558,0.9516021208198127,0.9567630878069723,0.9645994301731978,0.9402173772210721,0.9587539042462869
91559,1.0207253425211578,1.02233612084534,1.029815294745916,1.0152001785245546,1.0217354086712502
91560,1.0154061462715025,1.0180002889575945,1.0249517165168154,1.0138253193483595,1.0154328364321026
91561,0.9512160997272794,0.9563894511909086,0.9642443764231051,0.9398036199235109,0.958385013780352
91562,0.932686876340672,0.9479442220923469,0.9532968395317823,0.9288886665820207,0.9426549992371025
91564,0.9435714728263815,0.9650788861737146,0.9714018397870368,0.9431652787880977,0.9600530624347576
91565,0.8691201803465491,0.8911456640247059,0.8997038550870009,0.881330913188852,0.8814117476321908
91567,0.9435714728263815,0.9650788861737146,0.9714018397870368,0.9431652787880977,0.9600530624347576
91568,0.9432721458776749,0.964896901727706,0.9712535751429229,0.9428636955520211,0.9598440265196999
91570,0.9436455019172555,0.9651238979050655,0.9714385121404819,0.9432398657829266,0.9601047640911952
91571,0.8690208945068293,0.8937013846300677,0.8988055791014127,0.880038891787745,0.8824991539277068
91572,0.9032964173533531,0.9164729816531976,0.9256187453222104,0.9051981582201982,0.912821683423298
91573,0.9030301288173965,0.9162102716489859,0.9253584319906122,0.9049323954659302,0.9125579967848845
91574,0.9401261948108031,0.9465549978943018,0.9556323991449839,0.9381689821527963,0.9456893913445129
91575,0.9401261948108031,0.9465549978943018,0.9556323991449839,0.9381689821527963,0.9456893913445129
91576,0.9401261948108031,0.9465549978943018,0.9556323991449839,0.9381689821527963,0.9456893913445129
91577,0.8741894830932644,0.8868599264627253,0.8887712311668461,0.8740837371005622,0.881325683664876
91578,0.9650709079812484,0.9683941758583096,0.9719303070125167,0.959771478750835,0.9649647634032146
91579,0.9650709079812484,0.9683941758583096,0.9719303070125167,0.959771478750835,0.9649647634032146
91580,0.9031042010573583,0.9162779614599051,0.9254217789628725,0.9050055372446562,0.9126274402053237
91581,0.9650709079812484,0.9683941758583096,0.9719303070125167,0.959771478750835,0.9649647634032146
91582,1.0154057374357146,1.0179998122697584,1.0249510593931743,1.0138249519991172,1.015432426896772
91583,1.0154057374357146,1.0179998122697584,1.0249510593931743,1.0138249519991172,1.015432426896772
91584,0.9401573053930591,0.9465860198160135,0.9556633009509861,0.9382001203261455,0.9457204250291701
91585,0.8960321097854392,0.9034338158725065,0.9091692992610771,0.895287123174863,0.9010087365806276
91586,0.896101172584669,0.903497559561149,0.9092289665974495,0.8953567250402427,0.9010742156992606
91587,0.8913496525121587,0.9155032545007175,0.9252475476263546,0.9028047155712863,0.9048107383523896
91588,0.9076739345237217,0.9237144454511983,0.9295734853100632,0.9068179543379624,0.9181033374155366
91589,0.9105948439528883,0.9266592220831797,0.9325271462703569,0.9097376092230609,0.9210396885018248
91590,0.9650660781189899,0.9683898173864328,0.9719264473343784,0.9597658918883355,0.9649599184427589
91591,0.9650660781189899,0.9683898173864328,0.9719264473343784,0.9597658918883355,0.9649599184427589
91592,0.9650660781189899,0.9683898173864328,0.9719264473343784,0.9597658918883355,0.9649599184427589
91593,0.7924598032887507,0.8196677583567074,0.8165722941173876,0.8040688543513926,0.7998814274444013
91594,0.9047247690723166,0.9207682946301902,0.926628103728059,0.9038685899345429,0.9151562847714636
91595,0.8978357668911892,0.9152193934597744,0.9215324289808389,0.9019884508998437,0.9075095090214178
91597,0.9339428572092262,0.9492207489070863,0.9545805743230369,0.9301395326806422,0.9439244034441542
91598,0.9393065459893524,0.9496395363931186,0.9527206218510899,0.9397906732534285,0.9443683936968263
91601,0.8650086689773012,0.8805123973315796,0.8850133147492435,0.8670831603285878,0.874434449780336
91602,0.8650086689773012,0.8805123973315796,0.8850133147492435,0.8670831603285878,0.874434449780336
91603,0.8454303432116235,0.8636252091040821,0.8646243027908243,0.8486285708942983,0.8526106765946931
91604,0.8675154767840432,0.8800891875564826,0.88198590039019,0.8674105381099327,0.8745971959776927
91605,0.9030088890743452,0.9161921222595071,0.9253423878601738,0.9049116059861056,0.912538997878035
91606,0.930150722250052,0.9453819912003144,0.950725375554825,0.9263589475186716,0.9401018491415871
91607,0.9650699423760067,0.9683933044951294,0.9719295353700178,0.9597703618034641,0.9649637947794878
91608,0.9432721458776749,0.964896901727706,0.9712535751429229,0.9428636955520211,0.9598440265196999
91609,0.8782033380939754,0.9030814021097959,0.908226744727485,0.8893092480276533,0.8917892049483199
91611,0.965072356044979,0.9683954825926998,0.9719314642015583,0.9597731537734816,0.9649662159935918
91612,0.9336216474029263,0.9438921001795562,0.9469545382018851,0.9362786895751781,0.9386528596474625
91613,1.0154055330467489,1.0179995739595575,1.0249507308777916,1.0138247683504944,1.0154322221580847
91614,1.0154057374357146,1.0179998122697584,1.0249510593931743,1.0138249519991172,1.015432426896772
91615,1.0207209587845092,1.022331402467775,1.0298090338195158,1.0151969492315165,1.021730814991334
91616,1.0207209587845092,1.022331402467775,1.0298090338195158,1.0151969492315165,1.021730814991334
91617,0.8961210684844495,0.9035159231864167,0.9092461559397497,0.8953767762278494,0.9010930792508463
91618,0.8961210684844495,0.9035159231864167,0.9092461559397497,0.8953767762278494,0.9010930792508463
91619,0.8961027039218165,0.903498972961773,0.9092302896156913,0.8953582683296384,0.9010756675783254
91620,0.8772025282331921,0.8967898894322179,0.9013081422459103,0.885982260127985,0.8861987864404377
91621,0.8846756424867597,0.8962927671395756,0.9046015573360787,0.887918796919238,0.8917651101047647
91622,0.8923565251226965,0.9162706124038233,0.9259209555782134,0.9036967964188054,0.9056829413334797
91623,0.8923565251226965,0.9042453532305661,0.9099871880577916,0.8960896206910007,0.9018175852429257
91624,0.8923565251226965,0.9045938337773551,0.9103366815830053,0.8964366806461652,0.902165640659815
91625,0.9021074421839019,0.915396825542645,0.9188765813510078,0.9000824776468979,0.9109562774211599
91626,0.9021074421839019,0.915396825542645,0.9188765813510078,0.9000824776468979,0.9109562774211599
91627,0.9021074421839019,0.915396825542645,0.9188765813510078,0.9000824776468979,0.9109562774211599
91628,0.8689895359631646,0.8844894056619415,0.8889895280462607,0.8710634088476131,0.8784127620671884
91629,0.9017055271986983,0.9150533646044332,0.9185482119325658,0.899671540115001,0.910593429753279
91630,0.9021204174896313,0.9154079141375906,0.918887182815719,0.9000957441583646,0.9109679917745734
91631,0.9017055271986983,0.9150533646044332,0.9185482119325658,0.899671540115001,0.910593429753279
91632,1.015406350718328,1.018000527335234,1.0249520451250786,1.013825503048982,1.0154330412287487
91633,0.8961729864427146,0.9035638428669208,0.9092910114565299,0.8954290993885166,0.9011423034295035
91634,0.8961729864427146,0.9035638428669208,0.9092910114565299,0.8954290993885166,0.9011423034295035
91635,0.8961729864427146,0.9035638428669208,0.9092910114565299,0.8954290993885166,0.9011423034295035
91636,0.8960136425213588,0.9034167709991193,0.909153344442035,0.895268511757639,0.9009912276349281
91637,0.8843183601607897,0.9095346316815062,0.9179318919819078,0.8965344194353893,0.9000357178152798
91638,0.9401573053930591,0.9465860198160135,0.9556633009509861,0.9382001203261455,0.9457204250291701
91639,0.9401202799029905,0.9465497461273915,0.9556280718846385,0.9381628639572975,0.9456840506969562
91640,1.0154057374357146,1.0179998122697584,1.0249510593931743,1.0138249519991172,1.015432426896772
91641,0.8961348280030144,0.9035286230415046,0.9092580437023887,0.8953906431374334,0.9011061248365956
91642,0.8842612524880836,0.8958741980692914,0.9041799858171885,0.887503242492807,0.8913481724296151
91643,0.9650670444587145,0.9683906894120595,0.9719272195631847,0.9597670096860369,0.9649608878032772
91644,0.9650670444587145,0.9683906894120595,0.9719272195631847,0.9597670096860369,0.9649608878032772
91645,0.8108412208189036,0.8329402726326712,0.8327977589519956,0.8185048965865983,0.8213607497002728
91646,0.8108262485496025,0.832927311730326,0.8327847853342066,0.8184906309951164,0.8213467449352183
91647,0.8108202575830635,0.8329221255976962,0.8327795941135961,0.8184849228010206,0.821341141108967
91648,0.8108262485496025,0.832927311730326,0.8327847853342066,0.8184906309951164,0.8213467449352183
91649,0.8648880687846915,0.8804070736814964,0.8849123503360239,0.8669646280212348,0.8743231858647358
91650,0.8648880687846915,0.8804070736814964,0.8849123503360239,0.8669646280212348,0.8743231858647358
91651,0.8655268959665369,0.8809650037377642,0.8854471946014922,0.8675925051436558,0.8749125735866553
91652,0.8655268959665369,0.8809650037377642,0.8854471946014922,0.8675925051436558,0.8749125735866553
91653,0.9049973391778989,0.9209919353369785,0.9268341958040605,0.9041438082164743,0.9153968925114487
91654,0.8918427358400504,0.9091103271406626,0.9153812233091864,0.8959677007879064,0.9014519059860642
91655,0.8918411197035414,0.9091089888033346,0.9153799838779041,0.8959661517517481,0.9014504454387181
91656,0.8595267997765946,0.8817661924717184,0.8874505126033828,0.8694336802833539,0.8716635885476
91658,0.9139551844253525,0.9293354507014138,0.9359624002348822,0.9130950257542336,0.9244356802146458
91659,0.9170067373799117,0.9293354507014138,0.9366169198236621,0.9154706468832744,0.925819772663825
91660,0.9170067373799117,0.9293354507014138,0.9366169198236621,0.9154706468832744,0.925819772663825
91661,0.9169535070300934,0.9292905922662412,0.9365769262981808,0.915416361369201,0.9257725442984346
91662,0.8846883225542282,0.9024740521308535,0.9097888194531575,0.8899826326983218,0.8947708178525127
91663,0.9169535070300934,0.9292905922662412,0.9365769262981808,0.915416361369201,0.9257725442984346
91664,0.9063363374135468,0.9223195488550172,0.9281578610770758,0.9054834380949421,0.9167283917895988
91665,0.8960321097854392,0.9034338158725065,0.9091692992610771,0.895287123174863,0.9010087365806276
91666,0.8960321097854392,0.9034338158725065,0.9091692992610771,0.895287123174863,0.9010087365806276
91667,0.8960321097854392,0.9034338158725065,0.9091692992610771,0.895287123174863,0.9010087365806276
91668,0.8942197761615385,0.9147645269982931,0.9204603070810322,0.9009566594524863,0.904496717713933
91669,0.8692764594959707,0.8939044438593173,0.8989980516117575,0.8802707432794087,0.882725771151702
91670,0.8689783333458465,0.8936675689673012,0.8987735267001663,0.8800002805036651,0.8824614144767564
91671,0.8692764594959707,0.8939044438593173,0.8989980516117575,0.8802707432794087,0.882725771151702
91673,0.9302138209040581,0.945430711211557,0.9507691359781947,0.926425682245935,0.9401555129359109
91674,0.9051665574001053,0.9211307835518848,0.9269621510044,0.9043146700467402,0.9155462723523277
91675,0.9302138209040581,0.945430711211557,0.9490349961638607,0.926425682245935,0.9401555129359109
91676,0.9302138209040581,0.945430711211557,0.949005399781912,0.926425682245935,0.9401555129359109
91677,0.8649546903775613,0.8804652559951445,0.8849681244748492,0.8670301072393584,0.8743846497722019
91679,0.8108202575830635,0.8329221255976962,0.8327795941135961,0.8184849228010206,0.821341141108967
91680,0.8108202575830635,0.8329221255976962,0.8327795941135961,0.8184849228010206,0.821341141108967
91681,0.8108202575830635,0.8329221255976962,0.8327795941135961,0.8184849228010206,0.821341141108967
91683,0.8341183228354957,0.854001486765196,0.8553108216576943,0.839727798222842,0.8420614445779394
91684,0.9258511644548517,0.9354953051694106,0.9381484495416634,0.9258455594224957,0.9298235304281542
91685,0.8434141077361036,0.8629212681221602,0.8652219253270529,0.8493107835763499,0.8520702203387579
91686,0.8962049686783972,0.9035933622207892,0.9093186433151227,0.8954613312218763,0.9011726263378876
91687,0.9650665613118128,0.9683902534199547,0.97192683346711,0.9597664508137682,0.9649604031460508
91688,0.8962731599329327,0.903660948772153,0.9093857702634114,0.8955295840710081,0.9012404095663058
91689,0.9650665613118128,0.9683902534199547,0.97192683346711,0.9597664508137682,0.9649604031460508
91690,0.8961501023925549,0.9035427211219385,0.9092712402944986,0.8954060367391831,0.9011206067054157
91691,0.8961531555076113,0.9035455391133708,0.9092738780938777,0.8954091136826505,0.9011235014094853
91692,0.8918427358400504,0.9091103271406626,0.9153812233091864,0.8959677007879064,0.9014519059860642
91693,0.8924164411757304,0.9096951403868133,0.9159700705026315,0.8965440596344635,0.902031792716695
91694,0.8577169222127651,0.8800710907659809,0.8857838883381739,0.8676756028886757,0.8699170206303847
91695,0.9050043706222455,0.9209977047307075,0.9268395125410255,0.90415090796367,0.9154030995501897
91696,0.8577169222127651,0.8800710907659809,0.8857838883381739,0.8676756028886757,0.8699170206303847
91697,0.8410456931640463,0.8629782389469093,0.86602999875283,0.8508729142547045,0.852884518901054
91698,0.9228043310154976,0.9359234689811925,0.940636560968982,0.9192681248924919,0.935177709442752
91699,0.9228043310154976,0.9359234689811925,0.940636560968982,0.9192681248924919,0.935177709442752
91701,1.0170247783311117,1.0223616850824888,1.027677378240023,1.0099034406633185,1.0265932494604497
91702,0.9659568487982453,0.9795327925130181,0.9834825104123084,0.9570224546017153,0.9766567915767217
91703,1.0170247783311117,1.0223616850824888,1.027677378240023,1.0099034406633185,1.0265932494604497
91704,1.0170247783311117,1.0223616850824888,1.027677378240023,1.0099034406633185,1.0265932494604497
91705,0.8843183601607897,0.9095346316815062,0.920473452051295,0.8965344194353893,0.9000357178152798
91706,0.8843183601607897,0.9095346316815062,0.920473452051295,0.8965344194353893,0.9000357178152798
91707,0.8692884561255652,0.8939139761180562,0.89900708695737,0.8802816269338994,0.882736409134458
91709,0.8962186555787804,0.9036059951502136,0.9093304685024091,0.8954751249353495,0.9011856031427118
91711,0.965072356044979,0.9683954825926998,0.9719314642015583,0.9597731537734816,0.9649662159935918
91712,0.9650709079812484,0.9683941758583096,0.9719303070125167,0.959771478750835,0.9649647634032146
91715,0.8687170433122444,0.8934599772556081,0.8985767610423814,0.879763243738165,0.8822297308605522
91716,0.8961027039218165,0.903498972961773,0.9092302896156913,0.8953582683296384,0.9010756675783254
91719,0.8689783333458465,0.8936675689673012,0.8987735267001663,0.8800002805036651,0.8824614144767564
91720,0.8689783333458465,0.8936675689673012,0.8987735267001663,0.8800002805036651,0.8824614144767564
91721,0.8763012688988138,0.8960450865506636,0.9005986919974528,0.8851517807258759,0.8853700391392798
91722,0.8767340540179492,0.892863355544091,0.8992180414699051,0.8835235717268288,0.8843022219872732
91723,0.9401202799029905,0.9465497461273915,0.9556280718846385,0.9381628639572975,0.9456840506969562
91724,0.9401202799029905,0.9465497461273915,0.9556280718846385,0.9381628639572975,0.9456840506969562
91725,0.8934915197745046,0.914187890556598,0.9199247842477657,0.9002787034784275,0.9038449636742205
91726,0.905162385607737,0.9211273604208203,0.9269589964076029,0.9043104577380587,0.9155425895993587
91727,0.905162385607737,0.9211273604208203,0.9269589964076029,0.9043104577380587,0.9155425895993587
91728,0.9050548976626414,0.9210391630956611,0.9268777182361173,0.9042019258021119,0.9154477027001291
91729,0.8962049686783972,0.9035933622207892,0.9093186433151227,0.8954613312218763,0.9011726263378876
91730,0.8962049686783972,0.9035933622207892,0.9093186433151227,0.8954613312218763,0.9011726263378876
91731,0.8962049686783972,0.9035933622207892,0.9093186433151227,0.8954613312218763,0.9011726263378876
91732,0.8962049686783972,0.9035933622207892,0.9093186433151227,0.8954613312218763,0.9011726263378876
91733,0.965071390715039,0.9683946114778201,0.9719306927788217,0.9597720371448344,0.9649652476460319
91734,0.965071390715039,0.9683946114778201,0.9719306927788217,0.9597720371448344,0.9649652476460319
91735,0.965071390715039,0.9683946114778201,0.9719306927788217,0.9597720371448344,0.9649652476460319
91736,0.9650689765871917,0.9683924329663798,0.9719287635809797,0.9597692446435651,0.9649628259716102
91737,0.9650689765871917,0.9683924329663798,0.9719287635809797,0.9597692446435651,0.9649628259716102
91738,0.8960950457631579,0.9034919046012125,0.9092236732552921,0.8953505503980136,0.9010684067879243
91739,0.876637734727492,0.8927807936061594,0.8991407967498175,0.8834330897904579,0.8842124051703331
91740,0.8767709713133934,0.8928950002967345,0.899247648347159,0.8835582518576343,0.8843366472095842
91741,0.8448311744386743,0.8652220920002527,0.8690740897533096,0.8529401372915908,0.8548100722399009
91742,0.8649546903775613,0.8804652559951445,0.8849681244748492,0.8670301072393584,0.8743846497722019
91743,0.8421946802238105,0.8625219631352795,0.8663619398241299,0.8502783371525411,0.852142436529411
91744,0.8772025282331921,0.8967898894322179,0.9013081422459103,0.885982260127985,0.8861987864404377
91745,0.8692514577274579,0.8940550419995519,0.8991841604662445,0.8803249437072531,0.8827974769174775
91746,0.8763012688988138,0.8960450865506636,0.9005986919974528,0.8851517807258759,0.8853700391392798
91747,0.9197887279034654,0.9417513137820956,0.9456476772221039,0.920920230667305,0.9362391605687751
91748,0.9430480502588104,0.9570717684995564,0.9637811831978196,0.9346031484914427,0.9563597659563472
91749,0.9430416277382471,0.9570669831386724,0.9637771679217232,0.9345957217302108,0.9563548983778785
91750,0.8709012507526906,0.895094359187659,0.9041262503133186,0.8849324110473368,0.8845005529307403
91751,0.9650689765871917,0.9683924329663798,0.9719287635809797,0.9597692446435651,0.9649628259716102
91752,0.9650689765871917,0.9683924329663798,0.9719287635809797,0.9597692446435651,0.9649628259716102
91753,0.9650689765871917,0.9683924329663798,0.9719287635809797,0.9597692446435651,0.9649628259716102
91754,0.9650689765871917,0.9683924329663798,0.9719287635809797,0.9597692446435651,0.9649628259716102
91755,0.9650655948802426,0.96838938131149,0.971926061164987,0.9597653329097341,0.964959433693398
91756,0.9650689765871917,0.9683924329663798,0.9719287635809797,0.9597692446435651,0.9649628259716102
91757,0.876637734727492,0.8927807936061594,0.8991407967498175,0.8834330897904579,0.8842124051703331
91758,0.8763043441966331,0.8924950325734591,0.8988734434381499,0.8831199093359883,0.8839015274438076
91759,0.8668637870484655,0.8888320885844027,0.8973680610336758,0.8790428186181791,0.8791234432006719
91760,0.8648642060092147,0.8909651609592928,0.8952943348241429,0.8766252435264782,0.8787118436912348
91761,0.8648642060092147,0.8909651609592928,0.8952943348241429,0.8766252435264782,0.8787118436912348
91762,0.8648642060092147,0.8909651609592928,0.8952943348241429,0.8766252435264782,0.8787118436912348
91763,0.8348547094709409,0.854755426900891,0.8560659177165837,0.840469137084601,0.8428048436581838
91764,0.8454018355715954,0.8636004571101874,0.8645997535803213,0.8486007321407759,0.8525836654125885
91765,0.9258553987965549,0.9354989592456227,0.9381519456015514,0.9258497941041461,0.9298275246381748
91766,0.8341183228354957,0.854001486765196,0.8553108216576943,0.839727798222842,0.8420614445779394
91767,0.8685230994074299,0.8933059003989087,0.8984307211033411,0.8795873067537832,0.882057768192808
91768,0.8690208945068293,0.8937013846300677,0.8988055791014127,0.880038891787745,0.8824991539277068
91769,0.8690208945068293,0.8937013846300677,0.8988055791014127,0.880038891787745,0.8824991539277068
91770,0.8687170433122444,0.8934599772556081,0.8985767610423814,0.879763243738165,0.8822297308605522
91771,0.8770405221769084,0.8966559964189016,0.901180602295288,0.8858329716146882,0.8860498091593145
91772,0.8770405221769084,0.8966559964189016,0.901180602295288,0.8858329716146882,0.8860498091593145
91773,0.8770405221769084,0.8966559964189016,0.901180602295288,0.8858329716146882,0.8860498091593145
91774,0.8751635959435072,0.8915173865561087,0.8979588199806164,0.8820483742805828,0.8828378779552252
91778,0.8433003245045927,0.8628150165468066,0.8651165425309718,0.84919930866915,0.8519598161385662
91779,0.8433628299688734,0.8628688043614535,0.865169321691327,0.8492591473038867,0.8520184162984631
91780,0.8433628299688734,0.8628688043614535,0.865169321691327,0.8492591473038867,0.8520184162984631
91781,0.965072356044979,0.9683954825926998,0.9719314642015583,0.9597731537734816,0.9649662159935918
91782,0.9650655948802426,0.96838938131149,0.971926061164987,0.9597653329097341,0.964959433693398
91783,0.9047548258961544,0.9207929552757139,0.9266508290959939,0.9038989388212232,0.9151828165917825
91784,0.9047548258961544,0.9207929552757139,0.9266508290959939,0.9038989388212232,0.9151828165917825
91785,0.8918411197035414,0.9091089888033346,0.9153799838779041,0.8959661517517481,0.9014504454387181
91786,0.8766091379137064,0.894232443968338,0.9014804110918683,0.8818550991555845,0.8865995574616103
91787,0.8526735849998361,0.875273533853223,0.8816953288158257,0.8634766505990613,0.8649323813489306
91788,0.9169535070300934,0.9292905922662412,0.9365769262981808,0.915416361369201,0.9257725442984346
91789,0.9151685721054724,0.9292905922662412,0.9365769262981808,0.9143072714681474,0.9256629820392325
91792,0.9051665574001053,0.9211307835518848,0.9269621510044,0.9043146700467402,0.9155462723523277
91793,0.8526735849998361,0.875273533853223,0.8816953288158257,0.8634766505990613,0.8649323813489306
91794,0.8960853694173004,0.9113663367074086,0.9185289370309213,0.9005116106493188,0.9047278596632543
91795,0.8934915197745046,0.914187890556598,0.9199247842477657,0.9002787034784275,0.9038449636742205
91796,0.8942197761615385,0.9147645269982931,0.9204603070810322,0.9009566594524863,0.904496717713933
91797,0.8934915197745046,0.914187890556598,0.9199247842477657,0.9002787034784275,0.9038449636742205
91798,0.9336244727851446,0.9438944681187252,0.9469567712317392,0.9362813958691455,0.9386554599726731
91799,0.8455416781405162,0.8637218777749821,0.8647201795561004,0.8487372937699208,0.8527161677218084
91800,0.8453447203414479,0.8635508667167123,0.8645505694812884,0.8485449571054826,0.8525295485107294
91801,0.8834911856430597,0.8950927565921923,0.9033904224817307,0.886729997945747,0.8905711614563455
91803,0.8965806908793692,0.9117834080145851,0.9189100117304286,0.9009840598644386,0.9051786792092281
91804,0.8834462006003638,0.8950526521768042,0.903353750278791,0.886686385157333,0.8905291663279876
91805,0.8966352209289642,0.9118388626936395,0.9189658998496161,0.9010388577269942,0.9052337321885883
91806,0.8834340699535382,0.8950418376797605,0.9033438613334911,0.886674624564937,0.8905178419671953
91809,0.8834808144917878,0.8950835106314928,0.9033819677943062,0.8867199431564082,0.8905614796058194
91810,0.8834808144917878,0.8950835106314928,0.9033819677943062,0.8867199431564082,0.8905614796058194
91811,0.8834617851158751,0.8950665458311774,0.9033664548702103,0.8867014942636436,0.8905437150065132
91812,0.8962095322957366,0.9035975744112298,0.9093225861792809,0.895465930454061,0.9011769531871107
91813,0.8834808144917878,0.8950835106314928,0.9033819677943062,0.8867199431564082,0.8905614796058194
91814,0.8834808144917878,0.8950835106314928,0.9033819677943062,0.8867199431564082,0.8905614796058194
91815,0.8834704373355261,0.8950742593303402,0.9033735082316816,0.8867098825492781,0.8905517921578197
91817,0.8841133336325101,0.8957226537335017,0.9040258664607435,0.887354308519497,0.8911980375631712
91818,0.8651992850670008,0.887125404333956,0.8956449864999254,0.8773549311608381,0.8774354009326452
91819,0.8834704373355261,0.8950742593303402,0.9033735082316816,0.8867098825492781,0.8905517921578197
91820,0.896248573641828,0.9115037537881663,0.9186544921133731,0.9006672771956142,0.904876398172241
91821,0.896248573641828,0.9115037537881663,0.9186544921133731,0.9006672771956142,0.904876398172241
91822,0.8822858147532789,0.9018740105188089,0.9080735455096337,0.8891169553648068,0.8929873850372155
91823,0.8961990093171375,0.9114620204375125,0.9186163610458771,0.900620001874462,0.9048312874717735
91824,0.8934915197745046,0.914187890556598,0.9199247842477657,0.9002787034784275,0.9038449636742205
91825,0.8934915197745046,0.914187890556598,0.9199247842477657,0.9002787034784275,0.9038449636742205
91827,0.8953327627001242,0.9107327016631804,0.9179500209804067,0.8997937821685267,0.9040429175539064
91828,0.8804105643094965,0.904154437190109,0.9112140990635916,0.8925712063728701,0.891763889095325
91829,0.8955857914888106,0.9109457215597901,0.9181446408582801,0.9000351149753665,0.9042731909495302
91830,0.8563308994872285,0.882357074556469,0.8861199521826912,0.8682913934368338,0.8616410437393678
91833,0.8759442896870266,0.8935535776507139,0.9007957845027491,0.8811860763181506,0.8859267604348122
91834,0.8775237433783387,0.8951647834239826,0.9024200490178584,0.8827749817055821,0.88752421395837
91835,0.8526689832577127,0.8752697140528289,0.8816917256925171,0.8634724264644327,0.8649282075564548
91836,0.8953327627001242,0.9107327016631804,0.9179500209804067,0.8997937821685267,0.9040429175539064
91837,0.8855748234107078,0.9123543667444407,0.9176041369168257,0.8990580614273478,0.8971330018509024
91838,0.8834462006003638,0.8950526521768042,0.903353750278791,0.886686385157333,0.8905291663279876
91839,0.8834462006003638,0.8950526521768042,0.903353750278791,0.886686385157333,0.8905291663279876
91840,0.8889977381233273,0.9006771241369652,0.909030385978593,0.8922582838592082,0.8961252128997014
91841,0.8754789498361008,0.8917876314814812,0.898211636818025,0.8823445850562869,0.8831319078123195
91842,0.8751635959435072,0.8915173865561087,0.8979588199806164,0.8820483742805828,0.8828378779552252
91843,0.8763043441966331,0.8924950325734591,0.8988734434381499,0.8831199093359883,0.8839015274438076
91844,0.9051748973825092,0.9211376268673082,0.9269684574854098,0.9043230910261638,0.9155536346846905
91845,0.8834565917806005,0.8950619159499182,0.9033622212267971,0.8866964593512378,0.8905388668482137
91846,0.8834513969422289,0.8950572847319107,0.9033579863630967,0.8866914229825955,0.8905340172888279
91847,0.8834565917806005,0.8950619159499182,0.9033622212267971,0.8866964593512378,0.8905388668482137
91848,0.8834513969422289,0.8950572847319107,0.9033579863630967,0.8866914229825955,0.8905340172888279
91849,0.8767894032364646,0.8929107998441747,0.8992624304549373,0.8835755668549466,0.8843538349410657
91850,0.8651992850670008,0.887125404333956,0.8956449864999254,0.8773549311608381,0.8774354009326452
91852,0.8298293613454744,0.852964527836819,0.8588770228495279,0.8404686224402369,0.8419013023310947
91853,0.8054212792817722,0.8270509753582863,0.8280430611015361,0.8125022635387038,0.8148436958314492
91854,0.8768022949933169,0.8929218504816533,0.8992727694782056,0.8835876774201207,0.8843658564948118
91855,0.8965215112673628,0.9117335754249488,0.918864479237399,0.900927612265813,0.9051248152699856
91856,0.8835980133434119,0.8952043529442434,0.9035053934781857,0.8868381628954524,0.8906809063249121
91857,0.9650655948802426,0.96838938131149,0.971926061164987,0.9597653329097341,0.964959433693398
91858,0.8649923251937545,0.886955370191593,0.8954889298754887,0.8771686147594487,0.8772492197508034
91859,0.8649923251937545,0.886955370191593,0.8954889298754887,0.8771686147594487,0.8772492197508034
91861,0.8751635959435072,0.8915173865561087,0.8979588199806164,0.8820483742805828,0.8828378779552252
91862,0.8833854653873578,0.8949985067860783,0.9033042389990017,0.8866275027724563,0.8904724681092834
91863,0.8767728153069473,0.8928965809359276,0.8992491271974733,0.8835599841089478,0.8843383667286655
91864,0.8643994317083363,0.8864683054030665,0.8950419189169222,0.8766348878904332,0.8767158804143209
91865,0.8767728153069473,0.8928965809359276,0.8992491271974733,0.8835599841089478,0.8843383667286655
91866,0.8424879480776621,0.8627729250098243,0.8666050770053434,0.8505546000507047,0.8524148122804116
91867,0.8424879480776621,0.8627729250098243,0.8666050770053434,0.8505546000507047,0.8524148122804116
91868,0.8447532910938919,0.8650928117509018,0.8689352679160889,0.8528416332688574,0.854706847372826
91869,0.8289072765214908,0.8505305006177517,0.8535392021113049,0.8385959302388197,0.8405791646606289
91870,0.8424879480776621,0.8627729250098243,0.8666050770053434,0.8505546000507047,0.8524148122804116
91871,0.8420393387046292,0.862389036559264,0.8662331587575774,0.8501320056244729,0.8519981645356274
91872,0.8768022949933169,0.8929218504816533,0.8992727694782056,0.8835876774201207,0.8843658564948118
91873,0.8768022949933169,0.8929218504816533,0.8992727694782056,0.8835876774201207,0.8843658564948118
91874,0.8770960740305631,0.8932210304941469,0.899574077412671,0.8838837299494963,0.8846621697587916
91875,0.8768022949933169,0.8929218504816533,0.8992727694782056,0.8835876774201207,0.8843658564948118
91876,0.8965291108120848,0.9117399746409469,0.9188703262465929,0.9009348609686757,0.9051317321834591
91877,0.8834617851158751,0.8950665458311774,0.9033664548702103,0.8867014942636436,0.8905437150065132
91878,0.8833854653873578,0.8949985067860783,0.9033042389990017,0.8866275027724563,0.8904724681092834
91879,0.8834340699535382,0.8950418376797605,0.9033438613334911,0.886674624564937,0.8905178419671953
91880,0.8855748234107078,0.9123543667444407,0.9176041369168257,0.8990580614273478,0.8971330018509024
91881,0.8855748234107078,0.9123543667444407,0.9176041369168257,0.8990580614273478,0.8971330018509024
91882,0.8001555152553196,0.8254153044298282,0.8314958374162758,0.8129415109149726,0.8098096378899053
91883,0.8834340699535382,0.8950418376797605,0.9033438613334911,0.886674624564937,0.8905178419671953
91884,0.8585286252447484,0.8807421911763579,0.8864199100669816,0.8684240008213363,0.8706513194773952
91885,0.8585286252447484,0.8807421911763579,0.8864199100669816,0.8684240008213363,0.8706513194773952
91886,0.8585286252447484,0.8807421911763579,0.8864199100669816,0.8684240008213363,0.8706513194773952
91887,0.8901651358735003,0.9050304920600124,0.9066394660308936,0.8951550313296303,0.8971601206398436
91888,0.8901651358735003,0.9050304920600124,0.9066394660308936,0.8951550313296303,0.8971601206398436
91889,0.7834932629294656,0.8097249134675787,0.8082599338489225,0.7952625416051066,0.7932947145905148
91890,0.8369406446814679,0.8593960317024174,0.8655526113311711,0.8484903479193608,0.8487947851834288
91891,0.8397190024336617,0.862248933687831,0.8684259510630931,0.8513070467507345,0.851612494642782
91892,0.8784469150638917,0.9021378301087402,0.90918174626054,0.8905804342864205,0.8897749176323883
91893,0.8833088211644907,0.8949301791645494,0.9032417596968098,0.8865531969051333,0.8904009187440325
91894,0.8250809544868051,0.8458604110712133,0.8466400719949141,0.8327021467327348,0.833479441309094
91895,0.8276770198282921,0.8492672490422943,0.8522713618519872,0.8373508859975117,0.8393310941918538
91896,0.8276770198282921,0.8492672490422943,0.8522713618519872,0.8373508859975117,0.8393310941918538
91897,0.8276770198282921,0.8492672490422943,0.8522713618519872,0.8373508859975117,0.8393310941918538
91898,0.8833088211644907,0.8949301791645494,0.9032417596968098,0.8865531969051333,0.8904009187440325
91899,0.8276716539727342,0.8492626450991239,0.8522668616285403,0.8373458651591078,0.8393261432440136
91900,0.8276716539727342,0.8492626450991239,0.8522668616285403,0.8373458651591078,0.8393261432440136
91901,0.827714551451293,0.8492994515850202,0.8523028389389129,0.8373860044569743,0.8393657238123956
91902,0.8563308994872285,0.8798092081134569,0.8860876754625331,0.8682913934368338,0.8616410437393678
91903,0.8376976029123187,0.8600821767617427,0.8662198686778115,0.8492105014269684,0.8495139796290068
91904,0.902494183276461,0.9245163556313514,0.9318744150440846,0.9054812505170937,0.9170573960969808
91905,0.8847113431688308,0.9065213338173306,0.9168360341450087,0.8892047726204483,0.8996050194800093
91906,0.9024468895968862,0.9244804171297504,0.9318421785485226,0.9054355217369575,0.9170176583217361
91907,0.8561357943106132,0.8821606565805098,0.8897610200480617,0.8714015999406167,0.8701108525265498
91908,0.8561357943106132,0.8821606565805098,0.8897610200480617,0.8714015999406167,0.8701108525265498
91909,0.8563308994872285,0.882357074556469,0.8861199521826912,0.8682913934368338,0.8616410437393678
91910,0.8280922072644533,0.8496869557970008,0.8526917134864656,0.8377680729996716,0.8397486956284758
91911,0.860982890282116,0.8872714342767242,0.8909513817663305,0.8746823079354236,0.8667116886908708
91912,0.8192249578975181,0.8458862510807531,0.8502446824211798,0.8327438731140415,0.8293943501020515
91913,0.794536677111084,0.8226168548214152,0.8270860719346275,0.8084326028069602,0.8034513337798946
91914,0.797237073644172,0.8224047317036534,0.8284630869007246,0.8099764343921588,0.8068559843822217
91915,0.8666669177049622,0.8882501601387931,0.8980999744963006,0.8780439433730238,0.8789437487289875
91916,0.7712608279970502,0.8003497221156506,0.8060562001179166,0.7863136076483205,0.7820960821664485
91917,0.8835353961750997,0.905320322650129,0.9156231249869323,0.8880236723808675,0.8984119705374364
91918,0.8820769162079319,0.9039694453007618,0.9143141508174125,0.888001388673358,0.8969241514919731
91919,0.7967876019563549,0.8224632626474508,0.8313756513575548,0.8117164307333766,0.8090926403035362
91920,0.8316782663115179,0.8548649792125325,0.8607906475858139,0.8423412322588554,0.8437771042384588
91922,0.8526689832577127,0.8752697140528289,0.8816917256925171,0.8634724264644327,0.8649282075564548
91923,0.8051154465445846,0.8293648947956462,0.8336695296516484,0.816766002084282,0.8163444851237832
91926,0.8251136523349141,0.8458886935158813,0.8466681919298957,0.8327332060661095,0.8335103347859533
91927,0.8251136523349141,0.8458886935158813,0.8466681919298957,0.8327332060661095,0.8335103347859533
91928,0.8257912831999638,0.8465833860415726,0.8473635246245905,0.833417094547636,0.8341948614903539
91929,0.8250809544868051,0.8458604110712133,0.8466400719949141,0.8327021467327348,0.833479441309094
91930,0.812889361332955,0.8342307737497189,0.8357156888531472,0.8205981396457156,0.8214241045082549
91931,0.7925719037760296,0.8163976043433886,0.817745644596971,0.8012483480715996,0.8019353264577577
91932,0.8250973082102397,0.8458745564229405,0.8466541360672879,0.8327176809492542,0.833494892572157
91938,0.9336216474029263,0.9438921001795562,0.9469545382018851,0.9362786895751781,0.9386528596474625
91939,0.9336216474029263,0.9438921001795562,0.9469545382018851,0.9362786895751781,0.9386528596474625
91940,0.8043682215166069,0.8259696375861266,0.8269604262149067,0.8114399476552735,0.8137783186141295
91942,0.9336216474029263,0.9438921001795562,0.9469545382018851,0.9362786895751781,0.9386528596474625
91943,0.9336216474029263,0.9438921001795562,0.9469545382018851,0.9362786895751781,0.9386528596474625
91944,0.8533448988888791,0.8758308183232393,0.8822210121926212,0.864092900973427,0.865541290378401
91945,0.8526735849998361,0.875273533853223,0.8816953288158257,0.8634766505990613,0.8649323813489306
91946,0.9336216474029263,0.9438921001795562,0.9469545382018851,0.9362786895751781,0.9386528596474625
91952,0.8455014668380418,0.863686963326024,0.8646855511132576,0.8486980258288397,0.8526780669527975
91953,0.8455014668380418,0.863686963326024,0.8646855511132576,0.8486980258288397,0.8526780669527975
91954,0.8453637735712657,0.8635674096592783,0.8645669768844775,0.8485635632445692,0.8525476014952243
91960,0.9336216474029263,0.9438921001795562,0.9469545382018851,0.9362786895751781,0.9386528596474625
91961,0.9336216474029263,0.9438921001795562,0.9469545382018851,0.9362786895751781,0.9386528596474625
91968,0.8526689832577127,0.8752697140528289,0.8816917256925171,0.8634724264644327,0.8649282075564548
91969,0.8526689832577127,0.8752697140528289,0.8816917256925171,0.8634724264644327,0.8649282075564548
91970,0.8526689832577127,0.8752697140528289,0.8816917256925171,0.8634724264644327,0.8649282075564548
91976,0.9336235310810628,0.9438936788809534,0.9469560269594126,0.9362804938573133,0.9386545932803514
91978,0.8962186555787804,0.9036059951502136,0.9093304685024091,0.8954751249353495,0.9011856031427118
91979,0.8962095322957366,0.9035975744112298,0.9093225861792809,0.895465930454061,0.9011769531871107
91980,0.8962186555787804,0.9036059951502136,0.9093304685024091,0.8954751249353495,0.9011856031427118
91982,0.8651992850670008,0.887125404333956,0.8956449864999254,0.8773549311608381,0.8774354009326452
91985,0.9030301288173965,0.9162102716489859,0.9253584319906122,0.9049323954659302,0.9125579967848845
91989,0.8835527121382443,0.9053341401011434,0.9156353321450597,0.8880402569283428,0.8984268834711414
91990,0.8835527121382443,0.9053341401011434,0.9156353321450597,0.8880402569283428,0.8984268834711414
91998,0.9336244727851446,0.9438944681187252,0.9469567712317392,0.9362813958691455,0.9386554599726731
91999,0.8675154767840432,0.8800891875564826,0.88198590039019,0.8674105381099327,0.8745971959776927
92006,0.9336244727851446,0.9438944681187252,0.9469567712317392,0.9362813958691455,0.9386554599726731
92008,0.8341183228354957,0.854001486765196,0.8553108216576943,0.839727798222842,0.8420614445779394
92009,0.8341183228354957,0.854001486765196,0.8553108216576943,0.839727798222842,0.8420614445779394
92010,0.8341183228354957,0.854001486765196,0.8553108216576943,0.839727798222842,0.8420614445779394
92011,0.8350580915310507,0.8549636570487731,0.8562744671180063,0.8406738868962985,0.8430101624800449
92015,0.8298293613454744,0.852964527836819,0.8588770228495279,0.8404686224402369,0.8419013023310947
92020,0.9921195333010024,0.9950767570561446,0.9993897227709696,0.9781026595722325,0.9979166919398774
92021,0.9921195333010024,0.9950767570561446,0.9993897227709696,0.9781026595722325,0.9979166919398774
92023,0.9921496935362908,0.9951070071904433,0.9994201040185631,0.9781323936973644,0.9979470284076284
92025,0.8108681523833464,0.8329635863193633,0.8328210955102652,0.8185305570423185,0.8213859410037092
92027,0.8453637735712657,0.8635674096592783,0.8645669768844775,0.8485635632445692,0.8525476014952243
92028,0.8453637735712657,0.8635674096592783,0.8645669768844775,0.8485635632445692,0.8525476014952243
92031,0.8454232194219854,0.8636190238031577,0.8646181681630323,0.8486216142506839,0.8526039267505753
92032,0.8454232194219854,0.8636190238031577,0.8646181681630323,0.8486216142506839,0.8526039267505753
92033,0.8454232194219854,0.8636190238031577,0.8646181681630323,0.8486216142506839,0.8526039267505753
92038,0.8651992850670008,0.887125404333956,0.8956449864999254,0.8773549311608381,0.8774354009326452
92041,0.8651992850670008,0.887125404333956,0.8956449864999254,0.8773549311608381,0.8774354009326452
92044,0.8809199923459804,0.895281771256581,0.8964605425178738,0.8793913168423864,0.8883697245115265
92045,0.8809199923459804,0.895281771256581,0.8964605425178738,0.8793913168423864,0.8883697245115265
92046,0.8809199923459804,0.895281771256581,0.8964605425178738,0.8793913168423864,0.8883697245115265
92048,0.8675682337487216,0.8801427091770466,0.8820395373571825,0.8674632886928854,0.8746503836090502
92053,0.8036044095206598,0.827798076818973,0.8320928482083915,0.8152281186088525,0.8148075714273958
92057,1.0557667521241874,1.05669695297838,1.064527285205788,1.0520036451495145,1.0563320408648658
92066,0.8962095322957366,0.9035975744112298,0.9093225861792809,0.895465930454061,0.9011769531871107
92069,0.8810142502799965,0.8953715579153447,0.8965499679580784,0.8794860584615904,0.8884616467810238
92088,0.9650689765871917,0.9683924329663798,0.9719287635809797,0.9597692446435651,0.9649628259716102
92092,0.8835527121382443,0.9053341401011434,0.9156353321450597,0.8880402569283428,0.8984268834711414
92093,0.8835527121382443,0.9053341401011434,0.9156353321450597,0.8880402569283428,0.8984268834711414
92095,0.882117334947519,0.9040017500615151,0.9143427246624495,0.8880395817587585,0.8969590346353745
92099,0.7928964747068171,0.8203005410682985,0.827238530658896,0.8084053147554416,0.8060564808635194
92104,0.9470610264998105,0.9677664625094101,0.9760016769667111,0.9465860879792776,0.9625017967095985
92105,0.9651059888357353,0.9786695790381564,0.9826157044351719,0.9561797291814097,0.9757961944363621
92106,0.9470610264998105,0.9677664625094101,0.9760016769667111,0.9465860879792776,0.9625017967095985
92107,0.9564561141744448,0.9772110772878813,0.9854673497843542,0.9559800981569037,0.9719333505270026
92108,0.9753417913196134,0.9890496347684115,0.9930377269237637,0.9663205932704041,0.9861456914830214
92109,0.9651050237600839,0.9786689955852351,0.9826152304421883,0.9561785083219962,0.9757955308384284
92110,1.03410696703919,1.0452313148666246,1.0488326294579722,1.0266015759083145,1.0426940934984026
92111,1.03410696703919,1.0452313148666246,1.0488326294579722,1.0266015759083145,1.0426940934984026
92112,0.9653405078349181,0.9789249614839229,0.9835109864490548,0.955801954691619,0.9784521552190982
92113,1.0342641969522584,1.045390236171684,1.0489920983218415,1.0267576646705807,1.0428526290337998
92114,0.9430416277382471,0.9570669831386724,0.9637771679217232,0.9345957217302108,0.9563548983778785
92115,0.9430416277382471,0.9570669831386724,0.9637771679217232,0.9345957217302108,0.9563548983778785
92116,0.9177265508528534,0.9381781186691182,0.9456055392004984,0.9177791134297784,0.9327089992934414
92117,0.9653405078349181,0.9789249614839229,0.9835109864490548,0.955801954691619,0.9771887471429445
92118,0.8709012507526906,0.895094359187659,0.9041262503133186,0.8849324110473368,0.8845005529307403
92119,0.9177265508528534,0.9381781186691182,0.9456055392004984,0.9177791134297784,0.9327089992934414
92120,0.9650992294523952,0.9786654925427914,0.9826123845966771,0.95617117828322,0.9757915466053825
92121,0.9307959097000049,0.9493551543673358,0.9572319633509869,0.9320849747547932,0.9441713865517719
92122,0.931976871977462,0.9503565667190956,0.9572319633509869,0.9324766046148073,0.9446355310310882
92124,0.9651637194810577,0.9787285162393364,0.9826749910982524,0.9562366611504904,0.975854876734259
92125,0.9651637194810577,0.9787285162393364,0.9826749910982524,0.9562366611504904,0.975854876734259
92126,0.8024466285647648,0.8266070569772771,0.8308959218592501,0.8140543755786652,0.8136344061472658
92127,0.8023962844722293,0.8265638336860253,0.8308539302545235,0.8140074919297587,0.8135873985824036
92128,0.8024466285647648,0.8266070569772771,0.8308959218592501,0.8140543755786652,0.8136344061472658
92129,0.7981499263915875,0.8209189776282777,0.8254878519283243,0.8090777517526746,0.8076457787669941
92130,0.8118064602740133,0.8352449048375672,0.8406866581476536,0.8235074906290955,0.8245653770208408
92131,0.8044176394754347,0.8275129559698164,0.8320289144187628,0.8150105540892527,0.8155248183558331
92132,0.8375120836164988,0.862644531402011,0.8718245711665209,0.8526680660777305,0.8511811172264889
92133,0.8375120836164988,0.862644531402011,0.8718245711665209,0.8526680660777305,0.8511811172264889
92134,0.8171968771839571,0.8435604924377693,0.8526633643359067,0.8335659111289476,0.8307324961270514
92136,0.8250973082102397,0.8458745564229405,0.8466541360672879,0.8327176809492542,0.833494892572157
92139,0.8042704101669231,0.8258691994995774,0.8268598676482458,0.8113412763821619,0.8136793629946036
92140,0.8042455321395212,0.8258474985819486,0.8268383094805486,0.8113174523155755,0.8136558844319635
92141,0.8042455321395212,0.8258474985819486,0.8268383094805486,0.8113174523155755,0.8136558844319635
92142,0.7925885733680305,0.816412038912517,0.8177599556153073,0.8012641923113487,0.8019511059162309
92143,0.882117334947519,0.9040017500615151,0.9143427246624495,0.8880395817587585,0.8969590346353745
92144,0.8820769162079319,0.9039694453007618,0.9143141508174125,0.888001388673358,0.8969241514919731
92145,0.8439577071962958,0.8698766467713858,0.8792212322063147,0.8601214552012327,0.8584039782554134
92146,0.8439577071962958,0.8698766467713858,0.8792212322063147,0.8601214552012327,0.8584039782554134
92147,0.7944646036116164,0.8220751069963373,0.8277647313636016,0.8092678688451503,0.8024027953611832
92148,0.7904818047278364,0.8134817039079595,0.8159224114676152,0.7989488898792617,0.801049668783397
92149,0.8042486429641603,0.8258502121255366,0.8268410051740442,0.8113204313476862,0.8136588202605799
92150,0.7925852401079834,0.8164091525649043,0.8177570939728004,0.8012610240875615,0.8019479506460235
92151,0.7912432250921683,0.8145243925227289,0.81697815447711,0.8002524333508915,0.8029810611712755
92152,0.7904818047278364,0.8134817039079595,0.8159224114676152,0.7989488898792617,0.801049668783397
92153,0.7912432250921683,0.8145243925227289,0.81697815447711,0.8002524333508915,0.8029810611712755
92154,0.791216377255346,0.8145010459157612,0.8169551682105459,0.8002269583676401,0.802955997457563
92155,0.7978311750619524,0.8205916485202209,0.8251587994885067,0.8087548857983644,0.8073234522251383
92156,0.7978311750619524,0.8205916485202209,0.8251587994885067,0.8087548857983644,0.8073234522251383
92157,0.7798313319640844,0.8037758781884297,0.8092761551811262,0.7904418080783765,0.789846749350539
92158,0.7978311750619524,0.8205916485202209,0.8251587994885067,0.8087548857983644,0.8073234522251383
92160,0.7904818047278364,0.8134817039079595,0.8159224114676152,0.7989488898792617,0.801049668783397
92161,0.7904683077556072,0.8134699411119841,0.8159108284165825,0.798936039951995,0.8010369778181233
92162,0.7904851781375085,0.8134846438854508,0.8159253065203729,0.7989521015696346,0.8010528407435392
92165,0.791216377255346,0.8145010459157612,0.8169551682105459,0.8002269583676401,0.802955997457563
92166,0.7914810877864858,0.8147735466003733,0.8172284899499729,0.8004946834922347,0.8032246356135453
92167,0.791216377255346,0.8145010459157612,0.8169551682105459,0.8002269583676401,0.802955997457563
92168,0.7978311750619524,0.8205916485202209,0.8251587994885067,0.8087548857983644,0.8073234522251383
92169,0.7978311750619524,0.8205916485202209,0.8251587994885067,0.8087548857983644,0.8073234522251383
92170,0.7978311750619524,0.8205916485202209,0.8251587994885067,0.8087548857983644,0.8073234522251383
92171,0.7737599123105948,0.7969290817812605,0.8032983112733216,0.784825566455969,0.7836939870231625
92172,0.7926334532796041,0.8156217096880223,0.8178068383550076,0.8013097650094364,0.8019967333538243
92173,0.7925852401079834,0.8164091525649043,0.8177570939728004,0.8012610240875615,0.8019479506460235
92174,0.7741293656252672,0.7973107220700885,0.8036832949675816,0.7852008452396623,0.7840686705117524
92175,0.7804024204620964,0.8043605073573584,0.8098639148718277,0.7910188789067405,0.7904234839114965
92176,0.8026225518899572,0.8287435275330007,0.8330136309410661,0.8158674928860387,0.8125858512788334
92177,0.7936540096289775,0.8156217096880223,0.8203697615851725,0.8032833786365986,0.8035832165026848
92178,0.7936540096289775,0.8156217096880223,0.8203697615851725,0.8032833786365986,0.8035832165026848
92179,0.7936540096289775,0.8156217096880223,0.8203697615851725,0.8032833786365986,0.8035832165026848
92180,0.7904818047278364,0.8134817039079595,0.8159224114676152,0.7989488898792617,0.801049668783397
92181,0.7904818047278364,0.8134817039079595,0.8159224114676152,0.7989488898792617,0.801049668783397
92182,0.7907944583560508,0.8138034545221947,0.8162451274374973,0.7992648924332543,0.8013665022434808
92183,0.8082039553581655,0.8348601590250181,0.8403172060438887,0.8224896854422166,0.8194832004130309
92184,0.7930897973471535,0.8205005453204642,0.8274402265196249,0.8086024187342027,0.8062530121536836
92185,0.7904683077556072,0.8134699411119841,0.8159108284165825,0.798936039951995,0.8010369778181233
92186,0.7870427988307844,0.8106582997609835,0.813382579790183,0.7965571971638937,0.7953829566142528
92187,0.7917171390698831,0.8154728952523104,0.8182133551027115,0.8012880445396376,0.8001068300365349
92188,0.7737265622570784,0.7968997914014458,0.8032701062712366,0.7847941775397553,0.7836623994515548
92189,0.7737562082209306,0.7969258285781087,0.803295178617847,0.7848220801790848,0.7836904786826789
92190,0.7787925214968052,0.8033779108725395,0.8092961024319002,0.7912371495844477,0.7881888930346923
92191,0.7787709014088752,0.8033591297715458,0.8092779854997494,0.7912169829294788,0.788168373524974
92192,0.7737599123105948,0.7969290817812605,0.8032983112733216,0.784825566455969,0.7836939870231625
92193,0.7787781095340759,0.8033653913709443,0.809284025663955,0.7912237064758495,0.7881752147140769
92194,0.7737525037633878,0.7969225750541525,0.8032920456540276,0.7848185935571579,0.7836869699948474
92195,0.7848364484180838,0.8083836529191257,0.8155773367038905,0.797746778259538,0.793947116337853
92196,0.7737972087000721,0.7969725537162365,0.8033434502386527,0.7848658345305191,0.7837339531033611
92197,0.7848364484180838,0.8083836529191257,0.8155773367038905,0.797746778259538,0.793947116337853
92198,0.7967876019563549,0.8224632626474508,0.8313756513575548,0.8117164307333766,0.8090926403035362
92199,0.7967876019563549,0.8224632626474508,0.8313756513575548,0.8117164307333766,0.8090926403035362
92200,0.7798801367687171,0.8038221897335583,0.8093219140969669,0.7904894901570703,0.7898944936294487
92201,0.7798313319640844,0.8037758781884297,0.8092761551811262,0.7904418080783765,0.789846749350539
92202,0.7798313319640844,0.8037758781884297,0.8092761551811262,0.7904418080783765,0.789846749350539
92203,0.7798313319640844,0.8037758781884297,0.8092761551811262,0.7904418080783765,0.789846749350539
92204,0.7943875626235496,0.8178740414924065,0.8224189994563434,0.8055955974004843,0.8026921150393962
92205,0.7788585339931954,0.803376718712871,0.8101729415047189,0.7912580973143483,0.7868464417167067
92206,0.7737265622570784,0.7968997914014458,0.8032701062712366,0.7847941775397553,0.7836623994515548
92207,0.7787709014088752,0.8033591297715458,0.8092779854997494,0.7912169829294788,0.788168373524974
92208,0.8019147874746472,0.8270276906752702,0.8309217351812052,0.8136740800652521,0.8099245316882346
92209,0.8093799844545838,0.8358737497761134,0.8382552668251801,0.8211353704040778,0.8178973346073193
92210,0.7790847979654754,0.8035605084841833,0.8100750124013314,0.7929794173227336,0.7887428655333426
92211,0.7789913874313404,0.8035824165905068,0.8095056579789499,0.7914403927518467,0.788391066123371
92212,0.7790847979654754,0.8035605084841833,0.8100750124013314,0.7929794173227336,0.7887428655333426
92213,0.7791136044779426,0.8035855450881556,0.810099074252558,0.7930060624623584,0.7887701636881262
92214,0.7848643511207853,0.8084079647857636,0.8156005824438265,0.7977726926780055,0.7939736109380064
92215,0.7848643511207853,0.8084079647857636,0.8156005824438265,0.7977726926780055,0.7939736109380064
92216,0.7848643511207853,0.8084079647857636,0.8156005824438265,0.7977726926780055,0.7939736109380064
92217,0.7792264245354736,0.8036989887216265,0.8102127017560853,0.7931192232551839,0.7888832168408833
92218,0.7737599123105948,0.7969290817812605,0.8032983112733216,0.784825566455969,0.7836939870231625
92219,0.7737599123105948,0.7969290817812605,0.8032983112733216,0.784825566455969,0.7836939870231625
92220,0.7737562082209306,0.7969258285781087,0.803295178617847,0.7848220801790848,0.7836904786826789
92221,0.7848399374640995,0.808386692947867,0.8155802434189506,0.797750018679584,0.7939504293069184
92222,0.7848399374640995,0.808386692947867,0.8155802434189506,0.797750018679584,0.7939504293069184
92223,0.7867797588150063,0.8103847127884933,0.81759604293939,0.7997217487675317,0.7959127682767055
92224,0.7701375648070868,0.7973554394555107,0.8016874131495108,0.7836067660214017,0.7787784648130777
92225,0.7790415453379198,0.8035229166018549,0.8100388841534238,0.7929394101389834,0.7887018778077266
92226,0.781803422825284,0.8063715860562951,0.8129106541782979,0.7957505586827454,0.7914980033463386
92227,0.7719591369173684,0.7972648241280358,0.803820081584648,0.7858878557763289,0.7812511500649129
92228,0.7721706185356852,0.797483238351238,0.8040402916496108,0.7861031532287548,0.7814651772713106
92229,0.7719591369173684,0.7972648241280358,0.803820081584648,0.7858878557763289,0.7812511500649129
92230,0.7790775927669038,0.8035542462527728,0.8100689939835066,0.7929727527493192,0.7887360376212407
92231,0.7737396304022407,0.8006202398620463,0.8074007300442153,0.787978337057625,0.7858162172400788
92232,0.7638880413237354,0.7926988632220001,0.7983507907486819,0.7787969255129511,0.7746197170218277
92233,0.7737396304022407,0.8006202398620463,0.8074007300442153,0.787978337057625,0.7858162172400788
92234,0.7747172930124343,0.8016299144258539,0.8084184917524856,0.788972946560388,0.7868082519325117
92235,0.7770194212862114,0.8010461175142115,0.8084033504465333,0.7904534986739146,0.7850125141246624
92236,0.774066596945385,0.7982222258503798,0.8055037324577747,0.7873263235324051,0.7817042927427984
92237,0.8043365955733506,0.831667391390167,0.8335538770311872,0.8159849895440014,0.8130809777971245
92238,0.8087675876010791,0.8362489454326569,0.8381458234925746,0.8204801511508637,0.8175601415580979
92239,0.8043365955733506,0.831667391390167,0.8335538770311872,0.8159849895440014,0.8130809777971245
92240,0.7695002350637555,0.7943870316346601,0.8009872029362556,0.7813167122640239,0.777505618126611
92241,0.7695002350637555,0.7943870316346601,0.8009872029362556,0.7813167122640239,0.777505618126611
92242,0.7698988513574981,0.794798539779711,0.8014021301001741,0.7817214497259377,0.7779083813666197
92243,0.7709325797959187,0.7958657005527617,0.8024781573874401,0.7827710521406968,0.7789528640475413
92244,0.7900641334764543,0.8149350664116713,0.8218290678722769,0.8026420918902717,0.7981669648873265
92245,0.774219615803185,0.7983923653310313,0.8056754239770847,0.7874941405731375,0.7818709114588441
92246,0.7745953873946049,0.7987555718636182,0.8072172277617717,0.7888064481730559,0.7823447128642367
92247,0.77034563347444,0.7949505336480772,0.803411007927507,0.7848017931535255,0.7784050777592957
92248,0.774532435872225,0.7987006268347165,0.8071650022245096,0.7887482502620687,0.7822843694141526
92250,0.7648515282326429,0.7901586060475155,0.799740566758792,0.7806710728144945,0.7728468164427554
92251,0.774219615803185,0.7987999575344346,0.8073253345011381,0.7890577337904288,0.7829494246280133
92252,0.775778858635496,0.8004087040487473,0.8089512507340381,0.7906468599124994,0.7845262488953071
92254,0.7741936899924327,0.798777380706372,0.8073038836532308,0.7890338481837413,0.7829247061062183
92256,0.774532435872225,0.7987006268347165,0.8071650022245096,0.7887482502620687,0.7822843694141526
92257,0.7742410223353356,0.7999722601001567,0.8084454452192215,0.7900096032559727,0.7831644247685593
92258,0.7908696755923975,0.8155332805448622,0.8241712856376259,0.8053768305973816,0.7987804552728818
92259,0.7793705907090513,0.8036755918414046,0.812188002089847,0.7936668146188545,0.787166349255401
92260,0.7610774843331446,0.7890411784339645,0.7961186334980928,0.7757289384571064,0.7705885269071086
92261,0.7626338461577205,0.7906547244833644,0.7975062503055398,0.7773152617039323,0.7719108395178234
92262,0.7680338965765455,0.7936975464204883,0.8020605547832278,0.7832820140627291,0.7772108707927525
92263,0.7704630045398527,0.7950716535545586,0.8035334168850803,0.784921366782034,0.7785236767742433
92264,0.767963755087345,0.793625061171948,0.8019873057743074,0.7832104800234436,0.7771398912068994
92265,0.7650649712914133,0.7904872935524628,0.7987067864011448,0.7800280818898646,0.7735637368401106
92266,0.774532435872225,0.7987006268347165,0.8071650022245096,0.7887482502620687,0.7822843694141526
92267,0.8220452904741982,0.8497410789701467,0.8542521904689028,0.8369591655923027,0.8281701719519127
92268,0.8116073436815348,0.8389514640029295,0.8434052955168169,0.826331849385619,0.8176544542776244
92269,0.746568956865926,0.7754128040757556,0.781493252577556,0.7629891229794453,0.7537731976304688
92270,0.7601650817223586,0.7881163836239765,0.7950443180227441,0.7753557988684331,0.7684829179327962
92271,0.7910074874843874,0.8138700972670732,0.8213254647766949,0.8039496486022899,0.7955196322463921
92272,0.7715928648206921,0.7998279925113503,0.805624571904087,0.7861633778429087,0.7797686092070383
92273,0.8017469143451975,0.8254993538460521,0.8305841448472527,0.8149823915712987,0.8062403792785312
92274,0.7709918852429706,0.7962483699538765,0.8054621356313049,0.7866267803780856,0.7798147192828957
92278,0.8782390171573026,0.9041458233016394,0.9070705670958117,0.8907123379560083,0.8804028058631318
92279,0.9139537591144066,0.9359391227728204,0.9355581496971922,0.924038196516895,0.9142743207005313
92280,0.8259750225802824,0.8504524403857068,0.8551099350363391,0.8383276462258086,0.8289649522426863
92281,0.8356037851800312,0.8584622718702352,0.8637594241649861,0.8493710894177902,0.8387096565557913
92282,0.8703916431430906,0.8934595478515721,0.8976838385091279,0.8833237639077669,0.8723718391437245
92283,0.8232700585913905,0.8476673159417227,0.8523095578849923,0.83558222895296,0.8262501966113778
92284,0.8232700585913905,0.8476673159417227,0.8523095578849923,0.83558222895296,0.8262501966113778
92285,0.7674532418498137,0.7929855950291872,0.8021482188521897,0.783316695776899,0.7759325341171995
92286,0.7650649712914133,0.7904872935524628,0.7987067864011448,0.7800280818898646,0.7735637368401106
92287,0.7650649712914133,0.7904872935524628,0.7987067864011448,0.7800280818898646,0.7735637368401106
92288,0.7638174825418798,0.7917680833512053,0.7975062503055398,0.7782411677305181,0.7719108395178234
92289,0.7672110844485124,0.7924406953650975,0.8023276182704134,0.782729251209857,0.7766443218260924
92290,0.7667280885159651,0.7922363166151132,0.8013902828328704,0.7825765533389927,0.775199368846309
92291,0.7672687812249539,0.7924909284078505,0.8023750220169786,0.7827823148715244,0.7766991858105239
92292,0.7556887438871032,0.780456815346828,0.7895494829722565,0.770582850145712,0.7623976576173148
92293,0.7469783879412494,0.7758380536059868,0.7819218367288501,0.763407559152298,0.754186579633588
92294,0.7473622211556497,0.7740802336064337,0.7815713102619247,0.7630179351164841,0.7540496002698127
92295,0.7687675482839786,0.792338122585599,0.8006981525775921,0.7817337718111996,0.7731859736623519
92296,0.7833608862609468,0.8073788953663158,0.8158976218894556,0.7965732446343121,0.7878631855944792
92297,0.7786438167069425,0.8025171994702439,0.8109846298076461,0.7917766158190367,0.7831190050888284
92298,0.7655695960907435,0.7908331491467782,0.8002511788199815,0.7808843024191282,0.7736570291435448
92299,0.7648515282326429,0.7901586060475155,0.799740566758792,0.7806710728144945,0.7728468164427554
92300,0.7655695960907435,0.7908331491467782,0.8002511788199815,0.7808843024191282,0.7736570291435448
92302,0.7648515282326429,0.7901586060475155,0.799740566758792,0.7806710728144945,0.7728468164427554
92303,0.7414780384908366,0.7674772995029779,0.7759305629701089,0.7568807573019225,0.7491306581791327
92304,0.7353382977090218,0.7601857178794929,0.7700880349603841,0.7505735828116757,0.7427157556957233
92305,0.7921420610489973,0.8167825598781233,0.825389859401978,0.8062351575455269,0.7978746184925753
92306,0.749940851221181,0.7734923919113169,0.7822141949395729,0.764387474122108,0.7541641389630497
92307,0.7469783879412494,0.7756757226745834,0.7819218367288501,0.763407559152298,0.754186579633588
92308,0.7556887438871032,0.780456815346828,0.7895494829722565,0.770582850145712,0.7623976576173148
92309,0.7558730131364683,0.7806471241117648,0.7897420089186078,0.7707707512154562,0.7625835627869012
92310,0.7564333512311712,0.7808411944719568,0.7899926948651814,0.7712293263473626,0.7625553722296118
92311,0.7552833791579482,0.7808411944719568,0.7894893456999207,0.7705999297152174,0.7625261498706373
92312,0.7556356011946463,0.7804101779279744,0.7895051572310937,0.7705336566386555,0.7623463079975898
92313,0.7413197942542762,0.7673135065744854,0.7757649659690015,0.7567192258587927,0.7489707807411862
92314,0.7412978293476555,0.7672942411130049,0.7757465490775363,0.7566988768439911,0.7489496248474362
92315,0.7680240078856105,0.7925717354137698,0.8020495750932634,0.7834671695599998,0.7751853138537758
92316,0.7412362689276014,0.7672402468154559,0.7756949331568309,0.7566418455350246,0.7488903319806962
92317,0.7567162928515022,0.7801026974592846,0.7900073832350014,0.770267266450635,0.7626057607158033
92318,0.7353518773562057,0.760197727298244,0.770099439706968,0.7505861904887575,0.7427288609746427
92319,0.7566878009618121,0.7800775136167367,0.7899835563424863,0.7702407095686001,0.7625781160908445
92320,0.7698253142731697,0.7946832793746889,0.8045502035642746,0.7854109204758927,0.7778387305389688
92321,0.7686100769829739,0.7931765365616513,0.8026616086569142,0.7840650231324969,0.7757768476502652
92322,0.7769426467628586,0.8020304333568181,0.8108586528740556,0.7920411746041149,0.7838278250498947
92323,0.7595039842406751,0.7874330966098247,0.7943555175736855,0.7746826531604231,0.7678152266732193
92324,0.735256733711065,0.7601135858842286,0.7700195350358544,0.7504978572410588,0.7426370411422695
92325,0.771059081899013,0.7955066834936619,0.8054104664504652,0.7859248689414942,0.7775652159353579
92326,0.7422620431530043,0.7680043108932586,0.7752494581754837,0.7572237007350675,0.7472167382092659
92327,0.7433032253718163,0.7692923258607353,0.7763730840611015,0.7584972324380043,0.7489588228495463
92328,0.7471288482252513,0.7732517090603883,0.7803689104100189,0.762401055598775,0.7528135538545703
92329,0.7439833654152754,0.769996246546243,0.7770834838079475,0.7591912753575356,0.7496441378985523
92330,0.7420359369687922,0.7677703631576895,0.7750133034395419,0.7569930369645738,0.7469891227370559
92331,0.7420811466264445,0.7678171407240373,0.7750605222929409,0.7570391579060826,0.7470346341750153
92332,0.7421037536262086,0.767840531753439,0.7750841339870584,0.757062220591534,0.7470573920794241
92333,0.7413197942542762,0.7673135065744854,0.7757649659690015,0.7567192258587927,0.7489707807411862
92334,0.7353967443545151,0.7602441102493124,0.7701464268043338,0.750631986998397,0.742774178074627
92335,0.7413204344428274,0.767317638941325,0.7757702046500697,0.7567219515778568,0.7489724632760385
92336,0.75667965676406,0.7800703150248552,0.7899767456327765,0.7702331184940918,0.7625702140846251
92337,0.75667965676406,0.7800703150248552,0.7899767456327765,0.7702331184940918,0.7625702140846251
92338,0.7566878009618121,0.7800775136167367,0.7899835563424863,0.7702407095686001,0.7625781160908445
92339,0.7353382977090218,0.7601857178794929,0.7700880349603841,0.7505735828116757,0.7427157556957233
92340,0.7381897166023638,0.7631314506105762,0.7730713752941892,0.7534828213597514,0.7455951691678115
92342,0.7353382977090218,0.7601857178794929,0.7700880349603841,0.7505735828116757,0.7427157556957233
92343,0.7386742451079256,0.7636343884793306,0.7735816285691446,0.7539786468469197,0.7460851717876871
92344,0.7353382977090218,0.7601857178794929,0.7700880349603841,0.7505735828116757,0.7427157556957233
92346,0.7353382977090218,0.7601857178794929,0.7700880349603841,0.7505735828116757,0.7427157556957233
92348,0.7353699771786737,0.7602137342696421,0.7701146407476348,0.7506029948400245,0.7427463285454917
92349,0.7752905147100707,0.8003627537796116,0.8090495736687567,0.7904105623884515,0.7806742722878715
92350,0.7566674374180783,0.7800595144624599,0.7899665270455043,0.770221729052999,0.7625583581225642
92351,0.7353337702491877,0.760181713941575,0.7700842326225569,0.7505693794117441,0.7427113863928542
92352,0.7566674374180783,0.7800595144624599,0.7899665270455043,0.770221729052999,0.7625583581225642
92353,0.7566674374180783,0.7800595144624599,0.7899665270455043,0.770221729052999,0.7625583581225642
92354,0.7352930026097659,0.7601456605304814,0.7700499945735054,0.7505315298842434,0.7426720429362221
92355,0.7602020398427483,0.7844091291512114,0.792832970325737,0.7743614519073639,0.765219096191744
92356,0.7602020398427483,0.7844091291512114,0.792832970325737,0.7743614519073639,0.765219096191744
92357,0.7562451431805423,0.7803761795382075,0.789107908146305,0.7714193742072352,0.7613465181063491
92358,0.7649118740702103,0.788022461076776,0.7978048745168863,0.7797187743367406,0.7702262634160202
92359,0.7649118740702103,0.788022461076776,0.7978048745168863,0.7797187743367406,0.7702262634160202
92360,0.7649118740702103,0.788022461076776,0.7978048745168863,0.7797187743367406,0.7702262634160202
92361,0.7568439742775471,0.7802427071881313,0.7901525260506029,0.7704021277907513,0.7627365752153342
92362,0.7653789264779309,0.7885036247248514,0.7982920112710219,0.7801948677838997,0.7706965607705426
92363,0.7649118740702103,0.788022461076776,0.7978048745168863,0.7797187743367406,0.7702262634160202
92364,0.7649118740702103,0.788022461076776,0.7978048745168863,0.7797187743367406,0.7702262634160202
92365,0.756659289154074,0.7800523123040951,0.7899597129718233,0.7702141342056391,0.7625504521789375
92366,0.756659289154074,0.7800523123040951,0.7899597129718233,0.7702141342056391,0.7625504521789375
92367,0.7663540671166537,0.7894625585498083,0.8002551767288467,0.7814963924288211,0.7719463031062351
92368,0.7353465247789521,0.7602064125221398,0.770113571408695,0.7505895095863674,0.7427277335085128
92369,0.7655622686269694,0.7894320603991055,0.799090128115402,0.7806457286199215,0.7701784363145519
92370,0.7736076798448827,0.7969348953049357,0.8078296666217384,0.7888933286785558,0.7792528468697307
92371,0.7352930026097659,0.7601456605304814,0.7700499945735054,0.7505315298842434,0.7426720429362221
92372,0.735256733711065,0.7601135858842286,0.7700195350358544,0.7504978572410588,0.7426370411422695
92373,0.7562451431805423,0.7803761795382075,0.789107908146305,0.7714193742072352,0.7613465181063491
92374,0.7569835519750714,0.7811381502288073,0.7898784046241497,0.7721725993423931,0.7620899079578058
92375,0.757046345440121,0.7812109880476992,0.7899548055448415,0.7722417434313211,0.7621548497232148
92376,0.7562382354349071,0.7803770834665241,0.7891115673654717,0.7714174130807826,0.7613412866391404
92377,0.928342698115662,0.9500098700416056,0.9514428671114582,0.9418361260984485,0.9311745950363631
92378,0.9248456955914675,0.9477195626356454,0.9494086483432311,0.9376498347859525,0.9260672571974705
92379,0.7446971194864349,0.7713198552192301,0.7787842186152951,0.7602970050039407,0.7513606513351953
92380,0.7509217600114241,0.7752675561535951,0.7845592418530102,0.7659133330319211,0.7560652861545996
92381,0.7492784953450534,0.7729433519661117,0.7820342002086358,0.764070562621882,0.7537177952691988
92382,0.7655622686269694,0.7894320603991055,0.799090128115402,0.7806457286199215,0.7701784363145519
92383,0.7684760846221668,0.7924367275032432,0.8021315549102243,0.7836169539582795,0.7731098219625336
92384,0.749255667480631,0.7729198031172465,0.7820103743937926,0.7640472840955116,0.7536948321550162
92385,0.752851209930597,0.7765256274787092,0.7853299233415338,0.7676507009399176,0.7569970215654797
92386,0.754775406535145,0.779131685518982,0.7882669707218293,0.7704820004940001,0.7595404270636362
92387,0.7788285575342465,0.8013386137115317,0.8116592669604414,0.7938155786352579,0.7829946058328751
92388,0.8073854056326215,0.8307208247844948,0.8414198993486658,0.8229219470110912,0.811704207970998
92389,0.7755079107977656,0.7983042748694076,0.8083174875488546,0.7907695679202809,0.7806450108631533
92390,0.7650324853742135,0.7881461378984642,0.7979298549311065,0.7798413473749565,0.7703475778351433
92391,0.7751053689792134,0.7978899001736894,0.8078979153086815,0.7903591042544765,0.7802398025371762
92392,0.765452928102952,0.7885792833128065,0.7983683772317445,0.7802699286840403,0.770770941605825
92393,0.7889154315599705,0.812105915047208,0.8222922431198403,0.8044409428377906,0.7941413453883454
92394,0.7597196768594113,0.783266898302156,0.7931781148891186,0.7761856179301672,0.7648692495760049
92395,0.7625582118780755,0.7861934126304174,0.7961416604227265,0.7790856745228648,0.7677270249051841
92396,0.7545950881319226,0.778365604851135,0.7885511630337999,0.7701558706810697,0.7602373690537182
92397,0.7528636659496704,0.7765366374265648,0.7853404121100981,0.7676622452105087,0.7570092195044433
92398,0.7515558931416496,0.7750662082596402,0.7843434709445578,0.7661455150721745,0.756073084767888
92399,0.7548022502108978,0.7785792927473854,0.7887676472130394,0.7703673047253864,0.7604460801311752
92400,0.752851209930597,0.7765256274787092,0.7853299233415338,0.7676507009399176,0.7569970215654797
92401,0.7531268510041482,0.7768099364560674,0.7856174558317609,0.7679317605444296,0.7572741805431727
92402,0.7454000454447306,0.7720443960942475,0.7795148449144417,0.7610125791302634,0.7520689738552504
92403,0.7604302992198666,0.7835419559514218,0.7936078701685294,0.7759507982982657,0.7646548226196421
92404,0.7658689003759223,0.7897462999603937,0.7994997827530818,0.7820251958627482,0.7703351851992392
92406,0.7605439041593397,0.784458372295319,0.793351957511319,0.7754934491514629,0.7647317480254288
92407,0.7451967297773383,0.7718373264530538,0.779306697620292,0.7608070811112646,0.7518647321269214
92408,0.7531622616428324,0.7768446221334979,0.7856518885105781,0.767966710216047,0.7573094593790066
92409,0.7510525146951986,0.7741168955651455,0.784227295363108,0.7657012472293873,0.7559503048000438
92410,0.7532082214736755,0.7768920271207669,0.7856998309391044,0.7680135734510924,0.7573556722821505
92411,0.7512122774459046,0.7747118435120148,0.7839848645788422,0.7657952289170052,0.7557274037860378
92412,0.7511403034372387,0.7747118435120148,0.7839848645788422,0.7657952289170052,0.7557274037860378
92413,0.751625575596079,0.7747075548291509,0.7848256689675931,0.766285485265952,0.7565271027658496
92414,0.7727165020368544,0.7954054674068323,0.8049768210244531,0.7877104768071268,0.7764118667128495
92415,0.7851552682076681,0.8082094680901106,0.8179348961053585,0.800390607754863,0.788910118836143
92416,0.7577661933203368,0.7815606500959988,0.7900878204661196,0.7714611363196773,0.7618565862404825
92417,0.7577661933203368,0.7815606500959988,0.7900878204661196,0.7714611363196773,0.7618565862404825
92418,0.7506890159744991,0.7723490939205827,0.7810418205577021,0.763178861815969,0.753158662588104
92419,0.7535245370971507,0.7772643190817365,0.787752610897269,0.7694867526414004,0.7588271445217062
92420,0.7634123862592559,0.786614677164737,0.7967200656536579,0.7789937501916647,0.7676534764587645
92421,0.7535245370971507,0.7772643190817365,0.787752610897269,0.7694867526414004,0.7588271445217062
92422,0.7535245370971507,0.7772643190817365,0.787752610897269,0.7694867526414004,0.7588271445217062
92423,0.7546991097076026,0.7784758965889428,0.7889805372553627,0.7706862066993134,0.7600099826857508
92424,0.8461880016806106,0.8658766267357589,0.8735878873371159,0.8599823638042654,0.8490909570845219
92425,0.8248395476096295,0.8483812207698737,0.8582602409033188,0.840007784725939,0.8280915837046278
92426,0.7665309581595493,0.7897691112678831,0.8002159405034823,0.7821262722152332,0.7714396481729554
92427,0.7754259602202596,0.7980789725031557,0.8080174815789405,0.7907093350618033,0.7790261028593557
92429,0.7652543771741582,0.7879273473944836,0.7978035172108296,0.7798488341643887,0.7689497274744893
92430,0.7879963889260488,0.8109958985592682,0.8208135667563713,0.8024058046159217,0.791557856859253
92431,0.8079104874322773,0.8314912364047469,0.8415570148905849,0.8226840552013955,0.8115619601221595
92432,0.8056195521586882,0.8291334348502528,0.8391706705119191,0.8203512275547706,0.8092606706228042
92433,0.7710952013410397,0.7911805246123215,0.8023957567671868,0.7839771706819872,0.772697180625713
92436,0.7748438003066673,0.7975811957742197,0.8061271590436607,0.7895111142834516,0.7783375188320443
92437,0.7740166440438562,0.7968533010596116,0.8054354877658559,0.7887484776143882,0.7775258953933428
92439,0.7836582547906694,0.8067793787612362,0.8154684702791726,0.7985735968244456,0.7872112194579315
92440,1.0388827511454688,1.0544402297185766,1.049828266409493,1.0437555620485348,1.0378177336115608
92441,0.9531527250841454,0.9707355099802032,0.9645648737833317,0.9579339184711361,0.9508541738752618
92442,0.9473953003191867,0.9649289318099638,0.958775717173359,0.9521632772689756,0.9451030625476596
92443,0.9615481404488733,0.9793198050754273,0.9721528367413882,0.9663073339333916,0.9598310820381358
92444,0.9519514604135425,0.9695120856097426,0.9633492263063986,0.9567266280309499,0.9496558060839189
92445,0.9462012917690164,0.9637128255082968,0.957567365808712,0.9509632596059849,0.9439119429198825
92446,0.7911826833195206,0.8179474079628052,0.8099478870428954,0.8025239211540856,0.795419448651324
92447,0.8274591988112852,0.8537239812918846,0.8452094921398253,0.8395915460197099,0.8313091355933335
92448,0.7853865498075473,0.8119551984740514,0.8040142813282904,0.7966447027489946,0.7895922769758017
92451,0.7445836697490766,0.7712023496821411,0.7786655759312444,0.7601811787260151,0.7512461864523257
92452,0.7446290452871112,0.7712493473843095,0.7787130284485267,0.7602275047890082,0.7512919680095792
92453,0.7445836697490766,0.7712023496821411,0.7786655759312444,0.7601811787260151,0.7512461864523257
92454,0.7453331091964367,0.7719785814022692,0.7794493195488031,0.7609463174009876,0.7520023318657699
92457,0.8042735185434134,0.8258719109202918,0.8268625612333825,0.8113442530745104,0.8136822965188837
92458,0.8042704101669231,0.8258691994995774,0.8268598676482458,0.8113412763821619,0.8136793629946036
92460,0.9406273409609961,0.9604514492098261,0.9598208022293444,0.949657810295372,0.9405659020128239
92463,0.8996192762286948,0.9218692275588727,0.9235122411653477,0.9120741651791239,0.9008075180868768
92465,0.8237872481910792,0.8498876458009197,0.8535700491853342,0.834789396186376,0.8285900136894754
92466,0.8237872481910792,0.8498876458009197,0.8535700491853342,0.834789396186376,0.8285900136894754
92467,0.8085484707421318,0.8316687739221569,0.8405846650652367,0.8213877314832045,0.81403071515921
92468,0.7446052447271796,0.7712211851972977,0.778683668471851,0.7602011311733516,0.7512670622324635
92474,0.7859240084957745,0.8132376954719587,0.8188661556566261,0.8005681367530639,0.7937768636785807
92475,0.7815573032735595,0.8061030715730892,0.8126362688995843,0.7954916591429361,0.7912429816782518
92476,0.7934355179775959,0.8210102569339809,0.8266925114188454,0.8082196082503837,0.8013634272311868
92478,0.7859240084957745,0.8132376954719587,0.8188661556566261,0.8005681367530639,0.7937768636785807
92479,0.7483008781168571,0.7772116384650941,0.7833061926404274,0.7647591364044138,0.7555218315742627
92480,0.7601531621777553,0.7881061466580834,0.795034484487496,0.775344804903015,0.7684715085562022
92481,0.7638874348631931,0.7918405954586631,0.7975792879287231,0.778312441009107,0.7719815330490731
92486,0.8514128966657537,0.8750622542461397,0.8839522030350796,0.8659892492354946,0.8546455720483911
92487,0.7551924705148164,0.7796748217749946,0.7890186426602519,0.7702681226147362,0.760364840637409
92490,0.8097711142727385,0.832263804616871,0.8407189545973787,0.823634551517647,0.8128456826248645
92491,0.8407923277486715,0.8641466820080944,0.8729257371117825,0.8551868541355664,0.843984678569839
92492,0.8183096434546617,0.8438242269250895,0.8328202073012687,0.8299874600514937,0.8220659050505857
92493,0.8204340930720541,0.8460149160735997,0.8349823284309774,0.832142226961612,0.8242001064637366
92494,0.818215588945715,0.8437451974045881,0.8327347814872501,0.8299003673235295,0.821974105828088
92499,0.7509343120026621,0.7752786193382961,0.7845697550181363,0.7659249599230887,0.7560775176768187
92500,0.7543436789357231,0.7762344307302644,0.7856074103382636,0.7676517390914678,0.7570731859761506
92502,0.8553793797132223,0.8761336293019989,0.8823738460931064,0.8685348758929884,0.8573173548241424
92503,0.8857258971445504,0.9049479307738971,0.9100489551965946,0.8984398947100196,0.8866890321932519
92504,0.8011428277825762,0.8239571292466518,0.8334075926523874,0.8170652181117468,0.8052511064391552
92505,0.8853202555856858,0.9046160179027102,0.9097362088792565,0.8980832880661599,0.8862871425255611
92507,0.7788491884958152,0.8034387144102246,0.809357888896103,0.7912959213453629,0.7882471513482024
92508,0.7737562082209306,0.7969258285781087,0.803295178617847,0.7848220801790848,0.7836904786826789
92509,0.8627506352977782,0.8836837352093622,0.8899777272421475,0.8760194993316012,0.864705310963093
92511,0.7854342923006731,0.8081358191748603,0.8155386584607233,0.7982852669365884,0.7899146458800989
92512,0.8038166891685901,0.8265358499856537,0.8333212058579169,0.8158564320452667,0.8126420178904691
92513,0.8038166891685901,0.8265358499856537,0.8333212058579169,0.8158564320452667,0.8126420178904691
92514,0.8038166891685901,0.8265358499856537,0.8333212058579169,0.8158564320452667,0.8126420178904691
92515,0.813829791334014,0.8368319635409124,0.8437018442339379,0.8260195126536541,0.8227650567110115
92516,0.8054721034229282,0.8282380530454121,0.835037382967957,0.8175366414578108,0.8143156074018804
92517,0.8836319584377393,0.9032349085079875,0.9084349304494338,0.8965993107236991,0.8846144813736407
92522,0.9576235382387228,0.9786116336692381,0.9781686640095736,0.9701750600221443,0.9602346323058895
92523,0.9576235382387228,0.9786116336692381,0.9781686640095736,0.9701750600221443,0.9602346323058895
92526,0.9576235382387228,0.9786116336692381,0.9781686640095736,0.9701750600221443,0.9602346323058895
92528,0.8071854741926257,0.8332261112462228,0.8417981590206146,0.8233539726241096,0.8205552695260614
92529,0.8026532146862767,0.8285476363673095,0.8374885043465108,0.8187309287403624,0.8159479400587984
92530,0.8034621569198406,0.8268893615824352,0.8336588296679511,0.816235345817946,0.8130286743558945
92534,0.8672320408447591,0.8911618603194802,0.8813311690357807,0.8781295362019981,0.8714303400733587
92535,0.7736966445036664,0.8008012286863322,0.7917647670496802,0.7865558167206314,0.7779079939958935
92536,0.7822992070554782,0.8067406468428636,0.8004192631167388,0.7924541523833246,0.7857332310631212
92537,0.7637662149293868,0.7916704958494333,0.7813623856194625,0.7762892753579036,0.768484820584956
92539,0.939001432493494,0.9563231688428977,0.9502441470074966,0.9437116403345474,0.9367370074742918
92541,0.8193661370843736,0.8427957695558183,0.8518309474689799,0.8323771758249155,0.8249217291028098
92542,0.8903015563838333,0.912326806480052,0.9139532198795027,0.9026306874659002,0.8914778031029567
92544,0.797798836328149,0.8205635434618092,0.8251315229403374,0.8087246011199871,0.807292900742074
92546,0.797798836328149,0.8205635434618092,0.8251315229403374,0.8087246011199871,0.807292900742074
92548,0.7916870944823533,0.8149834685109426,0.8174388288525919,0.8007021962871779,0.8034326068270378
92550,0.7679857511528092,0.791188629638471,0.8010101148930546,0.7828517800140488,0.7733213615407225
92551,0.7848678374056381,0.8084110024253226,0.8156034868790438,0.7977759305435782,0.7939769212924734
92554,0.779127999168837,0.8035980560003229,0.8101110980891679,0.7930193771431739,0.7887838046728645
92555,0.9579990499265397,0.9787980077583623,0.9783589651102829,0.97043670271824,0.9605862674803096
92556,0.8856333054877195,0.9060954743362332,0.910581833658672,0.898852480230609,0.8877107872195997
92558,0.7928964747068171,0.8203005410682985,0.827238530658896,0.8084053147554416,0.8060564808635194
92563,0.749930611331268,0.7734799910225021,0.7822010102373849,0.7643759008209361,0.7541535066366574
92564,0.9558358322911611,0.9726760051694711,0.9668868468300605,0.9610387078730709,0.9547606635568336
92565,0.9776913516587584,0.9949165809579115,0.9889950514958303,0.9830131928037974,0.9765915988166766
92568,0.746614425906132,0.7754600298218045,0.7815408486472767,0.7630355920735464,0.7538191054377975
92571,0.8554645439854395,0.8806995354529327,0.8835484348610396,0.8676144069277478,0.8575722213743404
92572,0.9579990499265397,0.9787980077583623,0.9783589651102829,0.97043670271824,0.9605862674803096
92573,0.9579990499265397,0.9787980077583623,0.9783589651102829,0.97043670271824,0.9605862674803096
92584,0.8027250753554626,0.8270844381506616,0.8222724673363392,0.8141244786192083,0.8086706386317264
92585,0.7724250287434783,0.7994850649541905,0.7904634552716152,0.7852630661575846,0.7766294566361043
92586,0.8008539686106587,0.8260116792442148,0.8175550868436297,0.8122952386352537,0.8048918620728279
92587,0.7638174825418798,0.7917680833512053,0.7975062503055398,0.7782411677305181,0.7719108395178234
92588,0.7638174825418798,0.7917680833512053,0.7975062503055398,0.7782411677305181,0.7719108395178234
92589,0.7638174825418798,0.7917680833512053,0.7975062503055398,0.7782411677305181,0.7719108395178234
92590,0.7638174825418798,0.7917680833512053,0.7975062503055398,0.7782411677305181,0.7719108395178234
92592,0.7912298038260366,0.8145127215102652,0.816966663597973,0.8002396983692426,0.8029685317819312
92595,0.9388204833039762,0.9561954189667341,0.9500978967000897,0.9435453055855253,0.936548992436555
92596,0.9178665474570206,0.9390734512151453,0.9437230947147999,0.9315668432863483,0.9200196405857799
92598,0.8024562146582479,0.8290351168626099,0.8194187197298025,0.8127816714672065,0.8057139683583743
92599,0.7924456794793948,0.8213954826746712,0.8093000423014581,0.8039203632546488,0.7970545117248176
92600,0.7763523675325403,0.8040018307517646,0.793190642965689,0.7867621009912913,0.7784352783515416
92605,0.8044021092799682,0.8274995449533393,0.8320159074930905,0.8149960069824955,0.8155103184914451
92607,0.7566878009618121,0.7800775136167367,0.7899835563424863,0.7702407095686001,0.7625781160908445
92610,0.91981663301157,0.9410685926406054,0.9457281147033775,0.9335460362847455,0.9219743005698252
92611,0.9354951492855008,0.956156187776538,0.9582222135378925,0.9486720215521316,0.9375147414716462
92616,1.0165195860050291,1.0422742266357237,1.0349496715476172,1.0341347155462228,1.0224842882589236
92617,1.0165195860050291,1.0422742266357237,1.0349496715476172,1.0341347155462228,1.0224842882589236
92620,0.9294536356966101,0.9497112953694156,0.9550867288225491,0.9428529077302572,0.930468722131044
92622,0.8926257024041565,0.9114500040568464,0.9121411753797121,0.9029829319534924,0.8952949377065235
92623,0.9276375986177037,0.9469835161645515,0.9445436414868968,0.9355617269641165,0.9221760480802116
92624,0.8430709945723068,0.866886060810037,0.8704826894066191,0.8552987031788998,0.8446713063895208
92626,0.7509343120026621,0.7752786193382961,0.7845697550181363,0.7659249599230887,0.7560775176768187
92627,0.7509343120026621,0.7752786193382961,0.7845697550181363,0.7659249599230887,0.7560775176768187
92635,0.8068918919388071,0.829869910630633,0.8393881913075736,0.8229285425975326,0.8110296519272402
92636,0.7538836447324198,0.7777047724096235,0.7848024843346532,0.7667758642628737,0.7584517927300816
92637,0.7538836447324198,0.7777047724096235,0.7848024843346532,0.7667758642628737,0.7584517927300816
92642,0.7791315969497007,0.8036011829588995,0.8101141033101766,0.793022704991938,0.7887872140764051
92644,0.7824889676580065,0.8070639960233276,0.8136049813229376,0.7964399341367769,0.7921861919871895
92645,0.7638174825418798,0.7917680833512053,0.7975062503055398,0.7782411677305181,0.7719108395178234
92650,0.8129783031721741,0.8373135133704671,0.8452047418853329,0.8260816936932097,0.8195302627477828
92653,0.8054585967127427,0.828490545481211,0.8373723644795911,0.8182487921228477,0.8109198906917705
92657,0.9579990499265397,0.9787980077583623,0.9783589651102829,0.97043670271824,0.9605862674803096
92664,0.7895310798596187,0.8141807927026411,0.8213621015118381,0.8030303414707877,0.7958851316459842
92666,0.8042248391823483,0.8268893615824352,0.8336588296679511,0.816235345817946,0.8130286743558945
92667,0.805800056235489,0.8285089711244005,0.8352916984143695,0.8178340875795357,0.8146211352824183
92668,0.8082494029492889,0.8310273448947595,0.837830689272888,0.8203200134855287,0.8170972949516263
92669,0.8042248391823483,0.8268893615824352,0.8336588296679511,0.816235345817946,0.8130286743558945
92680,0.8853202555856858,0.9046160179027102,0.9097362088792565,0.8980832880661599,0.8862871425255611
92684,0.8853853852717178,0.9058418260324447,0.9103269294635735,0.8986008594981101,0.8874622854426784
92686,0.9514439984302115,0.9703749279718621,0.9691643736095303,0.9568174215621088,0.9472035568721944
92690,0.7667280885159651,0.7922363166151132,0.8013902828328704,0.7825765533389927,0.775199368846309
92691,0.7667280885159651,0.7922363166151132,0.8013902828328704,0.7825765533389927,0.775199368846309
92692,0.7667280885159651,0.7922363166151132,0.8013902828328704,0.7825765533389927,0.775199368846309
92702,0.7941671030055247,0.8215205228218355,0.8108004700362089,0.8042281754467671,0.7974645436992037
92703,0.7941671030055247,0.8215205228218355,0.8108004700362089,0.8042281754467671,0.7974645436992037
92706,0.7924456794793948,0.8213954826746712,0.8093000423014581,0.8039203632546488,0.7970545117248176
92707,0.7976815169985939,0.8251559834321681,0.8143884913817148,0.8077871125303029,0.8009935497997416
92708,0.7609692941177703,0.7874745436150278,0.7766005918112848,0.7727343140680178,0.7645580497474136
92709,0.737692479752255,0.7636726412873363,0.7550584097064981,0.7515299784497277,0.7410957586243401
92710,0.7925744188527584,0.821503377198958,0.8094165116685732,0.8040407076597323,0.7971798577645979
92711,0.7756836403998817,0.8032851942159657,0.792492620646439,0.7860752185770785,0.7777629067785238
92713,0.7924456794793948,0.8213954826746712,0.8093000423014581,0.8039203632546488,0.7970545117248176
92714,0.7146021579287545,0.7436035460456104,0.7299877088160244,0.7247188322006751,0.7160782134382307
92715,0.8611843388307472,0.8865347430467583,0.8867288345221774,0.8704862947565516,0.8748722971428775
92716,0.8955750592401309,0.9208449176530206,0.9290552956146496,0.8984005288079795,0.9146293907480851
92717,0.864858505723279,0.891173909992833,0.8960310344582937,0.8756400081819252,0.8831958694295615
92718,0.864858505723279,0.891173909992833,0.8960310344582937,0.8756400081819252,0.8831958694295615
92720,0.8145961512865952,0.8387594207306215,0.8417981590206146,0.8241760450853891,0.8245226141447743
92721,0.8956309320377969,0.920886375165414,0.9290921988751746,0.8984547592327882,0.9146743375613707
92722,0.8956309320377969,0.920886375165414,0.9290921988751746,0.8984547592327882,0.9146743375613707
92723,0.8953701064017378,0.9206928491916817,0.9289199340771357,0.8982016014689217,0.9144645217509897
92724,0.8546198573738403,0.8794001783870772,0.8813609214147416,0.8637794060105383,0.8684278157326406
92725,1.022414678774985,1.037380057502764,1.039388902004065,1.0156115536380963,1.0331453882613875
92726,0.9172035753814474,0.9386206886200206,0.9485583449154488,0.916065934754142,0.934325339683698
92727,1.022414678774985,1.037380057502764,1.039388902004065,1.0156115536380963,1.0331453882613875
92728,0.8148963117765514,0.8390684848457468,0.8421083428429379,0.8244797355522693,0.8248264323146132
92731,0.8145961512865952,0.8387594207306215,0.8417981590206146,0.8241760450853891,0.8245226141447743
92733,0.8649584884450104,0.8912526175496377,0.8961059185214976,0.8757311581301659,0.883280926058218
92734,0.8649584884450104,0.8912526175496377,0.8961059185214976,0.8757311581301659,0.883280926058218
92735,0.8953701064017378,0.9206928491916817,0.9289199340771357,0.8982016014689217,0.9144645217509897
92736,0.8953701064017378,0.9206928491916817,0.9289199340771357,0.8982016014689217,0.9144645217509897
92737,0.9127669898628287,0.9341249391274582,0.9440346592468281,0.9116324511010877,0.9298415713260241
92738,0.9127669898628287,0.9341249391274582,0.9440346592468281,0.9116324511010877,0.9298415713260241
92740,0.9753187694748793,0.989011001895644,0.9972342571533018,0.9723413969440056,0.9896738173918626
92741,0.9129248046439444,0.9342420066742901,0.9441333036291122,0.9117924711300832,0.9299666956159582
92742,0.8922293486481455,0.9117712231548876,0.9196066249484914,0.8921647411110746,0.9086600959856088
92745,0.8546198573738403,0.8794001783870772,0.8813609214147416,0.8637794060105383,0.8684278157326406
92746,0.8546198573738403,0.8794001783870772,0.8813609214147416,0.8637794060105383,0.8684278157326406
92747,0.956011723446203,0.9690479629668576,0.9780161933485458,0.9498009118761546,0.971758465498663
92748,0.8689237089891562,0.8860342199507399,0.9014137146235809,0.8738723934237911,0.8851342075432249
92749,0.9181703060674373,0.9334398238749173,0.9437959889067685,0.9127297092660334,0.9322632607964068
92750,0.9181703060674373,0.9334398238749173,0.9437959889067685,0.9127297092660334,0.9322632607964068
92751,0.8732452812079756,0.8952767940122746,0.8984398077306839,0.881903826583817,0.8861057245373263
92753,0.8683816302247083,0.8855698282711537,0.9010172373260729,0.8733530191131204,0.884665786156467
92754,0.9181833220169292,0.933450276687726,0.9438047398258693,0.9127436543306983,0.9322739088073693
92755,0.9173451046815886,0.9345040443672069,0.944454349061007,0.9117084489806182,0.9307656303649791
92756,0.9171090737161764,0.9373893781870805,0.944299283581289,0.9114551194074512,0.9305701367739329
92757,0.9545574473403378,0.9675738562551742,0.9765284442485569,0.9483560835988493,0.9702802355958406
92758,0.9550804502116773,0.9681039908284935,0.9770634850485734,0.9488756887374991,0.9708118529967991
92759,0.8526484447209827,0.8766426674941628,0.8740108427459754,0.8590538519609967,0.8629761650340428
92760,0.8478699549468105,0.8668140096154587,0.8709713590367401,0.8556324650461354,0.8508292854124698
92761,0.8922293486481455,0.9117712231548876,0.9196066249484914,0.8921647411110746,0.9086600959856088
92762,0.8922293486481455,0.9117712231548876,0.9196066249484914,0.8921647411110746,0.9086600959856088
92763,0.8952048332855659,0.9148118777482944,0.922673409726587,0.8951400102896173,0.9116903753194354
92764,0.9095275293545553,0.9313724764537294,0.9381383871443592,0.9070919820808311,0.9248696241648314
92765,0.8728947233543586,0.8953049975407635,0.9047093478868714,0.8779653370149549,0.8892182462190471
92766,0.9091669055513275,0.9310031912217378,0.937766419257509,0.9067323239617552,0.9245029172861591
92767,0.9002958176369826,0.9191949415886786,0.9341633292030158,0.90567039875851,0.9193093368816248
92768,0.9002958176369826,0.9191949415886786,0.9341633292030158,0.90567039875851,0.9193093368816248
92769,0.8553812354169763,0.8736703949603107,0.8840325098489621,0.8624951627240093,0.8685854768015074
92770,0.8071994511959006,0.8291751511011292,0.834582616458312,0.8193834184805763,0.8106707520378484
92771,0.8203460441254824,0.8422858856483852,0.8475535566505101,0.8324296460599329,0.8239225506964497
92772,0.8577822638275743,0.8761227604704982,0.8865139614919887,0.8649161597063597,0.8710235691052468
92773,0.8683816302247083,0.8855698282711537,0.9010172373260729,0.8733530191131204,0.884665786156467
92774,0.8681479796805831,0.886710108764303,0.8972268803900162,0.8753680838440614,0.8815492971359601
92776,0.8683816302247083,0.8855698282711537,0.8972623648524858,0.8733530191131204,0.8771874584740201
92778,0.8683816302247083,0.8855698282711537,0.9010172373260729,0.8733530191131204,0.884665786156467
92780,0.8888786885166694,0.9043048323060049,0.9189148818610012,0.8933406324493054,0.9025623799754352
92781,0.8793273572007315,0.895492019828777,0.9102171097268156,0.8850382679710459,0.887987244924307
92782,0.8797820238418296,0.8959550446004408,0.9106877482808882,0.8854958875063037,0.8884463892630808
92783,0.8608415092713045,0.8728400767724737,0.8836256540094343,0.8641888067616765,0.8637795118910434
92784,0.8600702367037484,0.8721426525141798,0.8829933159133208,0.8634382913990956,0.8630264649204621
92785,0.8760756860761921,0.8901606668654434,0.9110479946559537,0.8725167723648617,0.8887978374864441
92786,0.8609217670798582,0.872912653888393,0.8836914609965387,0.8642669057829748,0.8638578742081596
92787,0.8609217670798582,0.872912653888393,0.8836914609965387,0.8642669057829748,0.8638578742081596
92788,0.9821297406890453,1.0105157552630442,1.0188630188345045,0.9836958897765259,1.0101114221166116
92789,0.8608415092713045,0.8728400767724737,0.8836256540094343,0.8641888067616765,0.8637795118910434
92791,0.8612783320946718,0.8732351043825952,0.8839838396076007,0.8646138825538092,0.8642060204151991
92792,0.8446622974578872,0.8646003910514836,0.8689265843960629,0.8550382807776108,0.8484960374333348
92794,0.8600702367037484,0.8721426525141798,0.8829933159133208,0.8634382913990956,0.8630264649204621
92795,0.8612783320946718,0.8732351043825952,0.8839838396076007,0.8646138825538092,0.8642060204151991
92798,0.8760978763669802,0.8901800978677358,0.9139654360051835,0.8725396704782107,0.8974266809563455
92799,0.8789348973515753,0.8929070480912746,0.8980529502422002,0.8840914322385047,0.8790280409380612
92800,0.8776337419482072,0.8939022984747863,0.9108819102193659,0.8821781163902536,0.8893223568947277
92801,0.74757595899244,0.7701989595339649,0.7786051404870354,0.7607988259527094,0.751086701733282
92802,0.74757595899244,0.7701989595339649,0.7786051404870354,0.7607988259527094,0.751086701733282
92803,0.7298965518806885,0.7495543291940244,0.7599943819448093,0.7420412949181691,0.7314725349884775
92804,0.7568511610836518,0.7799598028022794,0.7884586598584217,0.7694775808757325,0.7611379065526361
92805,0.7568511610836518,0.7799598028022794,0.7884586598584217,0.7694775808757325,0.7611379065526361
92806,0.7589337357689969,0.7821059639293589,0.7906282066991918,0.7715948988019916,0.7632322767772567
92807,0.8242317390791751,0.8437139369072388,0.8494690824747595,0.8353920030344198,0.82624559081133
92808,0.8082971554792275,0.8301797655278745,0.8355649353933927,0.8204290117807016,0.8117534806648428
92809,0.8239493299162876,0.843467174108667,0.8492326153158763,0.8351301656038517,0.8259669244158958
92810,0.8942153049753025,0.908430363533688,0.9136657279220272,0.8994614869512663,0.894310067876226
92811,0.8776337419482072,0.8939022984747863,0.9108819102193659,0.8821781163902536,0.8893223568947277
92812,0.8843834105155574,0.9007770845705256,0.9178872823969756,0.8889627346408983,0.8961619197689276
92813,0.7506890159744991,0.7723490939205827,0.7810418205577021,0.763178861815969,0.753158662588104
92814,0.7507348279430837,0.7723962277292226,0.7810894848535492,0.7632254359968852,0.7532046252707267
92815,0.7541180658504971,0.7758770842179997,0.7846095181008131,0.7666649636847662,0.7565989934889125
92816,0.7299569693818762,0.7496092735806315,0.7600465056432636,0.7420983055855415,0.7315325056431227
92817,0.7649352955492902,0.7862439178593572,0.7964986311851057,0.7779203150074551,0.767922584369802
92818,0.8316944260317694,0.8530637078239458,0.8592643311622242,0.8450351231732824,0.834457960687963
92819,0.9445541825908292,0.9616395628714461,0.9794396738759501,0.941350851040871,0.9681167882595347
92820,0.9445541825908292,0.9616395628714461,0.9794396738759501,0.941350851040871,0.9681167882595347
92821,0.8760978763669802,0.8901800978677358,0.9139654360051835,0.8725396704782107,0.8974266809563455
92822,0.8956536794018284,0.9153485271901417,0.9315880734431565,0.8938605701212915,0.9190009390609656
92823,0.8956536794018284,0.9153485271901417,0.9315880734431565,0.8938605701212915,0.9190009390609656
92824,0.8956536794018284,0.9153485271901417,0.9315880734431565,0.8938605701212915,0.9190009390609656
92825,0.8714206126519171,0.8894435911672788,0.9086131159508469,0.8728341487022782,0.8901680430783866
92826,0.8804363897638017,0.8986458352445159,0.9180136892393514,0.8818645503545794,0.8993777823845224
92827,0.7623553605106834,0.7849424386140346,0.7947811944910125,0.7768945292526254,0.7660367116985395
92828,0.7553344312560846,0.7772539342866216,0.7866392243328928,0.7686599701709772,0.7580675232214068
92829,0.7565986050886937,0.7780839349560598,0.7886840142684658,0.7701249125260481,0.7599567969117693
92830,0.7542983059315157,0.7761939594606092,0.7855689754940838,0.7676093707812867,0.7570284356373207
92831,0.944555742437414,0.9616406269775422,0.9794402359879237,0.9413525053903534,0.9681176680133954
92832,0.8760701344817043,0.8901558056038128,0.9139467860821865,0.872511043683172,0.8974041318047131
92833,0.863441897383517,0.8798511439867972,0.8985703899790032,0.8641410080430848,0.881286811933926
92834,0.733711561536751,0.7552786958022326,0.7618259525989002,0.7458876899794786,0.7340427232383322
92835,0.733711561536751,0.7552786958022326,0.7618259525989002,0.7458876899794786,0.7340427232383322
92836,0.734293919675302,0.7558781721065904,0.7624306255615643,0.746479712498239,0.7346253442250134
92837,0.7372654569207039,0.7589370564051207,0.7655160262984968,0.7495005631537998,0.7375982226777535
92838,0.7453875884268274,0.7659258524698219,0.7753212240438513,0.7582754381642298,0.7479601310709704
92839,0.7453875884268274,0.7659258524698219,0.7753212240438513,0.7582754381642298,0.7479601310709704
92840,0.7375372399043255,0.7589276337555306,0.7669357406931901,0.7506099007551116,0.7397533742805358
92841,0.7501027239623903,0.7707709079291016,0.780225712274841,0.7630720990152358,0.7526915398681577
92842,0.977624310587427,1.0037623873471762,1.0130355711456436,0.9793117399916887,1.0039299365990257
92843,0.8413206490917171,0.8526039897619513,0.8724993568809495,0.8437819623667612,0.8480577433013384
92844,0.9776240043692312,1.0037624377603167,1.0130357445184826,0.9793114572545668,1.003929989250112
92845,0.8767159850078954,0.8908112601110921,0.9146184987878491,0.8731544701872276,0.8980645348256712
92846,0.8958076618904666,0.9154713818170845,0.9316860203930353,0.8940174382521282,0.9191181330160969
92847,0.8760701344817043,0.8901558056038128,0.9139467860821865,0.872511043683172,0.8974041318047131
92848,0.8760701344817043,0.8901558056038128,0.9139467860821865,0.872511043683172,0.8974041318047131
92849,0.8760701344817043,0.8901558056038128,0.9139467860821865,0.872511043683172,0.8974041318047131
92850,0.8760701344817043,0.8901558056038128,0.9139467860821865,0.872511043683172,0.8974041318047131
92851,0.8682448195137035,0.881740774088217,0.8989586513563503,0.8739168191569991,0.8765894159507834
92852,0.8760701344817043,0.8901558056038128,0.9139467860821865,0.872511043683172,0.8974041318047131
92853,0.8710771952094545,0.889074154341496,0.9082165559556119,0.8724886718623237,0.8897975710416406
92854,0.8754277690847828,0.8935146135916979,0.9110400768155288,0.8768462953234815,0.8884097794814583
92856,0.8413206490917171,0.8526039897619513,0.8724993568809495,0.8437819623667612,0.8480577433013384
92857,0.8760423523571725,0.8901314782108114,0.9139281093181736,0.8724823753325243,0.8973815500935955
92858,0.8760423523571725,0.8901314782108114,0.9139281093181736,0.8724823753325243,0.8973815500935955
92859,0.8760423523571725,0.8901314782108114,0.9139281093181736,0.8724823753325243,0.8973815500935955
92860,0.8760812360615368,0.890165526722281,0.91395424927035,0.8725224993847686,0.8974131553701117
92861,0.8632943133493528,0.8797231333078638,0.898464045210753,0.8639942693255043,0.8811604875530761
92863,0.729910501408541,0.74956701501261,0.7600064164878025,0.7420544578272343,0.7314863813417192
92864,0.729910501408541,0.74956701501261,0.7600064164878025,0.7420544578272343,0.7314863813417192
92865,0.7364080197382245,0.7562395117227848,0.7667718426767356,0.7486600792452733,0.7379979278416118
92866,0.729910501408541,0.74956701501261,0.7600064164878025,0.7420544578272343,0.7314863813417192
92867,0.729891901100639,0.7495500997414881,0.7599903696305017,0.742036906401261,0.7314679186074596
92868,0.8869706507859155,0.9069500306212795,0.9227174941314635,0.8886261294459358,0.9048131110309869
92869,0.8416901538267645,0.8529438207173905,0.8727882680912732,0.844144943781411,0.8484094595403093
92870,0.8738239530391074,0.8918966381502674,0.9110400768155288,0.8752413875608028,0.8884097794814583
92871,0.856502938884956,0.8729589433239874,0.8920478352522809,0.8596500036720919,0.8719883109528714
92872,0.8630910382694726,0.8795468229495259,0.8983175802500294,0.8637921588119899,0.8809865001944833
92873,0.857055092690642,0.8734408422691305,0.8924506838260977,0.8601885666965323,0.8724742986854813
92874,0.771670939586421,0.7916959327931007,0.8028784550221091,0.7845139522337776,0.773268022006902
92875,0.7306325110614863,0.750310109432547,0.7607606889527078,0.7427894997180396,0.7322100832427324
92876,0.7731830972168873,0.7932473311733789,0.8044517665462534,0.786051276886321,0.7747833092619851
92877,0.772473505052684,0.7925193249708353,0.8037134774242132,0.7853298748940268,0.7740722484961889
92878,0.7559695414006768,0.7754518239965331,0.7861519972544703,0.7683593769722442,0.757673524478502
92879,0.7298965518806885,0.7495543291940244,0.7599943819448093,0.7420412949181691,0.7314725349884775
92880,0.7559654465515695,0.7754481257437338,0.7861485105811244,0.7683555360712275,0.7576694649208225
92881,0.7372268688323502,0.7586076814800526,0.7666122062397691,0.7502936718983934,0.739442009658626
92882,0.7371012381161733,0.7584946613946945,0.7665037720671221,0.7501758117378091,0.739317710627928
92883,0.7372223881076995,0.7586036504824581,0.7666083387902228,0.7502894682901032,0.7394375764247115
92884,0.733752585294951,0.7553156074578651,0.7618616503199737,0.7459263704158534,0.7340836824989216
92885,0.914368183184066,0.9292036908810701,0.9356526345925488,0.9258942768725212,0.9152418644967931
92886,0.914368183184066,0.9292036908810701,0.9356526345925488,0.9258942768725212,0.9152418644967931
92887,0.7725762201002554,0.7949992594832386,0.8033938301740743,0.786280042785239,0.7748993663202562
92888,0.8900229196895512,0.907122944047107,0.9269588962153227,0.8932931475698493,0.9061143251414785
92889,0.8829854511588243,0.9005833440800317,0.9095633664195565,0.8947574566410604,0.8844022513742661
92890,0.729891901100639,0.7495500997414881,0.7599903696305017,0.742036906401261,0.7314679186074596
92891,0.7571209512606221,0.776633410024927,0.7873501505636593,0.7695299792209864,0.7588275742479287
92892,0.8632943133493528,0.8797231333078638,0.898464045210753,0.8639942693255043,0.8811604875530761
92893,0.8683647948241322,0.8848901079784908,0.903741092941233,0.8690688619287312,0.8863359043945368
92894,0.8682448195137035,0.881740774088217,0.8989586513563503,0.8739168191569991,0.8765894159507834
92895,0.8417407693567547,0.8530170458033711,0.8729004719901614,0.8442005231639036,0.8484736196431595
92896,0.7560022854794983,0.7754813968161168,0.7861798782356589,0.7683900904365778,0.7577059863612925
92897,0.755830086935058,0.7753258773904812,0.7860332567915352,0.7682285718839824,0.7575352720345008
92898,0.8630910382694726,0.8795468229495259,0.8983175802500294,0.8637921588119899,0.8809865001944833
92899,0.8630910382694726,0.8795468229495259,0.8983175802500294,0.8637921588119899,0.8809865001944833
92900,0.8413249915638039,0.8528327966431218,0.8723441914365361,0.8456527592660936,0.8511327345964244
92901,0.8413249915638039,0.8528327966431218,0.8723441914365361,0.8456527592660936,0.8511327345964244
92902,0.8413249915638039,0.8528327966431218,0.8723441914365361,0.8456527592660936,0.8511327345964244
92903,0.8630910382694726,0.8795468229495259,0.8983175802500294,0.8637921588119899,0.8809865001944833
92904,0.8630910382694726,0.8795468229495259,0.8983175802500294,0.8637921588119899,0.8809865001944833
92905,0.8630910382694726,0.8795468229495259,0.8983175802500294,0.8637921588119899,0.8809865001944833
92906,0.8868107414141378,0.906820611159014,0.9226114233038878,0.8884687859183931,0.9046804794432101
92907,0.8868107414141378,0.906820611159014,0.9226114233038878,0.8884687859183931,0.9046804794432101
92909,0.7376722626904992,0.7590665725345775,0.7670761455363925,0.7507473167859857,0.7398888027799696
92910,0.7662952487184715,0.7860395679529584,0.7968837090855453,0.778851713510956,0.7680221454700181
92911,0.7598984518552198,0.7794779515902286,0.7902315691705716,0.7723500991446172,0.7616109330042399
92912,0.7371012381161733,0.7584946613946945,0.7665037720671221,0.7501758117378091,0.739317710627928
92913,0.7374613573456332,0.7588652326254646,0.7668782562403957,0.7505423186995569,0.7396789127403512
92915,0.7425448291664541,0.7640804554218914,0.7721429342721017,0.7557062482691115,0.7447760102279101
92916,0.7450636155813113,0.7666722928374652,0.7747621204232674,0.7582696795354764,0.7473023650323458
92917,0.755830086935058,0.7753258773904812,0.7860332567915352,0.7682285718839824,0.7575352720345008
92918,0.7651388491973447,0.7848747487481874,0.7957139996518707,0.777690033212894,0.7668650352637749
92919,0.7598241759559723,0.7794229894637429,0.790186950664394,0.7722881791390427,0.7615383718915831
92920,0.856502938884956,0.8729589433239874,0.8920478352522809,0.8596500036720919,0.8719883109528714
92921,0.8688821918847653,0.8823062553181261,0.899434776765333,0.8745237752030679,0.8771821422197436
92922,0.8339034034531686,0.8440896140792529,0.865470497623879,0.8371518691410421,0.8435278834074068
92923,0.8682448195137035,0.881740774088217,0.8989586513563503,0.8739168191569991,0.8765894159507834
92924,0.8682448195137035,0.881740774088217,0.8989586513563503,0.8739168191569991,0.8765894159507834
92925,0.8869706507859155,0.9069500306212795,0.9227174941314635,0.8886261294459358,0.9048131110309869
92926,0.8408854117705413,0.8524292364414731,0.8720000639711871,0.8452268116014434,0.8507238991750827
92927,0.8408854117705413,0.8524292364414731,0.8720000639711871,0.8452268116014434,0.8507238991750827
92928,0.8410552633361243,0.8523599248307282,0.8722918742856748,0.8435212638101315,0.8478051389122303
92930,0.8070006734528807,0.8142570204800575,0.8358193003907585,0.8089402603569223,0.8124670390877173
92932,0.8403342390012981,0.8516968628698527,0.8717282479805489,0.8428129826213506,0.8471188626121283
92933,0.8403342390012981,0.8516968628698527,0.8717282479805489,0.8428129826213506,0.8471188626121283
92935,0.8991772701934425,0.9211178960825822,0.9402471563595464,0.9026452286945726,0.9299221080116168
92936,0.89918757808598,0.9211258125894692,0.9402530581132116,0.9026551527087903,0.9299290892963009
92937,0.8054116853827613,0.8233177608647899,0.8327285587240012,0.8169315511492053,0.8063389921286311
92938,0.7372183271829315,0.7586203856150554,0.766632685477206,0.7502981986694821,0.7394357024532773
92939,0.8389024877925529,0.8482429758324582,0.8726875535217865,0.8405477618963095,0.8475227373536792
92940,0.8404743566632464,0.8520518816022915,0.871678307107748,0.8448285112749139,0.850341609019837
92941,0.8410973422135837,0.8526237986156205,0.8721659693857491,0.8454321687155022,0.8509210049732239
92942,0.8406743018604665,0.8522354321573032,0.8718348110839296,0.8450222514226503,0.8505275604996214
92943,0.8379058475457755,0.8557153239569071,0.8646758941889355,0.8503506502920496,0.839160044013477
92944,0.8390523742938295,0.8567400219039522,0.8661608021277263,0.8514385322451425,0.8405369980992803
92945,0.8420156785670346,0.8597657941271349,0.8692198459786993,0.8544455810519551,0.8435055456590805
92947,0.7832364272559432,0.8044689058181039,0.8162292680879668,0.7980261058406747,0.7864683510321951
92948,0.7904636590951531,0.8108778775789234,0.8211506544261692,0.8040217757388587,0.7927129291994266
92949,0.8404743566632464,0.8520518816022915,0.871678307107748,0.8448285112749139,0.850341609019837
92950,0.8102436139039784,0.8175418998265204,0.8392279906417999,0.8121944246889887,0.8157415860917021
92951,0.8412876053355448,0.8527984731043083,0.8723149217072292,0.8456165321377768,0.8510979625041138
92952,0.8412876053355448,0.8527984731043083,0.8723149217072292,0.8456165321377768,0.8510979625041138
92953,0.8339034034531686,0.8440896140792529,0.865470497623879,0.8371518691410421,0.8435278834074068
92954,0.8551512424012415,0.8668517985619952,0.8866898600812675,0.8595515058898688,0.8651232651291356
92955,0.8403342390012981,0.8516968628698527,0.8717282479805489,0.8428129826213506,0.8471188626121283
92956,0.8403342390012981,0.8516968628698527,0.8717282479805489,0.8428129826213506,0.8471188626121283
92957,0.8410552633361243,0.8523599248307282,0.8722918742856748,0.8435212638101315,0.8478051389122303
92958,0.8410552633361243,0.8523599248307282,0.8722918742856748,0.8435212638101315,0.8478051389122303
92959,0.8336314086579975,0.8432773863583637,0.8613866933175361,0.8384575923940774,0.8380392745019315
92960,0.8219651851615669,0.831488011103312,0.8493656622124997,0.8267297735686662,0.8263167962590617
92961,0.810176539959399,0.8181047017370255,0.8374978659673062,0.8131605034599765,0.8149638855768093
92962,0.8586656421279603,0.8683274536410516,0.8793227633335349,0.8619357045252148,0.8571964581623075
92963,0.8339034034531686,0.8440896140792529,0.865470497623879,0.8371518691410421,0.8435278834074068
92965,0.821391517294556,0.8309496691591813,0.8488920340409469,0.8261738563447872,0.825759346520284
92966,0.8150605246913403,0.822389343873123,0.8441669752378677,0.8170194830561809,0.8205814851924281
92967,0.821391517294556,0.8309496691591813,0.8488920340409469,0.8261738563447872,0.825759346520284
92968,0.821391517294556,0.8309496691591813,0.8488920340409469,0.8261738563447872,0.825759346520284
92969,0.821391517294556,0.8309496691591813,0.8488920340409469,0.8261738563447872,0.825759346520284
92970,0.8096073391745192,0.8175631956533547,0.8370224511406188,0.812601773407987,0.8144114559275455
92971,0.821391517294556,0.8309496691591813,0.8488920340409469,0.8261738563447872,0.825759346520284
92972,0.8415060653981571,0.8527745141351352,0.8726443277106768,0.8439641048829506,0.8482342323216525
92973,0.8026094675811196,0.8098463660550791,0.8313495822718188,0.8045438776569996,0.8080612026892234
92974,0.8413249915638039,0.8528327966431218,0.8723441914365361,0.8448441478307517,0.8491121958819524
92975,0.8026094675811196,0.8098463660550791,0.8313495822718188,0.8045438776569996,0.8080612026892234
92976,0.8026094675811196,0.8098463660550791,0.8313495822718188,0.8045438776569996,0.8080612026892234
92977,0.8026094675811196,0.8098463660550791,0.8313495822718188,0.8045438776569996,0.8080612026892234
92978,0.8036476902245012,0.8108939500531007,0.8324249819471822,0.8055846025738074,0.8091064774732333
92979,0.8224054529013429,0.8319011860013246,0.8497291984468893,0.8271564279916565,0.8267446260258945
92980,0.8227852405334144,0.8322853587721084,0.8501216042110311,0.8275384096286111,0.8271264174923038
92981,0.8222622962186712,0.8317668370252644,0.8496109873552882,0.8270176968763495,0.8266055128141597
92982,0.8219651851615669,0.831488011103312,0.8493656622124997,0.8267297735686662,0.8263167962590617
92983,0.8096073391745192,0.8175631956533547,0.8370224511406188,0.812601773407987,0.8144114559275455
92985,0.8029946484496446,0.8102149743078444,0.8316702170929386,0.8049246070672558,0.808433878546519
92986,0.8032407421791731,0.8104632808502754,0.8319250990225471,0.8051712922711046,0.8086816392366217
92987,0.8029723040339749,0.8101935910236541,0.8316516161807777,0.8049025208120183,0.8084122593585198
92988,0.8029882658989732,0.8102088662955874,0.8316649038416225,0.8049182982577175,0.8084277031504665
92989,0.8029946484496446,0.8102149743078444,0.8316702170929386,0.8049246070672558,0.808433878546519
92990,0.8090191472714112,0.8162936439073484,0.8379098554923332,0.8109635854791918,0.8144991854052672
92992,0.8406743018604665,0.8522354321573032,0.8718348110839296,0.8450222514226503,0.8505275604996214
92993,0.8154961288172411,0.8234013468198389,0.8427420761587738,0.8184713517369773,0.8202695131125821
92994,0.8029659170920622,0.8101874788178078,0.8316462993029435,0.8048962076644194,0.8084060797204514
92995,0.8028347078620183,0.8100619141435839,0.8315370746184709,0.8047665145720899,0.8082791296312889
92996,0.8058557766181181,0.8131033286113234,0.8346393789956077,0.8077930142706438,0.8113155182914709
92997,0.8029659170920622,0.8101874788178078,0.8316462993029435,0.8048962076644194,0.8084060797204514
92998,0.8346375813904804,0.8407812849509689,0.8594126724666007,0.8377386462760764,0.8372177524625667
92999,0.8109048080092865,0.8187975676932425,0.8381062323850992,0.8138753872403666,0.8156707155685109
93000,0.8343516671775868,0.840507498464913,0.8591748682781014,0.837458870197249,0.8369369477185922
93001,0.810176539959399,0.8181047017370255,0.8374978659673062,0.8131605034599765,0.8149638855768093
93002,0.8387485328230093,0.8480991440416459,0.8725694426671604,0.8403956022510152,0.8473781309080123
93003,0.8387485328230093,0.8480991440416459,0.8725694426671604,0.8403956022510152,0.8473781309080123
93004,0.8387485328230093,0.8480991440416459,0.8725694426671604,0.8403956022510152,0.8473781309080123
93005,0.8440246370025254,0.8510486894735406,0.883645182438561,0.8458459533854435,0.8638050046374811
93006,0.8390758892229597,0.8484049778018228,0.8728205900854437,0.8407191416848618,0.8476856116563455
93007,0.8390758892229597,0.8484049778018228,0.8728205900854437,0.8407191416848618,0.8476856116563455
93008,0.8388102224143664,0.8481567770450812,0.8726167688767158,0.8404565724122749,0.8474360743318953
93009,0.802751227830019,0.8099820259317728,0.831467583769026,0.8046839993151105,0.8081983598388787
93010,0.8114548909388868,0.8193209341798886,0.8385658194243668,0.8144153699706571,0.8162046204543452
93011,0.810176539959399,0.8181047017370255,0.8374978659673062,0.8131605034599765,0.8149638855768093
93012,0.8050088432989462,0.8122556213866792,0.8337889381756182,0.806945881483672,0.8104680089628021
93013,0.8109048080092865,0.8187975676932425,0.8381062323850992,0.8138753872403666,0.8156707155685109
93014,0.8094436818907156,0.8167303828828949,0.8381062323850992,0.8113913913267784,0.8149329224025269
93015,0.805143746770233,0.8123845619691684,0.8339006151213149,0.8070791833487365,0.8105984131270461
93016,0.8117664886082673,0.815554631834538,0.8444952814459594,0.8130913433860304,0.8207539812175252
93017,0.811820923800401,0.8156077876983402,0.8445389472268406,0.8131453301418629,0.8208053954803911
93018,0.811820923800401,0.8156077876983402,0.8445389472268406,0.8131453301418629,0.8208053954803911
93019,0.811820923800401,0.8156077876983402,0.8445389472268406,0.8131453301418629,0.8208053954803911
93020,0.8118148801870015,0.8156018861161726,0.844534099243603,0.8131393363139,0.8207996872514766
93021,0.8117997659694065,0.8155871271038811,0.8445219751631678,0.8131243466045266,0.8207854117950274
93022,0.8118843102596919,0.8156696845837813,0.8445897942085493,0.8132081944693944,0.820865264537907
93023,0.8118148801870015,0.8156018861161726,0.844534099243603,0.8131393363139,0.8207996872514766
93024,0.8129543273238877,0.8167446905547339,0.8457029152291535,0.8142799563372247,0.8219471179859434
93025,0.8117331753552772,0.8155221015542928,0.8444685591887191,0.8130583045847181,0.8207225168250211
93026,0.8388102224143664,0.8481567770450812,0.8726167688767158,0.8404565724122749,0.8474360743318953
93027,0.8116664410345527,0.8154569358256774,0.8444150289458344,0.8129921200957791,0.8206594864646803
93028,0.8116664410345527,0.8154569358256774,0.8444150289458344,0.8129921200957791,0.8206594864646803
93029,0.8121648069040805,0.8159576290714979,0.8443220788999712,0.8134912999366192,0.8211633740937375
93030,0.8222622962186712,0.8317668370252644,0.8496109873552882,0.8270176968763495,0.8266055128141597
93031,0.8222622962186712,0.8317668370252644,0.8496109873552882,0.8270176968763495,0.8266055128141597
93032,0.8243908051452146,0.8339165871982235,0.8518007445472267,0.8291568273723418,0.8287437221820348
93033,0.8154431221847763,0.8194974789798684,0.8425800682570449,0.8164771977617795,0.8199078289724031
93034,0.8340223709828921,0.840192175893985,0.8589010012987058,0.8371366464627232,0.836613538749489
93035,0.8351102590133241,0.8412881117384163,0.8600213406938445,0.8382285967139492,0.8377048066657565
93036,0.8351102590133241,0.8412881117384163,0.8600213406938445,0.8382285967139492,0.8377048066657565
93037,0.8952252028386265,0.9103025735624625,0.9193738702846004,0.9063722761095891,0.8959666255638364
93038,0.8729910078267693,0.8914885630788326,0.8921676920915905,0.8831687557290946,0.8756140578357596
93039,0.870694534750648,0.8891411126701834,0.8898183712717361,0.8808442259959026,0.8733103520242789
93040,0.899133014826617,0.9210839080239782,0.9402218184268113,0.9026026215037808,0.9298921352428611
93041,0.8991137978173211,0.9210691495186356,0.9402108161112197,0.9025841202087518,0.9298791203251116
93042,0.8440098865622478,0.8510346904649367,0.8836345526496804,0.8458313986841365,0.8637923468495243
93043,0.8390860536753548,0.848414474119094,0.8728283886522632,0.8407291876475049,0.8476951591024923
93044,0.811617816562386,0.8154094543677413,0.8443760259646895,0.8129438962800389,0.8206135610154353
93045,0.8116451772051715,0.8154361718347768,0.8443979725974478,0.8129710314728144,0.8206394029150288
93046,0.8119691089636697,0.8157616165987007,0.8443220788999712,0.8132954923865598,0.8209669243151985
93047,0.8173969774293154,0.8214014955015889,0.8442070748825461,0.8184183070728032,0.8218068213374644
93048,0.8173969774293154,0.8214014955015889,0.8442070748825461,0.8184183070728032,0.8218068213374644
93049,0.8192612107149668,0.8232748618720077,0.8461324538262365,0.8202848696999737,0.8236811121325331
93050,0.8154431221847763,0.8194974789798684,0.8425800682570449,0.8164771977617795,0.8199078289724031
93051,0.8128896058123424,0.8166843574206546,0.8442976538803696,0.8142167726864198,0.8218927642463661
93052,0.8154431221847763,0.8194974789798684,0.8425800682570449,0.8164771977617795,0.8199078289724031
93053,0.8104401004154875,0.81835544600764,0.8377180218738473,0.8134192185147037,0.8152196850164395
93054,0.8139533676866523,0.8177505200772011,0.8467602192050366,0.8152813725187904,0.8229622459994501
93055,0.8441178572875744,0.8511371611702115,0.8837123622435895,0.8459379367239054,0.8638850005405609
93056,0.8991669553586535,0.9211099742667532,0.9402412506617582,0.9026352980013043,0.9299151220527633
93057,0.8991344920633949,0.9210850425329618,0.9402226641936846,0.902604043723332,0.9298931357206789
93058,0.9906775568249063,1.0175537180928613,1.0277611160403763,0.9952239777860498,1.0167983870629635
93059,0.8724987398703967,0.8877759828698291,0.9111056553078789,0.87305084223652,0.8947372697256546
93060,0.9906775568249063,1.0175537180928613,1.0277611160403763,0.9952239777860498,1.0167983870629635
93061,0.9906775568249063,1.0175537180928613,1.0277611160403763,0.9952239777860498,1.0167983870629635
93062,0.8991772701934425,0.9211178960825822,0.9402471563595464,0.9026452286945726,0.9299221080116168
93063,0.844446266655392,0.8514488461243412,0.8839490510074139,0.846261989649762,0.8641668325824676
93064,0.8397449938612643,0.8438645085377507,0.87023588668133,0.8426152108517222,0.8492598780041335
93065,0.8118337044816041,0.8156209684872333,0.8445551217739041,0.813158250979284,0.82081912225153
93067,0.8442546092693757,0.8512669481225824,0.8838109176324866,0.8460728744168371,0.8640023552442042
93068,0.8442546092693757,0.8512669481225824,0.8838109176324866,0.8460728744168371,0.8640023552442042
93069,0.8439335390342955,0.8509622325389309,0.8835795343290661,0.8457560643537257,0.8637268313545899
93073,0.8446460489137447,0.8516384578524053,0.8840930506221972,0.8464591226889941,0.8643382889707798
93074,0.8175350502866385,0.8215360516269701,0.8443220788999712,0.8185554805788343,0.8219410229294679
93075,0.8238415809078834,0.8317052019157494,0.8598655693550202,0.8249944983547065,0.8402761631439987
93076,0.8327105498971377,0.8367907991703906,0.8629114981758595,0.8355534061256294,0.8421347866725717
93077,0.8446460489137447,0.8516384578524053,0.8840930506221972,0.8464591226889941,0.8643382889707798
93078,0.8445234822060815,0.8515221304677465,0.8840047053902934,0.8463381811961244,0.8642330994499101
93079,0.8446460489137447,0.8516384578524053,0.8840930506221972,0.8464591226889941,0.8643382889707798
93080,0.8307394675961788,0.8370311945837386,0.8666597624636402,0.8316402053508809,0.8472465478963389
93081,0.8787313318548595,0.8937207223509293,0.898826129368147,0.8881459366795669,0.8784832562902612
93082,0.8341111046129538,0.8402771435227112,0.8589747966764267,0.8372234740015023,0.8367006857184804
93083,0.8341111046129538,0.8402771435227112,0.8589747966764267,0.8372234740015023,0.8367006857184804
93084,0.8344313889115562,0.8405838381470326,0.8592411738727216,0.8375368801875412,0.8370152445722556
93085,0.8344313889115562,0.8405838381470326,0.8592411738727216,0.8375368801875412,0.8370152445722556
93086,0.8158257366474491,0.8196370326078509,0.8487537845186499,0.8171586915683867,0.824868120507608
93087,0.8348436713912034,0.8409991604776016,0.8596657145677227,0.8379506970529519,0.8374288037038037
93088,0.8118148801870015,0.8156018861161726,0.844534099243603,0.8131393363139,0.8207996872514766
93089,0.8116482157878884,0.8154391389900756,0.8444004099285255,0.8129740450183534,0.8206422728346774
93090,0.8116482157878884,0.8154391389900756,0.8444004099285255,0.8129740450183534,0.8206422728346774
93091,0.8326527297281721,0.8367345948860992,0.8628653661921245,0.8354967130461103,0.842080681037114
93092,0.8326527297281721,0.8367345948860992,0.8628653661921245,0.8354967130461103,0.842080681037114
93093,0.8326527297281721,0.8367345948860992,0.8628653661921245,0.8354967130461103,0.842080681037114
93094,0.8326474671968784,0.836729479431683,0.8628611675033876,0.8354915531018827,0.8420757565998636
93095,0.8119889838500556,0.8157739974179027,0.8446915078874612,0.8133127413325623,0.8209690901426628
93096,0.8551427920596807,0.8694905672358819,0.8942077235704761,0.8563327902193333,0.8778464830117121
93097,0.8551427920596807,0.8694905672358819,0.8942077235704761,0.8563327902193333,0.8778464830117121
93098,0.8550146343343533,0.8693765453773642,0.8941172468582637,0.8562058184371169,0.8777405328953835
93099,0.8551008888002962,0.8694532856937806,0.8941781402484235,0.8562912747011389,0.8778118405523032
93100,0.8553770858543313,0.8697287920637145,0.8944527204560332,0.8565674100521462,0.8780869972106684
93101,0.8118088353887704,0.8155959833782505,0.8445292503181976,0.8131333413113059,0.8207939779062802
93102,0.8118088353887704,0.8155959833782505,0.8445292503181976,0.8131333413113059,0.8207939779062802
93103,0.8165187617710089,0.8205456641940674,0.8434756771968976,0.8175458159691068,0.8209532466159642
93104,0.8116482157878884,0.8154391389900756,0.8444004099285255,0.8129740450183534,0.8206422728346774
93106,0.8326474671968784,0.836729479431683,0.8628611675033876,0.8354915531018827,0.8420757565998636
93107,0.8291352232713118,0.8354456164048669,0.8651582316367518,0.830038651476818,0.8443757862095126
93108,0.8116482157878884,0.8154391389900756,0.8444004099285255,0.8129740450183534,0.8206422728346774
93109,0.834545252400876,0.8406928718067973,0.8593358777180755,0.8376482991835116,0.837127073230939
93110,0.8326474671968784,0.836729479431683,0.8628611675033876,0.8354915531018827,0.8420757565998636
93111,0.8308633432971755,0.836729479431683,0.8628611675033876,0.8317659008805175,0.8420757565998636
93112,0.8118088353887704,0.8155959833782505,0.8445292503181976,0.8131333413113059,0.8207939779062802
93113,0.8162452682059486,0.8200610276804823,0.8492114151274013,0.8175797858348297,0.8252982184383316
93114,0.865658255443426,0.8709021773802559,0.8874941884261003,0.86757828815516,0.866363415367193
93115,0.865658255443426,0.8709021773802559,0.8874941884261003,0.86757828815516,0.866363415367193
93116,0.865658255443426,0.8709021773802559,0.8874941884261003,0.86757828815516,0.866363415367193
93117,0.8657419116581182,0.8709822041913691,0.8875629441237433,0.867660611676598,0.8664465816178059
93118,0.8442838166297085,0.8512946680585177,0.88383196764488,0.84610169432664,0.8640274201497898
93119,0.8292029985552275,0.8355105207547275,0.865210040990741,0.8301060137498173,0.8457509663622818
93120,0.8991669553586535,0.9211099742667532,0.9402412506617582,0.9026352980013043,0.9299151220527633
93121,0.8991137978173211,0.9210691495186356,0.9402108161112197,0.9025841202087518,0.9298791203251116
93122,0.8442180521625903,0.8512322528153754,0.8837845709101407,0.8460368022803338,0.863970983197643
93123,0.8442180521625903,0.8512322528153754,0.8837845709101407,0.8460368022803338,0.863970983197643
93124,0.8442180521625903,0.8512322528153754,0.8837845709101407,0.8460368022803338,0.863970983197643
93125,0.8442180521625903,0.8512322528153754,0.8837845709101407,0.8460368022803338,0.863970983197643
93126,0.8117180210930636,0.815507303480259,0.8444564032661066,0.8130432751755166,0.8207082036410984
93127,0.8439335390342955,0.8509622325389309,0.8835795343290661,0.8457560643537257,0.8637268313545899
93128,0.844446266655392,0.8514488461243412,0.8839490510074139,0.846261989649762,0.8641668325824676
93129,0.844446266655392,0.8514488461243412,0.8839490510074139,0.846261989649762,0.8641668325824676
93131,0.9906808449170483,1.0175476589369445,1.0277516111308804,0.9952256561554491,1.016792585132561
93132,0.8991315374477876,0.9210827734063669,0.9402209725792376,0.9026011991475646,0.9298911346694045
93133,0.8550986812237781,0.869451321608103,0.894176581732431,0.8562890875524701,0.8778100155034388
93134,0.8550986812237781,0.869451321608103,0.894176581732431,0.8562890875524701,0.8778100155034388
93135,0.8550854312633839,0.8694395331025515,0.8941672274861033,0.856275960202087,0.8777990615082222
93136,0.8117180210930636,0.815507303480259,0.8444564032661066,0.8130432751755166,0.8207082036410984
93137,0.8116292430105911,0.8154234236257305,0.844408959981745,0.8129562136836264,0.8206309970547784
93138,0.8115294902497082,0.8153232045435624,0.8443051784512028,0.8128562978322813,0.8205301379392065
93142,0.8300514345210221,0.8341136908131509,0.8572485700068422,0.8310874875044004,0.8345248621879566
93143,0.8319409126084593,0.8464773748877992,0.8502483648219571,0.8372818383035244,0.8324153231716559
93144,0.8441740658628828,0.8503926152517198,0.869250720375143,0.8473129149684577,0.8467856752168079
93145,0.8203382684184801,0.8243840078619399,0.8474212827443391,0.8213701269646477,0.8247934968704859
93146,0.8383710041926604,0.8425105822601063,0.8690065368893346,0.8412552177430044,0.8479319776892555
93147,0.8383710041926604,0.8425105822601063,0.8690065368893346,0.8412552177430044,0.8479319776892555
93148,0.8383710041926604,0.8425105822601063,0.8690065368893346,0.8412552177430044,0.8479319776892555
93149,0.8669480261488544,0.8769102820441194,0.8862881640866986,0.8708630261846444,0.8660440756880136
93150,0.858958473430129,0.8759808767221504,0.8781651388692269,0.867018678152619,0.8603268535141085
93151,0.858958473430129,0.8759808767221504,0.8781651388692269,0.867018678152619,0.8603268535141085
93152,0.858958473430129,0.8759808767221504,0.8781651388692269,0.867018678152619,0.8603268535141085
93153,0.8669480261488544,0.8769102820441194,0.8862881640866986,0.8708630261846444,0.8660440756880136
93154,0.8669480261488544,0.8769102820441194,0.8862881640866986,0.8708630261846444,0.8660440756880136
93155,0.8669480261488544,0.8769102820441194,0.8862881640866986,0.8708630261846444,0.8660440756880136
93156,0.8490408134983354,0.8638340068693301,0.865616964387116,0.8555572467771172,0.8484138449885109
93157,0.8748986998696369,0.884952318388447,0.8944162038338412,0.8788496038892444,0.8739864593902977
93158,0.8719413447069772,0.8872088278512154,0.9105235961455834,0.8724930943629192,0.8941656674941713
93159,0.881304592203096,0.8934305755511641,0.9182569234769502,0.8771090558972517,0.9022595292930327
93160,0.9906805922740672,1.0175481244986444,1.0277523414518375,0.9952255271966031,1.0167930309300133
93161,0.855133976743248,0.8694827241852411,0.8942014999977069,0.8563240564714008,0.8778391951444608
93162,0.855133976743248,0.8694827241852411,0.8942014999977069,0.8563240564714008,0.8778391951444608
93163,0.8551185416993917,0.8694689915396792,0.8941906029780824,0.8563087642509706,0.8778264345996726
93164,0.8551185416993917,0.8694689915396792,0.8941906029780824,0.8563087642509706,0.8778264345996726
93165,0.8551185416993917,0.8694689915396792,0.8941906029780824,0.8563087642509706,0.8778264345996726
93166,0.8551185416993917,0.8694689915396792,0.8941906029780824,0.8563087642509706,0.8778264345996726
93167,0.8551185416993917,0.8694689915396792,0.8941906029780824,0.8563087642509706,0.8778264345996726
93168,0.8297658312363873,0.8360495222247084,0.8656403300187699,0.8306654181507334,0.84625184145634
93169,0.8297658312363873,0.8360495222247084,0.8656403300187699,0.8306654181507334,0.84625184145634
93170,0.8297658312363873,0.8360495222247084,0.8656403300187699,0.8306654181507334,0.84625184145634
93171,0.8550964734329446,0.8694493573323826,0.8941750230664424,0.8562869001915295,0.8778081902783134
93172,0.8551207473479336,0.8694709539157284,0.8941921601447012,0.8563109494900433,0.8778282580628836
93173,0.8557330705322594,0.8700918704873164,0.8948279638961636,0.8569239840120731,0.8784541958623188
93174,0.8117331753552772,0.8155221015542928,0.8444685591887191,0.8130583045847181,0.8207225168250211
93175,0.8442351187736462,0.851248450238095,0.8837968707797225,0.8460536424810072,0.8639856291465685
93176,0.8442351187736462,0.851248450238095,0.8837968707797225,0.8460536424810072,0.8639856291465685
93177,0.8442351187736462,0.851248450238095,0.8837968707797225,0.8460536424810072,0.8639856291465685
93178,0.8445932515602506,0.8515883480545868,0.8840549941669223,0.8464070253868167,0.8642929767858254
93179,0.8551097169636006,0.8694611401363997,0.8941843728126965,0.8563000211734737,0.877819138985458
93180,0.8551008888002962,0.8694532856937806,0.8941781402484235,0.8562912747011389,0.8778118405523032
93181,0.8551097169636006,0.8694611401363997,0.8941843728126965,0.8563000211734737,0.877819138985458
93182,0.8811717652237402,0.8933125548359937,0.9181682838671515,0.8769710340103699,0.9021520985144699
93183,0.8811717652237402,0.8933125548359937,0.9181682838671515,0.8769710340103699,0.9021520985144699
93184,0.8811717652237402,0.8933125548359937,0.9181682838671515,0.8769710340103699,0.9021520985144699
93185,0.8445764286941937,0.8515723815653291,0.8840428683615293,0.8463904255892297,0.864278539021446
93187,0.8175350502866385,0.8215360516269701,0.8443220788999712,0.8185554805788343,0.8219410229294679
93188,0.8175350502866385,0.8215360516269701,0.8443220788999712,0.8185554805788343,0.8219410229294679
93189,0.8175350502866385,0.8215360516269701,0.8443220788999712,0.8185554805788343,0.8219410229294679
93190,0.8119970663076983,0.8157896188679052,0.8443220788999712,0.8133234653862912,0.8209949890458237
93191,0.8308287188158784,0.8348947791228986,0.8580513224900529,0.8318657419893909,0.8353063355305334
93192,0.8220787238218855,0.8261019618160439,0.8490146286368632,0.8231048254331417,0.826509183856769
93193,0.8719317549982669,0.8872004921262113,0.9105171135365214,0.8724835505476886,0.8941578923951524
93194,0.9771385413747165,0.9984008362741075,1.011654954719407,0.9794751176975032,1.0002472966259905
93195,0.89918757808598,0.9211258125894692,0.9402530581132116,0.9026551527087903,0.9299290892963009
93196,0.8991772701934425,0.9211178960825822,0.9402471563595464,0.9026452286945726,0.9299221080116168
93197,0.8317568093396516,0.8358637288635524,0.8621506478679107,0.8346182683453796,0.8412423530547124
93198,0.8654227842439772,0.8706769240797985,0.8873006655101509,0.8673465689255818,0.8661293235810683
93199,0.8654227842439772,0.8706769240797985,0.8873006655101509,0.8673465689255818,0.8661293235810683
93200,0.8654227842439772,0.8706769240797985,0.8873006655101509,0.8673465689255818,0.8661293235810683
93201,0.8650219001704744,0.870293442668558,0.8869712214231931,0.8669520751193022,0.8657307889031837
93202,0.8765348971251984,0.8840418664373704,0.8963298378876221,0.879393569307466,0.8755779216629117
93203,0.8679349999715181,0.8729699539459528,0.8925184927455586,0.8701598030881976,0.8709303652539273
93204,0.8551185416993917,0.8694689915396792,0.8941906029780824,0.8563087642509706,0.8778264345996726
93205,0.8289664261924554,0.8352839706469286,0.8650292032733753,0.8298708831900811,0.8455404492282493
93206,0.8289664261924554,0.8352839706469286,0.8650292032733753,0.8298708831900811,0.8455404492282493
93207,0.8289664261924554,0.8352839706469286,0.8650292032733753,0.8298708831900811,0.8455404492282493
93208,0.8493153793347888,0.8555844490459288,0.8745950522625302,0.8524797436252509,0.8519482201380006
93209,0.9769009072914806,0.9981580313315288,1.0114089264567436,0.9792369153732771,1.0000040426356112
93210,0.9771385413747165,0.9984008362741075,1.011654954719407,0.9794751176975032,1.0002472966259905
93211,0.8718606468410887,0.8871386827361296,0.9104690454590496,0.8724127827106325,0.8941002402158528
93212,0.8718490917954064,0.887128638805587,0.9104612345472348,0.8724012829697796,0.8940908718539216
93213,0.8479791364515248,0.8647839568129273,0.8669402993912421,0.8559363144195183,0.8493300256945363
93214,0.8510840928055127,0.8679504456168492,0.8701146838488446,0.8590704067383307,0.8524399284581212
93215,0.8324487021862411,0.8519753089421704,0.8498563315090557,0.840632642328859,0.8358172190993988
93216,0.8112592341237392,0.8305712589040989,0.8300021311121496,0.8192115574766895,0.8145834116180903
93217,0.8112592341237392,0.8305712589040989,0.8300021311121496,0.8192115574766895,0.8145834116180903
93218,0.8112592341237392,0.8305712589040989,0.8300021311121496,0.8192115574766895,0.8145834116180903
93219,0.8123005999349194,0.8316333734685065,0.8310636325451283,0.8202614529970235,0.815628340500032
93220,0.8478330434908534,0.8646559098969017,0.866814530147523,0.8557988323355055,0.8491854030812747
93221,0.8291975826098111,0.8355053342169322,0.8652059008464533,0.830100630806788,0.8457461468239108
93222,0.992865424389628,1.014220593109754,1.0276021645225044,0.9957087244120405,1.015337289492657
93223,0.8657419116581182,0.8709822041913691,0.8875629441237433,0.867660611676598,0.8664465816178059
93224,0.8657419116581182,0.8709822041913691,0.8875629441237433,0.867660611676598,0.8664465816178059
93225,0.8291975826098111,0.8355053342169322,0.8652059008464533,0.830100630806788,0.8444590516476878
93226,0.8120883865469521,0.8158738634715244,0.844794913987297,0.8134123060822285,0.8210695921731731
93227,0.8719413447069772,0.8872088278512154,0.9105235961455834,0.8724930943629192,0.8941656674941713
93228,0.872250224767582,0.8875245387439014,0.9108496764618228,0.872802221858237,0.8944844801769254
93229,0.8719317549982669,0.8872004921262113,0.9105171135365214,0.8724835505476886,0.8941578923951524
93230,0.8991772701934425,0.9211178960825822,0.9402471563595464,0.9026452286945726,0.9299221080116168
93231,0.8991772701934425,0.9211178960825822,0.9402471563595464,0.9026452286945726,0.9299221080116168
93232,0.8991757970707507,0.9211167647197191,0.940246312929966,0.9026438104331227,0.9299211103037345
93233,0.8994234047180468,0.9213700364813359,0.9405045330688034,0.9028923125139883,0.9301766584140365
93234,0.8991344920633949,0.9210850425329618,0.9402226641936846,0.902604043723332,0.9298931357206789
93235,0.8991344920633949,0.9210850425329618,0.9402226641936846,0.902604043723332,0.9298931357206789
93236,0.8991344920633949,0.9210850425329618,0.9402226641936846,0.902604043723332,0.9298931357206789
93237,0.8296595127420415,0.835947704032632,0.865559042902925,0.8305597470464301,0.8461572233664028
93238,0.8295420816944102,0.8358352444161613,0.8654692627818688,0.8304430311677246,0.8460527174608137
93239,0.8294697715809856,0.8357659959362373,0.8654139808740395,0.8303711614903373,0.8459883671556229
93240,0.8294322023570487,0.8357300175234371,0.8653852592815209,0.8303338211157492,0.8459549337878336
93241,0.8296035290394709,0.8358940902959062,0.8655162409912466,0.830504104276438,0.8461074013196531
93242,0.881304592203096,0.8934305755511641,0.9182569234769502,0.8771090558972517,0.9022595292930327
93243,0.8813310424309748,0.8934540776263739,0.9182745751171782,0.8771365404928916,0.902280922706549
93244,0.8719317549982669,0.8872004921262113,0.9105171135365214,0.8724835505476886,0.8941578923951524
93245,0.8812798707499009,0.8934086096395113,0.9182404257119681,0.8770833676492233,0.9022395342650334
93246,0.8719106413073464,0.8871821393821308,0.9105028408449951,0.8724625379025858,0.8941407739990312
93247,0.8719106413073464,0.8871821393821308,0.9105028408449951,0.8724625379025858,0.8941407739990312
93248,0.8551229527823514,0.8694729161019022,0.8941937171614547,0.8563131345170328,0.8778300813499879
93249,0.8719106413073464,0.8871821393821308,0.9105028408449951,0.8724625379025858,0.8941407739990312
93250,0.855010202221433,0.8693726021671245,0.8941141179567237,0.8562014273416044,0.877736868849457
93251,0.8551119234688301,0.8694631032721158,0.8941859305789059,0.8563022072610668,0.8778209631532485
93252,0.8551251580026645,0.8694748780982187,0.8941952740283566,0.8563153193319587,0.8778319044610018
93253,0.8550832221862595,0.8694375676862224,0.8941656679198647,0.8562737715671188,0.8777972352252031
93254,0.8550964734329446,0.8694493573323826,0.8941750230664424,0.8562869001915295,0.8778081902783134
93255,0.9906818550107908,1.017545797568008,1.0277486912222977,0.9952261717469116,1.016790802783432
93256,0.9906808449170483,1.0175476589369445,1.0277516111308804,0.9952256561554491,1.016792585132561
93257,0.9906818550107908,1.017545797568008,1.0277486912222977,0.9952261717469116,1.016790802783432
93258,0.99068286433983,1.0175439376029456,1.0277457735130051,0.995226686948298,1.0167890217787152
93259,0.9906789489283667,1.017551152790855,1.027757091892363,0.9952246883691621,1.0167959306639252
93260,0.9906775568249063,1.0175537180928613,1.0277611160403763,0.9952239777860498,1.0167983870629635
93261,0.8813169404086348,0.8934415474100766,0.9182651640658677,0.8771218869986451,0.9022695167239435
93262,0.8813380893594049,0.8934603391161227,0.9182792779384825,0.8771438629937436,0.9022866224100129
93263,0.8296302022641104,0.8359196343368747,0.8655366337049222,0.8305306150616756,0.8461311387931112
93264,0.8296302022641104,0.8359196343368747,0.8655366337049222,0.8305306150616756,0.8461311387931112
93265,0.8296302022641104,0.8359196343368747,0.8655366337049222,0.8305306150616756,0.8461311387931112
93266,0.8296302022641104,0.8359196343368747,0.8655366337049222,0.8305306150616756,0.8461311387931112
93267,0.8296302022641104,0.8359196343368747,0.8655366337049222,0.8305306150616756,0.8461311387931112
93268,0.8296302022641104,0.8359196343368747,0.8655366337049222,0.8305306150616756,0.8461311387931112
93269,0.8294697715809856,0.8357659959362373,0.8654139808740395,0.8303711614903373,0.8459883671556229
93270,0.8291352232713118,0.8354456164048669,0.8651582316367518,0.830038651476818,0.8456906548211205
93271,0.8291352232713118,0.8354456164048669,0.8651582316367518,0.830038651476818,0.8456906548211205
93272,0.8291352232713118,0.8354456164048669,0.8651582316367518,0.830038651476818,0.8456906548211205
93273,0.8295634703364878,0.8358557275135634,0.86548561488988,0.8304642895416292,0.8460717518045162
93274,0.8294885369509563,0.8357839667456555,0.8654283270900306,0.8303898125573854,0.8460050667880823
93275,0.829504611351885,0.8357993605426701,0.8654406161161595,0.8304057890489281,0.8460193717181984
93276,0.8295179994961714,0.8358121818327338,0.8654508515231588,0.8304190956475468,0.8460312861218968
93277,0.8446724052462607,0.8516634726313385,0.8841120486051758,0.8464851295760359,0.8643609088932227
93278,0.8447632376482795,0.8517496819590251,0.8841775231811153,0.8465747577720792,0.8644388652962138
93279,0.8111359930946092,0.8304410489577905,0.8298721248800193,0.8190854325692659,0.8144589626310837
93280,0.8111074805325246,0.8304158928188863,0.8298468714875881,0.8190583163293688,0.8144310362085327
93281,0.8115660038653798,0.8308812939950986,0.8303120683113288,0.8195196576082047,0.8148907350209956
93282,0.8990975185000423,0.921056647198416,0.9402014957958817,0.9025684472076216,0.9298680950646967
93283,0.8291352232713118,0.8354456164048669,0.8651582316367518,0.830038651476818,0.8456906548211205
93285,0.8719144818312253,0.8871854776923491,0.9105054370003218,0.8724663600462959,0.8941438877830195
93286,0.8726050045821995,0.8878880944849888,0.9112265223042542,0.8731573198636007,0.8948520153689518
93287,0.8719144818312253,0.8871854776923491,0.9105054370003218,0.8724663600462959,0.8941438877830195
93288,0.8719144818312253,0.8871854776923491,0.9105054370003218,0.8724663600462959,0.8941438877830195
93289,0.8551229527823514,0.8694729161019022,0.8941937171614547,0.8563131345170328,0.8778300813499879
93290,0.8551229527823514,0.8694729161019022,0.8941937171614547,0.8563131345170328,0.8778300813499879
93291,0.8551229527823514,0.8694729161019022,0.8941937171614547,0.8563131345170328,0.8778300813499879
93292,0.8313129861271752,0.8354323285190385,0.8617966546559148,0.8341831102956626,0.8408270851360088
93293,0.8317568093396516,0.8358637288635524,0.8621506478679107,0.8346182683453796,0.8412423530547124
93294,0.8317568093396516,0.8358637288635524,0.8621506478679107,0.8346182683453796,0.8412423530547124
93295,0.8719183216122912,0.8871888153590317,0.9105080326575459,0.8724701814508391,0.8941470009676276
93296,0.8296781484767107,0.8359655508979181,0.8655732908825374,0.8305782692981645,0.8461738081173436
93297,0.9906789489283667,1.017551152790855,1.027757091892363,0.9952246883691621,1.0167959306639252
93298,0.9906789489283667,1.017551152790855,1.027757091892363,0.9952246883691621,1.0167959306639252
93299,0.8718606468410887,0.8871386827361296,0.9104690454590496,0.8724127827106325,0.8941002402158528
93300,0.8718606468410887,0.8871386827361296,0.9104690454590496,0.8724127827106325,0.8941002402158528
93301,0.8551353194201176,0.8694905394802109,0.8942201463106234,0.8563259413369919,0.8778507163445339
93302,0.8443954632489764,0.8514006294415922,0.8839124344779926,0.8462118600379368,0.864123233315398
93303,0.8443954632489764,0.8514006294415922,0.8839124344779926,0.8462118600379368,0.864123233315398
93304,0.8446508430724241,0.8516430079820421,0.884096506299613,0.8464638532833854,0.8643424034762466
93305,0.8446508430724241,0.8516430079820421,0.884096506299613,0.8464638532833854,0.8643424034762466
93306,0.8322898647765332,0.83638187373727,0.8625758702066937,0.8351409234793744,0.8417411339824195
93307,0.8322898647765332,0.83638187373727,0.8625758702066937,0.8351409234793744,0.8417411339824195
93308,0.8313129861271752,0.8354323285190385,0.8617966546559148,0.8341831102956626,0.8408270851360088
93309,0.8313074631727887,0.8354269602028862,0.8617922498242461,0.834177695204421,0.8408219176294937
93310,0.8297658312363873,0.8360495222247084,0.8656403300187699,0.8306654181507334,0.84625184145634
93311,0.8813504149384297,0.8934712909218971,0.9182875035399221,0.87715667056233,0.9022965916197567
93312,0.8813451335672918,0.8934665981947354,0.9182839789577212,0.8771511826650855,0.9022923199226074
93313,0.8813504149384297,0.8934712909218971,0.9182875035399221,0.87715667056233,0.9022965916197567
93314,0.8694920936373438,0.880001263540321,0.9085816975602604,0.8635007302655922,0.8912173426365705
93315,0.881336327882386,0.8934587739697625,0.9182781024021246,0.8771420326338363,0.902285197689571
93316,0.881336327882386,0.8934587739697625,0.9182781024021246,0.8771420326338363,0.902285197689571
93317,0.8297525641313744,0.8360368166610496,0.8656301863380989,0.8306522318259124,0.8462400343186441
93318,0.8297525641313744,0.8360368166610496,0.8656301863380989,0.8306522318259124,0.8462400343186441
93320,0.8295714867712963,0.8358634045581647,0.8654917436673956,0.8304722571531107,0.8460788858675153
93321,0.8295714867712963,0.8358634045581647,0.8654917436673956,0.8304722571531107,0.8460788858675153
93322,0.8295714867712963,0.8358634045581647,0.8654917436673956,0.8304722571531107,0.8460788858675153
93323,0.8295714867712963,0.8358634045581647,0.8654917436673956,0.8304722571531107,0.8460788858675153
93324,0.8293649866586212,0.8356656481721383,0.8653338738892802,0.8302670148856072,0.8458951180973238
93325,0.8295714867712963,0.8358634045581647,0.8654917436673956,0.8304722571531107,0.8460788858675153
93326,0.8242362510401835,0.8321056651242005,0.8602865856561532,0.8253900193498405,0.8406829133106569
93327,0.8295714867712963,0.8358634045581647,0.8654917436673956,0.8304722571531107,0.8460788858675153
93328,0.8308143893247513,0.8367907991703906,0.8629114981758595,0.8317165092826124,0.8421347866725717
93329,0.8295179994961714,0.8358121818327338,0.8654508515231588,0.8304190956475468,0.8460312861218968
93330,0.8719144818312253,0.8871854776923491,0.9105054370003218,0.872466360046296,0.8941438877830195
93331,0.8719144818312253,0.8871854776923491,0.9105054370003218,0.872466360046296,0.8941438877830195
93332,0.8550832221862595,0.8694375676862224,0.8941656679198647,0.8562737715671188,0.8777972352252031
93333,0.8550566965283205,0.8694139678529731,0.894146941414438,0.8562474913745833,0.8777753060676969
93334,0.8550942654277772,0.8694473928666027,0.8941734642504452,0.8562847126182982,0.8778063648769109
93335,0.8224815697230483,0.8303340623802842,0.8584544021153486,0.8236328569841048,0.8388928693638701
93336,0.8550898487743633,0.8694434633647969,0.8941703461683705,0.8562803368348874,0.877802713545213
93337,0.9906757829597028,1.017556986872645,1.0277662437145392,0.9952230723377818,1.0168015170759057
93338,0.9906757829597028,1.017556986872645,1.0277662437145392,0.9952230723377818,1.0168015170759057
93340,0.8551119234688301,0.8694631032721158,0.8941859305789059,0.8563022072610668,0.8778209631532485
93341,0.8551119234688301,0.8694631032721158,0.8941859305789059,0.8563022072610668,0.8778209631532485
93342,0.8551119234688301,0.8694631032721158,0.8941859305789059,0.8563022072610668,0.8778209631532485
93343,0.8551119234688301,0.8694631032721158,0.8941859305789059,0.8563022072610668,0.8778209631532485
93344,0.8551119234688301,0.8694631032721158,0.8941859305789059,0.8563022072610668,0.8778209631532485
93345,0.8551119234688301,0.8694631032721158,0.8941859305789059,0.8563022072610668,0.8778209631532485
93346,0.8327105498971377,0.8367907991703906,0.8629114981758595,0.8355534061256294,0.8421347866725717
93347,0.8574056554858099,0.8631336066518696,0.8836543529588353,0.8601510366890267,0.8619600119131379
93348,0.8570296853509681,0.8627745462268517,0.8833545124082216,0.8597831924087764,0.86159750062844
93349,0.8307484476501917,0.8367269213308253,0.862859067854298,0.8316509766568182,0.842073294022032
93350,0.830888770869264,0.8367269213308253,0.862859067854298,0.831791356074294,0.842073294022032
93351,0.8326658815681223,0.8367473791639153,0.8628758593597046,0.8355096085091447,0.8420929879404763
93352,0.8991241484224376,0.9210770986885624,0.9402167421306241,0.9025940853160888,0.9298861303672532
93353,0.855010202221433,0.8693726021671245,0.8941141179567237,0.8562014273416044,0.877736868849457
93354,0.855010202221433,0.8693726021671245,0.8941141179567237,0.8562014273416044,0.877736868849457
93355,0.855010202221433,0.8693726021671245,0.8941141179567237,0.8562014273416044,0.877736868849457
93356,0.8294322023570487,0.8357300175234371,0.8629906653014391,0.8303338211157492,0.8422120476553635
93357,0.8549924651651497,0.8693568216963057,0.8941015963287907,0.8561838544370066,0.8777222055893047
93358,0.8550589081800869,0.8694159355523324,0.8941485027825891,0.8562496825596461,0.8777771344681762
93359,0.8718490917954064,0.887128638805587,0.9104612345472348,0.8724012829697796,0.8940908718539216
93360,0.8558003593839492,0.8701616903785854,0.8949020746264735,0.8569914839502567,0.8785254759599123
93361,0.8553199140912654,0.8696779521340775,0.8944124273836037,0.8565107694986253,0.8780397729023457
93362,0.8208418999847457,0.8279322732566132,0.8551292481199034,0.8237554180720181,0.8340981627792166
93363,0.8228284436645902,0.8299347362574919,0.8571928942274111,0.8257485015706209,0.8361144802103043
93364,0.8296035290394709,0.8358940902959062,0.8655162409912466,0.830504104276438,0.8461074013196531
93366,0.8990975185000423,0.921056647198416,0.9402014957958817,0.9025684472076216,0.9298680950646967
93367,0.8990975185000423,0.921056647198416,0.9402014957958817,0.9025684472076216,0.9298680950646967
93368,0.8990975185000423,0.921056647198416,0.9402014957958817,0.9025684472076216,0.9298680950646967
93371,0.8327105498971377,0.8367907991703906,0.8629114981758595,0.8355534061256294,0.8421347866725717
93372,0.8719336733110535,0.8872021595926688,0.9105184103071471,0.872485459679958,0.8941594477143573
93373,0.8719336733110535,0.8872021595926688,0.9105184103071471,0.872485459679958,0.8941594477143573
93374,0.8550876401260791,0.8694414983287378,0.8941687869022676,0.8562781486246704,0.877800887614887
93375,0.8224175612870668,0.8302702857895319,0.8583913756997843,0.8235688831708918,0.8388293341502531
93376,0.8550876401260791,0.8694414983287378,0.8941687869022676,0.8562781486246704,0.877800887614887
93377,0.9928745475882441,1.0142027175161012,1.0275678356444649,0.9957141992502035,1.0153180273598668
93378,0.9928745475882441,1.0142027175161012,1.0275678356444649,0.9957141992502035,1.0153180273598668
93379,0.8292354720561198,0.8355416187842648,0.8652348650593308,0.8301382893767826,0.8457798639466486
93380,0.8292354720561198,0.8355416187842648,0.8652348650593308,0.8301382893767826,0.8457798639466486
93381,0.8288130855777613,0.8351371279342973,0.8649119959115847,0.8297184773753247,0.8454040010912716
93382,0.8292354720561198,0.8355416187842648,0.8650073791530499,0.8301382893767826,0.8441814444066592
93386,0.8222868291572782,0.8301356099594404,0.8582428332244082,0.8234375708212077,0.8386903960913086
93387,0.8224620567122334,0.8303125100727055,0.8584257229265062,0.8236130435967368,0.8388691192111013
93388,0.8224620567122334,0.8303125100727055,0.8584257229265062,0.8236130435967368,0.8388691192111013
93389,0.8224620567122334,0.8303125100727055,0.8584257229265062,0.8236130435967368,0.8388691192111013
93390,0.8224870956357904,0.8303377879944023,0.8584518567230507,0.8236381175607828,0.8388946576290488
93391,0.8222729053521671,0.8301223950572013,0.8582320770092027,0.8234237515812386,0.8386779425532372
93392,0.8222868291572782,0.8301356099594404,0.8582428332244082,0.8234375708212077,0.8386903960913086
93393,0.8222868291572782,0.8301356099594404,0.8582428332244082,0.8234375708212077,0.8386903960913086
93394,0.8222868291572782,0.8301356099594404,0.8582428332244082,0.8234375708212077,0.8386903960913086
93395,0.8228378090175512,0.8306918489580046,0.8588179056925089,0.8239893217451275,0.8392523672926766
93396,0.8551229527823514,0.8694729161019022,0.8941937171614547,0.8563131345170328,0.8778300813499879
93397,0.8551185416993917,0.8694689915396792,0.8941906029780824,0.8563087642509706,0.8778264345996726
93398,0.8551185416993917,0.8694689915396792,0.8941906029780824,0.8563087642509706,0.8778264345996726
93399,0.8551185416993917,0.8694689915396792,0.8941906029780824,0.8563087642509706,0.8778264345996726
93400,0.8551207473479336,0.8694709539157284,0.8941921601447012,0.8563109494900433,0.8778282580628836
93401,0.8327105498971377,0.8367907991703906,0.8629114981758595,0.8355534061256294,0.8421347866725717
93402,0.8327105498971377,0.8367907991703906,0.8629114981758595,0.8355534061256294,0.8421347866725717
93403,0.8210292154208735,0.8281110285171834,0.8552761557023926,0.8239392027648846,0.8342695622184546
93404,0.8210292154208735,0.8281110285171834,0.8552761557023926,0.8239392027648846,0.8342695622184546
93406,0.8297658312363873,0.8360495222247084,0.8656403300187699,0.8306654181507334,0.84625184145634
93407,0.8291352232713118,0.8354456164048669,0.8651582316367518,0.830038651476818,0.8456906548211205
93408,0.869531218991307,0.8800369121056314,0.9086082003619962,0.8635418662181107,0.891249349041323
93409,0.8695840878371495,0.8800904197138986,0.9086634451488733,0.8635943709020214,0.8913035383831345
93410,0.8695038391969773,0.8800119653397873,0.9085896537442365,0.8635130794249187,0.8912269510337514
93411,0.9928745475882441,1.0142027175161012,1.0275678356444649,0.9957141992502035,1.0153180273598668
93412,0.8820858080959921,0.894218783767544,0.9190596579581626,0.877887868718509,0.9030528716129764
93413,0.8820858080959921,0.894218783767544,0.9190596579581626,0.877887868718509,0.9030528716129764
93414,0.8820858080959921,0.894218783767544,0.9190596579581626,0.877887868718509,0.9030528716129764
93415,0.8296621757699357,0.835950254330662,0.8655610789197626,0.8305623938575434,0.8461595933078617
93416,0.8210631430117264,0.8281434058774431,0.8553027652890097,0.8239724909483989,0.8343006074335481
93420,0.8291352232713118,0.8354456164048669,0.8651582316367518,0.830038651476818,0.8450551687274107
93421,0.8288130855777613,0.8351371279342973,0.8649119959115847,0.8297184773753247,0.8454040010912716
93423,0.8813416118033562,0.893463468956768,0.9182816286733211,0.8771475231830405,0.902289471440121
93424,0.8813504149384297,0.8934712909218971,0.9182875035399221,0.87715667056233,0.9022965916197567
93425,0.8813504149384297,0.8934712909218971,0.9182875035399221,0.87715667056233,0.9022965916197567
93428,0.9928779238542855,1.014196102087569,1.0275551310205497,0.9957162253550468,1.01531089879212
93429,0.9928779238542855,1.014196102087569,1.0275551310205497,0.9957162253550468,1.01531089879212
93430,0.8813416118033562,0.893463468956768,0.9182816286733211,0.8771475231830405,0.902289471440121
93431,0.8813345662353179,0.8934572086726931,0.9182769267531277,0.8771402020970688,0.9022837728321876
93432,0.8312266560435065,0.8375503856330857,0.8673261181301923,0.8321319920451318,0.8478171280133202
93433,0.8208418999847457,0.8279322732566132,0.8551292481199034,0.8237554180720181,0.8340981627792166
93434,0.8207535002711238,0.8278479141071381,0.8550599209495326,0.8236686849460443,0.8340172756487304
93435,0.8231235962741629,0.8302216270190551,0.8574491426877642,0.8260402452028464,0.8363942800372574
93436,0.8551229527823514,0.8694729161019022,0.8941937171614547,0.8563131345170328,0.8778300813499879
93437,0.8345496169223506,0.841441893883631,0.8709311291699211,0.8324599208955213,0.8502693121558843
93438,0.8345496169223506,0.841441893883631,0.8709311291699211,0.8324599208955213,0.8502693121558843
93439,0.8345496169223506,0.841441893883631,0.8709311291699211,0.8324599208955213,0.8502693121558843
93440,0.8345496169223506,0.841441893883631,0.8709311291699211,0.8324599208955213,0.8502693121558843
93441,0.8813292802736696,0.8934525118770972,0.918273399130206,0.8771347094254501,0.9022794974382699
93442,0.8813292802736696,0.8934525118770972,0.918273399130206,0.8771347094254501,0.9022794974382699
93443,0.8722011348141517,0.8874700402577161,0.9107871164445519,0.8727529346043008,0.8944275516655813
93444,0.8222394604002796,0.8300906529433438,0.8582062407952888,0.8233905578031187,0.8386480292858812
93445,0.8222394604002796,0.8300906529433438,0.8582062407952888,0.8233905578031187,0.8386480292858812
93446,0.8557125816338682,0.8615167446978732,0.8823043418692309,0.8584945868356242,0.8603275975207236
93447,0.8660891345436169,0.8719151761564858,0.8927845233474444,0.8688815737314043,0.8707215122179077
93448,0.8754956717734264,0.8830721155429015,0.8954719042881673,0.8783809055075538,0.8745297753003796
93449,0.8754956717734264,0.8830721155429015,0.8954719042881673,0.8783809055075538,0.8745297753003796
93450,0.8754956717734264,0.8830721155429015,0.8954719042881673,0.8783809055075538,0.8745297753003796
93451,0.8966411731079281,0.9068883728371038,0.9139550550803034,0.9012205745613437,0.8952266517724471
93452,0.8345470559599023,0.8414394546689558,0.8709291944644435,0.8324573227227484,0.8502670267111674
93453,0.8719547625097702,0.8872204911178112,0.910532666574863,0.8725064479530723,0.8941765463473949
93454,0.8719547625097702,0.8872204911178112,0.910532666574863,0.8725064479530723,0.8941765463473949
93455,0.8719547625097702,0.8872204911178112,0.910532666574863,0.8725064479530723,0.8941765463473949
93456,0.8719451792920355,0.8872121610163165,0.9105261883185141,0.8724969105969587,0.8941687764860585
93457,0.83472482433851,0.8416186912098852,0.8711147126682122,0.8326346459634977,0.8504481436291921
93458,0.8719221606506751,0.8871921523822918,0.9105106278167535,0.8724740021163457,0.8941501135529601
93459,0.8719087207668107,0.8871804699856607,0.9105015425805163,0.8724606265535021,0.8941392168822366
93460,0.8445116390246655,0.848686457649248,0.8754072662664376,0.8474204093543847,0.8541539597504534
93461,0.8313074631727887,0.8354269602028862,0.8617922498242461,0.834177695204421,0.8408219176294937
93462,0.8303757046753989,0.8345213069466524,0.8610492226503117,0.833264145732946,0.8399501623819923
93463,0.8221164922717146,0.8299739463589478,0.8581112503061842,0.8232685132765082,0.8385380475030869
93464,0.8221164922717146,0.8299739463589478,0.8581112503061842,0.8232685132765082,0.8385380475030869
93465,0.8221164922717146,0.8299739463589478,0.8581112503061842,0.8232685132765082,0.8385380475030869
93466,0.864531725838935,0.8747792441864745,0.8830803355508003,0.8688770355222663,0.864042188810804
93467,0.8565646088159214,0.8713747817568045,0.8731599542362813,0.863088211410308,0.8559369766381033
93468,0.8686705133397683,0.8789520029163093,0.8872807814358405,0.8730301996187229,0.8681793593087572
93469,0.8686705133397683,0.8789520029163093,0.8872807814358405,0.8730301996187229,0.8681793593087572
93470,0.8686705133397683,0.8789520029163093,0.8872807814358405,0.8730301996187229,0.8681793593087572
93471,0.8378191768243941,0.8524583497226589,0.856255984427921,0.8431978400221082,0.8382969394413184
93472,0.8550566965283205,0.8694139678529731,0.894146941414438,0.8562474913745833,0.8777753060676969
93473,0.8225178070701203,0.8303730074021705,0.8585028191246856,0.8236694930828891,0.8389347338841672
93474,0.8224899600936166,0.8303450633058127,0.8584745111985934,0.823641631993589,0.8389066816648674
93475,0.8765348971251984,0.8840418664373704,0.8963298378876221,0.879393569307466,0.8755779216629117
93476,0.8337803505846512,0.8379429503520197,0.8645796338811017,0.8366806346175831,0.8433940647845168
93477,0.8754956717734264,0.8830721155429015,0.8954719042881673,0.8783809055075538,0.8745297753003796
93478,0.8345137406946029,0.8414077232441515,0.8709040262532618,0.8324235233802187,0.8502372957035749
93479,0.8222784756920879,0.8301276817927249,0.8582363801214191,0.823429280088711,0.8386829246968648
93480,0.8695136219543345,0.880020878770906,0.9085962803979418,0.8635233649068592,0.8912349537902037
93481,0.8695018820773351,0.8800101821370834,0.9085883280317757,0.8635110217303471,0.8912253500198524
93482,0.8695136219543345,0.880020878770906,0.9085962803979418,0.8635233649068592,0.8912349537902037
93483,0.8557125816338682,0.8615167446978732,0.8823043418692309,0.8584945868356242,0.8603275975207236
93484,0.8572385653831528,0.8629740306300778,0.8835210929880359,0.85998755741735,0.8617989024419419
93485,0.8294885369509563,0.8357839667456555,0.8654283270900306,0.8303898125573854,0.8460050667880823
93486,0.8294885369509563,0.8357839667456555,0.8654283270900306,0.8303898125573854,0.8460050667880823
93487,0.8209891648655404,0.8280741710441097,0.8552512031452754,0.8239004688940371,0.8342354508395633
93488,0.820676288372525,0.8277742318018915,0.8549993692948248,0.8235929288833956,0.8339466262547319
93489,0.8813380893594049,0.8934603391161227,0.9182792779384825,0.8771438629937436,0.9022866224100129
93490,0.881336327882386,0.8934587739697625,0.9182781024021246,0.8771420326338363,0.902285197689571
93491,0.8813345662353179,0.8934572086726931,0.9182769267531277,0.8771402020970688,0.9022837728321876
93492,0.881285171016493,0.8934133191130329,0.9182439628101112,0.8770888751987953,0.9022438211786256
93493,0.881285171016493,0.8934133191130329,0.9182439628101112,0.8770888751987953,0.9022438211786256
93494,0.8061924608288722,0.8168712934317899,0.8223500264290998,0.8086704456310743,0.8039258437870287
93495,0.8754956717734264,0.8830721155429015,0.8954719042881673,0.8783809055075538,0.8745297753003796
93496,0.8719144818312253,0.8871854776923491,0.9105054370003218,0.8724663600462959,0.8941438877830195
93497,0.8719144818312253,0.8871854776923491,0.9105054370003218,0.8724663600462959,0.8941438877830195
93498,0.8719144818312253,0.8871854776923491,0.9105054370003218,0.8724663600462959,0.8941438877830195
93499,0.8719048791284651,0.8871771307099269,0.9104989456778733,0.8724568033007959,0.8941361021989814
93500,0.8719048791284651,0.8871771307099269,0.9104989456778733,0.8724568033007959,0.8941361021989814
93501,0.8719048791284651,0.8871771307099269,0.9104989456778733,0.8724568033007959,0.8941361021989814
93502,0.8345265592603013,0.8414199323943249,0.8709137100805325,0.8324365282048763,0.8502487351530261
93503,0.8313074631727887,0.8354269602028862,0.8617922498242461,0.834177695204421,0.8408219176294937
93504,0.8288130855777613,0.8351371279342973,0.8649119959115847,0.8297184773753247,0.8454040010912716
93505,0.8296621757699357,0.835950254330662,0.8655610789197626,0.8305623938575434,0.8461595933078617
93506,0.8694920936373438,0.880001263540321,0.9085816975602604,0.8635007302655922,0.8912173426365705
93507,0.8695420181727218,0.8800494206751679,0.9086252339885358,0.8635516794914408,0.8912636546055175
93508,0.8695018820773351,0.8800101821370834,0.9085883280317757,0.8635110217303471,0.8912253500198524
93509,0.820964076081018,0.8280488657473593,0.8552250673397538,0.8238752911423486,0.8342099572589379
93510,0.8222589747299689,0.830109173698365,0.8582213155751259,0.8234099255774611,0.838665482943897
93511,0.8222589747299689,0.830109173698365,0.8582213155751259,0.8234099255774611,0.838665482943897
93512,0.8813345662353179,0.8934572086726931,0.9182769267531277,0.8771402020970688,0.9022837728321876
93513,0.8813345662353179,0.8934572086726931,0.9182769267531277,0.8771402020970688,0.9022837728321876
93514,0.8813416118033562,0.893463468956768,0.9182816286733211,0.8771475231830405,0.902289471440121
93515,0.8551008888002962,0.8694532856937806,0.8941781402484235,0.8562912747011389,0.8778118405523032
93516,0.8222784756920879,0.8301276817927249,0.8582363801214191,0.823429280088711,0.8386829246968648
93517,0.8222784756920879,0.8301276817927249,0.8582363801214191,0.823429280088711,0.8386829246968648
93518,0.8222840449414739,0.83013296749538,0.8582406823987649,0.8234348075141708,0.8386879058692644
93519,0.8222589747299689,0.830109173698365,0.8582213155751259,0.8234099255774611,0.838665482943897
93520,0.8208418999847457,0.8279322732566132,0.8551292481199034,0.8237554180720181,0.8340981627792166
93522,0.9188777106011983,0.9350351570148056,0.9563077269314547,0.9182795233854492,0.9444004796728562
93523,0.881336327882386,0.8934587739697625,0.9182781024021246,0.8771420326338363,0.902285197689571
93524,0.8695253550155123,0.8800315692089747,0.908604228184937,0.8635357009075209,0.8912445520110482
93525,0.8736465526469597,0.8860377632199801,0.9081738891132858,0.8700958023719052,0.8932525342309678
93526,0.9188695530611537,0.935028711951135,0.9563034679035113,0.9182713015575718,0.9443950064450455
93527,0.9188777106011983,0.9350351570148056,0.9563077269314547,0.9182795233854492,0.9444004796728562
93528,0.881336327882386,0.8934587739697625,0.9182781024021246,0.8771420326338363,0.902285197689571
93529,0.8719566785971786,0.8872221566562933,0.9105339618531949,0.8725083548708858,0.894178099870902
93530,0.8218463535542543,0.8297175667933387,0.8579025863677583,0.8230004041159589,0.8382964445500236
93531,0.8221836314386822,0.8300376666660871,0.8581631135499773,0.8233351481474255,0.8385980960254114
93532,0.8719202412243103,0.8871904839510828,0.9105093302993965,0.872472091875964,0.8941485573351969
93533,0.820676288372525,0.8277742318018915,0.8549993692948248,0.8235929288833956,0.8339466262547319
93534,0.8209044728843601,0.8279919863770536,0.8551783218160665,0.8238168114193886,0.8341554184920771
93535,0.8209612406092869,0.8280461598497565,0.8552228435203783,0.823872509114898,0.8342073627057535
93536,0.8813504149384297,0.8934712909218971,0.9182875035399221,0.87715667056233,0.9022965916197567
93537,0.8813433727703182,0.8934650336510797,0.9182828038718208,0.8771493530124616,0.9022908957498107
93538,0.9928787902310816,1.014194404505257,1.027551870880427,0.9957167452701562,1.0153090695327993
93539,0.8207535002711238,0.8278479141071381,0.8550599209495326,0.8236686849460443,0.8340172756487304
93540,0.8222283033497024,0.8300800639672958,0.8581976220382759,0.8233794845453904,0.838638050419005
93541,0.8222283033497024,0.8300800639672958,0.8581976220382759,0.8233794845453904,0.838638050419005
93542,0.8222283033497024,0.8300800639672958,0.8581976220382759,0.8233794845453904,0.838638050419005
93543,0.8550898487743633,0.8694434633647969,0.8941703461683705,0.8562803368348874,0.877802713545213
93544,0.8294778154523889,0.8357736992127464,0.8654201304419631,0.8303791563648404,0.8459955255322255
93545,0.829504611351885,0.8357993605426701,0.8654406161161595,0.8304057890489281,0.8460193717181984
93546,0.829504611351885,0.8357993605426701,0.8654406161161595,0.8304057890489281,0.8460193717181984
93547,0.829504611351885,0.8357993605426701,0.8654406161161595,0.8304057890489281,0.8460193717181984
93549,0.8719164018146018,0.8871871466061254,0.9105067348911912,0.8724682708409552,0.8941454444502396
93550,0.8719164018146018,0.8871871466061254,0.9105067348911912,0.8724682708409552,0.8941454444502396
93551,0.8694920936373438,0.880001263540321,0.9085816975602604,0.8635007302655922,0.8912173426365705
93552,0.8345214325845666,0.8414150494478726,0.8709098371116973,0.832431327036873,0.8502441600404246
93553,0.88133985066639,0.8934619041117866,0.9182804533622114,0.8771456931768065,0.9022880469935256
93554,0.88133985066639,0.8934619041117866,0.9182804533622114,0.8771456931768065,0.9022880469935256
93555,0.88133985066639,0.8934619041117866,0.9182804533622114,0.8771456931768065,0.9022880469935256
93556,0.8346157493928025,0.8415077153826233,0.8709957185085546,0.8325261494327745,0.8503347483321793
93557,0.8719183216122912,0.8871888153590317,0.9105080326575459,0.8724701814508391,0.8941470009676276
93558,0.8719183216122912,0.8871888153590317,0.9105080326575459,0.8724701814508391,0.8941470009676276
93559,0.8719183216122912,0.8871888153590317,0.9105080326575459,0.8724701814508391,0.8941470009676276
93560,0.8345368096104069,0.841429695433533,0.8709214537705079,0.8324469274942722,0.8502578827102304
93561,0.8345188688714494,0.8414126076178592,0.8709079003462599,0.8324287260719643,0.8502418721505542
93562,0.8222589747299689,0.830109173698365,0.8582213155751259,0.8234099255774611,0.838665482943897
93563,0.8222561877872057,0.8301065286515488,0.8582191626618415,0.8234071595647777,0.8386629902932358
93564,0.8222561877872057,0.8301065286515488,0.8582191626618415,0.8234071595647777,0.8386629902932358
93565,0.881336327882386,0.8934587739697625,0.9182781024021246,0.8771420326338363,0.902285197689571
93566,0.881336327882386,0.8934587739697625,0.9182781024021246,0.8771420326338363,0.902285197689571
93567,0.881336327882386,0.8934587739697625,0.9182781024021246,0.8771420326338363,0.902285197689571
93568,0.881336327882386,0.8934587739697625,0.9182781024021246,0.8771420326338363,0.902285197689571
93569,0.8557125816338682,0.8615167446978732,0.8823043418692309,0.8584945868356242,0.8603275975207236
93570,0.829186747549955,0.8354949581115928,0.8651976181570631,0.8300898617717735,0.84573650493917
93572,0.8616608810176271,0.8690909077278025,0.8954719042881673,0.8647139498536272,0.8745297753003796
93573,0.812958435719314,0.8165351306670313,0.8452148924960189,0.8142450170724843,0.8232411813089405
93574,0.8207535002711238,0.8278479141071381,0.8550599209495326,0.8236686849460443,0.8340172756487304
93575,0.8224746811619187,0.8295668086845921,0.856771709856178,0.8253889039992013,0.8357343307552755
93577,0.8135139586839628,0.8170915091297397,0.8457784350382893,0.8148008467720819,0.8237991869289436
93578,0.8208732032645528,0.8279621458469966,0.8551537980515771,0.8237861312453865,0.8341268059812118
93579,0.8210687937377044,0.828148798415598,0.8553071972092868,0.8239780351824503,0.8343057781049578
93580,0.8091729862240084,0.8141542203724632,0.8446764665992872,0.8093376123486453,0.8226083344111942
93582,0.8028368470463253,0.8179604556734392,0.819951961723988,0.8070943055318183,0.8026080157008555
93583,0.8044330260103747,0.8150885531238274,0.8205553293315803,0.8069056028573396,0.8021713556346654
93584,0.8076358447230775,0.8228498554822469,0.8248532658604867,0.8119187523810343,0.8074056455267183
93585,0.8044330260103747,0.8150885531238274,0.8205553293315803,0.8069056028573396,0.8021713556346654
93586,0.8044330260103747,0.8150885531238274,0.8205553293315803,0.8069056028573396,0.8021713556346654
93587,0.9188695530611537,0.935028711951135,0.9563034679035113,0.9182713015575718,0.9443950064450455
93588,0.9188660552973811,0.9350259484613905,0.9563016417369851,0.9182677762284779,0.9443926596572031
93589,0.9188695530611537,0.935028711951135,0.9563034679035113,0.9182713015575718,0.9443950064450455
93590,0.8599348811564098,0.8716079411572472,0.8989191335778507,0.8546510000414197,0.8825578002269646
93591,0.8694920936373438,0.880001263540321,0.9085816975602604,0.8635007302655922,0.8912173426365705
93592,0.8345393715727815,0.8414321355989399,0.8709233892248293,0.8324495266820452,0.8502601690438151
93593,0.8345393715727815,0.8414321355989399,0.8709233892248293,0.8324495266820452,0.8502601690438151
93594,0.8345393715727815,0.8414321355989399,0.8709233892248293,0.8324495266820452,0.8502601690438151
93595,0.8695782288571758,0.8800850819094164,0.9086594783232093,0.8635882105320617,0.8912987465472452
93596,0.9189591923490253,0.9351186017111177,0.9563937364171478,0.9183609322066152,0.9444850562191995
93597,0.8209612406092869,0.8280461598497565,0.8552228435203783,0.823872509114898,0.8342073627057535
93598,0.8209612406092869,0.8280461598497565,0.8552228435203783,0.823872509114898,0.8342073627057535
93599,0.8222171419298402,0.8300694708530412,0.8581889999364268,0.8233684069525299,0.8386280676609182
93600,0.8222171419298402,0.8300694708530412,0.8581889999364268,0.8233684069525299,0.8386280676609182
93601,0.826159742265058,0.8314783066394675,0.8630343170288102,0.8226755892373188,0.8415087005373941
93602,0.826159742265058,0.8314783066394675,0.8630343170288102,0.8226755892373188,0.8415087005373941
93603,0.8262602936149565,0.8315795053082803,0.8631393563585505,0.8227757165332815,0.8416111199987424
93604,0.826159742265058,0.8314783066394675,0.8630343170288102,0.8226755892373188,0.8415087005373941
93605,0.8294778154523889,0.8357736992127464,0.8654201304419631,0.8303791563648404,0.8459955255322255
93606,0.8379263476937728,0.8451644531547604,0.8729280780013229,0.8409005708878187,0.8514588113210494
93607,0.8208390525618109,0.8279295559757349,0.855127015009524,0.8237526243279063,0.8340955573288629
93608,0.8598041088891656,0.871475393741029,0.898782432886039,0.8545210313060805,0.8824235876405947
93609,0.9188660552973811,0.9350259484613905,0.9563016417369851,0.9182677762284779,0.9443926596572031
93610,0.9188660552973811,0.9350259484613905,0.9563016417369851,0.9182677762284779,0.9443926596572031
93611,0.9188660552973811,0.9350259484613905,0.9563016417369851,0.9182677762284779,0.9443926596572031
93612,0.9188660552973811,0.9350259484613905,0.9563016417369851,0.9182677762284779,0.9443926596572031
93613,0.8207277856118512,0.8278233749025362,0.8550397546633074,0.823643455120864,0.8339937464932327
93614,0.8207277856118512,0.8278233749025362,0.8550397546633074,0.823643455120864,0.8339937464932327
93615,0.8222589747299689,0.830109173698365,0.8582213155751259,0.8234099255774611,0.838665482943897
93616,0.8222589747299689,0.830109173698365,0.8582213155751259,0.8234099255774611,0.838665482943897
93617,0.8209810830870503,0.8280650955853436,0.8552384057278845,0.8238919775969771,0.834225519267272
93618,0.808317333559574,0.8133056492644972,0.8438692993850762,0.8084821952297994,0.8217715692405034
93619,0.856638398947765,0.8624008669899035,0.8830424885640713,0.8594003671327667,0.8612202282721991
93620,0.856638398947765,0.8624008669899035,0.8830424885640713,0.8594003671327667,0.8612202282721991
93621,0.8336559925847732,0.8408553254920249,0.8684704111331185,0.836614281218794,0.8471159828538425
93623,0.8221248932937868,0.8299819195672156,0.8581177398149152,0.82327685119413,0.8385455612505076
93624,0.8241860865946489,0.832062811638972,0.8602691727067854,0.8253409326302699,0.8406479236864539
93625,0.821040529044859,0.8281218251873493,0.8552850290065496,0.823950303166247,0.8342799146602318
93626,0.8695097094194949,0.8800173139148779,0.908593630118135,0.8635192513121953,0.8912317531501766
93627,0.8695097094194949,0.8800173139148779,0.908593630118135,0.8635192513121953,0.8912317531501766
93628,0.8125468072093008,0.8161201044604616,0.8447729257265525,0.8138321653719665,0.8228198077923489
93629,0.8088480282743832,0.8138246969992045,0.8443193808210574,0.8090125032032032,0.8222711067369483
93631,0.8754956717734264,0.8830721155429015,0.8954719042881673,0.8783809055075538,0.8745297753003796
93632,0.8552588789229283,0.870202774870482,0.8740794595900799,0.8607495021789118,0.8557465864515275
93633,0.8754956717734264,0.8830721155429015,0.8954719042881673,0.8783809055075538,0.8745297753003796
93634,0.8872656451106986,0.8924227612116894,0.9124448936767027,0.8895444376000085,0.8903336955476401
93635,0.8345214325845666,0.8414150494478726,0.8709098371116973,0.832431327036873,0.8502441600404246
93636,0.859810469632176,0.8714811658313415,0.8987868730516138,0.8545276624687979,0.8824288182409165
93637,0.859810469632176,0.8714811658313415,0.8987868730516138,0.8545276624687979,0.8824288182409165
93638,0.859810469632176,0.8714811658313415,0.8987868730516138,0.8545276624687979,0.8824288182409165
93639,0.859810469632176,0.8714811658313415,0.8987868730516138,0.8545276624687979,0.8824288182409165
93640,0.870224258530705,0.8807404980066659,0.9093402977675227,0.8642288775611647,0.8919641530879768
93641,0.8695097094194949,0.8800173139148779,0.908593630118135,0.8635192513121953,0.8912317531501766
93642,0.8695136219543347,0.8800208787709061,0.9085962803979419,0.8635233649068593,0.8912349537902037
93643,0.8695136219543347,0.8800208787709061,0.9085962803979419,0.8635233649068593,0.8912349537902037
93644,0.8695136219543347,0.8800208787709061,0.9085962803979419,0.8635233649068593,0.8912349537902037
93645,0.8695136219543347,0.8800208787709061,0.9085962803979419,0.8635233649068593,0.8912349537902037
93646,0.8695136219543347,0.8800208787709061,0.9085962803979419,0.8635233649068593,0.8912349537902037
93647,0.8695136219543347,0.8800208787709061,0.9085962803979419,0.8635233649068593,0.8912349537902037
93648,0.8695136219543347,0.8800208787709061,0.9085962803979419,0.8635233649068593,0.8912349537902037
93649,0.8695136219543347,0.8800208787709061,0.9085962803979419,0.8635233649068593,0.8912349537902037
93650,0.859845093123759,0.8715153595847789,0.8988201217763737,0.8545624857651918,0.8824626231321185
93651,0.859845093123759,0.8715153595847789,0.8988201217763737,0.8545624857651918,0.8824626231321185
93652,0.859845093123759,0.8715153595847789,0.8988201217763737,0.8545624857651918,0.8824626231321185
93653,0.859845093123759,0.8715153595847789,0.8988201217763737,0.8545624857651918,0.8824626231321185
93654,0.8261624534224279,0.8314809222928575,0.863036384259789,0.822678363457262,0.8415111385364733
93655,0.859810469632176,0.8714811658313415,0.8987868730516138,0.8545276624687979,0.8824288182409165
93656,0.8598041088891656,0.871475393741029,0.898782432886039,0.8545210313060805,0.8824235876405947
93657,0.8598083495901706,0.871479241987372,0.8987853931387756,0.8545254522959006,0.8824270748757448
93658,0.8597892599552792,0.8714619190138445,0.8987720675160188,0.8545055510774219,0.882411377015541
93659,0.8597828930394767,0.8714561413369233,0.8987676230779079,0.8544989134714654,0.88240614136485
93660,0.8222589747299689,0.830109173698365,0.8582213155751259,0.8234099255774611,0.838665482943897
93661,0.8222589747299689,0.830109173698365,0.8582213155751259,0.8234099255774611,0.838665482943897
93662,0.8222534005716102,0.8301038833463282,0.8582170095396905,0.8227202356967435,0.8386604973995927
93663,0.8087703912258968,0.8137449130764817,0.8442267099305852,0.8089347949992849,0.8221877078315842
93664,0.8207535002711238,0.8278479141071381,0.8550599209495326,0.8236686849460443,0.8340172756487304
93665,0.8092150032322447,0.8141940413133817,0.8447032255341895,0.809379556479953,0.8226444704099661
93666,0.8124872800285314,0.8160619020779247,0.8447250423523502,0.8137731157345695,0.8227640661817481
93667,0.8211477878724949,0.8282241834315819,0.8553691538795768,0.8240555407060381,0.8343780617035602
93668,0.821040529044859,0.8281218251873493,0.8552850290065496,0.823950303166247,0.8342799146602318
93669,0.827992384836261,0.8351277649974788,0.8624989996881031,0.8309243749587671,0.8413329383190911
93670,0.8210885625709815,0.8281676640050822,0.8553227021600652,0.823997431464785,0.8343238675148529
93672,0.808721728878812,0.8136977318805444,0.8441883185740446,0.8088861818195604,0.82214300983691
93673,0.808721728878812,0.8136977318805444,0.8441883185740446,0.8088861818195604,0.82214300983691
93676,0.808721728878812,0.8136977318805444,0.8441883185740446,0.8088861818195604,0.82214300983691
93677,0.80970890889719,0.8146909859421431,0.84521879149209,0.8098735625802349,0.823146572771574
93678,0.8345265592603013,0.8414199323943249,0.8709137100805325,0.8324365282048763,0.8502487351530261
93679,0.8345188688714494,0.8414126076178592,0.8709079003462599,0.8324287260719643,0.8502418721505542
93681,0.8222534005716102,0.8301038833463282,0.8582170095396905,0.8234043932813945,0.8386604973995927
93684,0.8260292944105115,0.8313524543970796,0.8629348539807647,0.8225421068181336,0.8413913968538597
93685,0.8260292944105115,0.8313524543970796,0.8629348539807647,0.8225421068181336,0.8413913968538597
93686,0.8258598906620049,0.8311890198856731,0.862805694424642,0.8223687614186073,0.8412390657857004
93687,0.8260292944105115,0.8313524543970796,0.8629348539807647,0.8225421068181336,0.8413913968538597
93688,0.8260292944105115,0.8313524543970796,0.8629348539807647,0.8225421068181336,0.8413913968538597
93689,0.8695038391969773,0.8800119653397873,0.9085896537442365,0.8635130794249187,0.8912269510337514
93690,0.8695038391969773,0.8800119653397873,0.9085896537442365,0.8635130794249187,0.8912269510337514
93691,0.8598125894685411,0.8714830894891981,0.8987883528221151,0.8545298724270458,0.8824305614378393
93692,0.8598125894685411,0.8714830894891981,0.8987883528221151,0.8545298724270458,0.8824305614378393
93693,0.8695136219543345,0.880020878770906,0.9085962803979418,0.8635233649068592,0.8912349537902037
93694,0.8598041088891656,0.871475393741029,0.898782432886039,0.8545210313060805,0.8824235876405947
93695,0.8598041088891656,0.871475393741029,0.898782432886039,0.8545210313060805,0.8824235876405947
93696,0.8598041088891656,0.871475393741029,0.898782432886039,0.8545210313060805,0.8824235876405947
93697,0.859768029695972,0.8714426535685291,0.8987572477342695,0.8544834182018436,0.8823939189503968
93698,0.8597892599552791,0.8714619190138445,0.8987720675160188,0.8545055510774219,0.882411377015541
93699,0.8086485918008276,0.8136268210929847,0.8441306193431748,0.8088131186443407,0.822075831470666
93700,0.8086302805767102,0.8136090672984833,0.8441161734699446,0.8087948259244063,0.8220590122123123
93701,0.8345265592603013,0.8414199323943249,0.8709137100805325,0.8324365282048763,0.8502487351530261
93702,0.8086668922372131,0.8136445644427638,0.8441450567857033,0.8088314005879464,0.8220926408569658
93703,0.8086485918008276,0.8136268210929847,0.8441306193431748,0.8088131186443407,0.822075831470666
93704,0.8086546931446358,0.8136327367031552,0.84413543276054,0.8088192138226222,0.822081435696064
93705,0.8369939738770675,0.8442164709779734,0.871920958791906,0.8399617735617942,0.8504973214008309
93706,0.8207535002711238,0.8278479141071381,0.8550599209495326,0.8236686849460443,0.8340172756487304
93707,0.8210885625709815,0.8281676640050822,0.8553227021600652,0.823997431464785,0.8343238675148529
93708,0.8081906557154038,0.8131828298736138,0.8437693738478602,0.808355645471641,0.8216552182348568
93709,0.808317333559574,0.8133056492644972,0.8438692993850762,0.8084821952297994,0.8217715692405034
93710,0.8345368096104069,0.841429695433533,0.8709214537705079,0.8324469274942722,0.8502578827102304
93711,0.8345649774494094,0.8414565241822161,0.8709427334728087,0.8324755046054236,0.8502830201593777
93712,0.8695155779377534,0.8800226609407557,0.9085976053470408,0.8635254214051885,0.8912365538789808
93713,0.8598083495901706,0.871479241987372,0.8987853931387756,0.8545254522959006,0.8824270748757448
93714,0.8258598906620049,0.8311890198856731,0.862805694424642,0.8223687614186073,0.8412390657857004
93715,0.8080572499739682,0.813053488266882,0.843664145375454,0.8082223746449595,0.8215326896974695
93716,0.8124186792143061,0.8159948281391792,0.8446698611762926,0.8137050653063513,0.8226998283475006
93717,0.8124186792143061,0.8159948281391792,0.8446698611762926,0.8137050653063513,0.8226998283475006
93718,0.8124186792143061,0.8159948281391792,0.8446698611762926,0.8137050653063513,0.8226998283475006
93719,0.8122930081112947,0.8158719545376419,0.8445687764929106,0.813580402608642,0.8225821509279804
93720,0.8124485246755444,0.8160240092996989,0.8446938681619182,0.8137346713099534,0.8227277756010505
93721,0.8125229083987444,0.8160987203763872,0.8447712041074824,0.813809172786306,0.8228031004410502
93722,0.8124365900042828,0.816012340267113,0.8446842681696801,0.8137228323923069,0.8227165999801421
93723,0.8124007578795525,0.8159773057114328,0.8446554457729024,0.8136872877639831,0.8226830468686169
93724,0.80812557435795,0.8131197310878306,0.8437180381067249,0.808290629928369,0.8215954430256652
93725,0.80812557435795,0.8131197310878306,0.8437180381067249,0.808290629928369,0.8215954430256652
93726,0.80812557435795,0.8131197310878306,0.8437180381067249,0.808290629928369,0.8215954430256652
93727,0.8127418472091907,0.8273658201462892,0.8307053515354526,0.8185353412221147,0.8117994402789828
93728,0.8029646972982203,0.8187644881630683,0.8211089126237416,0.8084195150763512,0.8022083483776254
93729,0.8486657347025837,0.86345239291877,0.8652345627835384,0.8551792892317129,0.8480390431671871
93731,0.8344166149045099,0.8380877173369234,0.867524486463302,0.8357371557960768,0.8449707753508906
93732,0.812675301719658,0.8182564248596997,0.8465560050868196,0.8138989709252517,0.8248293099385302
93733,0.8085722237978301,0.8135527779786383,0.8440703725344779,0.8087368278174177,0.8220056860388193
93734,0.8123828259943136,0.8159597729783121,0.844641021955049,0.8136694997595468,0.8226662555381968
93735,0.8123079961154068,0.8158866088747978,0.8445808320430641,0.8135952703368626,0.8225961855035941
93736,0.808162780118641,0.8131558034277627,0.8437473856391253,0.8083277980635787,0.8216296153064974
93737,0.859761656601861,0.8714368703000379,0.8987527990198796,0.8544767741468732,0.8823886782448762
93738,0.8597744009360111,0.8714484351590286,0.8987616951653827,0.8544900603215033,0.8823991581390002
93739,0.8656829039926547,0.8706958191492806,0.8901594236620046,0.8678979603901577,0.8686651498761799
93740,0.8655623438280622,0.8705802615268324,0.8900628868264912,0.8677796160359803,0.8685475709986527
93741,0.8085722237978301,0.8135527779786383,0.8440703725344779,0.8087368278174177,0.8220056860388193
93742,0.8086709715985141,0.8136521340351555,0.8441734555868722,0.8088355957205545,0.8221060744163285
93743,0.8080572499739682,0.813053488266882,0.843664145375454,0.8082223746449595,0.8215326896974695
93744,0.8124843006020851,0.8160589889626302,0.8447226457370942,0.8137701602109897,0.8227612762369587
93745,0.8123828259943136,0.8159597729783121,0.844641021955049,0.8136694997595468,0.8226662555381968
93746,0.8089759849342859,0.8261023127348218,0.8272248993082223,0.8163828548769079,0.8099491779529258
93747,0.8081906557154038,0.8131828298736138,0.8437693738478602,0.808355645471641,0.8216552182348568
93748,0.8081906557154038,0.8131828298736138,0.8437693738478602,0.808355645471641,0.8216552182348568
93749,0.8081906557154038,0.8131828298736138,0.8437693738478602,0.808355645471641,0.8216552182348568
93751,0.8261136119969333,0.8314338014233985,0.8629991434313601,0.8226283859227391,0.8414672181937449
93752,0.8207535002711238,0.8278479141071381,0.8550599209495326,0.8236686849460443,0.8340172756487304
93753,0.8261136119969333,0.8314338014233985,0.8629991434313601,0.8226283859227391,0.8414672181937449
93754,0.8131442820516657,0.8187091339746411,0.8469286767562809,0.8143643696148943,0.825263066284831
93755,0.8131442820516657,0.8187091339746411,0.8469286767562809,0.8143643696148943,0.825263066284831
93756,0.8129527465151777,0.8185242424389211,0.8467764683344057,0.8141742965554509,0.8250859138405024
93757,0.8101876168398694,0.8151759921774717,0.8457418518038382,0.8103524790844752,0.8236422107901122
93758,0.812970754046054,0.8185416252465212,0.846790778099409,0.8141921665717246,0.8251025689634948
93759,0.8086485918008276,0.8136268210929847,0.8441306193431748,0.8088131186443407,0.822075831470666
93760,0.812009825090685,0.8154787380829781,0.8436649167731638,0.8131446578204078,0.8220719665499691
93761,0.8120158499019782,0.8154846330455118,0.8436697863279576,0.8131506400618301,0.8220776169653774
93762,0.8154962688072279,0.8190869243772811,0.8478780937334682,0.8167878737269105,0.8258191094129665
93763,0.8655623438280622,0.8705802615268324,0.8900628868264912,0.8677796160359803,0.8685475709986527
93764,0.865286526887822,0.870315892224318,0.8898420415314714,0.8675088697108972,0.8682785763619865
93765,0.8260238457846566,0.8313471977414705,0.8629306996395871,0.8225365314300676,0.8413864972890116
93766,0.8261136119969333,0.8314338014233985,0.8629991434313601,0.8226283859227391,0.8414672181937449
93767,0.8265161797671129,0.831838961738675,0.8634196856374111,0.8230292553312539,0.8418772678246771
93768,0.826108179862568,0.8314285606560861,0.8629950015500166,0.8226228274254977,0.8414623334000997
93769,0.8087703912258968,0.8137449130764817,0.8442267099305852,0.8089347949992849,0.8221877078315842
93770,0.8087703912258968,0.8137449130764817,0.8442267099305852,0.8089347949992849,0.8221877078315842
93771,0.8087703912258968,0.8137449130764817,0.8442267099305852,0.8089347949992849,0.8221877078315842
93772,0.812675301719658,0.8182564248596997,0.8465560050868196,0.8138989709252517,0.8248293099385302
93773,0.812009825090685,0.8154787380829781,0.8436649167731638,0.8131446578204078,0.8220719665499691
93774,0.8117617882630924,0.8152360480050976,0.8434644479298467,0.8128983738872356,0.821839345991737
93775,0.8122930081112947,0.8158719545376419,0.8445687764929106,0.813580402608642,0.8225821509279804
93776,0.8313629875954439,0.834914418171432,0.8637711125839344,0.8325248153327994,0.8416644869163338
93777,0.8118769799843994,0.8153487563849596,0.8435575467317185,0.813012751461104,0.8219473775341868
93778,0.8084926019439911,0.8134755803420869,0.8440075602390875,0.8086572864372482,0.8219325525651596
93779,0.8084926019439911,0.8134755803420869,0.8440075602390875,0.8086572864372482,0.8219325525651596
93780,0.8126722722637439,0.8182535005454461,0.8465535979183705,0.8138959646135161,0.8248265080899531
93781,0.8125229241962992,0.8175256781659375,0.8467047943327649,0.8126882616444314,0.8250024917087297
93782,0.8269025336935186,0.8332570334806021,0.8626516400516653,0.8263250399071566,0.8429709825710833
93783,0.8272629176740438,0.8336022175633897,0.8629286960896883,0.8266868138492798,0.8432932612031361
93784,0.8259501849659387,0.8312761323392356,0.8628745371829296,0.8224611567937,0.8413202596830093
93785,0.8131293615657167,0.8186947309872319,0.8469168195201381,0.8143495630402262,0.8252492660989085
93786,0.8131293615657167,0.8186947309872319,0.8469168195201381,0.8143495630402262,0.8252492660989085
93787,0.8131293615657167,0.8186947309872319,0.8469168195201381,0.8143495630402262,0.8252492660989085
93788,0.8126722722637439,0.8182535005454461,0.8465535979183705,0.8138959646135161,0.8248265080899531
93789,0.8118648747265482,0.8153369120769386,0.8435477630347225,0.8130007317538575,0.8219360246715178
93791,0.8118769799843994,0.8153487563849596,0.8435575467317185,0.813012751461104,0.8219473775341868
93794,0.7888825280372577,0.811294197166198,0.8067061731949202,0.7989159582799517,0.7927599309206442
93795,0.9252137665737699,0.9399900946336026,0.9398682480245109,0.931442079801592,0.9251409490149132
93796,0.8966485253302073,0.9167555252299632,0.9108946105532882,0.9046799182287608,0.8997935197441108
93797,0.9197027116830516,0.9268514550454952,0.9375946869246076,0.9225945066904863,0.9181235995864373
93799,0.865286526887822,0.870315892224318,0.8898420415314714,0.8675088697108972,0.8682785763619865
93800,0.865286526887822,0.870315892224318,0.8898420415314714,0.8675088697108972,0.8682785763619865
93802,0.865286526887822,0.870315892224318,0.8898420415314714,0.8675088697108972,0.8682785763619865
93804,0.8117406490752762,0.8289255058621093,0.8300519288594611,0.8191728318925801,0.8127171679674784
93805,0.8289660530404089,0.8325139453250774,0.8613406104965615,0.8301267271598504,0.8392571918638762
93806,0.8157614199079072,0.8351806192137112,0.8346083329750578,0.8237578756856667,0.819104045345936
93807,0.8067867342349503,0.8226617306281127,0.8250173143301749,0.8122675164360518,0.8060267851641604
93809,0.8089759849342859,0.8261023127348218,0.8272248993082223,0.8163828548769079,0.8099491779529258
93810,0.7830504350462069,0.8072709503577096,0.8014400471956475,0.7933295856478043,0.7870506728296043
93812,0.7908026499632866,0.8132843567850299,0.8086820373257224,0.8008675000361009,0.7946922076831662
93813,0.8116134227993621,0.8287955861577786,0.8299218326078511,0.8190444407508399,0.8125897886391551
93815,0.8126722722637439,0.8182535005454461,0.8465535979183705,0.8138959646135161,0.8248265080899531
93816,0.812575172960694,0.8181597714529444,0.8464764451327155,0.8137996071756327,0.8247367044869099
93817,0.8126722722637439,0.8182535005454461,0.8465535979183705,0.8138959646135161,0.8248265080899531
93818,0.8118648747265482,0.8153369120769386,0.8435477630347225,0.8130007317538575,0.8219360246715178
93819,0.8118648747265482,0.8153369120769386,0.8435477630347225,0.8130007317538575,0.8219360246715178
93820,0.812575172960694,0.8181597714529444,0.8464764451327155,0.8137996071756327,0.8247367044869099
93821,0.8151186373078475,0.8186343957914645,0.8471947653107164,0.8162688149549343,0.8253161722630679
93822,0.810718121240085,0.8142148994783863,0.8426210824053824,0.8118620895147135,0.8208606035755172
93823,0.811548467445406,0.8150273271153582,0.8432920482175044,0.8126865611323791,0.8216392879218487
93824,0.8133750047681272,0.81686169424404,0.845190030238063,0.8145156599417883,0.8234885364700314
93825,0.8210411379308188,0.8239169316546983,0.8493410835641828,0.8219920563569916,0.82708941010298
93826,0.8222061792521589,0.8257275284357813,0.8543380745843203,0.8233581713314692,0.83242029162167
93827,0.8118951289768557,0.815366514152914,0.8435722151493661,0.8130307721933501,0.8219643985100464
93828,0.8118951289768557,0.815366514152914,0.8435722151493661,0.8130307721933501,0.8219643985100464
93829,0.8118497364805548,0.8153221001684883,0.8435355280652851,0.8129857004954167,0.8219218273518438
93830,0.8257857966025857,0.8311175370964172,0.8627492046792435,0.8222929430454786,0.8411724401515241
93831,0.8374714428142395,0.8551689925915394,0.8532120113945277,0.8446560031346072,0.8382380685997627
93832,0.8374714428142395,0.8551689925915394,0.8532120113945277,0.8446560031346072,0.8382380685997627
93833,0.8569078690811975,0.8750161518145927,0.8730137520889041,0.8642591720148514,0.8576922870740642
93834,0.8794130812895934,0.884208307419538,0.9016775922091339,0.8824166559589148,0.8802232137166939
93835,0.8791132512359974,0.8839215829889301,0.9014377195497186,0.8821250473960922,0.8799256053450727
93836,0.8129076813490046,0.8184807407581813,0.8467406574277903,0.8141295755454844,0.825044233317635
93837,0.8129076813490046,0.8184807407581813,0.8467406574277903,0.8141295755454844,0.825044233317635
93838,0.8118497364805548,0.8153221001684883,0.8435355280652851,0.8129857004954167,0.8219218273518438
93839,0.808220482554723,0.8133037530033337,0.840718842910904,0.8099542243942326,0.8184647881954389
93840,0.8142305400982236,0.8198126686435009,0.848118573164961,0.8154544227042921,0.8263868420880746
93841,0.8118769799843994,0.8153487563849596,0.8435575467317185,0.813012751461104,0.8219473775341868
93842,0.8200199823011273,0.8228921993065996,0.8482847303695114,0.8209697180390528,0.8260607320400105
93843,0.8200199823011273,0.8228921993065996,0.8482847303695114,0.8209697180390528,0.8260607320400105
93844,0.8283864075441654,0.8319304588459182,0.8607261754674397,0.8295458243130512,0.8386664247776653
93845,0.8791132512359974,0.8839215829889301,0.9014377195497186,0.8821250473960922,0.8799256053450727
93846,0.860933991136087,0.8656020493075801,0.881785525138367,0.8626469325052701,0.8590505011308273
93848,0.8134752648806042,0.8190618818419783,0.8473893189777602,0.8147001386143576,0.8256412369906054
93850,0.8268803760022089,0.8332358105760319,0.8626346066955747,0.8263027967326058,0.8429511682950257
93852,0.8127388518383832,0.8183177694831596,0.846606501721026,0.8139620355628017,0.8248880856600281
93853,0.8127388518383832,0.8183177694831596,0.846606501721026,0.8139620355628017,0.8248880856600281
93854,0.812675301719658,0.8182564248596997,0.8465560050868196,0.8138989709252517,0.8248293099385302
93855,0.8096102932923411,0.8147023049000837,0.8421645376197316,0.8113470164631542,0.819872214975073
93856,0.811813374417514,0.8152865219971734,0.8435061398788701,0.8129495954261322,0.8218877254732474
93858,0.8117617882630924,0.8152360480050976,0.8434644479298467,0.8128983738872356,0.821839345991737
93859,0.8116705440661328,0.8151467711729606,0.8433907057777039,0.8128077746797778,0.8217537742258165
93860,0.8117617882630924,0.8152360480050976,0.8434644479298467,0.8128983738872356,0.821839345991737
93861,0.8117617882630924,0.8152360480050976,0.8434644479298467,0.8128983738872356,0.821839345991737
93862,0.7587477241965077,0.7853286092371601,0.7764667449001406,0.7713584389048962,0.7628777044228965
93863,0.7587477241965077,0.7853286092371601,0.7764667449001406,0.7713584389048962,0.7628777044228965
93864,0.7587477241965077,0.7853286092371601,0.7764667449001406,0.7713584389048962,0.7628777044228965
93865,0.7625623837969888,0.789276906178586,0.7803704881713631,0.7752364997946296,0.7667131278006094
93866,0.7906283311021971,0.8154648175930698,0.8071162024915111,0.8019235142189493,0.7946146670564307
93867,0.7626382157385926,0.7875286456171406,0.7783354744575495,0.7727762770402954,0.7658179503406561
93868,0.8966485253302073,0.9167555252299632,0.9108946105532882,0.9046799182287608,0.8997935197441108
93869,0.8513477216067534,0.8543212264155997,0.8806107759769108,0.8523309453979893,0.8576015388896384
93870,0.8966485253302073,0.9167555252299632,0.9108946105532882,0.9046799182287608,0.8997935197441108
93871,0.8410745835330603,0.8599847110478366,0.8569866136764945,0.8488407030338008,0.8440963237501519
93876,0.944555742437414,0.9616406269775422,0.9794402359879237,0.9413525053903534,0.9681176680133954
93877,0.9779510797140938,1.0040982580184357,1.01337466726794,0.9796390971561832,1.0042658655645071
93879,0.8760978763669802,0.8901800978677358,0.9139654360051835,0.8725396704782107,0.8974266809563455
93884,0.8811838151256287,0.8979567135667115,0.9007085100345541,0.8900137479028875,0.8839126276372958
93885,0.8634674791846696,0.8817632431288357,0.8824349634689421,0.8735341972220926,0.866061914131573
93886,0.8811838151256287,0.8979567135667115,0.9007085100345541,0.8900137479028875,0.8839126276372958
93887,0.8653865186349707,0.8836423906691012,0.8843126878802438,0.8754310155225795,0.8679751621927009
93888,0.8678220583710679,0.8861824588397427,0.8868565665393877,0.8779242473721228,0.8704256128748804
93889,0.8636304927579717,0.8819022128082302,0.8825730645792825,0.8736838883599359,0.8662214721383189
93890,0.8636304927579717,0.8819022128082302,0.8825730645792825,0.8736838883599359,0.8662214721383189
93892,0.8719087207668107,0.8871804699856607,0.9105015425805163,0.8724606265535021,0.8941392168822366
93893,0.7828761415494132,0.8030944076460674,0.8132685779683009,0.7963041162862295,0.7851038213171988
93894,0.8760978763669802,0.8901800978677358,0.9139654360051835,0.8725396704782107,0.8974266809563455
93895,0.8760978763669802,0.8901800978677358,0.9139654360051835,0.8725396704782107,0.8974266809563455
93896,0.8760978763669802,0.8901800978677358,0.9139654360051835,0.8725396704782107,0.8974266809563455
93899,0.8446622974578872,0.8646003910514836,0.8689265843960629,0.8550382807776108,0.8484960374333348
93900,0.8446622974578872,0.8646003910514836,0.8689265843960629,0.8550382807776108,0.8484960374333348
93901,0.7972037177845502,0.8204388524625001,0.8256180926882646,0.8101241715731305,0.8001963623238479
93904,0.8448458168603091,0.8647882423946499,0.8691153756893367,0.8552240545653226,0.8486803897907393
93907,0.8320290284613546,0.8516109086230853,0.8494860249051687,0.8402363677638036,0.8354072178417536
93908,0.834909032898114,0.8494973569959765,0.8532818007122072,0.8402690134439275,0.8353851360185548
93909,0.8561248038113032,0.8638569465029082,0.8791322309332094,0.8589375229101328,0.8563950467618372
93911,0.8813468941942916,0.893468162587748,0.9182851539310319,0.8771530121409277,0.9022937439585226
93912,0.8813504149384297,0.8934712909218971,0.9182875035399221,0.87715667056233,0.9022965916197567
93915,0.8813468941942916,0.893468162587748,0.9182851539310319,0.8771530121409277,0.9022937439585226
93916,0.8813468941942916,0.893468162587748,0.9182851539310319,0.8771530121409277,0.9022937439585226
93919,0.8390776400660945,0.8596341617467735,0.8595767917712563,0.8506592904149205,0.8419632577611037
93920,0.8396887844061408,0.860260278481836,0.8602028667207507,0.851278870279549,0.8425765038481609
93922,0.8454694487673604,0.8661825630538631,0.8661247560533423,0.8571393241980378,0.8483770481186678
93927,0.8639798941140685,0.882200093358677,0.8828690838714259,0.8740047433484667,0.8665634693211158
93928,0.8555088178588307,0.8597007777574547,0.8828690838714259,0.8584295068925892,0.865191074993641
93930,0.8179409953064326,0.8374120794011384,0.8368382641112497,0.8259588162503587,0.8212925516695989
93931,0.8639798941140685,0.882200093358677,0.8828690838714259,0.8740047433484667,0.8665634693211158
93932,0.8393049858387279,0.8589924192670247,0.8568559893346791,0.8475563312339042,0.8427012468127318
93933,0.8639442959710221,0.8821697434124061,0.8828389235298469,0.8739720530542229,0.866528625386658
93934,0.8631127634974438,0.8814608616611029,0.8821344724310521,0.8732084800199331,0.8657147202304355
93935,0.8639798941140685,0.882200093358677,0.8828690838714259,0.8740047433484667,0.8665634693211158
93938,0.7840303869600911,0.8082812131420978,0.8024430128706063,0.7943224014499572,0.7880356308586715
93939,0.7692156019773596,0.7932482695931325,0.7870326081884341,0.7792007103770062,0.7725921934661664
93940,0.7808787321788053,0.8050320745979914,0.799217342794184,0.7911293747050135,0.7848678757497796
93941,0.7806597891337216,0.8048063594305277,0.7989932579632053,0.7909075575812844,0.7846478142272617
93942,0.7586223558018674,0.7850458593126594,0.7742054443340297,0.7703510907451876,0.7622000431950408
93948,0.881336327882386,0.8934587739697625,0.9182781024021246,0.8771420326338363,0.902285197689571
93949,0.8813345662353179,0.8934572086726931,0.9182769267531277,0.8771402020970688,0.9022837728321876
93950,0.881336327882386,0.8934587739697625,0.9182781024021246,0.8771420326338363,0.902285197689571
93954,0.8086302805767102,0.8136090672984833,0.8441161734699446,0.8087948259244063,0.8220590122123123
93956,0.8086302805767102,0.8136090672984833,0.8441161734699446,0.8087948259244063,0.8220590122123123
93957,0.8118497364805548,0.8153221001684883,0.8435355280652851,0.8125138383455094,0.8219218273518438
93958,0.808317333559574,0.8133056492644972,0.8438692993850762,0.8084821952297994,0.8217715692405034
93959,0.809816254091276,0.8148023429254341,0.845354192189993,0.8099810407685748,0.8232646809082688
93960,0.8086302805767102,0.8136090672984833,0.8441161734699446,0.8087948259244063,0.8220590122123123
93961,0.8178664761791661,0.8229021307293273,0.8537576898423028,0.8180329009680027,0.8314485911285748
93962,0.7947050775494355,0.7973406282154475,0.8219041179808857,0.7949271404624885,0.7986904182878557
93964,0.9263504077710301,0.9452439821076216,0.9546608249003627,0.9306428109190822,0.9409925549420305
93965,0.9263504077710301,0.9452439821076216,0.9546608249003627,0.9306428109190822,0.9409925549420305
93968,0.8607626464360875,0.8763573361459399,0.880803015744846,0.8682945872126876,0.862143788901475
93969,0.825123416937068,0.8289772780619868,0.8584193717803559,0.826471257939656,0.8342667957287894
93971,0.8326419956434506,0.8471907079118685,0.8509648756883801,0.8379874221778654,0.8331168059960945
93972,0.8621567894787333,0.8763573361459399,0.880803015744846,0.8682945872126876,0.8629787499926129
93973,0.8487152586941882,0.8655353756496617,0.8676936797571558,0.8566796819163821,0.8500673782498455
93975,0.8207535002711238,0.8278479141071381,0.8550599209495326,0.8236686849460443,0.8340172756487304
93976,0.7715690912414074,0.7916667582956973,0.8028888829655714,0.7844589774195457,0.7731720550501736
93978,0.9445565222491459,0.9616411589547024,0.9794405170039353,0.9413533324467095,0.9681181078276505
93979,0.944555742437414,0.9616406269775422,0.9794402359879237,0.9413525053903534,0.9681176680133954
93982,0.8320290284613546,0.8516109086230853,0.8494860249051687,0.8402363677638036,0.8354072178417536
93983,0.8320290284613546,0.8516109086230853,0.8494860249051687,0.8402363677638036,0.8354072178417536
93984,0.8407975909841843,0.8605858400761315,0.8584385626975409,0.8490914255474449,0.8442113823253115
93985,0.8320290284613546,0.8516109086230853,0.8494860249051687,0.8402363677638036,0.8354072178417536
93986,0.8620440095263662,0.8837277558025607,0.881065169228514,0.8736382356288587,0.864911000510883
93993,0.8478241949488705,0.8647213243173537,0.8733437542799749,0.8591274288332024,0.8491845769353278
93995,0.8608432503443156,0.8779998493818444,0.8867546840269405,0.8723200549157835,0.8622245221432436
93996,0.8075546334047252,0.8294836574150863,0.8348799179187921,0.8197124929117195,0.8110184367632102
93997,0.8085703810501041,0.830460387993052,0.8358473781867759,0.8207063382361863,0.8120278745639951
93998,0.8517771528918098,0.8687530646802191,0.8774156964950772,0.8628888642047229,0.8531438776233914
94000,0.7749817568270564,0.7959904624557581,0.8076268801396903,0.7896155643130778,0.7781796187738328
94001,0.7590082177786716,0.780561974052257,0.7911958124615661,0.7725776037544086,0.7623771047597582
94003,0.7860689441834896,0.8089855235114075,0.8140937282105468,0.7988122831734856,0.7890205710810277
94004,0.7828761415494132,0.8030944076460674,0.8132685779683009,0.7963041162862295,0.7851038213171988
94005,0.8327105498971377,0.8367907991703906,0.8629114981758595,0.8355534061256294,0.8421347866725717
94006,0.8327105498971377,0.8367907991703906,0.8629114981758595,0.8355534061256294,0.8421347866725717
94007,0.8633170723676945,0.881635024600457,0.8823075464495292,0.8733960848557024,0.8659146962875343
94008,0.8631127634974438,0.8814608616611029,0.8821344724310521,0.8732084800199331,0.8657147202304355
94014,0.9906808449170483,1.0175476589369445,1.0277516111308804,0.9952256561554491,1.016792585132561
94016,0.9906808449170483,1.0175476589369445,1.0277516111308804,0.9952256561554491,1.016792585132561
94017,0.9906808449170483,1.0175476589369445,1.0277516111308804,0.9952256561554491,1.016792585132561
94019,0.8813416118033562,0.893463468956768,0.9182816286733211,0.8771475231830405,0.902289471440121
94020,0.8813416118033562,0.893463468956768,0.9182816286733211,0.8771475231830405,0.902289471440121
94021,0.8813416118033562,0.893463468956768,0.9182816286733211,0.8771475231830405,0.902289471440121
94026,0.8111074805325246,0.8304158928188863,0.8298468714875881,0.8190583163293688,0.8144310362085327
94027,0.8149948708575634,0.8343958224644411,0.8338240739877631,0.8229838125810506,0.8183343553204337
94028,0.8111074805325246,0.8304158928188863,0.8298468714875881,0.8190583163293688,0.8144310362085327
94029,0.8150969956244268,0.8345003783112175,0.8339285581903098,0.8230869384202398,0.818436898548915
94033,0.8137332995138882,0.8345249492622567,0.8325467931613157,0.8231969032230798,0.8172572502143755
94034,0.8137332995138882,0.8345249492622567,0.8325467931613157,0.8231969032230798,0.8172572502143755
94035,0.8146240002118414,0.8354384081992466,0.8334580868372542,0.82409796264475,0.818151808177787
94036,0.8478330434908534,0.8646559098969017,0.866814530147523,0.8557988323355055,0.8491854030812747
94037,0.8479741977074371,0.8647796280735739,0.8669360476444637,0.8559316667441471,0.8493251366515266
94043,0.8640087777164611,0.8822247188336154,0.8828935555094001,0.8740312676733188,0.8665917409995749
94047,0.8640087777164611,0.8822247188336154,0.8828935555094001,0.8740312676733188,0.8665917409995749
94050,0.8634674791846696,0.8817632431288357,0.8824349634689421,0.8735341972220926,0.866061914131573
94051,0.8640087777164611,0.8822247188336154,0.8828935555094001,0.8740312676733188,0.8665917409995749
94052,0.8870394954647499,0.903513185617127,0.9067538112559004,0.8974906520364646,0.8884654622194129
94053,0.865685880241309,0.8840286492470949,0.8847020953558588,0.8757784614623139,0.8682869807516138
94056,0.7710952013410397,0.7911805246123215,0.8023957567671868,0.7839771706819872,0.772697180625713
94057,0.7712217625302263,0.7912938195886661,0.8025018595144948,0.7840951653973707,0.7728226649799498
94063,0.8634674791846696,0.8817632431288357,0.8824349634689421,0.8735341972220926,0.866061914131573
94066,0.8691858229514042,0.8876027512361272,0.8882789200678242,0.8793192081832827,0.8717974396350429
94069,0.864306616700393,0.8824786572144357,0.883145907799229,0.8743047832670892,0.8668832713368909
94070,0.8642561445185639,0.8824356234699252,0.8831031428063459,0.8742584323471437,0.8668338680561753
94071,0.8135856693306552,0.834396227710198,0.8324163028572584,0.8230579674869062,0.8171128750280653
94072,0.7886340226763303,0.8110540776524794,0.8064643791872508,0.7986712717939529,0.792512914016923
94073,0.7903123131635761,0.8127795265778942,0.8081801726084031,0.800370672356941,0.7941993620317176
94074,0.7691240387506191,0.7931607093004592,0.7869440363630092,0.7791108406390228,0.7725012078494925
94076,0.7712217625302263,0.7912938195886661,0.8025018595144948,0.7840951653973707,0.7728226649799498
94077,0.7711949508222127,0.7912698181005368,0.8024793815996372,0.7840701683437081,0.7727960813788786
94078,0.9880958041057213,1.0077039156115573,1.0161364590493682,0.993753908451775,1.0068481182686275
94080,0.8207535002711238,0.8278479141071381,0.8550599209495326,0.8236686849460443,0.8340172756487304
94081,0.8207535002711238,0.8278479141071381,0.8550599209495326,0.8236686849460443,0.8340172756487304
94082,0.8207535002711238,0.8278479141071381,0.8550599209495326,0.8236686849460443,0.8340172756487304
94085,0.8813345662353179,0.8934572086726931,0.9182769267531277,0.8771402020970688,0.9022837728321876
94086,0.869869156246251,0.8803795244869179,0.908963480793389,0.863877133891673,0.8915969407851113
94087,0.8813345662353179,0.8934572086726931,0.9182769267531277,0.8771402020970688,0.9022837728321876
94091,0.8813063567432972,0.893432143412317,0.9182581010423051,0.8771108894430374,0.9022609564802523
94096,0.8631127634974438,0.8814608616611029,0.8821344724310521,0.8732084800199331,0.8657147202304355
94097,0.8089432686913663,0.8308433706282041,0.8362328451351232,0.8210848226053966,0.8124023566942855
94099,0.8327105498971377,0.8367907991703906,0.8629114981758595,0.8355534061256294,0.8421347866725717
94104,0.8760978763669802,0.8901800978677358,0.9139654360051835,0.8725396704782107,0.8974266809563455
94107,0.7711949508222127,0.7912698181005368,0.8024793815996372,0.7840701683437081,0.7727960813788786
94110,0.8642253679999268,0.8824093829048556,0.8830770661243597,0.8742301689806689,0.8668037433575203
94111,0.7711949508222127,0.7912698181005368,0.8024793815996372,0.7840701683437081,0.7727960813788786
94118,0.9906818550107908,1.017545797568008,1.0277486912222977,0.9952261717469116,1.016790802783432
94120,0.8118497364805548,0.8153221001684883,0.8435355280652851,0.8129857004954167,0.8219218273518438
94121,0.8118497364805548,0.8153221001684883,0.8435355280652851,0.8129857004954167,0.8219218273518438
94122,0.812675301719658,0.8170507605083224,0.8453240070140419,0.8138989709252517,0.8236644805500013
94123,0.8445764286941937,0.8515723815653291,0.8840428683615293,0.8463904255892297,0.864278539021446
94124,0.8445764286941937,0.8515723815653291,0.8840428683615293,0.8463904255892297,0.864278539021446
94126,0.9906775568249063,1.0175537180928613,1.0277611160403763,0.9952239777860498,1.0167983870629635
94133,0.8327105498971377,0.8367907991703906,0.8629114981758595,0.8355534061256294,0.8421347866725717
94134,0.7708721847974915,0.7931697401131371,0.8000006494674557,0.7829969605944898,0.7741322562287404
94138,0.881285171016493,0.8934133191130329,0.9182439628101112,0.8770888751987953,0.9022438211786256
94139,0.8327184248602787,0.8367984540639299,0.8629177812942792,0.835561127588946,0.8421421557472106
94145,0.8075546334047252,0.8294836574150863,0.8348799179187921,0.8197124929117195,0.8110184367632102
94146,0.8085770612212065,0.830533849104387,0.8359369416992181,0.8207503135366062,0.8120452500277567
94148,0.8075546334047252,0.829149926938107,0.8348799179187921,0.8197124929117195,0.8110184367632102
94149,0.8071994511959006,0.8291751511011292,0.834582616458312,0.8193834184805763,0.8106707520378484
94150,0.8071994511959006,0.8291751511011292,0.834582616458312,0.8193834184805763,0.8106707520378484
94151,0.8075546334047252,0.8294836574150863,0.8348799179187921,0.8197124929117195,0.8110184367632102
94153,0.7711949508222127,0.7912698181005368,0.8024793815996372,0.7840701683437081,0.7727960813788786
94155,0.7584626482588697,0.7804729308954134,0.7898970901136485,0.7718433748835765,0.7612070593225968
94161,0.8116482157878884,0.8154391389900756,0.8444004099285255,0.8129740450183534,0.8206422728346774
94162,0.8165099609898124,0.8203235916930212,0.849458339659188,0.8178437318922659,0.825557892132352
94166,0.8813063567432972,0.893432143412317,0.9182581010423051,0.8771108894430374,0.9022609564802523
94171,0.7711573101143508,0.7934631127084038,0.8002965486361706,0.7832865705465571,0.7744185873601538
94172,0.80940315876237,0.8301996960983196,0.8362341288890313,0.8223862954390854,0.8120926245205389
94174,0.7824257635523931,0.8043576759078415,0.8108641998298061,0.7950497161706218,0.7853568281235743
94179,0.8813433727703182,0.8934650336510797,0.9182828038718208,0.8771493530124616,0.9022908957498107
94180,0.8813433727703182,0.8934650336510797,0.9182828038718208,0.8771493530124616,0.9022908957498107
94184,0.8687939738026079,0.8784833688960934,0.8895115686611258,0.8720732318612193,0.8673207054959918
94187,0.8241795830320869,0.8452611211840891,0.8432554152071474,0.8337752224823212,0.8277527174056944
94199,0.8695253550155123,0.8800315692089747,0.908604228184937,0.8635357009075209,0.8912445520110482
94201,0.8695253550155123,0.8800315692089747,0.908604228184937,0.8635357009075209,0.8912445520110482
94202,0.8696046683216414,0.8801118408340048,0.9086871060502972,0.8636144678704444,0.8913258464225129
94203,0.8695136219543345,0.880020878770906,0.9085962803979418,0.8635233649068592,0.8912349537902037
94204,0.8608709275113955,0.8713532330831296,0.8967533427641676,0.8552488107319596,0.8814511028267614
94205,0.8695175337318609,0.8800244429385166,0.9085989301689518,0.8635274777042066,0.8912381538136188
94206,0.8696575523381215,0.8801653638322021,0.9087423668206703,0.8636669875997133,0.8913800513876752
94208,0.8360657061553638,0.8422245258778409,0.8609014973868517,0.8391744063631642,0.8386522307916773
94209,0.8362464747643178,0.842406626106147,0.8610876358266697,0.8393558471147597,0.8388335586419171
94211,0.8343516671775868,0.840507498464913,0.8591748682781014,0.837458870197249,0.8369369477185922
94215,0.7887351523557591,0.8111426346319119,0.8065554677757756,0.7987667081956527,0.7926118308792162
94219,0.8642253679999268,0.8824093829048556,0.8830770661243597,0.8742301689806689,0.8668037433575203
94221,0.8642253679999268,0.8824093829048556,0.8830770661243597,0.8742301689806689,0.8668037433575203
94222,0.8147071213575608,0.8355463651524883,0.8335637111576487,0.8241924761940942,0.8182391889793236
94227,0.9045923271850086,0.9214538520954925,0.92422191463843,0.9144995269805041,0.9061136289519722
94228,0.9045923271850086,0.9214538520954925,0.92422191463843,0.9144995269805041,0.9061136289519722
94236,0.8404486822307475,0.8445668480511542,0.8709302789705826,0.8433179562795783,0.8499604956452919
94238,0.830253567553999,0.8365533312034199,0.8629114981758595,0.8311554627447519,0.8421347866725717
94242,1.0223561279096909,1.0372835648762977,1.0392873848754978,1.0155705524646854,1.0330595401580256
94243,1.0223561279096909,1.0372835648762977,1.0392873848754978,1.0155705524646854,1.0330595401580256
94245,1.0223561279096909,1.0372835648762977,1.0392873848754978,1.0155705524646854,1.0330595401580256
94246,0.8478699549468105,0.8668140096154587,0.8709713590367401,0.8556324650461354,0.8508292854124698
94247,0.807974498307489,0.8298483732257194,0.8352313934317139,0.8201015117978563,0.8114294437924564
94258,0.8163742952310163,0.8384755734987691,0.8439145562093481,0.8286273825650772,0.8198651587313622
94260,0.8478330434908534,0.8646559098969017,0.866814530147523,0.8557988323355055,0.8491854030812747
94265,0.7708721847974915,0.7931697401131371,0.8000006494674557,0.7829969605944898,0.7741322562287404
94268,0.7708721847974915,0.7931697401131371,0.8000006494674557,0.7829969605944898,0.7741322562287404
94269,0.7742360773924423,0.7966309336390216,0.8034916513660472,0.7864137626656459,0.7775103749565868
94278,0.7948739079609052,0.818047181885878,0.8232126049214957,0.8077599884229316,0.7978585968030851
94296,0.8695253550155123,0.8800315692089747,0.908604228184937,0.8635357009075209,0.8912445520110482
94297,0.8695214447522086,0.8800280064178325,0.9086015794312539,0.8635315897043797,0.8912413532205309
94298,0.8695214447522086,0.8800280064178325,0.9086015794312539,0.8635315897043797,0.8912413532205309
94299,0.8695175337318609,0.8800244429385166,0.9085989301689518,0.8635274777042066,0.8912381538136188
94300,0.8695136219543345,0.880020878770906,0.9085962803979418,0.8635233649068592,0.8912349537902037
94304,0.8813504149384297,0.8934712909218971,0.9182875035399221,0.87715667056233,0.9022965916197567
94305,0.8813504149384297,0.8934712909218971,0.9182875035399221,0.87715667056233,0.9022965916197567
94318,0.8596441421352355,0.8692314919375042,0.8801435465927788,0.8628888642047229,0.8581863897707332
94320,0.8450700229152713,0.8527023236878803,0.8677803647703077,0.847846422550839,0.8453367763318104
94324,0.8642341654889005,0.8824168837726561,0.8830845201456127,0.8742382480739037,0.8668123545206669
94335,0.8450700229152713,0.8527023236878803,0.8677803647703077,0.847846422550839,0.8453367763318104
94343,0.8135856693306552,0.834396227710198,0.8324163028572584,0.8230579674869062,0.8171128750280653
94345,0.9188753804337356,0.9350333160078079,0.9563065103558737,0.9182771748544973,0.9443989162663231
94346,0.8598125894685411,0.8714830894891981,0.8987883528221151,0.8545298724270458,0.8824305614378393
94347,0.8598125894685411,0.8714830894891981,0.8987883528221151,0.8545298724270458,0.8824305614378393
94348,0.8598125894685411,0.8714830894891981,0.8987883528221151,0.8545298724270458,0.8824305614378393
94349,0.8598125894685411,0.8714830894891981,0.8987883528221151,0.8545298724270458,0.8824305614378393
94350,0.8597977462948971,0.8714696199752551,0.8987779914390965,0.8545143982109982,0.8824183555256307
94351,0.8597977462948971,0.8714696199752551,0.8987779914390965,0.8545143982109982,0.8824183555256307
94352,0.8597701536486351,0.8714445809517836,0.8987587303538767,0.8544856324567387,0.8823956655151242
94353,0.8597892599552791,0.8714619190138445,0.8987720675160188,0.8545055510774219,0.882411377015541
94354,0.8695175337318609,0.8800244429385166,0.9085989301689518,0.8635274777042066,0.8912381538136188
94355,0.859810469632176,0.8714811658313415,0.8987868730516138,0.8545276624687979,0.8824288182409165
94356,0.9188683872516009,0.9350277908758805,0.9563028592392715,0.9182701265604715,0.9443942242570338
94357,0.8261678749417122,0.831486152833269,0.8630405181207145,0.8226839110824369,0.8415160138221317
94358,0.8598083495901706,0.871479241987372,0.8987853931387756,0.8545254522959006,0.8824270748757448
94359,0.8597595318250557,0.8714349421709099,0.8987513158298523,0.8544745590317243,0.8823869310058742
94361,0.9188707187590147,0.9350296329384064,0.956304076509822,0.9182724764420873,0.9443957885584633
94362,0.840072967651099,0.848558214723984,0.8771283140150894,0.8369678285078433,0.8594212850432915
94363,0.9188660552973811,0.9350259484613905,0.9563016417369851,0.9182677762284779,0.9443926596572031
94364,0.9188707187590147,0.9350296329384064,0.956304076509822,0.9182724764420873,0.9443957885584633
94365,0.8400803731665302,0.8485651746716528,0.8771338215410128,0.8369753987622651,0.859427684204959
94366,0.8597871378558604,0.8714599933078377,0.8987705861791268,0.8545033387569707,0.8824096319670613
94367,0.8597871378558604,0.8714599933078377,0.8987705861791268,0.8545033387569707,0.8824096319670613
94368,0.8597828930394767,0.8714561413369233,0.8987676230779079,0.8544989134714654,0.88240614136485
94369,0.8597595318250557,0.8714349421709099,0.8987513158298523,0.8544745590317243,0.8823869310058742
94370,0.8261271876853703,0.8314468988641655,0.863009494623287,0.8226422774058455,0.8414794260151147
94371,0.8261271876853703,0.8314468988641655,0.863009494623287,0.8226422774058455,0.8414794260151147
94372,0.826108179862568,0.8314285606560861,0.8629950015500166,0.8226228274254977,0.8414623334000997
94373,0.859761656601861,0.8714368703000379,0.8987527990198796,0.8544767741468732,0.8823886782448762
94374,0.859761656601861,0.8714368703000379,0.8987527990198796,0.8544767741468732,0.8823886782448762
94375,0.859761656601861,0.8714368703000379,0.8987527990198796,0.8544767741468732,0.8823886782448762
94379,0.8597659055373007,0.8714407259988309,0.8987557649720758,0.8544812037319135,0.8823921722171225
94380,0.9188660552973811,0.9350259484613905,0.9563016417369851,0.9182677762284779,0.9443926596572031
94381,0.8608877567573012,0.8713686526758211,0.8967654502277558,0.8552664067073729,0.8814651884067339
94382,0.9188578899378925,0.9350194972380789,0.9562973786534893,0.9182595465186414,0.9443871812071418
94383,0.9188578899378925,0.9350194972380789,0.9562973786534893,0.9182595465186414,0.9443871812071418
94384,0.8597828930394767,0.8714561413369233,0.8987676230779079,0.8544989134714654,0.88240614136485
94385,0.9996380262249529,1.0207081095471449,1.0332234198385433,1.0030914215912816,1.022694508451744
94386,0.9188392056845411,0.9350047353776617,0.9562876237918388,0.9182407150142863,0.9443746452949376
94387,0.9996380262249529,1.0207081095471449,1.0332234198385433,1.0030914215912816,1.022694508451744
94388,0.812970754046054,0.8185416252465212,0.846790778099409,0.8141921665717246,0.8251025689634948
94389,0.859768029695972,0.8714426535685291,0.8987572477342695,0.8544834182018436,0.8823939189503968
94390,0.8597659055373007,0.8714407259988309,0.8987557649720758,0.8544812037319135,0.8823921722171225
94391,0.859768029695972,0.8714426535685291,0.8987572477342695,0.8544834182018436,0.8823939189503968
94392,0.8597489048494414,0.8714252987272962,0.8987438977399249,0.8544634802289254,0.882378192281481
94394,0.840072967651099,0.848558214723984,0.8771283140150894,0.8369678285078433,0.8594212850432915
94395,0.840072967651099,0.848558214723984,0.8771283140150894,0.8369678285078433,0.8594212850432915
94396,0.8398173944990452,0.8483180212618401,0.8769382513013995,0.836706568952062,0.8592004477286097
94397,0.8276753382614594,0.8339972526313494,0.8632457957785168,0.8271008242169223,0.8436620954685539
94398,0.8400680294380649,0.8485535736308627,0.8771246414444139,0.8369627804410942,0.8594170179010812
94399,0.840072967651099,0.848558214723984,0.8771283140150894,0.8369678285078433,0.8594212850432915
94400,0.8400062205168307,0.8484954837581976,0.8770786744042501,0.8368995964754165,0.8593636087372535
94402,0.8597531562580781,0.8714291566644025,0.8987468654039037,0.8544679123955328,0.8823816882771741
94403,0.8597659055373007,0.8714407259988309,0.8987557649720758,0.8544812037319135,0.8823921722171225
94404,0.8597489048494414,0.8714252987272962,0.8987438977399249,0.8544634802289254,0.882378192281481
94405,0.999637880083439,1.020716330132883,1.0332364779232648,1.0030926662439195,1.022703503322067
94406,0.9188392056845411,0.9350047353776617,0.9562876237918388,0.9182407150142863,0.9443746452949376
94407,0.86123251037769,0.8717171999115744,0.8971232158802219,0.8556091283180439,0.8818173961214797
94408,0.9351563074429978,0.9506414160814913,0.969679826799278,0.9331453383837008,0.9583536865576865
94409,0.9350050141769395,0.9505277227262044,0.9696110708033058,0.9329890913075931,0.9582583655746645
94410,0.934967526178753,0.950499552112926,0.9695940351575429,0.9329503756995656,0.9582347475117796
94411,0.8400606203139611,0.8485466102987635,0.8771191312579978,0.8369552064948256,0.8594106156357492
94412,0.8400680294380649,0.8485535736308627,0.8771246414444139,0.8369627804410942,0.8594170179010812
94413,0.8400680294380649,0.8485535736308627,0.8771246414444139,0.8369627804410942,0.8594170179010812
94415,0.8608709275113955,0.8713532330831296,0.8967533427641676,0.8552488107319596,0.8814511028267614
94416,0.8608709275113955,0.8713532330831296,0.8967533427641676,0.8552488107319596,0.8814511028267614
94417,0.8608604026011998,0.8713435897761834,0.8967457708657371,0.8552378063045275,0.8814422938144575
94418,0.8608393374668705,0.8713242891646695,0.8967306161376473,0.8552157814168297,0.8814246630316366
94419,0.8400779049019071,0.8485628549146715,0.8771319858763631,0.8369728755901887,0.8594255513579319
94420,0.8608077014464363,0.8712953032223539,0.8967078566935477,0.855182703967391,0.8813981849337751
94421,0.8276753382614594,0.8339972526313494,0.8632457957785168,0.8271008242169223,0.8436620954685539
94422,0.8276753382614594,0.8339972526313494,0.8632457957785168,0.8271008242169223,0.8436620954685539
94423,0.8276753382614594,0.8339972526313494,0.8632457957785168,0.8271008242169223,0.8436620954685539
94424,0.8259501849659387,0.8312761323392356,0.8628745371829296,0.8224611567937,0.8413202596830093
94425,0.8597701536486351,0.8714445809517836,0.8987587303538767,0.8544856324567387,0.8823956655151242
94426,0.8597169929874376,0.871396340399376,0.8987216220591565,0.8544302115297953,0.8823519507988928
94427,0.859727635432926,0.8714059978435919,0.8987290508561327,0.8544413064803618,0.8823607021798445
94429,0.8267122228714265,0.8320364938804165,0.8632457957785168,0.8232243219754202,0.84207760323049
94433,0.9238167279530974,0.9400698293165741,0.9614680110817156,0.9232149951479616,0.9494904977724269
94434,0.864838706383284,0.8753754196790723,0.9009069754876385,0.859187368070427,0.8855256113367065
94436,0.9349909729237198,0.950517171295691,0.9696046900011174,0.9329745902554236,0.9582495193086702
94437,0.934967526178753,0.950499552112926,0.9695940351575429,0.9329503756995656,0.9582347475117796
94439,0.9188672213303467,0.935026869712635,0.9563022505170978,0.918268951450777,0.9443934419944219
94440,0.9188672213303467,0.935026869712635,0.9563022505170978,0.918268951450777,0.9443934419944219
94441,0.8276645633660046,0.8339869318259965,0.8632375107073359,0.8270900077988377,0.8436524590220454
94442,0.9350712042757441,0.9505774624490069,0.9696411504621705,0.9330574487839931,0.9583000673294427
94443,0.9350059495467964,0.9505284256200639,0.9696114958677062,0.9329900573070721,0.9582589548779096
94444,0.8612828373651152,0.871768341381045,0.8971763180084271,0.8556590171305505,0.8818693192119028
94445,0.8608898594952136,0.8713705792859686,0.8967669630055388,0.8552686052433907,0.8814669483395704
94446,0.8608877567573012,0.8713686526758211,0.8967654502277558,0.8552664067073729,0.8814651884067339
94447,0.8608751360468947,0.8713570891001197,0.8967563705037976,0.8552532110072927,0.8814546252415115
94448,0.9188683872516009,0.9350277908758805,0.9563028592392715,0.9182701265604715,0.9443942242570338
94449,0.8259501849659387,0.8312761323392356,0.8628745371829296,0.8224611567937,0.8413202596830093
94451,0.9188392056845411,0.9350047353776617,0.9562876237918388,0.9182407150142863,0.9443746452949376
94452,0.9188392056845411,0.9350047353776617,0.9562876237918388,0.9182407150142863,0.9443746452949376
94455,0.8608519789983529,0.8713358717717925,0.8967397107239569,0.8552289989153895,0.8814352435431827
94456,0.8608519789983529,0.8713358717717925,0.8967397107239569,0.8552289989153895,0.8814352435431827
94457,0.8608393374668705,0.8713242891646695,0.8967306161376473,0.8552157814168297,0.8814246630316366
94458,0.8398970705588147,0.8483929020896832,0.8769975024069582,0.83678801799547,0.8592692936173424
94459,0.8398970705588147,0.8483929020896832,0.8769975024069582,0.83678801799547,0.8592692936173424
94460,0.8398298602526783,0.8483297367426864,0.8769475213529072,0.8367193121119286,0.8592112189759962
94461,0.8276080084091462,0.8339365339144813,0.8632147978592011,0.8270328901574061,0.8436113528397833
94462,0.8290900310552206,0.835422751071103,0.8647212868920948,0.8285145350303814,0.8451041134092308
94463,0.812970754046054,0.8185416252465212,0.846790778099409,0.8141921665717246,0.8251025689634948
94464,0.812970754046054,0.8185416252465212,0.846790778099409,0.8141921665717246,0.8251025689634948
94465,0.8608604026011998,0.8713435897761834,0.8967457708657371,0.8552378063045275,0.8814422938144575
94466,0.8608604026011998,0.8713435897761834,0.8967457708657371,0.8552378063045275,0.8814422938144575
94467,0.839867221124509,0.8483648490587923,0.8769753046842301,0.8367575043631607,0.8592435014243959
94468,0.8400779049019071,0.8485628549146715,0.8771319858763631,0.8369728755901887,0.8594255513579319
94469,0.8398298602526783,0.8483297367426864,0.8769475213529072,0.8367193121119286,0.8592112189759962
94470,0.8272246227937438,0.8335655374911382,0.8628992542395518,0.8266483713039229,0.8432590146293186
94472,0.8398173944990452,0.8483180212618401,0.8769382513013995,0.836706568952062,0.8592004477286097
94473,0.8399144666277113,0.8484092512575894,0.8770104392095711,0.8368058011418973,0.8592843252163345
94474,0.8395315233342272,0.8480493590664944,0.8767256765158213,0.8364143348099508,0.8589534426860457
94478,0.8608077014464363,0.8712953032223539,0.8967078566935477,0.855182703967391,0.8813981849337751
94479,0.8398173944990452,0.8483180212618401,0.8769382513013995,0.836706568952062,0.8592004477286097
94480,0.8608077014464363,0.8712953032223539,0.8967078566935477,0.855182703967391,0.8813981849337751
94481,0.853745247226024,0.8623677773685624,0.8864694800238947,0.8553004466861847,0.8698651921796486
94482,0.8597828930394767,0.8714561413369233,0.8987676230779079,0.8544989134714654,0.88240614136485
94483,0.8597828930394767,0.8714561413369233,0.8987676230779079,0.8544989134714654,0.88240614136485
94484,0.8396773627829162,0.8481864184267786,0.8768341206301224,0.8365634207061248,0.8590794526397086
94485,0.8396773627829162,0.8481864184267786,0.8768341206301224,0.8365634207061248,0.8590794526397086
94486,0.8396773627829162,0.8481864184267786,0.8768341206301224,0.8365634207061248,0.8590794526397086
94487,0.8400062205168307,0.8484954837581976,0.8770786744042501,0.8368995964754165,0.8593636087372535
94488,0.8276187230400699,0.833943023438782,0.8632022633166169,0.8270439908133633,0.8436114622440977
94489,0.8272629176740438,0.8336022175633897,0.8629286960896883,0.8266868138492798,0.8432932612031361
94490,0.8276187230400699,0.833943023438782,0.8632022633166169,0.8270439908133633,0.8436114622440977
94491,0.826108179862568,0.8314285606560861,0.8629950015500166,0.8226228274254977,0.8414623334000997
94492,0.8608561912081601,0.871339731147269,0.8967427410863551,0.8552334030375135,0.8814387690190489
94493,0.8608393374668705,0.8713242891646695,0.8967306161376473,0.8552157814168297,0.8814246630316366
94497,0.8398173944990452,0.8483180212618401,0.8769382513013995,0.836706568952062,0.8592004477286097
94501,0.8399789768658139,0.8484698794546346,0.8770584137222118,0.836871746704663,0.8593400676592253
94502,0.8400062205168307,0.8484954837581976,0.8770786744042501,0.8368995964754165,0.8593636087372535
94503,0.8400062205168307,0.8484954837581976,0.8770786744042501,0.8368995964754165,0.8593636087372535
94504,0.8272246227937438,0.8335655374911382,0.8628992542395518,0.8266483713039229,0.8432590146293186
94505,0.8241516648266807,0.8298523677106635,0.856465073768012,0.8260747222397835,0.8356472684777875
94506,0.8269025336935186,0.8332570334806021,0.8626516400516653,0.8263250399071566,0.8429709825710833
94507,0.8736465526469597,0.8860377632199801,0.9081738891132858,0.8700958023719052,0.8932525342309678
94508,0.8734398265751011,0.885853296086883,0.9080280343767558,0.8698826098526756,0.8930808115522502
94509,0.8535117148358495,0.8621496712048511,0.8862932889790587,0.8550697138875374,0.8696603121389492
94510,0.8535117148358495,0.8621496712048511,0.8862932889790587,0.8550697138875374,0.8696603121389492
94511,0.8535117148358495,0.8621496712048511,0.8862932889790587,0.8550697138875374,0.8696603121389492
94512,0.8535117148358495,0.8621496712048511,0.8862932889790587,0.8550697138875374,0.8696603121389492
94513,0.8535117148358495,0.8621496712048511,0.8862932889790587,0.8550697138875374,0.8696603121389492
94514,0.8395315233342272,0.8480493590664944,0.8767256765158213,0.8364143348099508,0.8589534426860457
94515,0.8266387063231013,0.8323393719024573,0.8589538213809128,0.8285617344879964,0.8381343861773416
94516,0.8241657271860722,0.8298659045698594,0.8564762268437827,0.8260886067252304,0.8356602766359255
94517,0.8250274787168899,0.830733616232753,0.8573717623838392,0.8263250399071566,0.8365340469212942
94519,0.8242555639811336,0.8299523844686141,0.8565474788655109,0.8261773072635966,0.8357433791696455
94520,0.8084194367061873,0.8135067329753547,0.8409431749871054,0.8101545540423097,0.8186718337520755
94521,0.8241516648266807,0.8298523677106635,0.856465073768012,0.8260747222397835,0.8356472684777875
94522,0.774383997240205,0.7775146847082491,0.8046942424743323,0.7748756020586641,0.7829425768536126
94523,0.853745247226024,0.8623677773685624,0.8864694800238947,0.8553004466861847,0.8698651921796486
94524,0.853745247226024,0.8623677773685624,0.8864694800238947,0.8553004466861847,0.8698651921796486
94525,0.8534478263575909,0.8620900037308538,0.8862450899199333,0.8550065914574223,0.8696042635665281
94526,0.9350050141769395,0.9505277227262044,0.9696110708033058,0.9329890913075931,0.9582583655746645
94527,0.9350050141769395,0.9505277227262044,0.9696110708033058,0.9329890913075931,0.9582583655746645
94528,0.9350050141769395,0.9505277227262044,0.9696110708033058,0.9329890913075931,0.9582583655746645
94529,0.9350050141769395,0.9505277227262044,0.9696110708033058,0.9329890913075931,0.9582583655746645
94530,0.8761439923537051,0.8878033323051354,0.908884866789778,0.8760947949251917,0.8933440219534865
94532,0.8736465526469597,0.8860377632199801,0.9081738891132858,0.8700958023719052,0.8932525342309678
94533,0.8736465526469597,0.8860377632199801,0.9081738891132858,0.8700958023719052,0.8932525342309678
94534,0.8739933419310205,0.8863894711282034,0.9085343838372152,0.8704411822048076,0.8936071060036064
94535,0.8736465526469597,0.8860377632199801,0.9081738891132858,0.8700958023719052,0.8932525342309678
94536,0.8736465526469597,0.8860377632199801,0.9081738891132858,0.8700958023719052,0.8932525342309678
94537,0.8535117148358495,0.8621496712048511,0.8862932889790587,0.8550697138875374,0.8696603121389492
94538,0.8761439923537051,0.8878033323051354,0.908884866789778,0.8738035926146158,0.8933440219534865
94539,0.8962875911015344,0.9123434196983093,0.9341176494926391,0.8921754898548313,0.921966834995758
94540,0.8736160624336174,0.8860105556676658,0.9081523761704674,0.8700643585290236,0.8932272062202083
94541,0.8070573490139114,0.8121360738122302,0.839526288781078,0.8087895428899327,0.8172924720270407
94542,0.7749201466502826,0.7780477577158369,0.8052016381154885,0.7754112667131906,0.7834703755491133
94543,0.8209834655058562,0.8238378658985658,0.8490767853398842,0.8219272997693002,0.8269868501533192
94544,0.8208332300010565,0.8236904069300922,0.8489532680061043,0.8217779839409786,0.8268424376951209
94545,0.8209834655058562,0.8238378658985658,0.8490767853398842,0.8219272997693002,0.8269868501533192
94546,0.8736427439469089,0.8860343645689167,0.9081712018002307,0.8700918745508781,0.89324937036094
94547,0.8736427439469089,0.8860343645689167,0.9081712018002307,0.8700918745508781,0.89324937036094
94548,0.8734398265751011,0.885853296086883,0.9080280343767558,0.8698826098526756,0.8930808115522502
94549,1.0050625091303613,1.0265502224755043,1.0370853085281129,1.004332980775262,1.0274455655553547
94551,0.8078741063874566,0.812715607734709,0.830380000037156,0.8098847153918166,0.8085194357393937
94552,0.8530445773206801,0.8617134044569531,0.8859408915812664,0.8546081790405234,0.8692505116336339
94553,0.8534226798777226,0.862066518729003,0.8862261190598912,0.8549817465116748,0.869582203030471
94554,0.8530445773206801,0.8617134044569531,0.8859408915812664,0.8546081790405234,0.8692505116336339
94555,0.8567739712464713,0.8667207343939336,0.8889756482859543,0.8603531871036553,0.8702652331807107
94556,0.8071319557074039,0.8122083799098788,0.8395865466485489,0.8088633625101513,0.8173624641208003
94557,0.8071319557074039,0.8122083799098788,0.8395865466485489,0.8088633625101513,0.8173624641208003
94558,0.8211386743024224,0.8239902068663283,0.8492043963726692,0.8220815586534502,0.8271360444104513
94559,0.8078370729058124,0.8129258063285753,0.8403693367814261,0.8095726848581548,0.8180923260806596
94560,0.8534478263575909,0.8620900037308538,0.8862450899199333,0.8550065914574223,0.8696042635665281
94561,0.8534478263575909,0.8620900037308538,0.8862450899199333,0.8550065914574223,0.8696042635665281
94562,0.8534478263575909,0.8620900037308538,0.8862450899199333,0.8550065914574223,0.8696042635665281
94563,0.814506665934028,0.8196277296874874,0.8472468724395844,0.8162532963496794,0.8248271500564077
94564,0.806920112840885,0.8120030701418453,0.8394154499799126,0.8086537547340387,0.8171637254783857
94565,0.8068857111264585,0.8119697295420177,0.8393876660944942,0.8086197160475689,0.81713145215551
94566,0.8073907150823454,0.8124766368045179,0.8399050037610004,0.8091253680492693,0.8176403018763841
94567,0.9350869862001553,0.9505893221913713,0.9696483226314273,0.9330737474584346,0.95831001058481
94568,0.9350869862001553,0.9505893221913713,0.9696483226314273,0.9330737474584346,0.95831001058481
94569,0.9350869862001553,0.9505893221913713,0.9696483226314273,0.9330737474584346,0.95831001058481
94570,0.8736160624336174,0.8860105556676658,0.9081523761704674,0.8700643585290236,0.8932272062202083
94571,1.0050625091303613,1.0265502224755043,1.0370853085281129,1.004332980775262,1.0274455655553547
94572,1.0050625091303613,1.0265502224755043,1.0370853085281129,1.004332980775262,1.0274455655553547
94573,0.8762416764374467,0.8878909379093777,0.9089547480004179,0.8761925219634573,0.8934269078552866
94574,0.8207955518859444,0.8236534252453842,0.8489222913665432,0.8217405365060508,0.826806220152931
94575,0.8207955518859444,0.8236534252453842,0.8489222913665432,0.8217405365060508,0.826806220152931
94576,0.8207955518859444,0.8236534252453842,0.8489222913665432,0.8217405365060508,0.826806220152931
94577,0.8078029631206197,0.8128927609495032,0.8403418656793706,0.8095389392248231,0.8180603513089417
94578,0.8073316727131087,0.8124185010395237,0.8398515913446557,0.8090666360098294,0.8175830765105829
94579,0.8686821320351671,0.8732771849428516,0.8892135915146452,0.8703681922517685,0.866828323284705
94580,0.8339032940247462,0.8368029998972393,0.8624424441972868,0.8348621091556517,0.8400019633754534
94581,0.8203896874158795,0.823255065003377,0.8485886329445744,0.8213371576895174,0.8264160936370403
94582,0.8203896874158795,0.823255065003377,0.8485886329445744,0.8213371576895174,0.8264160936370403
94583,0.8203896874158795,0.823255065003377,0.8485886329445744,0.8213371576895174,0.8264160936370403
94584,0.8643557064861155,0.873881208563099,0.8936785020049794,0.8692520246594487,0.875221412820974
94585,0.8643557064861155,0.873881208563099,0.8936785020049794,0.8692520246594487,0.875221412820974
94586,0.8634732097057527,0.8730674850844073,0.8930041439628458,0.8684050211971329,0.8744172745374651
94587,0.8469135672006654,0.8525488785142605,0.8699864709199551,0.8490883614199283,0.8489259196909682
94588,0.8472384074300023,0.8528602182104212,0.8702568635808752,0.8494079757032927,0.8492459236276326
94589,0.8762416764374467,0.8878909379093777,0.9089547480004179,0.8761925219634573,0.8934269078552866
94590,0.8042681367673173,0.809333928747138,0.8350351411776538,0.8058679589095461,0.8132362417111626
94591,0.7753654392833902,0.778495471975604,0.8056702540936259,0.7758569398071259,0.783922281315115
94592,0.8736160624336174,0.8860105556676658,0.9081523761704674,0.8700643585290236,0.8932272062202083
94593,0.8736160624336174,0.8860105556676658,0.9081523761704674,0.8700643585290236,0.8932272062202083
94594,0.8736160624336174,0.8860105556676658,0.9081523761704674,0.8700643585290236,0.8932272062202083
94595,0.8734282784797647,0.8858429915711765,0.9080198869923071,0.8698707004769801,0.8930712190351098
94596,0.8734398265751011,0.885853296086883,0.9080280343767558,0.8698826098526756,0.8930808115522502
94597,0.8634732097057527,0.8730674850844073,0.8930041439628458,0.8684050211971329,0.8744172745374651
94598,0.8734282784797647,0.8858429915711765,0.9080198869923071,0.8698707004769801,0.8930712190351098
94599,0.8734282784797647,0.8858429915711765,0.9080198869923071,0.8698707004769801,0.8930712190351098
94601,0.8761439923537051,0.8878033323051354,0.908884866789778,0.8760947949251917,0.8933440219534865
94602,0.8761439923537051,0.8878033323051354,0.908884866789778,0.8760947949251917,0.8933440219534865
94603,0.877543270975449,0.8892212319130187,0.9103364354529482,0.8774939949743373,0.8947707705275697
94604,0.9122516910773669,0.9297086633631647,0.9475135025412346,0.9099969397906083,0.9363886066123266
94605,0.8958809555232159,0.9120298596007753,0.9335895492073631,0.892848348442802,0.9203773815180022
94606,0.9122516910773669,0.9297086633631647,0.9475135025412346,0.9099969397906083,0.9363886066123266
94607,0.9120783509603515,0.9295718283456427,0.9474128274791996,0.9098188065380478,0.9362654626079336
94608,0.8632975490936144,0.8678772372772833,0.8837596628144205,0.8649779821082952,0.8614499131842598
94612,0.7966897060749363,0.7993318385398821,0.8239566710648565,0.7969123235489253,0.8006849994626307
94613,0.7806882228862394,0.7818610755826869,0.808522589010245,0.7791294535448063,0.7853382813784983
94614,0.8207955518859444,0.8236534252453842,0.8489222913665432,0.8217405365060508,0.826806220152931
94615,0.8206356149367704,0.8234964449340885,0.8487908042453319,0.8215815788925966,0.8266524839249215
94616,0.8389247417243506,0.8447082617464297,0.8717097385370939,0.8408757176969427,0.8505875181979607
94617,0.8175596987973057,0.8227017751340946,0.8487908751361879,0.8191836060116525,0.8266628908295665
94619,0.7744394384289331,0.777565732996128,0.8047080609058681,0.7749303519650603,0.7829860612238551
94620,0.8054927850417392,0.8105611696877691,0.8362761286488495,0.8070934216946826,0.8144655066432247
94621,0.8041856714832661,0.8092458314072212,0.8349190614141285,0.8057837107027997,0.8131438325991962
94622,0.860933991136087,0.8656020493075801,0.881785525138367,0.8626469325052701,0.8590505011308273
94623,0.8211902289499319,0.8240408090660609,0.8492467851531557,0.8221327978218673,0.827185601534687
94624,0.7743944411718091,0.7775214905915487,0.8046701878564109,0.7748854735397062,0.7829431169463146
94625,0.8209661695216208,0.8238208895352455,0.8490625650706444,0.8219101096534552,0.82697022449047
94626,0.7949647104140547,0.7976017502882968,0.8221790007136379,0.795186898900905,0.798952302075144
94627,0.7952431065680295,0.7978804415472142,0.8224605612180916,0.7954653198214976,0.7992311454507385
94628,0.7945220121683492,0.7971603542183281,0.8217492163191844,0.7947443108047796,0.79851156858665
94629,0.7997705894303838,0.8024263602512224,0.827177655287284,0.7999943565617716,0.8037865006818823
94630,0.8245400526521913,0.8302262454967804,0.8567731267478229,0.8264581986719768,0.8360065475063329
94631,0.827636514323677,0.8462445097715986,0.8432943137882682,0.8352785524963373,0.8306099754048095
94632,0.8040811253331449,0.8091444590844363,0.8348333479980469,0.8056801700751527,0.8130448851128246
94633,0.8040811253331449,0.8091444590844363,0.8348333479980469,0.8056801700751527,0.8130448851128246
94634,0.8040811253331449,0.8091444590844363,0.8348333479980469,0.8056801700751527,0.8130448851128246
94635,0.7948568909282184,0.7974901273240874,0.8220325805305062,0.7950787584094473,0.7988387365383529
94636,0.7748357873127456,0.7779683012822713,0.8051637161094747,0.7753276789426281,0.7833993601611866
94637,0.794732115746276,0.7973672541985442,0.8219269970325251,0.7949541438492999,0.7987168339391147
94638,0.7764606011119587,0.7795950548063902,0.8068082198372524,0.7769527958536528,0.7850295292211528
94639,0.7744169464918086,0.7775436183663622,0.8046891299608913,0.7749079194250826,0.782964595453748
94640,0.7744169464918086,0.7775436183663622,0.8046891299608913,0.7749079194250826,0.782964595453748
94641,0.7744169464918086,0.7775436183663622,0.8046891299608913,0.7749079194250826,0.782964595453748
94642,0.7744406654138024,0.7775674330523843,0.8047137760624381,0.774931653384646,0.7829885761740145
94643,0.7743794301866026,0.7775067314353318,0.8046575535840904,0.774870502198413,0.7829287908616537
94644,0.8042457111526344,0.8093040486004874,0.8349682867171435,0.8058431729824793,0.8132006573914407
94645,0.7743944411718091,0.7775214905915487,0.8046701878564109,0.7748854735397062,0.7829431169463146
94646,0.8041476939067964,0.8092090067040629,0.8348879247711384,0.8057460983757573,0.8131078887057333
94647,0.8056181772038967,0.8079964648921667,0.8320346302539814,0.8051380668725433,0.809785426892967
94648,0.7768324708063234,0.777999530884039,0.8045293653867223,0.7752814000927858,0.7814595630590803
94649,0.860933991136087,0.8656020493075801,0.881785525138367,0.8626469325052701,0.8590505011308273
94650,0.8490017550097027,0.8613337455869386,0.8656142926932419,0.8543111467167491,0.848567233475429
94651,0.7946678652668735,0.7973039832841563,0.821872630101667,0.794889976090824,0.7986540628468535
94652,0.7758602733361795,0.7789969291081781,0.8062283016477744,0.7763528153439977,0.784435168920144
94653,0.8042457111526344,0.8093040486004874,0.8349682867171435,0.8058431729824793,0.8132006573914407
94654,0.8042457111526344,0.8093040486004874,0.8349682867171435,0.8058431729824793,0.8132006573914407
94655,0.8469135672006654,0.8525488785142605,0.8699864709199551,0.8490883614199283,0.8489259196909682
94656,0.8472384074300023,0.8528602182104212,0.8702568635808752,0.8494079757032927,0.8492459236276326
94657,0.846861333521766,0.8528602182104212,0.8702568635808752,0.8494079757032927,0.8492459236276326
94658,0.7775115393368917,0.7806522743804122,0.8079195725455053,0.7780047210736161,0.7860976161738176
94659,0.7743418766729128,0.7774698079571304,0.8046259461810923,0.7748330478674672,0.7828929508561118
94660,0.7742176856601004,0.7773477007620039,0.8045214212752322,0.7747091848984152,0.7827744271790948
94661,0.7743794301866026,0.7775067314353318,0.8046575535840904,0.774870502198413,0.7829287908616537
94662,0.7743794301866026,0.7775067314353318,0.8046575535840904,0.774870502198413,0.7829287908616537
94663,0.7740287419769493,0.7771619281695116,0.8043624036369507,0.7745207404244532,0.7825941078015378
94664,0.7738883199770216,0.7770238635177735,0.8042442273044982,0.7743806895319085,0.7824600969417275
94665,0.7740287419769493,0.7771619281695116,0.8043624036369507,0.7745207404244532,0.7825941078015378
94666,0.7740287419769493,0.7771619281695116,0.8043624036369507,0.7745207404244532,0.7825941078015378
94667,0.7946678652668735,0.7973039832841563,0.821872630101667,0.794889976090824,0.7986540628468535
94668,0.7946678652668735,0.7973039832841563,0.821872630101667,0.794889976090824,0.7986540628468535
94669,0.7946678652668735,0.7973039832841563,0.821872630101667,0.794889976090824,0.7986540628468535
94670,0.8481154918789587,0.8510912581819559,0.8697230838171685,0.8489156497007054,0.846158689183001
94671,0.8481154918789587,0.8510912581819559,0.8697230838171685,0.8489156497007054,0.846158689183001
94672,0.7946068855257313,0.7972439333297874,0.8218210315159474,0.7948290748671297,0.7985944873140733
94673,0.7741979914540286,0.7773347896827948,0.804566045700402,0.7746905580306347,0.7827731984160153
94674,0.7849304913502321,0.7873043248165437,0.8121450032141739,0.7838140108149083,0.7885756814682525
94675,0.8637588111243906,0.8683212842698751,0.8841450433699521,0.8654329116179689,0.8619181590491406
94676,0.7817209185985787,0.7848830136516262,0.8123348975144861,0.7822174558382061,0.790365339494608
94677,0.8637588111243906,0.8683212842698751,0.8841450433699521,0.8654329116179689,0.8619181590491406
94678,0.8749944136998653,0.8796162345872933,0.8956458259940383,0.8766902905592243,0.8731298187890334
94679,0.8038004923065483,0.8232069165485565,0.8210523997401122,0.8125624890365717,0.8072701352054056
94680,0.8038004923065483,0.8232069165485565,0.8210523997401122,0.8125624890365717,0.8072701352054056
94681,0.8044033577241217,0.8238243371476287,0.8216682044112424,0.8131719261157303,0.8078756029201101
94682,0.7939504508408033,0.8086431181803327,0.8069939132194746,0.7978241327361115,0.7938643159300883
94683,0.8121034993661294,0.8298674939670219,0.8273890004634195,0.818078382235121,0.814234508157679
94684,0.8056181772038967,0.8079964648921667,0.8320346302539814,0.8051380668725433,0.809785426892967
94685,0.8056181772038967,0.8079964648921667,0.8320346302539814,0.8051380668725433,0.809785426892967
94686,0.8085262170433157,0.810913089636374,0.8350380255608656,0.8080443736577557,0.8127085092530979
94687,0.7838929797912129,0.7862636755533741,0.8110715198449843,0.7827779750062563,0.7875333517413523
94688,0.8052071969965086,0.8075913992539877,0.8316879235793819,0.8047258895226855,0.8093847931695695
94689,0.8052071969965086,0.8075913992539877,0.8316879235793819,0.8047258895226855,0.8093847931695695
94690,0.8051012256669887,0.807486953577329,0.8315985304513249,0.8046196093899108,0.8092814906845911
94691,0.8052071969965086,0.8075913992539877,0.8316879235793819,0.8047258895226855,0.8093847931695695
94692,0.8049981382016632,0.8073853504746618,0.8315115721043023,0.8045162214778101,0.8091809998291754
94693,0.8051687015730894,0.807553458015717,0.8316554501475307,0.80468728192827,0.8093472671901113
94694,0.8057445608191818,0.8081210303922437,0.8321412551458973,0.8052648184816825,0.8099086300238031
94695,0.7946712498657732,0.7973073162789833,0.821875494033185,0.794893356331932,0.7986573695107845
94696,0.7946712498657732,0.7973073162789833,0.821875494033185,0.794893356331932,0.7986573695107845
94697,0.8490842286398455,0.861408672971079,0.8656866382276327,0.8543903515274565,0.8486499759719883
94698,0.8490842286398455,0.861408672971079,0.8656866382276327,0.8543903515274565,0.8486499759719883
94699,0.8490142677354234,0.8613451133631407,0.8656252687424291,0.8543231634814822,0.8485797869949487
94700,0.863945839959315,0.8764860003469788,0.8808388432831978,0.8693448364786686,0.8635039865209496
94701,0.8490842286398455,0.861408672971079,0.8656866382276327,0.8543903515274565,0.8486499759719883
94702,0.7953627234693428,0.810074291204573,0.8084229567671412,0.799241372735011,0.7952764782339861
94703,0.7948404424015517,0.8095423496723436,0.8078920995964085,0.7987165447222597,0.7947542537997941
94704,0.8454103104013058,0.8484461300184368,0.8674468281858443,0.8462266474812,0.8434138430998273
94705,0.8454103104013058,0.8484461300184368,0.8674468281858443,0.8462266474812,0.8434138430998273
94706,0.8454103104013058,0.8484461300184368,0.8674468281858443,0.8462266474812,0.8434138430998273
94707,0.8454103104013058,0.8484461300184368,0.8674468281858443,0.8462266474812,0.8434138430998273
94708,0.8490142677354234,0.8613451133631407,0.8656252687424291,0.8543231634814822,0.8485797869949487
94709,0.8490017550097027,0.8613337455869386,0.8656142926932419,0.8543111467167491,0.848567233475429
94710,0.8051687015730894,0.807553458015717,0.8316554501475307,0.80468728192827,0.8093472671901113
94711,0.774134665737146,0.7772660740680224,0.8044515496417454,0.7746263843043222,0.7826951963838578
94712,0.8809696607014499,0.8873523676065099,0.8975018379334938,0.8834646369753355,0.8780827753592539
94713,0.8118333523564509,0.8296002115212737,0.827121332306345,0.8178092249117401,0.8139647172239419
94714,0.7831890524388534,0.7855596559398135,0.8103661011782514,0.7820740884733808,0.7868292796700579
94715,0.7831890524388534,0.7855596559398135,0.8103661011782514,0.7820740884733808,0.7868292796700579
94716,0.8481203211656232,0.8510959804550963,0.8697271485529011,0.8489204501573179,0.8461635891455006
94717,0.8481203211656232,0.8510959804550963,0.8697271485529011,0.8489204501573179,0.8461635891455006
94718,0.8481203211656232,0.8510959804550963,0.8697271485529011,0.8489204501573179,0.8461635891455006
94719,0.847914251004318,0.850894477272186,0.8695537061809333,0.8487156103690803,0.8459545027591248
94720,0.8469922620374105,0.849992937014377,0.8687777914768576,0.8477991304929463,0.8450190081652036
94721,0.8638319171703158,0.868391662803779,0.8842061263305807,0.8655050143628308,0.8619923715750125
94722,0.847914251004318,0.850894477272186,0.8695537061809333,0.8487156103690803,0.8459545027591248
94723,0.7848274711537336,0.7872007021643292,0.8120351381253018,0.7837112743375412,0.7884717365927767
94724,0.7843930185678916,0.7867649358421728,0.8115856243423112,0.7832774396385734,0.7880352666711484
94725,0.841497003607061,0.8480361899017543,0.8664726764733638,0.8458677413108737,0.8447420064795902
94726,0.8381635713988355,0.8446789651448224,0.8630482614831123,0.8425184086651542,0.8413967700690661
94727,0.8389335795880477,0.8454137374853639,0.8636858258109282,0.843264820731205,0.8421492422840131
94728,0.8381635713988355,0.8446789651448224,0.8630482614831123,0.8425184086651542,0.8413967700690661
94729,0.8388003594379391,0.8452866109744962,0.8635755117521404,0.8431356812310592,0.8420190547459566
94730,0.8078741063874566,0.812715607734709,0.830380000037156,0.8098847153918166,0.8085194357393937
94731,0.8057445608191818,0.8081210303922437,0.8321412551458973,0.8052648184816825,0.8099086300238031
94732,0.8051654915791447,0.807550294234683,0.8316527423185084,0.8046840625804993,0.8093441380370364
94733,0.7863847492860634,0.7887649671757926,0.8136720316645499,0.7852652634671069,0.7900397401701769
94734,0.8049981382016632,0.8073853504746618,0.8315115721043023,0.8045162214778101,0.8091809998291754
94735,0.8053893253652501,0.8077747909893498,0.8318839394872706,0.8049077625306709,0.8095691334753329
94736,0.8957029927437311,0.9118815491332399,0.9334795952389939,0.8926647262986367,0.9202440858244781
94737,0.8957029927437311,0.9118815491332399,0.9334795952389939,0.8926647262986367,0.9202440858244781
94738,0.8957029927437311,0.9118815491332399,0.9334795952389939,0.8926647262986367,0.9202440858244781
94739,0.7987226680760812,0.8195748192927244,0.8155271859524474,0.8074220144272872,0.8013636025957077
94740,0.8136745573943502,0.8314366990852907,0.8289584065830929,0.8196487091208686,0.8158052926732036
94741,0.8100466424499931,0.8277656452546657,0.8252934291609113,0.8160063924213162,0.8121722539243601
94743,0.8100466424499931,0.8277656452546657,0.8252934291609113,0.8160063924213162,0.8121722539243601
94746,0.7706320535202366,0.7947089754504518,0.7884818683819316,0.7806355487312818,0.7740148627433322
94748,0.848113321673119,0.8546715882188833,0.8731635454692015,0.8524967773132058,0.8513677532412763
94749,0.8502243860981971,0.8589292811947292,0.8800340601640978,0.8543433887462647,0.8623598189781735
94750,0.8502243860981971,0.8589292811947292,0.8800340601640978,0.8543433887462647,0.8623598189781735
94751,0.8508173173592243,0.8594835264373979,0.8804968897369914,0.8549179414599943,0.8628989780962002
94752,0.8508173173592243,0.8594835264373979,0.8804968897369914,0.8549179414599943,0.8628989780962002
94753,0.8196381412032563,0.8251583532585789,0.8435530045130669,0.8214883202862432,0.8215008723665896
94754,0.8196381412032563,0.8251583532585789,0.8435530045130669,0.8214883202862432,0.8215008723665896
94755,0.8193735516390739,0.8249031386805572,0.8433283666494821,0.8212268833354704,0.8212394567678255
94756,0.8051012256669887,0.807486953577329,0.8315985304513249,0.8046196093899108,0.8092814906845911
94758,0.8052104029072715,0.8075945590134563,0.8316906279896618,0.8047291047747914,0.8093879183471849
94759,0.8051847468295928,0.8075692722787946,0.8316689853464161,0.8047033739394938,0.8093629083666158
94760,0.8051943702138736,0.8075787571239053,0.8316771033095494,0.804713025365082,0.8093722894023491
94761,0.8291858186231861,0.8354382455987592,0.851413095617719,0.8321105264163546,0.82945065470482
94762,0.818542010599188,0.8222732806822539,0.8426794001508017,0.8197634622395736,0.8197348302256874
94763,0.8102644049300656,0.8151205674519703,0.8328384309481272,0.8122811028202244,0.8109116886306114
94764,0.7825924435399101,0.7849708843008042,0.8098572808381294,0.781473781257601,0.7862446909657386
94766,1.005519634177922,1.0273661459578618,1.0397330904230042,1.008647928631183,1.0282275898816462
94767,1.0055245239724748,1.027389969551955,1.0397673419297915,1.0086555705402211,1.028252146560412
94770,0.9446224721384819,0.9611809248430961,0.9804659004986864,0.9441665554433628,0.9673892219679117
94771,0.9446224721384819,0.9611809248430961,0.9804659004986864,0.9441665554433628,0.9673892219679117
94772,0.9446084438822788,0.9611712244344521,0.9804610953945316,0.9441524063545285,0.9673811142594898
94773,0.8958595824927782,0.9120120474807454,0.93357634345085,0.8928262958002386,0.9203613725503607
94774,0.8958044908756665,0.9119661349039683,0.9335423045791172,0.8927694523135623,0.9203201079425676
94775,0.8078835527644578,0.8127247754449302,0.8303881715828408,0.8098940457419911,0.8085288448294923
94776,0.8469922620374105,0.849992937014377,0.8687777914768576,0.8477991304929463,0.8450190081652036
94777,0.8490017550097027,0.8613337455869386,0.8656142926932419,0.8543111467167491,0.848567233475429
94778,0.8518944683533599,0.8642684764099311,0.8685636081689274,0.8572219501858356,0.8514584663200968
94779,0.8147594650101162,0.83258155634301,0.8300949569839353,0.8207538885948409,0.8168974432164533
94780,0.8147594650101162,0.83258155634301,0.8300949569839353,0.8207538885948409,0.8168974432164533
94781,0.8147594650101162,0.83258155634301,0.8300949569839353,0.8207538885948409,0.8168974432164533
94783,0.8809696607014499,0.8873523676065099,0.8975018379334938,0.8834646369753355,0.8780827753592539
94784,0.8299721340424097,0.845256118727429,0.8462482779664482,0.8355270768100699,0.8310651660093874
94785,0.8594233015427842,0.8624439795128052,0.8813564769664145,0.8602355380515708,0.8574369529172224
94787,0.8809696607014499,0.8873523676065099,0.8975018379334938,0.8834646369753355,0.8780827753592539
94789,0.7752707024559212,0.7764476547562588,0.8031965332171319,0.7737064500784282,0.7799368847048781
94790,0.7833130881066904,0.7856840087371619,0.8104937848907224,0.7821979750596296,0.7869538023995807
94791,0.7861419915982163,0.7885214747125165,0.8134208503677967,0.785022851365551,0.7897958541833172
94792,0.7831926607644905,0.7855632168872391,0.8103691787608545,0.7820777191560314,0.7868328153303027
94793,0.8391582039547554,0.8420359751615959,0.8626163009726637,0.8391103213028419,0.8403246064269561
94794,0.8958259380716591,0.9119840086337736,0.9335555558287747,0.8927915815279844,0.9203361721947119
94795,0.8958044908756665,0.9119661349039683,0.9335423045791172,0.8927694523135623,0.9203201079425676
94796,0.8686767586891027,0.8783463461785165,0.8972943182785669,0.8704596093579575,0.8824656144166458
94797,0.9446263646046973,0.961183616455449,0.9804672337951549,0.9441704814370655,0.9673914716496306
94798,1.0055205949102652,1.027370826781492,1.0397398201334735,1.008649430092461,1.0282324147419855
94799,0.9446084438822788,0.9611712244344521,0.9804610953945316,0.9441524063545285,0.9673811142594898
94800,0.8099790720748574,0.8277053505755333,0.8252321332822729,0.8159412953478001,0.8121055687660963
94801,0.8056561775001759,0.8205654683677751,0.8188919481080759,0.8095869716011437,0.8055687726465828
94802,0.7946956427908853,0.8094021004839753,0.8077513475999948,0.7985729604755083,0.7946094270350219
94803,0.8391607517972206,0.8420384710257379,0.8626184326987698,0.8391128700124121,0.8403271331698509
94804,0.8391607517972206,0.8420384710257379,0.8626184326987698,0.8391128700124121,0.8403271331698509
94805,0.8388944468816997,0.8417775999487117,0.862395627504414,0.8388464744489149,0.8400630340190282
94806,0.8391607517972206,0.8420384710257379,0.8626184326987698,0.8391128700124121,0.8403271331698509
94807,0.7752707024559212,0.7764476547562588,0.8031965332171319,0.7737064500784282,0.7799368847048781
94808,0.7752707024559212,0.7764476547562588,0.8031965332171319,0.7737064500784282,0.7799368847048781
94810,0.8958044908756665,0.9119661349039683,0.9335423045791172,0.8927694523135623,0.9203201079425676
94811,0.8967331782866635,0.9129115772157309,0.934510115072061,0.8936949932767203,0.9212742108824827
94812,0.8951494616134219,0.900505021786054,0.9119383365183454,0.8964536324435085,0.8922113009189557
94813,0.8617197948966869,0.8646813952253057,0.8858604154733436,0.8616705171894693,0.8629201779389645
94814,1.0055205949102652,1.027370826781492,1.0397398201334735,1.008649430092461,1.0282324147419855
94815,0.9446084438822788,0.9611712244344521,0.9804610953945316,0.9441524063545285,0.9673811142594898
94816,0.9950420808889839,1.014277496007086,1.0277582274897976,0.9986213280133515,1.015954112758701
94817,0.8185065225641247,0.8222386394787327,0.8426492910733309,0.8197282520502146,0.8196996135303994
94818,0.8185065225641247,0.8222386394787327,0.8426492910733309,0.8197282520502146,0.8196996135303994
94819,0.8185065225641247,0.8222386394787327,0.8426492910733309,0.8197282520502146,0.8196996135303994
94820,0.8351260793463052,0.8389339759001344,0.8597590603352616,0.8363726157239798,0.836343395706653
94821,0.8051847468295928,0.8075692722787946,0.8316689853464161,0.8047033739394938,0.8093629083666158
94822,1.0079008954128568,1.0291586882690107,1.041779260954362,1.0139952671237837,1.0308945284666218
94823,1.0079135398120758,1.0294403364907652,1.0420643630281752,1.0118868049166057,1.030675509464815
94824,0.909443256937734,0.9177274318574119,0.9424703247541494,0.9022323932519002,0.9292184008789329
94825,1.0079010008935099,1.0291590709984508,1.041779803874265,1.0139954530572644,1.030894933421025
94826,0.8975119020431114,0.9079552273379095,0.9313890877453072,0.8904757797100181,0.9171505490756576
94827,0.9094657188748311,0.917747697004568,0.9424842059039353,0.9022567923607916,0.9292356686560115
94828,0.8078646572364935,0.812706437336141,0.8303718261070093,0.8098753823033601,0.8085100238868047
94829,0.9950420808889839,1.014277496007086,1.0277582274897976,0.9986213280133515,1.015954112758701
94830,0.9445544453346344,0.961133885371995,0.9804425996968416,0.9440979426715965,0.9673499059891805
94831,0.8686072708049523,0.8782825110431098,0.897241292586055,0.8703911708033248,0.8824041590103137
94832,0.8069997181333638,0.8119452348660888,0.8294815694947109,0.8093925707755123,0.8074943784450778
94833,0.8086313876738072,0.8135720759803527,0.8310921697770125,0.8110218902077878,0.8091255600139358
94834,0.8051398003114111,0.8075249728410135,0.8316310702117312,0.8046582964475566,0.8093190937948306
94835,0.8051398003114111,0.8075249728410135,0.8316310702117312,0.8046582964475566,0.8093190937948306
94836,0.8689939148374292,0.879391658898859,0.9029722461838776,0.8635513047789038,0.8873877877476543
94837,0.8689939148374292,0.879391658898859,0.9029722461838776,0.8635513047789038,0.8873877877476543
94838,0.8689939148374292,0.879391658898859,0.9029722461838776,0.8635513047789038,0.8873877877476543
94839,0.8689939148374292,0.879391658898859,0.9029722461838776,0.8635513047789038,0.8873877877476543
94840,0.8688662287683977,0.8792751620667015,0.902880399304219,0.8634176810756172,0.8872797607881732
94841,0.8690495296104054,0.8794424006295277,0.9030122521860889,0.8636095054139629,0.8874348406763253
94842,0.8690515130691752,0.8794442103008346,0.903013678984417,0.863611581091894,0.8874365187929366
94843,1.0055245239724748,1.027389969551955,1.0397673419297915,1.0086555705402211,1.028252146560412
94844,0.8929546859506157,0.9073519425242169,0.927148639502914,0.8883915187197564,0.9130681327702278
94845,0.8689022203212484,0.8793079994791785,0.9029062882533205,0.863455346406617,0.8873102106474666
94846,0.9649145405858532,0.9771735849099827,0.9960668354706621,0.9638854088681178,0.9848992512841409
94847,0.9649145405858532,0.9771735849099827,0.9960668354706621,0.9638854088681178,0.9848992512841409
94848,0.9649111445965121,0.9771713974881355,0.9960664642838826,0.9638819103203798,0.9848978132502109
94849,1.0080027027998766,1.0298593173105572,1.0421863928944084,1.0161639650496652,1.0309276545443786
94850,1.0080027027998766,1.0298593173105572,1.0421863928944084,1.0161639650496652,1.0309276545443786
94851,0.9651473498657357,0.9774100673208928,0.9963089522951254,0.9641179091641789,0.9851380415050122
94852,1.0079291890529563,1.0295459750497387,1.0428001979739678,1.01191023658943,1.0307350775932103
94853,0.8049981382016632,0.8073853504746618,0.8315115721043023,0.8045162214778101,0.8091809998291754
94854,0.7825924435399101,0.7849708843008042,0.8098572808381294,0.781473781257601,0.7862446909657386
94855,0.7857258809093354,0.788113844756253,0.8130998844290876,0.7846027395929799,0.7893927516408972
94857,1.0079135398120758,1.029488657533088,1.0427180339985873,1.0118868049166057,1.030675509464815
94858,1.0079135398120758,1.029488657533088,1.0427180339985873,1.0118868049166057,1.030675509464815
94860,1.007913645537673,1.0294890447754823,1.0427185891123072,1.0118869632205776,1.030675911912972
94861,0.8974122524695805,0.9078665228071774,0.9313242563744176,0.890368646138009,0.9170713237385135
94863,0.8974016464439778,0.9078570817674332,0.9313173563205933,0.8903572435077417,0.9170628916452728
94864,0.8928125433494195,0.9072304159208205,0.92705465873049,0.8882427362423383,0.9129546537115426
94865,1.0079149150238778,1.0294936945294033,1.0427252545487695,1.011888864034066,1.0306807442473176
94866,0.8975734878363196,0.9080100494270847,0.9314291564085062,0.8905419902941121,0.9171995131840339
94867,0.8977810622260971,0.9115175867438635,0.9315811086666406,0.8926157465286129,0.9170149579156763
94868,0.9095722417805814,0.9178438026328217,0.9425500373915723,0.9023725012808647,0.929317560350209
94869,0.9096972597559774,0.9179684179826886,0.9426735637531751,0.902497885727661,0.9294416491101881
94870,0.8218902117463145,0.8274039878848339,0.8489465149772719,0.8252794388460534,0.8283876147275839
94871,0.861389266657659,0.8724360779261157,0.894224365673091,0.8599867108678264,0.8791093870695389
94872,0.861389266657659,0.8724360779261157,0.894224365673091,0.8599867108678264,0.8791093870695389
94873,0.861389266657659,0.8724360779261157,0.894224365673091,0.8599867108678264,0.8791093870695389
94874,0.861389266657659,0.8724360779261157,0.894224365673091,0.8599867108678264,0.8791093870695389
94875,0.8224217340785034,0.8279390760158492,0.8494955348160477,0.8258131530158704,0.828923338977178
94876,0.861389266657659,0.8724360779261157,0.894224365673091,0.8599867108678264,0.8791093870695389
94878,0.8185922142845482,0.8223222864571402,0.8427219948045851,0.8198132728905742,0.8197846500798355
94879,0.8185479212358046,0.8222790502807145,0.8426844149285141,0.8197693266015512,0.8197406956712148
94880,0.895679835013785,0.9118622503572741,0.9334652879331098,0.8926408320388591,0.9202267410078537
94881,0.895679835013785,0.9118622503572741,0.9334652879331098,0.8926408320388591,0.9202267410078537
94882,0.862127480330323,0.8731276377221995,0.8948265814278309,0.8607309151369607,0.8797732112060124
94883,0.8734316487176274,0.8838934724647307,0.9076187567618468,0.8679554270013811,0.8919387637171924
94884,0.8688662287683977,0.8792751620667015,0.902880399304219,0.8634176810756172,0.8872797607881732
94885,0.9095263149190583,0.917802366986427,0.9425216540664287,0.9023226140691821,0.9292822528312235
94886,0.8974319304527493,0.9078840393590496,0.9313370585307483,0.8903898020788233,0.917086968355701
94887,0.9125831131784853,0.9208869799678027,0.9456893453188571,0.9053552016379912,0.9324054481982795
94888,0.9094551531129582,0.9177381645734777,0.9424776763998354,0.9022453153891797,0.929227546136776
94889,0.8975119020431114,0.9079552273379095,0.9313890877453072,0.8904757797100181,0.9171505490756576
94890,0.8974122524695805,0.9078665228071774,0.9313242563744176,0.890368646138009,0.9170713237385135
94891,0.9163295908201813,0.9217142077779166,0.933212132006335,0.917640765657913,0.9133758213728168
94893,0.8078741063874566,0.812715607734709,0.830380000037156,0.8098847153918166,0.8085194357393937
94896,0.8392040272746786,0.8420808636712468,0.8626546405628578,0.8391561602173084,0.8403700502793292
94897,0.8392040272746786,0.8420808636712468,0.8626546405628578,0.8391561602173084,0.8403700502793292
94898,0.8392040272746786,0.8420808636712468,0.8626546405628578,0.8391561602173084,0.8403700502793292
94899,0.8392040272746786,0.8420808636712468,0.8626546405628578,0.8391561602173084,0.8403700502793292
94900,0.8175373139988946,0.8207615797457375,0.8429443965976615,0.8182872926849775,0.8197639728008738
94901,0.8175373139988946,0.8207615797457375,0.8429443965976615,0.8182872926849775,0.8197639728008738
94902,0.819879728084838,0.8231132320222477,0.8453596072485361,0.820631855615516,0.8221127667264319
94903,0.8685232060497173,0.8789622070621519,0.9026336774852273,0.8630587020115232,0.8869895648448831
94904,0.8685232060497173,0.8789622070621519,0.9026336774852273,0.8630587020115232,0.8869895648448831
94905,0.8685232060497173,0.8789622070621519,0.9026336774852273,0.8630587020115232,0.8869895648448831
94906,0.8078331400233917,0.812675849916334,0.8303445624444205,0.8098442522230993,0.8084786310845079
94907,0.8093817550451579,0.8142337484063249,0.8319363318321013,0.8113967225441948,0.8100284835117532
94908,0.8078741063874566,0.812715607734709,0.830380000037156,0.8098847153918166,0.8085194357393937
94909,0.8069997181333638,0.8119452348660888,0.8294815694947109,0.8093925707755123,0.8074943784450778
94910,0.8133407805791693,0.8183136926127732,0.8359478493914523,0.8157468774801844,0.8138381771369915
94911,0.8180958426831065,0.8213086461498521,0.8434143721593468,0.8188431492280323,0.8203145785741824
94912,0.8974319304527493,0.9078840393590496,0.9313370585307483,0.8903898020788233,0.917086968355701
94913,0.8974319304527493,0.9078840393590496,0.9313370585307483,0.8903898020788233,0.917086968355701
94914,0.8973940663417694,0.9078503342861608,0.9313124248865714,0.8903490940670997,0.9170568652611019
94915,0.909443256937734,0.9177274318574119,0.9424703247541494,0.9022323932519002,0.9292184008789329
94916,0.909443256937734,0.9177274318574119,0.9424703247541494,0.9022323932519002,0.9292184008789329
94917,0.8973940663417694,0.9078503342861608,0.9313124248865714,0.8903490940670997,0.9170568652611019
94918,0.8973940663417694,0.9078503342861608,0.9313124248865714,0.8903490940670997,0.9170568652611019
94919,0.8973940663417694,0.9078503342861608,0.9313124248865714,0.8903490940670997,0.9170568652611019
94920,0.9095236858651816,0.9177999950360005,0.9425200292986003,0.9023197583003538,0.9292802316881887
94921,0.8566552493279086,0.8625350908130168,0.8902037085923586,0.8495164117924094,0.8726110171654556
94922,0.8565894835112664,0.8624723470573225,0.890154779956731,0.8494469347398049,0.8725533807963659
94923,0.8975734878363196,0.9080100494270847,0.9314291564085062,0.8905419902941121,0.9171995131840339
94924,0.8974016464439778,0.9078570817674332,0.9313173563205933,0.8903572435077417,0.9170628916452728
94925,0.9095722417805814,0.9178438026328217,0.9425500373915723,0.9023725012808647,0.929317560350209
94926,0.9095722417805814,0.9178438026328217,0.9425500373915723,0.9023725012808647,0.929317560350209
94927,0.9095722417805814,0.9178438026328217,0.9425500373915723,0.9023725012808647,0.929317560350209
94928,1.0079291890529563,1.0295459750497387,1.0428001979739678,1.01191023658943,1.0307350775932103
94930,0.8264409620506039,0.84165991999987,0.8426478580310045,0.8319722709424836,0.8275293436399249
94931,0.8264409620506039,0.84165991999987,0.8426478580310045,0.8319722709424836,0.8275293436399249
94932,0.8263277441755523,0.8415580208345931,0.8425466830937887,0.8318632024176849,0.8274169454761208
94933,0.8104774768097075,0.828205903707794,0.8257323727321773,0.8164403965553725,0.8126042188195406
94934,0.7850680920755121,0.8085445109319003,0.7994288863191887,0.7942570813164244,0.7876851359259783
94935,0.8391607517972206,0.8420384710257379,0.8626184326987698,0.8391128700124121,0.8403271331698509
94936,0.8392370720958614,0.8421132344037082,0.8626822888428379,0.8391892162836517,0.8404028214678735
94937,0.8391607517972206,0.8420384710257379,0.8626184326987698,0.8391128700124121,0.8403271331698509
94938,0.8686072708049523,0.8782825110431098,0.897241292586055,0.8703911708033248,0.8824041590103137
94939,0.8690515130691752,0.8794442103008346,0.903013678984417,0.863611581091894,0.8874365187929366
94940,0.8685902335961663,0.879023358341025,0.9026818852230897,0.8631288480621931,0.8870462683538899
94941,0.8218902117463145,0.8274039878848339,0.8489465149772719,0.8252794388460534,0.8283876147275839
94942,0.8218902117463145,0.8274039878848339,0.8489465149772719,0.8252794388460534,0.8283876147275839
94943,0.8277809934748717,0.8333293948539419,0.8550075879175374,0.8311914992887003,0.8343192029373114
94944,0.9094657188748311,0.917747697004568,0.9424842059039353,0.9022567923607916,0.9292356686560115
94945,0.8977810622260971,0.9115175867438635,0.9315811086666406,0.8926157465286129,0.9170149579156763
94946,0.8973910332808962,0.9078476343876181,0.931310451653735,0.8903458331926294,0.91705445389968
94947,0.8973469883329184,0.9078084276188764,0.9312817974029242,0.8902984799190102,0.917019437236886
94948,0.8974001307149119,0.9078557325300014,0.9313163702221077,0.8903556139333346,0.9170616865991861
94949,0.8567530031171029,0.8626366417762885,0.8903227626799984,0.849609517474064,0.8727190109136709
94950,0.8975500733804398,0.9113199580535515,0.9314308459919031,0.8923720114611874,0.916830465585734
94951,0.8973910332808962,0.9078476343876181,0.931310451653735,0.8903458331926294,0.91705445389968
94952,0.8973910332808962,0.9078476343876181,0.931310451653735,0.8903458331926294,0.91705445389968
94953,0.8255709429697157,0.8408769208960097,0.8418704265420612,0.8311341539487028,0.8266656269868479
94954,0.8255709429697157,0.8408769208960097,0.8418704265420612,0.8311341539487028,0.8266656269868479
94955,0.8255709429697157,0.8408769208960097,0.8418704265420612,0.8311341539487028,0.8266656269868479
94956,0.8976644695185,0.9114178317317286,0.9315052610707824,0.8924927205860562,0.9169218332493946
94957,0.8606528755028605,0.8701490193240679,0.8913057049062142,0.8583185442296755,0.876013695162422
94958,0.8931011306067512,0.9074859255586403,0.9272660053102945,0.8885419813108092,0.9131972570579048
94959,0.8941372889899174,0.9085387728982625,0.9283418011097853,0.889572850258545,0.9142567305721103
94960,0.8727702591389256,0.8832287679679911,0.9069462718585839,0.8672957433670551,0.8912714611220409
94961,0.8925718374044374,0.907024628347989,0.9268955229862287,0.8879907834383475,0.9127624959803754
94962,0.8923449232055994,0.9083859108116116,0.924898522010381,0.8852591315389589,0.9088429058362655
94963,0.8923449232055994,0.9083859108116116,0.924898522010381,0.8852591315389589,0.9088429058362655
94964,0.8923449232055994,0.9083859108116116,0.924898522010381,0.8852591315389589,0.9088429058362655
94965,0.8643474385137495,0.8747340341553905,0.893993471633749,0.860753757828868,0.8785634237369514
94966,0.8924132816438378,0.9084432957251198,0.9249449151384805,0.8853324330817872,0.9088999824457287
94967,0.964905317641429,0.9771676442411724,0.9960658273915868,0.9638759073911817,0.984895345829131
94968,0.8978187318702774,0.9115498167750251,0.9316056148607781,0.892655494461191,0.9170450458931257
94969,0.8977614382121087,0.9115007965824051,0.9315683423084073,0.8925950397890875,0.9169992836825994
94970,0.8977614382121087,0.9115007965824051,0.9315683423084073,0.8925950397890875,0.9169992836825994
94971,0.8931852522890689,0.9075798259181338,0.9273730574809748,0.8886229648970372,0.9132949893620504
94972,0.8565609255155902,0.8624451014330758,0.8901335336317844,0.8494167650771418,0.8725283531055664
94973,0.8565960687069375,0.8624786296396846,0.8901596791808922,0.8494538915608654,0.8725591519546482
94974,1.0121054900746544,1.0347679972683552,1.0455210097418477,1.016484820722714,1.0342454225602253
94975,1.0121054900746544,1.0347679972683552,1.0455210097418477,1.016484820722714,1.0342454225602253
94976,0.8958450661949837,0.9086633196024644,0.9300872599368594,0.8894111084577724,0.9150753527869749
94977,0.964904831761809,0.9771673312777103,0.9960657742845904,0.9638754068379398,0.9848951400840539
94978,0.964904831761809,0.9771673312777103,0.9960657742845904,0.9638754068379398,0.9848951400840539
94979,0.9094551531129582,0.9177381645734777,0.9424776763998354,0.9022453153891797,0.929227546136776
94980,0.8643474385137495,0.8747340341553905,0.893993471633749,0.860753757828868,0.8785634237369514
94981,0.8922842775124242,0.9083350011677569,0.9248573643526421,0.8851941000814663,0.9087922697253895
94982,0.9649111445965121,0.9771713974881355,0.9960664642838826,0.9638819103203798,0.9848978132502109
94983,0.9649126002971905,0.97717233513251,0.9960666233940291,0.9638834099830597,0.9848984296672622
94984,0.8688381920403719,0.8792495824461913,0.9028602325390849,0.8633883404491625,0.8872560410828483
94985,0.8688381920403719,0.8792495824461913,0.9028602325390849,0.8633883404491625,0.8872560410828483
94986,0.8688381920403719,0.8792495824461913,0.9028602325390849,0.8633883404491625,0.8872560410828483
94988,0.8686767586891027,0.8783463461785165,0.8972943182785669,0.8689877338544048,0.8824656144166458
94989,0.8686767586891027,0.8783463461785165,0.8972943182785669,0.8704596093579575,0.8824656144166458
94990,0.8686767586891027,0.8783463461785165,0.8972943182785669,0.8704596093579575,0.8824656144166458
94991,0.8069997181333638,0.8119452348660888,0.8294815694947109,0.8093925707755123,0.8074943784450778
94992,0.8185479212358046,0.8222790502807145,0.8426844149285141,0.8197693266015512,0.8197406956712148
94993,0.8185479212358046,0.8222790502807145,0.8426844149285141,0.8197693266015512,0.8197406956712148
94994,0.8365842019433649,0.8422004916226525,0.8623148266662091,0.8393903384748743,0.8420091921841285
94995,0.8364211977726921,0.8420438741397892,0.8621805704918503,0.8392305333331379,0.8418523582070735
94996,0.8458109380010653,0.8514891700674718,0.8718253472878134,0.8486480235763865,0.8512957607762598
94997,0.8408961245480161,0.8496072563323072,0.872242711813934,0.8430382576606454,0.8551170124982118
94998,0.8924132816438378,0.9084432957251198,0.9249449151384805,0.8853324330817872,0.9088999824457287
94999,0.8924132816438378,0.9084432957251198,0.9249449151384805,0.8853324330817872,0.9088999824457287
95000,0.895330877480215,0.908621827832191,0.9279688677048469,0.8882268792691087,0.9118714787905414
95001,0.9649067750032677,0.9771685829534688,0.9960659866824403,0.9638774087654723,0.9848959629474211
95002,0.9649067750032677,0.9771685829534688,0.9960659866824403,0.9638774087654723,0.9848959629474211
95003,0.9649067750032677,0.9771685829534688,0.9960659866824403,0.9638774087654723,0.9848959629474211
95004,0.9649062892621545,0.9771682700790493,0.9960659335905111,0.9638769083549438,0.9848957572608127
95005,0.9649111445965121,0.9771713974881355,0.9960664642838826,0.9638819103203798,0.9848978132502109
95006,0.9649111445965121,0.9771713974881355,0.9960664642838826,0.9638819103203798,0.9848978132502109
95007,0.8566968021374403,0.8625747343243294,0.8902346237175033,0.8495603092922226,0.8726474338654491
95008,0.8566968021374403,0.8625747343243294,0.8902346237175033,0.8495603092922226,0.8726474338654491
95009,0.8566968021374403,0.8625747343243294,0.8902346237175033,0.8495603092922226,0.8726474338654491
95010,0.8973469883329184,0.9078084276188764,0.9312817974029242,0.8902984799190102,0.917019437236886
95011,0.8975500733804398,0.9113199580535515,0.9314308459919031,0.8923720114611874,0.916830465585734
95012,0.8680677004045401,0.879023358341025,0.900992104442947,0.8631288480621931,0.8858350136762945
95013,0.8633517176987683,0.8725071460197118,0.8930861322760871,0.8622675137681491,0.8779558809062781
95014,0.8680875873099759,0.8772932372426611,0.8973440674612201,0.8669974360367592,0.8825232718435599
95015,0.897363709485977,0.907823311986152,0.9312926755947205,0.8903164570623694,0.9170327308613727
95016,0.897363709485977,0.907823311986152,0.9312926755947205,0.8903164570623694,0.9170327308613727
95017,0.897363709485977,0.907823311986152,0.9312926755947205,0.8903164570623694,0.9170327308613727
95018,0.8573744292369107,0.8649447809639869,0.8893275136742557,0.8530208702701899,0.8725603254852163
95019,0.897363709485977,0.907823311986152,0.9312926755947205,0.8903164570623694,0.9170327308613727
95020,0.8564175944103644,0.8623083577721988,0.8900269024641625,0.8492653441059854,0.8724027421785684
95021,0.8565411334971433,0.8624262189769915,0.8901188090590786,0.849395856060012,0.8725110078208648
95022,0.8565411334971433,0.8624262189769915,0.8901188090590786,0.849395856060012,0.8725110078208648
95023,0.8464273848092232,0.8493537056674288,0.8702782648362738,0.8463786934692127,0.8476134776894296
95024,0.8616954464946558,0.8646745530355747,0.8859765544586097,0.861645876848489,0.8629029344048254
95025,0.86297294364535,0.8721565599464198,0.892797305296133,0.8618853718284093,0.8776218597775204
95026,0.86297294364535,0.8721565599464198,0.892797305296133,0.8618853718284093,0.8776218597775204
95027,0.8597975862475703,0.8693494210800539,0.8906268707271573,0.857449419958679,0.8752480248004278
95028,0.744307114197135,0.7625394432725711,0.7610364960029252,0.7543930315355883,0.7473295752668769
95030,0.8598902277610435,0.8694350368577055,0.8906972446412555,0.8575438065445443,0.8753293594346181
95031,0.8600490161940381,0.867157133063626,0.8875526629910693,0.860281764421856,0.8728495041503564
95032,0.8598902277610435,0.8694350368577055,0.8906972446412555,0.8575438065445443,0.8753293594346181
95034,0.8598902277610435,0.8694350368577055,0.8906972446412555,0.8575438065445443,0.8753293594346181
95035,0.8598902277610435,0.8694350368577055,0.8906972446412555,0.8575438065445443,0.8753293594346181
95036,0.8598902277610435,0.8694350368577055,0.8906972446412555,0.8575438065445443,0.8753293594346181
95037,0.8598902277610435,0.8682374774339923,0.8886053821058562,0.8575438065445443,0.8739219744989297
95038,0.8597975862475703,0.8693494210800539,0.8906268707271573,0.857449419958679,0.8752480248004278
95039,0.8598902277610435,0.8694350368577055,0.890557764577079,0.8575438065445443,0.8753293594346181
95042,0.8565609255155902,0.8624451014330758,0.8901335336317844,0.8494167650771418,0.8725283531055664
95043,0.8565609255155902,0.8624451014330758,0.8901335336317844,0.8494167650771418,0.8725283531055664
95044,0.8565609255155902,0.8624451014330758,0.8901335336317844,0.8494167650771418,0.8725283531055664
95046,0.9095131646033349,0.9177905026887211,0.9425135271275984,0.9023083297356915,0.9292721432510426
95047,0.8643474385137495,0.8747340341553905,0.893993471633749,0.860753757828868,0.8785634237369514
95048,0.9649062892621545,0.9771682700790493,0.9960659335905111,0.9638769083549438,0.9848957572608127
95049,0.8924259683025546,0.9084539458895845,0.9249535253850587,0.8853460370824855,0.9089105753938463
95050,0.8924259683025546,0.9084539458895845,0.9249535253850587,0.8853460370824855,0.9089105753938463
95051,0.9649126002971905,0.97717233513251,0.9960666233940291,0.9638834099830597,0.9848984296672622
95053,0.8958450661949837,0.9086633196024644,0.9300872599368594,0.8894111084577724,0.9150753527869749
95054,0.9095131646033349,0.9177905026887211,0.9425135271275984,0.9023083297356915,0.9292721432510426
95055,0.8973940663417694,0.9078503342861608,0.9313124248865714,0.8903490940670997,0.9170568652611019
95056,0.8643474385137495,0.8747340341553905,0.893993471633749,0.860753757828868,0.8785634237369514
95058,0.9095131646033349,0.9177905026887211,0.9425135271275984,0.9023083297356915,0.9292721432510426
95060,0.8916439156727749,0.9077974799623111,0.9244228369167052,0.8845074068299651,0.9082576375911408
95061,0.8923878789939025,0.9084219708520102,0.9249276748647943,0.8853051935799061,0.9088787721393643
95062,0.8723453440999019,0.8867210109836162,0.9003660926916545,0.8697935681202883,0.8843415946576686
95063,0.896006025052468,0.9088029431928328,0.9301922304083405,0.8895829516444601,0.9152044749385401
95064,0.896006025052468,0.9088029431928328,0.9301922304083405,0.8895829516444601,0.9152044749385401
95065,0.8958450661949837,0.9086633196024644,0.9300872599368594,0.8894111084577724,0.9150753527869749
95066,0.896006025052468,0.9088029431928328,0.9301922304083405,0.8895829516444601,0.9152044749385401
95067,1.0121050067585857,1.034766633990146,1.0455192399677198,1.01648416486165,1.0342440792155305
95068,0.8705424068615376,0.8756557605026993,0.8904853705998343,0.8725296611536988,0.8685211626890713
95069,0.8862823226318394,0.8914881286968936,0.9065858668162773,0.8883055076436601,0.8842245331828017
95070,0.8191222491681462,0.8243621474427547,0.8428331358874049,0.821161296731456,0.8211922615809396
95071,0.8193738097619834,0.8247037745816613,0.8415968450990213,0.8215924079531274,0.8198085089042969
95072,0.9649111445965121,0.9771713974881355,0.9960664642838826,0.9638819103203798,0.9848978132502109
95073,0.9649111445965121,0.9771713974881355,0.9960664642838826,0.9638819103203798,0.9848978132502109
95074,0.9095197413383149,0.9177964362581887,0.9425175915657493,0.9023154736180081,0.929277199249052
95075,0.856563123562804,0.8624471984682041,0.8901351689083544,0.8494190871732149,0.8725302794287035
95076,1.0121046846238961,1.0347657253518077,1.0455180603954835,1.0164837277240435,1.0342431838630894
95077,0.8408961245480161,0.8496072563323072,0.872242711813934,0.8430382576606454,0.8551170124982118
95078,0.8408961245480161,0.8496072563323072,0.872242711813934,0.8430382576606454,0.8551170124982118
95080,0.8199997211353295,0.8252517173619037,0.8437649478821881,0.8220434826272688,0.8220745190016298
95081,0.8487191848199095,0.8544245319769356,0.8748573002501423,0.851569826330546,0.8542302001657294
95082,0.8082231363303656,0.8130667293759721,0.8307387533153142,0.8102346139883195,0.8088687444872117
95083,0.8186363329987447,0.8238925415218846,0.842419812589927,0.820681745953906,0.8207128072861605
95084,0.8698714337408439,0.8754566068632191,0.89514342407084,0.872044860729334,0.8720778660633669
95085,0.8566552493279086,0.8625350908130168,0.8902037085923586,0.8495164117924094,0.8726110171654556
95086,0.8566552493279086,0.8625350908130168,0.8902037085923586,0.8495164117924094,0.8726110171654556
95087,0.8639528546872329,0.8698988732185862,0.8978770165580047,0.8567334749588614,0.8800878722152682
95089,0.8563533548346339,0.8622470710132518,0.8899791130810206,0.8491974781954461,0.8723464455634685
95090,0.8563533548346339,0.8622470710132518,0.8899791130810206,0.8491974781954461,0.8723464455634685
95091,0.8567471262870436,0.862643552535245,0.8903883464494586,0.8495879592071497,0.8727475710158705
95092,0.8604009159234052,0.8674891039776483,0.8878287837461855,0.8544345811376656,0.87316569076019
95093,0.8563533548346339,0.8622470710132518,0.8899791130810206,0.8491974781954461,0.8723464455634685
95094,0.8178312470997142,0.8232139745598291,0.8402709459938956,0.8207350808129732,0.8182702687025158
95095,0.8178312470997142,0.8232139745598291,0.8402709459938956,0.8207350808129732,0.8182702687025158
95096,0.8571457676939507,0.8647296882593895,0.8891549346068247,0.8527843237782657,0.8723587035499826
95097,0.8571457676939507,0.8647296882593895,0.8891549346068247,0.8527843237782657,0.8723587035499826
95098,0.8922282231563512,0.9082879463081814,0.9248193234993773,0.8851339916785338,0.9087454677022044
95100,0.8582915344643397,0.861232998613922,0.8822690632540987,0.8582425921095985,0.8594837515988932
95101,0.7650820229667961,0.7807834369858953,0.7829086016880576,0.7739213651640807,0.7680519640836577
95102,0.8811508840492948,0.8862810917871285,0.9011615242293363,0.883144647094981,0.8791230741535376
95103,0.8714495075880161,0.8765232322904354,0.8912398327719179,0.8734213195170083,0.8694440236611103
95104,0.837957478564193,0.8431272871061516,0.859282558727863,0.8402383514182389,0.8371201421208266
95105,0.8723044299219233,0.8866851516549266,0.900334918052601,0.8697517435444992,0.8843049072348783
95106,0.8723044299219233,0.8866851516549266,0.900334918052601,0.8697517435444992,0.8843049072348783
95107,0.8656201020266368,0.8760219908718059,0.8953097859090178,0.8620211300131981,0.8798570188392518
95108,0.8957508077990697,0.9085815569431408,0.9300257919049786,0.8893104750585009,0.9149997404538689
95109,0.8643474385137495,0.8747340341553905,0.893993471633749,0.860753757828868,0.8785634237369514
95110,0.8957508077990697,0.9085815569431408,0.9300257919049786,0.8893104750585009,0.9149997404538689
95111,0.8958450661949837,0.9086633196024644,0.9300872599368594,0.8894111084577724,0.9150753527869749
95112,0.8958804630097411,0.9086940242204009,0.9301103436215716,0.8894488990687096,0.9151037478949304
95113,0.8604009159234052,0.8674891039776483,0.8878287837461855,0.8606381241338938,0.87316569076019
95114,0.8600490161940381,0.867157133063626,0.8875526629910693,0.8602868953125238,0.8728495041503564
95115,0.8566026519870391,0.862484910397037,0.8901645769906108,0.8494608463547623,0.872564921440349
95116,0.8565894835112664,0.8624723470573225,0.890154779956731,0.8494469347398049,0.8725533807963659
95117,0.8564175944103644,0.8623083577721988,0.8900269024641625,0.8492653441059854,0.8724027421785684
95118,0.8564175944103644,0.8623083577721988,0.8900269024641625,0.8492653441059854,0.8724027421785684
95119,0.8565014976129812,0.8623884046690753,0.8895178339291876,0.8493539831574959,0.8724762719819684
95120,0.8565014976129812,0.8623884046690753,0.8900893216317287,0.8493539831574959,0.8724762719819684
95121,0.8573744292369107,0.8649447809639869,0.8893275136742557,0.8530208702701899,0.8725603254852163
95122,0.8379835431445639,0.8431535124928805,0.8593092866226384,0.8402644869449231,0.8371461806559345
95123,0.8556961160784913,0.8645542459871453,0.8704864470438295,0.8596901116482941,0.8547561718011216
95125,0.8643474385137495,0.8747340341553905,0.893993471633749,0.860753757828868,0.8785634237369514
95126,0.8723453440999019,0.8867210109836162,0.9003660926916545,0.8697935681202883,0.8843415946576686
95127,0.8723453440999019,0.8867210109836162,0.9003660926916545,0.8697935681202883,0.8843415946576686
95128,0.8692749453281785,0.8782153999104247,0.8971917608448979,0.8674682802978522,0.8821096801086733
95129,0.856563123562804,0.8624471984682041,0.8901351689083544,0.8494190871732149,0.8725302794287035
95130,0.856563123562804,0.8624471984682041,0.8901351689083544,0.8494190871732149,0.8725302794287035
95131,0.8574225053727826,0.8649900047420553,0.8893638000534329,0.8530706038990086,0.8726027174521344
95132,0.8568772691199843,0.8627621091127504,0.8893638000534329,0.8497323206894263,0.8726027174521344
95133,0.7626382157385926,0.7875286456171406,0.7783354744575495,0.7727762770402954,0.7658179503406561
95134,0.8188980334601226,0.8241454563776134,0.8426424113368349,0.8209400176484791,0.8209710270096849
95135,0.8193532335384218,0.8246839014110636,0.8415791562653213,0.8222289202446365,0.8197879902744435
95136,0.8189601539483459,0.8242054918763834,0.8423858246515313,0.8210013244303979,0.8205737714457402
95137,0.8958804630097411,0.9086940242204009,0.9301103436215716,0.8894488990687096,0.9151037478949304
95138,0.895786412760167,0.9086124416455023,0.9300490104227146,0.889348488193262,0.9150283018910836
95139,0.8193738097619834,0.8247037745816613,0.8415968450990213,0.8222491163569832,0.8198085089042969
95140,0.8084928718873433,0.8237598379244635,0.8245458972689986,0.8168545986653547,0.8112183690964254
95141,0.8422595743128029,0.8637524174283421,0.8564402616536487,0.8504510063722788,0.8447414320523895
95142,0.861218095722048,0.8831947238116956,0.8757179778488583,0.8695939097046367,0.86375581789408
95143,0.7903341067726547,0.8139679988061875,0.8047912291620212,0.799584733154196,0.7929687050130123
95144,0.8574683006777727,0.8650330831702803,0.8893983654473476,0.8531179779589765,0.8726430985521014
95145,0.8603419129699065,0.8674334418746897,0.8877824847488884,0.8605792336495236,0.8731126747833384
95146,0.8600490161940381,0.867157133063626,0.8875526629910693,0.8602868953125238,0.8728495041503564
95147,0.8600490161940381,0.867157133063626,0.8875526629910693,0.8602868953125238,0.8728495041503564
95148,0.8348873495275919,0.8517459893906684,0.8496917668294349,0.8435925316180466,0.8379249759703727
95150,0.8189601539483459,0.8242054918763834,0.8426952519655471,0.8210013244303979,0.8210323214579205
95151,0.7498680625998003,0.765293822564276,0.7673816120093951,0.7585523277781749,0.7527859302399136
95152,0.8566158128025511,0.8624974664386291,0.8901743683681852,0.8494747498632103,0.8725764553957543
95154,0.8600490161940381,0.867157133063626,0.8875526629910693,0.8602868953125238,0.8728495041503564
95155,0.8626413008151482,0.869408069103052,0.8882290325773669,0.8642863901230933,0.8735856989791668
95156,0.8773784720077802,0.884260842252819,0.90215337256912,0.8790516656538035,0.8840311503811474
95157,0.8817951224769872,0.8945832286008862,0.8951668531309265,0.8876620406841054,0.8825749038626639
95158,0.8597975862475703,0.8693494210800539,0.8906268707271573,0.857449419958679,0.8752480248004278
95159,0.8597975862475703,0.8693494210800539,0.8906268707271573,0.857449419958679,0.8752480248004278
95160,0.9056711490160909,0.9154683325169373,0.9209994762393666,0.909099785995,0.9047478193184765
95161,0.9056711490160909,0.9154683325169373,0.9209994762393666,0.909099785995,0.9047478193184765
95162,0.8416196556567783,0.8573941532148767,0.8582064165028298,0.8502590241579107,0.8444355600849625
95163,0.8832053351139657,0.8923330513803395,0.8984459035589512,0.8873208580582513,0.8822367966847906
95164,0.88410719108701,0.905859142741754,0.8964692110433602,0.8947351356045385,0.8887752124098396
95165,0.8692749453281785,0.8782153999104247,0.8971917608448979,0.8674682802978522,0.8821096801086733
95166,0.871145155159817,0.8801048447679304,0.8991220325742456,0.8693346031628636,0.8840075033522731
95167,0.7241886196047603,0.7404820519683144,0.743321556681815,0.7349337111062519,0.7266087512088472
95168,0.8030339493471804,0.8194996484156865,0.8217282842353503,0.8123035147189802,0.8061484293201439
95169,0.8500983367265402,0.858909974807928,0.8648109562095919,0.8540713887408166,0.8491633167401962
95170,0.7453534610114999,0.7606905047229247,0.7627662794438972,0.7539877935521906,0.7482545550720352
95171,0.8502483353478645,0.859050070061403,0.8649445038196275,0.8542169031849774,0.8493143752162983
95173,0.7461496257321747,0.7614277005851583,0.7634956293382401,0.7547505419898878,0.7490394284227526
95174,0.7457816360245351,0.7610869573934187,0.7631585115024205,0.7543979920326253,0.7486766557460033
95177,0.8053282525506641,0.8205354603170395,0.8213184428520096,0.8136572496866838,0.808043081562821
95178,0.7530164184647102,0.7685111418805523,0.7706082575816119,0.7617395203294293,0.7559473385896788
95180,0.8348873495275919,0.8517459893906684,0.8496917668294349,0.8435925316180466,0.8379249759703727
95181,0.7290885723418754,0.7454922481507771,0.7483509653160014,0.7399063665054746,0.7315250788656401
95182,0.7694844443909443,0.7852762072084626,0.7874136004957097,0.7783746497745234,0.7724714750903722
95183,0.8348873495275919,0.8517459893906684,0.8496917668294349,0.8435925316180466,0.8379249759703727
95184,0.7443521209852851,0.762933958943191,0.7629510203145276,0.7554964562154945,0.7483593465997317
95185,0.760160304646767,0.7779735930424432,0.7780356404746056,0.7703651431751561,0.7642862820690741
95186,0.7459248747000857,0.7612195886091419,0.7632897313420691,0.7545352197472721,0.7488178633283713
95187,0.7478932529238411,0.763252648638834,0.765331502325261,0.7565400821034141,0.7507985204616973
95188,0.8184304964274616,0.8395334760144965,0.8341767855582101,0.8282525602707845,0.8225530053223639
95189,0.795654673223493,0.8176185435052532,0.8117410393801723,0.8068970234025994,0.7992951428916362
95190,0.8184304964274616,0.8395334760144965,0.8341767855582101,0.8282525602707845,0.8225530053223639
95191,0.8711435448575277,0.8925765480760463,0.8833243007601392,0.8816156520351265,0.8757431190761702
95192,0.8410672705994068,0.8601260674483132,0.8558233257465137,0.8497237465259311,0.8445601338691567
95193,0.8361946534432443,0.8529026355031227,0.8508665346929363,0.8448214878148164,0.8392048048986589
95194,0.8361946534432443,0.8529026355031227,0.8508665346929363,0.8448214878148164,0.8392048048986589
95195,0.7258275222052163,0.7439469162698868,0.743963553036994,0.7366945097487732,0.7297350204935278
95196,0.7263204427774435,0.7443990877605089,0.7444156877911469,0.7371628126534708,0.730219026482161
95198,0.6744913183694121,0.6937033071507022,0.6938081582736589,0.6842056841737768,0.6786775455333567
95199,0.6749464805477242,0.6941229885991472,0.6942276501371847,0.6846427188561232,0.6791248481738178
95202,0.6779268318436712,0.6972366766603584,0.6973420618412577,0.6876906776542359,0.6821343815056766
95203,0.7990136586193634,0.821070252945858,0.8151679359827649,0.8103034702052052,0.8026694971213246
95204,0.7359800703699305,0.750961891085596,0.7549493543679732,0.7469493793922928,0.7390699831358156
95205,0.7027143765024966,0.719306785984969,0.7208157370562179,0.7127499840150752,0.704959958496613
95206,0.727787798091849,0.7457453291325199,0.7457618199564977,0.7385570046844586,0.7316598896156291
95207,0.7225807219641016,0.7396676134933317,0.7392619687318377,0.731173686618369,0.7263752800711709
95208,0.7020285031657219,0.7178233577436086,0.7205759738297863,0.7124447956880867,0.7043745789275978
95209,0.7225807219641016,0.7396676134933317,0.7392619687318377,0.731173686618369,0.7263752800711709
95210,0.7229981194215228,0.7391707851601964,0.7396478130231826,0.731574696494553,0.7267854053962463
95211,0.7067552253664533,0.722640681148617,0.7254091263512277,0.717231222923504,0.7091147334272716
95212,0.7375765259679552,0.7524459233102525,0.7564040207820197,0.7484631949582649,0.7406429770504467
95213,0.7209849922932446,0.7339614851662668,0.7389401538637419,0.731530933851192,0.7239712877850178
95214,0.701987542743622,0.7177658372218857,0.7205156068383656,0.7123928705274373,0.7043311338572763
95215,0.7018987358125832,0.7176830814383214,0.7204338852796871,0.7123080766974451,0.7042432385429762
95216,0.7018150120276392,0.7176050632941725,0.7203568422930549,0.7122281368920882,0.7041603743336053
95217,0.7018987358125832,0.7176830814383214,0.7204338852796871,0.7123080766974451,0.7042432385429762
95219,0.7018150120276392,0.7176050632941725,0.7203568422930549,0.7122281368920882,0.7041603743336053
95222,0.7373546128472722,0.7554166354859025,0.7539277271025198,0.7473463185994427,0.7403488413981164
95223,0.698231596732454,0.7147181593444889,0.7162174844630573,0.7082031847517055,0.7004628536325184
95224,0.7259597002453552,0.7410809921589304,0.7423439076359414,0.7366729756477411,0.7290027205279136
95225,0.7198159720024513,0.7328292561758034,0.7378217307184088,0.730391903312588,0.7228108395715911
95226,0.6948400213328721,0.7112465024641486,0.7127385447925769,0.7047631735712463,0.6970604401728316
95227,0.7619684124528567,0.7859879409739341,0.7762979652379797,0.7727816078829924,0.7655406204847693
95228,0.7619684124528567,0.7859879409739341,0.7762979652379797,0.7727816078829924,0.7655406204847693
95229,0.7469042859846442,0.7702763365616474,0.7626206988921259,0.7578363038995436,0.7501437630758216
95230,0.7619684124528567,0.7859879409739341,0.7762979652379797,0.7727816078829924,0.7655406204847693
95231,0.7198159720024513,0.7328292561758034,0.7378217307184088,0.730391903312588,0.7228108395715911
95232,0.6610650936147561,0.6802292416353741,0.6788249366141993,0.6736601381841171,0.6656841615969077
95233,0.6610650936147561,0.6802292416353741,0.6788249366141993,0.6736601381841171,0.6656841615969077
95234,0.6610650936147561,0.6802292416353741,0.6788249366141993,0.6736601381841171,0.6656841615969077
95235,0.7080793281545185,0.7332109358117276,0.724030434043871,0.7201885939975723,0.7123278461419247
95236,0.6733347591638331,0.6914436244202731,0.6897512742814856,0.6843102074676882,0.6760764844164247
95237,0.6578850786115139,0.6764785961128319,0.6759492719705423,0.6700929770300559,0.6632348635766648
95238,0.6773580196369635,0.6943044008084638,0.6933625611938897,0.6873250408662329,0.6797917559088937
95239,0.6773580196369635,0.6943044008084638,0.6933625611938897,0.6873250408662329,0.6797917559088937
95240,0.7233300652112755,0.7367868693507084,0.7408274006215272,0.7329817357672649,0.7252214322332106
95241,0.7233300652112755,0.7367868693507084,0.7408274006215272,0.7329817357672649,0.7252214322332106
95242,0.6951404369123292,0.711555515913991,0.7130483382258377,0.705068794097992,0.6973620216871055
95243,0.7233300652112755,0.7367868693507084,0.7408274006215272,0.7329817357672649,0.7252214322332106
95244,0.6645867277422981,0.6812790429055468,0.6829537792533737,0.6758775213412792,0.6701454990266206
95245,0.6773057493590073,0.6942557560144004,0.6933137184083474,0.6872749192166724,0.6797400146580945
95246,0.6773057493590073,0.6942557560144004,0.6933137184083474,0.6872749192166724,0.6797400146580945
95247,0.6580725173218415,0.6766726094856811,0.6761430987054322,0.6702847368122405,0.6634241979713286
95248,0.6574433146779826,0.6760692057297734,0.6755389786563484,0.6696726220600507,0.662802555119761
95249,0.6574433146779826,0.6760692057297734,0.6755389786563484,0.6696726220600507,0.662802555119761
95250,0.6600981866761896,0.6787992923594035,0.678266924135588,0.6723768781572382,0.6654790686755943
95251,0.6724685581349894,0.6896177427588092,0.6895894237766993,0.6832433452813269,0.6747632971463807
95252,0.6724093144236515,0.6895626171438697,0.6895342914888078,0.6831867071545045,0.6747046136110526
95253,0.6724685581349894,0.6896177427588092,0.6895894237766993,0.6832433452813269,0.6747632971463807
95254,0.6724093144236515,0.6895626171438697,0.6895342914888078,0.6831867071545045,0.6747046136110526
95256,0.694911330461318,0.7097338885888008,0.7138387375414759,0.7080011358590058,0.7012704033668155
95257,0.694911330461318,0.7090629017078384,0.7138387375414759,0.7080011358590058,0.7012704033668155
95258,0.694911330461318,0.7090629017078384,0.7138387375414759,0.7080011358590058,0.7012704033668155
95259,0.7160909422956712,0.7354855737560848,0.733584523851033,0.7283186497509122,0.7199406805659988
95260,0.7058014434358214,0.7233611650881453,0.7240226719960013,0.7177287453123323,0.7082896161896033
95261,0.6806956810482694,0.7037369552898302,0.6966667032438465,0.6926420978223403,0.6851077768472744
95262,0.7240064876280403,0.7495046538928506,0.7410502372875035,0.7375872670239199,0.7273466273884788
95263,0.7430321516988408,0.7692003665807085,0.7605237822282533,0.7569698109722091,0.7464600646741849
95268,0.773262544444581,0.7974216510235327,0.7911732882227159,0.7833001857870312,0.7766569006165993
95269,0.7721261222580073,0.7962497235031996,0.7900105435836277,0.7821490118212535,0.7755154899281375
95272,0.766115955538644,0.790058617448122,0.7838662582345389,0.776063698537209,0.7694799163575021
95274,0.869185702397573,0.8795984629590233,0.9032123796118042,0.8637351513270025,0.8876060048932923
95275,0.869185702397573,0.8795984629590233,0.9032123796118042,0.8637351513270025,0.8876060048932923
95276,0.8688662287683977,0.8792751620667015,0.902880399304219,0.8634176810756172,0.8872797607881732
95278,0.7453973449553459,0.7607311364513778,0.7628064784839778,0.754029834495447,0.7482978162520311
95279,0.7456684475389073,0.7609821526875492,0.7630548222763688,0.7542895544485625,0.748565072593578
95281,0.895786412760167,0.9086124416455023,0.9300490104227146,0.889348488193262,0.9150283018910836
95283,0.6779548093255001,0.694912284513424,0.6939698255956056,0.6879283428351932,0.6803901323560352
95287,0.6779548093255001,0.694912284513424,0.6939698255956056,0.6879283428351932,0.6803901323560352
95300,0.6932218453602875,0.7178261216670228,0.7088382524780805,0.7050770249706831,0.6973812175692633
95301,0.6932218453602875,0.7178261216670228,0.7088382524780805,0.7050770249706831,0.6973812175692633
95303,0.6801329593720691,0.703155185711867,0.6960907785451639,0.692069500209126,0.6845414077526863
95304,0.7029757006942828,0.7279261671179336,0.7188118357056545,0.7149976865120308,0.7071935966140709
95305,0.6955433407704197,0.720230013087751,0.7112120448804229,0.7074382215893621,0.6997166420896173
95306,0.6937316198088114,0.7183539893586688,0.7093595107616563,0.7055955173609287,0.6978940506947291
95312,0.6578850786115139,0.6764785961128319,0.6759492719705423,0.6700929770300559,0.6632348635766648
95313,0.6579650657050087,0.6765608438464766,0.6760314553478108,0.6701744483862949,0.6633155011086087
95314,0.6578725014142779,0.676466940228043,0.6759375903883842,0.6700810090976946,0.663222555462997
95315,0.6745559941425874,0.6923576713656139,0.691531870062918,0.684989733200064,0.6766684819262693
95317,0.7340581229311788,0.7544342157468993,0.751693722134578,0.7449988616301838,0.7386866754025236
95320,0.7536063051995275,0.7806716621516017,0.7703856917345098,0.7669249501032603,0.7566455907785465
95322,0.7858056209282661,0.8093040946056829,0.8001799063585164,0.7950032427257188,0.7884251233493559
95323,0.7924456794793948,0.8213954826746712,0.8093000423014581,0.8039203632546488,0.7970545117248176
95332,0.7453973449553459,0.7607311364513778,0.7628064784839778,0.754029834495447,0.7482978162520311
95334,0.7453973449553459,0.7607311364513778,0.7628064784839778,0.754029834495447,0.7482978162520311
95335,0.7453973449553459,0.7607311364513778,0.7628064784839778,0.754029834495447,0.7482978162520311
95336,0.7453534610114999,0.7606905047229247,0.7627662794438972,0.7539877935521906,0.7482545550720352
95337,0.7456952171558272,0.7610351362698946,0.7631113076409705,0.7543311563710209,0.7485968475252853
95338,0.7481331937809679,0.76352326524062,0.7656062244482758,0.7567973673437319,0.7510443107434104
95342,0.8974016464439778,0.9078570817674332,0.9313173563205933,0.8903572435077417,0.9170628916452728
95344,0.8974016464439778,0.9078570817674332,0.9313173563205933,0.8903572435077417,0.9170628916452728
95347,0.8973940663417694,0.9078503342861608,0.9313124248865714,0.8903490940670997,0.9170568652611019
95357,0.7947050775494355,0.7973406282154475,0.8219041179808857,0.7949271404624885,0.7986904182878557
95358,0.8100466424499931,0.8277656452546657,0.8252934291609113,0.8160063924213162,0.8121722539243601
95362,0.7784561891286784,0.7796256885699667,0.8062109751552933,0.7769018764008951,0.7830929528289511
95363,0.7772482333927397,0.7803858666392424,0.807626636376911,0.777740927410851,0.7858258537193893
95365,0.8689022203212484,0.8793079994791785,0.9029062882533205,0.863455346406617,0.8873102106474666
95372,0.777204182056373,0.7803425773718675,0.8075897784490146,0.7776969960405192,0.7857838750522781
95373,0.8008384419647472,0.803494333249092,0.8282473987933937,0.8010622187120354,0.8048545407136023
95374,0.7947050775494355,0.7973406282154475,0.8219041179808857,0.7949271404624885,0.7986904182878557
95376,0.7743944411718091,0.7775214905915487,0.8046701878564109,0.7748854735397062,0.7829431169463146
95379,0.6735835089870126,0.6916966948182343,0.6900039379956001,0.6845615676587501,0.6763258838954932
95380,0.6773173691693102,0.6942665698409094,0.6933245762503313,0.6872860613632472,0.679751516859653
95381,0.8565894835112664,0.8624723470573225,0.890154779956731,0.8494469347398049,0.8725533807963659
95382,0.8565894835112664,0.8624723470573225,0.890154779956731,0.8494469347398049,0.8725533807963659
95386,0.8619432106767453,0.8729410169137889,0.8946353227242936,0.8605469439828395,0.879585169984088
95391,0.7480794346544638,0.7754105973677002,0.7653142025253263,0.7603452874539028,0.7527011261906651
95396,0.934967526178753,0.950499552112926,0.9695940351575429,0.9329503756995656,0.9582347475117796
95397,0.6943974558029811,0.7107934871288453,0.7122845791284449,0.7043142876726464,0.6966164603881333
95398,0.6943974558029811,0.7107934871288453,0.7122845791284449,0.7043142876726464,0.6966164603881333
95399,0.7454368029853538,0.760767670457553,0.762842623462991,0.7540676355125588,0.748336714366186
95400,0.7460785242477097,0.7614225895437726,0.7634993288058814,0.7547167867659246,0.7489809320638997
95404,0.7205692713061999,0.7335382819147045,0.7385140799046237,0.7311091320590255,0.7235538448956829
95405,0.6855191652544881,0.7012719315353019,0.7029650532498923,0.6954965971372947,0.6867296995150968
95406,0.7233679581602531,0.7368224378425179,0.7408622834923868,0.7330179550793112,0.7252589945951834
95408,0.8438165348656905,0.8477296524683399,0.8586086054820155,0.8505928002848874,0.8417204185263789
95410,0.7778345279304096,0.7790030934303481,0.8055671494810013,0.7762814564489885,0.7824675887940702
95412,0.674520830476415,0.6923250534228056,0.6914991362123822,0.6849560736956719,0.6766336256245933
95415,0.7661483251109644,0.7900870253509461,0.7838956735419389,0.7760944001233856,0.7695117183030231
95416,0.766115955538644,0.790058617448122,0.7838662582345389,0.776063698537209,0.7694799163575021
95423,0.8646917345592118,0.8750824674998668,0.8943495766017718,0.8610966224012983,0.8789133824445291
95424,0.8928125433494195,0.9072304159208205,0.92705465873049,0.8882427362423383,0.9129546537115426
95426,0.8928125433494195,0.9072304159208205,0.92705465873049,0.8882427362423383,0.9129546537115426
95437,0.8565894835112664,0.8624723470573225,0.890154779956731,0.8494469347398049,0.8725533807963659
95438,0.8590815775302645,0.8649815562164663,0.8927445262071979,0.8519182487896154,0.8750919189215665
95439,0.6781193007881517,0.7010733655971031,0.694029873905728,0.690020501303015,0.6825146971473943
95440,0.6943813277842412,0.7107784811472166,0.7122696732632303,0.704298842978608,0.6966004865380413
95441,0.7457816360245351,0.7610869573934187,0.7631585115024205,0.7543979920326253,0.7486766557460033
95451,0.8042678027915141,0.8093254696978247,0.834986399396748,0.8058650521833509,0.8132215661822997
95454,0.8276645633660046,0.8339869318259965,0.8632375107073359,0.8270900077988377,0.8436524590220454
95455,0.8276645633660046,0.8339869318259965,0.8632375107073359,0.8270900077988377,0.8436524590220454
95456,0.8276645633660046,0.8339869318259965,0.8632375107073359,0.8270900077988377,0.8436524590220454
95458,0.6733583660329671,0.6914654975945833,0.6897733065700521,0.6843327553266304,0.6760998243121363
95463,0.702808317336037,0.7202935726328846,0.7209522742566066,0.7146850385302914,0.7052859383760481
95465,0.6781193007881517,0.7010733655971031,0.694029873905728,0.690020501303015,0.6825146971473943
95466,0.6970529659599927,0.7104037535849147,0.7161660771202791,0.710623020511933,0.7028212857566597
95469,0.7036024576408576,0.7211074704528467,0.7217669163783865,0.7154925989708116,0.7060828782759779
95470,0.7058879696723018,0.723449844021595,0.7241114320254924,0.7178167337511818,0.7083764474583645
95472,0.6970529659599927,0.7104037535849147,0.7161660771202791,0.710623020511933,0.7028212857566597
95473,0.7079276807885103,0.7255403013636506,0.7262038010709115,0.7198909138394365,0.710423349199744
95475,0.7925744188527584,0.821503377198958,0.8094165116685732,0.8040407076597323,0.7971798577645979
95477,0.6781305866012814,0.6950160376269469,0.6937910260677228,0.6877544172577131,0.6798286529821095
95478,0.6781305866012814,0.6950160376269469,0.6937910260677228,0.6877544172577131,0.6798286529821095
95483,0.6943974558029811,0.7107934871288453,0.7122845791284449,0.7043142876726464,0.6966164603881333
95484,0.8438117749448169,0.8477250279033873,0.8586043523525483,0.8505882741655828,0.8417155857130595
95487,0.6817707025613714,0.6988236235134923,0.6978758599314688,0.6918003724661956,0.6842197328959208
95488,0.7107565674427787,0.7304858522707525,0.7278323514482093,0.7213500090791739,0.7152381935756325
95490,0.6776425799364786,0.6958649173508802,0.694161959833081,0.6886867933142643,0.6804014806271006
95491,0.7107565674427787,0.7304858522707525,0.7278323514482093,0.7213500090791739,0.7152381935756325
95493,0.9649126002971905,0.97717233513251,0.9960666233940291,0.9638834099830597,0.9848984296672622
95494,0.9649126002971905,0.97717233513251,0.9960666233940291,0.9638834099830597,0.9848984296672622
95497,0.6733583660329671,0.6914654975945833,0.6897733065700521,0.6843327553266304,0.6760998243121363
95499,0.6956737847855352,0.708998156691917,0.7147490789586128,0.7092169897798547,0.7014306914493985
95500,0.6956737847855352,0.708998156691917,0.7147490789586128,0.7092169897798547,0.7014306914493985
95503,0.6784912899673519,0.6954621839806131,0.6945189792741991,0.6884727157547973,0.6809285401228877
95509,0.7557887598020211,0.7712994526067167,0.7733988034559159,0.7645207326836286,0.7587226257745788
95511,0.7456728063915491,0.7609861886561935,0.7630588152850061,0.7542937303293672,0.7485693696197045
95513,0.9649126002971905,0.97717233513251,0.9960666233940291,0.9638834099830597,0.9848984296672622
95518,0.6773231781757806,0.694271975924223,0.6933300043376595,0.6872916315787391,0.6797572670718582
95519,0.6579124943313189,0.6765080635249787,0.6759786815054611,0.6701217441856485,0.6632628736167173
95523,0.7833151320736104,0.7856840802743433,0.8104736374316481,0.7822009492158641,0.7869528205188877
95524,0.7833151320736104,0.7856840802743433,0.8104736374316481,0.7822009492158641,0.7869528205188877
95527,0.7833151320736104,0.7856840802743433,0.8104736374316481,0.7822009492158641,0.7869528205188877
95529,0.8597828930394767,0.8714561413369233,0.8987676230779079,0.8544989134714654,0.88240614136485
95530,0.6943974558029811,0.7107934871288453,0.7122845791284449,0.7043142876726464,0.6966164603881333
95534,0.6781193007881517,0.7010733655971031,0.694029873905728,0.690020501303015,0.6825146971473943
95535,0.6781193007881517,0.7010733655971031,0.694029873905728,0.690020501303015,0.6825146971473943
95536,0.6781193007881517,0.7010733655971031,0.694029873905728,0.690020501303015,0.6825146971473943
95538,0.6785749144399839,0.7015444015872757,0.6944961775265854,0.6904841111133718,0.6829732639707172
95539,0.8051943702138736,0.8075787571239053,0.8316771033095494,0.804713025365082,0.8093722894023491
95542,0.7777678110412443,0.8010259246868363,0.791995065487657,0.7868713526572223,0.7803605192248043
95549,0.6773231781757806,0.694271975924223,0.6933300043376595,0.6872916315787391,0.6797572670718582
95550,0.6773231781757806,0.694271975924223,0.6933300043376595,0.6872916315787391,0.6797572670718582
95562,0.794732115746276,0.7973672541985442,0.8219269970325251,0.7949541438492999,0.7987168339391147
95567,0.7273937428084055,0.7490489929187035,0.7454154810193522,0.7402977731337411,0.7310777551895717
95569,0.7041293207474216,0.7225378286442842,0.7231084264300359,0.7163983892439106,0.7071164623501753
95570,0.7273937428084055,0.7490489929187035,0.7454154810193522,0.7402977731337411,0.7310777551895717
95573,0.701987542743622,0.7177658372218857,0.7205156068383656,0.7123928705274373,0.7043311338572763
95574,0.701987542743622,0.7177658372218857,0.7205156068383656,0.7123928705274373,0.7043311338572763
95579,0.7744394384289331,0.777565732996128,0.8047080609058681,0.7749303519650603,0.7829860612238551
95586,0.8042678027915141,0.8093254696978247,0.834986399396748,0.8058650521833509,0.8132215661822997
95595,0.6578725014142779,0.676466940228043,0.6759375903883842,0.6700810090976946,0.663222555462997
95605,0.8063598739079348,0.8214734965240593,0.8222517299196932,0.814637294769477,0.8090578055976069
95608,0.7453534610114999,0.7606905047229247,0.7627662794438972,0.7539877935521906,0.7482545550720352
95613,0.8272629176740438,0.8336022175633897,0.8629286960896883,0.8266868138492798,0.8432932612031361
95616,0.7456728063915491,0.7609861886561935,0.7630588152850061,0.7542937303293672,0.7485693696197045
95619,0.6943974558029811,0.7107934871288453,0.7122845791284449,0.7043142876726464,0.6966164603881333
95624,0.8960090751836681,0.9088055890609689,0.9301942196409388,0.8895862080085984,0.9152069218199732
95634,0.8375320410114041,0.8630515013085784,0.8535431212368804,0.8476970597672399,0.8412201650511609
95635,0.8359539862790217,0.8621373292366858,0.852430113851185,0.8469924673384241,0.8388431339943427
95636,0.7775941031276333,0.8052877902380962,0.7944593105144151,0.788020486418486,0.7796803454551268
95638,0.8276753382614594,0.8339972526313494,0.8632457957785168,0.8271008242169223,0.8436620954685539
95645,0.9515668173331774,0.9705001906087758,0.969289479979802,0.956940934103308,0.9473258283899425
95646,0.967629615261426,0.9865932045769075,0.985875459547263,0.9739783607730492,0.9645046914769442
95647,0.9186459850679399,0.9377599064138407,0.9359265627090818,0.9263527908845183,0.9145802607635769
95648,0.9532364478079841,0.9730700798965194,0.9711677039332627,0.9612334437345462,0.9490176337526752
95652,0.9187739529860095,0.9378562842474129,0.936025928078166,0.9264679028305762,0.9147150766410748
95653,0.9231712978037929,0.9425849675092125,0.9406310636727778,0.9312595897778554,0.9179020755401398
95654,0.9089650585203404,0.9276926379253464,0.9260743076521017,0.9164886111091429,0.9041925852372741
95655,0.9231712978037929,0.9421340196865245,0.9406310636727778,0.9308856538622252,0.9179020755401398
95657,0.9633699897520566,0.9806786088142614,0.9795890521099065,0.9691346665678685,0.9603650455021386
95658,0.9633699897520566,0.9806786088142614,0.9795890521099065,0.9691346665678685,0.9603650455021386
95661,0.9275960468649346,0.9454167909734471,0.9445495159389853,0.9339507806971541,0.9235195909127275
95663,0.9665432342030019,0.9877011415755209,0.9851753922397162,0.9734795632882466,0.9629450981472165
95664,0.9665432342030019,0.9877011415755209,0.9851753922397162,0.9734795632882466,0.9629450981472165
95665,0.966714838908031,0.9877631839064482,0.9852503237378873,0.9736148481685489,0.9631357001125632
95666,0.9270631284334887,0.9470311495096936,0.9448302128289996,0.934679645290973,0.9218430314397041
95668,0.9245938236508369,0.9436579213074975,0.9422111400939623,0.9303013204612948,0.9204347107961325
95669,0.8730240862455292,0.8918054366257645,0.8900585264733264,0.8796327007168597,0.868307521388342
95670,0.9188414787573743,0.937907142065406,0.9360783622590605,0.9265286454942413,0.9147862154851104
95671,0.8663179383388147,0.8849468409667595,0.8832141008910855,0.8728728848070005,0.8616396939549222
95672,0.8663134785584453,0.8849430634373001,0.8832102608117701,0.8728686675684232,0.8616350593940687
95673,0.8669499802411591,0.88559247400757,0.8838584697720706,0.8735097090192249,0.8622683227379613
95674,0.8714819326245868,0.8902218794113371,0.8884788107259767,0.8780759521681499,0.866775801911442
95675,0.8663134785584453,0.8849430634373001,0.8832102608117701,0.8728686675684232,0.8616350593940687
95676,0.8663134785584453,0.8849430634373001,0.8832102608117701,0.8728686675684232,0.8616350593940687
95677,0.8668905553116071,0.8855325499019816,0.8837985930059276,0.8734501109247648,0.862209019715352
95678,0.914283647340914,0.9339530133007561,0.9319933308283176,0.9213991957664482,0.9100450464707326
95679,0.9275324519199677,0.9474868449461407,0.9454987648859406,0.9347511111370346,0.9232324298543171
95680,0.9139877680276469,0.9337287164747305,0.9317620055853969,0.9211294803720047,0.9097334344913393
95681,0.9162627363869895,0.9356497343286229,0.9336192860956115,0.9236580571273963,0.9116225710824274
95682,0.9162627363869895,0.9356497343286229,0.9336192860956115,0.9236580571273963,0.9116225710824274
95683,0.9162627363869895,0.9356497343286229,0.9336192860956115,0.9236580571273963,0.9116225710824274
95684,0.883053167690635,0.9020846030314091,0.9004633478427031,0.8898987082489006,0.8776961378416136
95685,0.8778421682605084,0.8968098874280734,0.8951941134249757,0.8846649492876504,0.8725028219115228
95686,0.8778421682605084,0.8968098874280734,0.8951941134249757,0.8846649492876504,0.8725028219115228
95687,0.8778421682605084,0.8968098874280734,0.8951941134249757,0.8846649492876504,0.8725028219115228
95688,0.8958002488721851,0.9152672126815117,0.9130619509258716,0.9032857685620204,0.8901609382231553
95689,0.9675876948166104,0.9865761029263467,0.9858574320821885,0.9739448327909561,0.9644586088460377
95690,0.866237533608351,0.884878736948472,0.8831448691323203,0.8727968530320898,0.8615561379683578
95691,0.8716007982057657,0.8903574175860008,0.8886128146175217,0.8782007293142717,0.8668904179483572
95692,0.8662710687087772,0.8849071415525965,0.8831737441028208,0.8728285642131496,0.8615909874328516
95693,0.9079788288149678,0.9267003437331183,0.9252795612465665,0.913583761637212,0.9038944554154006
95694,0.9298875559623692,0.9477523239726497,0.9468829064445474,0.9362579883634188,0.9258010296396258
95696,0.9141382390048243,0.9327216642848293,0.9315984149652572,0.9215856748471313,0.9093070100873549
95697,0.9108873354913144,0.9298839256609472,0.9274881075662804,0.9186683786123683,0.9055244036479303
95698,0.9134662472307522,0.9323009066215192,0.9308715375603314,0.9191050537630565,0.909357189702989
95699,0.8780975679063177,0.897022200870609,0.8954100439923529,0.8849046920242654,0.8727706011349633
95700,0.8662800034064616,0.8849147093728863,0.8831814372396184,0.8728370129799481,0.8616002723040317
95702,0.9164404543303873,0.9357841423930999,0.933758166023518,0.9238190916957745,0.9118108611641738
95703,0.9316706994842777,0.9513358586365559,0.9492762127397952,0.9391719617899383,0.9269641675070907
95704,0.863132244740119,0.8813900089611553,0.8781512245528924,0.8690992311866642,0.8584623679886111
95705,0.9162098114381628,0.9356097085012229,0.9335779284401093,0.9236101011492199,0.9115664972604848
95706,0.866237533608351,0.884878736948472,0.8831448691323203,0.8727968530320898,0.8615561379683578
95707,0.916071860386522,0.9355053823584192,0.9334701306310672,0.9234851032406977,0.9114203375536852
95709,0.9677038066297717,0.9866234723979618,0.9859073659042444,0.974037699779013,0.9645862486351017
95710,0.9677038066297717,0.9866234723979618,0.9859073659042444,0.974037699779013,0.9645862486351017
95711,0.907286049163659,0.9267764900355934,0.9246849066286101,0.9138925420403889,0.9027632749758694
95712,0.9041617339818523,0.9236364817166209,0.9214899151403371,0.9115900987582636,0.8990705899111902
95713,0.9041617339818523,0.9236364817166209,0.9214899151403371,0.9115900987582636,0.8990705899111902
95714,0.9041617339818523,0.9236364817166209,0.9214899151403371,0.9115900987582636,0.8990705899111902
95715,0.866237533608351,0.884878736948472,0.8831448691323203,0.8727968530320898,0.8615561379683578
95716,0.866237533608351,0.884878736948472,0.8831448691323203,0.8727968530320898,0.8615561379683578
95717,0.9088676317982457,0.9281754234039409,0.9257961181843916,0.9165113119280431,0.9037835633110363
95718,0.8753928520677933,0.8939099638907289,0.8906251732486697,0.8814445982695168,0.8706566407244917
95719,0.8789391483321674,0.8978227124624629,0.8962139894733516,0.8857313072698381,0.8736240469175744
95720,0.8805560538505739,0.8994536373649584,0.8978436973998882,0.8873531878761394,0.8752371132262146
95721,0.8371094698092252,0.8575079770129738,0.8524649545630041,0.842529112039984,0.8307988020154055
95722,0.8693687630887353,0.8918463155932173,0.8879786443564646,0.8767229739069007,0.8632872514517815
95723,0.8784086603205793,0.8972808271836052,0.8956730751471036,0.8851967198175822,0.8730967668613792
95724,0.8784086603205793,0.8972808271836052,0.8956730751471036,0.8851967198175822,0.8730967668613792
95725,0.8782404494742371,0.8971409831764879,0.8955308495385594,0.8850388165267776,0.8729204065079447
95726,0.8950914024770549,0.9149192799486607,0.9124231822640553,0.9025731173332703,0.890659073944474
95727,0.8950914024770549,0.9149192799486607,0.9124231822640553,0.9025731173332703,0.890659073944474
95728,0.8789960615465073,0.8979128567081868,0.8963013377589628,0.8858002777127156,0.873671441372808
95729,0.8398904839123346,0.8603511842128444,0.8552927704221038,0.8453266335588571,0.8335606102489151
95730,0.8950914024770549,0.9149192799486607,0.9124231822640553,0.9025731173332703,0.890659073944474
95731,0.8782404494742371,0.8971409831764879,0.8955308495385594,0.8850388165267776,0.8729204065079447
95732,0.8357804887490076,0.8569634753051275,0.8516604294738009,0.841536920346057,0.8300223766026698
95733,0.8640118205028842,0.886350869114255,0.8825070299883808,0.8713207155853229,0.8579677823870155
95734,0.8743282732791213,0.8939830677277375,0.8894810233137111,0.8783438379385688,0.8710977159903032
95735,0.9027180660286721,0.9229696372675975,0.9196061456511843,0.9094237024503591,0.8982307061651755
95736,0.8709189567942085,0.8904971102182013,0.8860126208743994,0.8749188633407846,0.8677009965957018
95737,0.8708900213348792,0.8893118851557275,0.8860439907634141,0.8769106386683232,0.8661781720342238
95738,0.8833175699757577,0.9031339106120494,0.8998427044724465,0.8898790942124483,0.8789266488682759
95739,0.8425842547745716,0.8619089990027266,0.8599819031470037,0.8472802698184603,0.8350732218754271
95740,0.8642561164914383,0.8825376538776822,0.8792946522960636,0.8702308724629302,0.8595801591623653
95742,0.8335923861507737,0.8538996575302147,0.8488791753331554,0.8389877716708105,0.8273099783938196
95743,0.854377897150552,0.8751915275366797,0.8700458603095447,0.8599078158632355,0.8479388384240033
95744,0.8339091360930951,0.8542241238662377,0.8492017339772743,0.8393065717614786,0.8276243411354808
95745,0.8539555386903722,0.8736159390822572,0.8687197983137165,0.8573466440948866,0.8496091746908432
95746,0.8321468031854624,0.8527767730583762,0.8465467261827548,0.8343852485949108,0.8264256514236453
95747,0.844657736664283,0.8641040761334206,0.8592612441678504,0.8480119199747629,0.8403586955406767
95748,0.823086452989096,0.8434918053415512,0.837329590735689,0.8253005263776132,0.8174275926862983
95750,0.8529625055434774,0.8754500254861487,0.8712866760566192,0.8598785485833966,0.8441881285868531
95751,0.8758707597443638,0.8943979807084321,0.8911113967838941,0.8819258098067022,0.8711319627370904
95752,0.8373842521817588,0.8582367200250541,0.8543935735471905,0.8414052808887603,0.831778541035949
95753,0.8722877788240209,0.8943981247997108,0.8923535507176394,0.8812840744688871,0.8634260430944467
95754,0.8578230514351852,0.878598238685433,0.8761710602949592,0.8639538514641287,0.8477626251522989
95755,0.8634502746001254,0.8842363541976198,0.8793877646818518,0.8684390865228261,0.8566378014827006
95756,0.8958867131622622,0.9163687939672952,0.914238645861111,0.9032622267967951,0.8867505274073878
95757,0.8743228991284104,0.8949155301567981,0.8937554010492943,0.8826845133315012,0.8649623115932757
95758,0.8601141378055495,0.8809448117302008,0.8785111507961306,0.8662613120650086,0.8500268419887911
95759,0.8905966449843984,0.91083613313041,0.9071906699951404,0.8949062586253423,0.8793212904915663
95760,0.8893219439478837,0.9095324635404389,0.9058922181158616,0.8936253892869302,0.8780627277440739
95761,0.9772491248624431,0.9988656811307515,0.9893936763098192,0.9791268022169721,0.971259152198206
95762,0.9015592954859499,0.924671948506976,0.9136921938231353,0.9079174471166834,0.8977641222025144
95763,0.9554652298231583,0.9748396408976917,0.969765712775574,0.957131374425874,0.9470793332904949
95764,0.7899555194902383,0.8184304772917592,0.8086164845864218,0.8039762733814457,0.7939877517429995
95765,0.7753386836965394,0.8053644794450154,0.7955969125439837,0.7895322744205332,0.7799660408617703
95766,0.8231933110409083,0.8528663675814971,0.8426394460013412,0.8378039954835472,0.8273952015741606
95767,0.8813729980512823,0.9039681489060918,0.8932342356160644,0.8875887879531807,0.8776628003175407
95768,0.8813729980512823,0.9039681489060918,0.8932342356160644,0.8875887879531807,0.8776628003175407
95769,0.8564512053252444,0.8823440790211723,0.8717457963656292,0.8670852864043175,0.8567041449252668
95770,0.9094784613719851,0.9283969825698268,0.9234702548347615,0.9107922888106716,0.8974450080498516
95771,0.9099161916501488,0.9288438182967704,0.923914719336884,0.9112306514315182,0.8978769466494945
95772,0.9276124023859356,0.9469081368571465,0.9418831759104834,0.9289524260131934,0.9153390160230476
95773,0.888392130449056,0.912550318735738,0.9048866888220061,0.8928495485288823,0.8761787843217591
95775,0.7243676372093918,0.753078933839301,0.7398572225620944,0.7343410871414966,0.7254347797385291
95776,0.9346463727395147,0.9555127458468837,0.9468081013711713,0.9367726576437879,0.9250507300863767
95778,0.8897616939418683,0.9139571249861074,0.9062816806636336,0.8942259836686455,0.8775295194701864
95779,0.8690640369144377,0.8893512093416115,0.8929692724421237,0.8793018685932171,0.8603526490609069
95781,0.9297578984660553,0.9493630293781923,0.9465433585553611,0.9331063694353173,0.9196123753859978
95782,0.8897616939418683,0.9139571249861074,0.9062816806636336,0.8942259836686455,0.8775295194701864
95783,0.9297578984660553,0.9493630293781923,0.9465433585553611,0.9331063694353173,0.9196123753859978
95784,0.9458951837385732,0.9633864671953951,0.9597070253319004,0.9477691642487858,0.9345694338815022
95785,0.9439677626005072,0.9633864671953951,0.9564702284630573,0.9437660625442323,0.931841473961233
95786,0.9462163997877142,0.9699536196965174,0.9596213030977336,0.956919710012243,0.9479372859721988
95787,0.8851350791578891,0.9118951451908008,0.9009419096778807,0.8961253120388415,0.8853964900958339
95788,0.8488231709951248,0.8761539748067763,0.8637265628526507,0.8602698677310208,0.8502606516273471
95789,0.8274585865432322,0.8540108805560509,0.8437414304495677,0.8384401694550996,0.8298917798885836
95790,0.8293584744960472,0.855971733956968,0.8456787046589015,0.8403652716934588,0.8317972545798759
95791,0.7429413070351107,0.7709101478625061,0.7587059003097575,0.7527209095262382,0.7439214717957872
95792,0.8276003838607572,0.8541280741895504,0.8438680034420027,0.8385716508930993,0.8300312740698594
95793,0.8274585865432322,0.8540108805560509,0.8437414304495677,0.8384401694550996,0.8298917798885836
95794,0.7249302858889731,0.7537107312084819,0.7404574333589453,0.73492799185474,0.7260000361628886
95795,0.7218195980025426,0.7505209326570068,0.7373043085539054,0.7317900463213212,0.722886443472666
95796,0.7387216099857995,0.7665315956869628,0.754396664817645,0.7484456670934835,0.7396962076871277
95797,0.7391106623439355,0.7668700194691386,0.7547568405839656,0.7488167002728914,0.7400834382533892
95798,0.7096263929726505,0.7384972583162398,0.7249430976579858,0.7196979013069934,0.711095883802823
95799,0.7396453322923251,0.7674161610657199,0.7552979315351459,0.7493553395439204,0.7406185039367399
95800,0.7391619823355509,0.7669146631827691,0.7548043527797338,0.7488656442059474,0.7401345180231743
95801,0.72257345043714,0.7511781814044698,0.7380053503618395,0.732509704601845,0.723636603729623
95802,0.7175916206725035,0.7466244140198568,0.7346568261923445,0.7289434533037733,0.7200350747917141
95803,0.7613762299771162,0.7890277098024142,0.7781630963349963,0.7730081997083664,0.762493953724113
95804,0.7644764472561717,0.7922178179971241,0.7813177722936778,0.7761461147611295,0.7655977858752844
95805,0.7614638221396162,0.7891031561597791,0.7782432386470852,0.7730906042012534,0.7625810423135846
95806,0.8066714320371611,0.8326450145250479,0.8208347358473376,0.8175496968672964,0.8080375287693708
95807,0.7613762299771162,0.7890277098024142,0.7781630963349963,0.7730081997083664,0.762493953724113
95808,0.7667448605107489,0.7945913169757756,0.7836500947395245,0.778458849807894,0.7678704655726594
95809,0.7613762299771162,0.7890277098024142,0.7781630963349963,0.7730081997083664,0.762493953724113
95811,0.8264584972274266,0.8524705639377763,0.841466263632217,0.8374022471435372,0.8287355142401336
95812,0.8264584972274266,0.8524705639377763,0.841466263632217,0.8374022471435372,0.8287355142401336
95813,0.8264584972274266,0.8524705639377763,0.841466263632217,0.8374022471435372,0.8287355142401336
95814,0.8264584972274266,0.8524705639377763,0.841466263632217,0.8374022471435372,0.8287355142401336
95815,0.7274309571319422,0.7562636726138966,0.7429860472821613,0.7374465843595308,0.7285026125614381
95816,0.721914782573891,0.7511749344104471,0.739113911334382,0.7333557935011534,0.72437746356094
95817,0.8307761953189854,0.8574056822932968,0.8471062398261635,0.8417895631964117,0.8332164137608077
95818,0.8330542359701136,0.8587449566767519,0.8487786336260721,0.8440363448027693,0.8349915447817634
95820,0.8355609247888324,0.8617319564662466,0.8520293053661102,0.8465942156082384,0.8384487140409783
95821,0.7772284821700752,0.8049091478438284,0.794085759618539,0.7876499630263193,0.779313743556594
95822,0.7690390537345755,0.7969493303364098,0.7846761657157424,0.7819898247408801,0.7720135369182365
95823,0.7382533347039041,0.766124296732157,0.7539631698001825,0.7479990954630271,0.7392301267912119
95824,0.7382533347039041,0.766124296732157,0.7539631698001825,0.7479990954630271,0.7392301267912119
95825,0.7401763955896017,0.768119958112026,0.7559271529113198,0.7499475428799277,0.7411557321024721
95826,0.7382533347039041,0.766124296732157,0.7539631698001825,0.7479990954630271,0.7392301267912119
95828,0.8274585865432322,0.8540108805560509,0.8437414304495677,0.8384401694550996,0.8298917798885836
95829,0.7177644745417164,0.7468942020015528,0.7332181108421502,0.7279259179579268,0.7192470620141982
95830,0.7224427167522602,0.7510641928724301,0.7378837704426915,0.7323848977542569,0.723506509988116
95831,0.7223620953522928,0.7509938996026354,0.7378087950069352,0.7323079319976201,0.7234262833057427
95832,0.7393852662227324,0.7671089056350474,0.7550110732292729,0.7490785926169947,0.740356756996314
95833,0.7387216099857995,0.7665315956869628,0.754396664817645,0.7484456670934835,0.7396962076871277
95834,0.7389329413626189,0.7667154222902299,0.7545923083698243,0.7486472091162666,0.7399065493237524
95835,0.7387310226220895,0.7665397830879486,0.7544053786116238,0.7484546436428554,0.7397055762330113
95836,0.7404328868245973,0.7682717628644807,0.756124040473276,0.7501668733795298,0.7414084710934054
95837,0.7389329413626189,0.7667154222902299,0.7545923083698243,0.7486472091162666,0.7399065493237524
95838,0.7223620953522928,0.7509938996026354,0.7378087950069352,0.7323079319976201,0.7234262833057427
95839,0.7223772217362421,0.7510070881011177,0.7378228620242194,0.7323223724626715,0.7234413356274734
95840,0.7387310226220895,0.7665397830879486,0.7544053786116238,0.7484546436428554,0.7397055762330113
95841,0.7387310226220895,0.7665397830879486,0.7544053786116238,0.7484546436428554,0.7397055762330113
95842,0.7646451554847649,0.792435198210834,0.7815162405038953,0.7763355151476762,0.7657684965515662
95843,0.7648051971811531,0.7926239194663632,0.7816938072752655,0.7765077384879605,0.7659297163973324
95844,0.7689058267771469,0.796778587902098,0.7858267708221448,0.7806306149770743,0.7700324522171563
95845,0.715570995222259,0.7445740250471758,0.7326189875631565,0.72691146888091,0.7180120355324943
95846,0.8336215491411799,0.859214270228493,0.8492854424799177,0.8445612251698945,0.8355513126289607
95847,0.7225834927339758,0.7511869375614023,0.7380146895943399,0.7325192916836171,0.7236465968754521
95848,0.7225834927339758,0.7511869375614023,0.7380146895943399,0.7325192916836171,0.7236465968754521
95849,0.7159044424600078,0.7449209873382822,0.7329603789545857,0.7272502006391908,0.7183466202648511
95850,0.7218195980025426,0.7505209326570068,0.7373043085539054,0.7317900463213212,0.722886443472666
95851,0.7226938248681577,0.7512831404991778,0.7381172981058186,0.7326246229981346,0.7237563890582767
95852,0.7147039430252935,0.7436944489391502,0.7317446963461488,0.7260396409610401,0.7171439689329241
95853,0.72257345043714,0.7511781814044698,0.7380053503618395,0.732509704601845,0.723636603729623
95854,0.7745817627806344,0.8021681666559177,0.7913816356381709,0.7849677550565167,0.7766599231642043
95855,0.7063658622655076,0.7351483085075274,0.721635904919739,0.7164067521035274,0.7078309012938605
95856,0.7067608140432028,0.7355593534727859,0.7220393946673644,0.7168073180643295,0.7082266722218
95857,0.7063658622655076,0.7351483085075274,0.721635904919739,0.7164067521035274,0.7078309012938605
95858,0.7140167948611353,0.7429794280129748,0.7310411644436965,0.7253415941526222,0.7164544748193147
95859,0.7140167948611353,0.7429794280129748,0.7310411644436965,0.7253415941526222,0.7164544748193147
95860,0.7140167948611353,0.7429794280129748,0.7310411644436965,0.7253415941526222,0.7164544748193147
95861,0.7392272173029123,0.7669714123794802,0.7548647479446903,0.7489278591545491,0.740199447665272
95862,0.7746407213572604,0.802218598705447,0.7914353492230154,0.7850234514670877,0.7767182238418767
95863,0.7747583781528355,0.8023192420958786,0.7915425405197668,0.7851345991953692,0.7768345679278444
95864,0.7816100176627587,0.8094146183754125,0.798542612151571,0.7920780016704484,0.7837045683929941
95865,0.7611333615935892,0.7888185259808355,0.7779408893417701,0.7727797189102856,0.762252481984431
95866,0.7393481264727617,0.7670765958123698,0.7549766881416029,0.7490431717488649,0.7403197910234407
95867,0.7393481264727617,0.7670765958123698,0.7549766881416029,0.7490431717488649,0.7403197910234407
95869,0.7745817627806344,0.8021681666559177,0.7913816356381709,0.7849677550565167,0.7766599231642043
95870,0.7745817627806344,0.8021681666559177,0.7913816356381709,0.7849677550565167,0.7766599231642043
95873,0.7746407213572604,0.802218598705447,0.7914353492230154,0.7850234514670877,0.7767182238418767
95875,0.7394270130070445,0.7671452236721669,0.755049723839103,0.7491184074237006,0.7403983084604552
95876,0.7164674245138958,0.745486789104272,0.7335249102263647,0.7278141781579544,0.7189098046077853
95877,0.7066348582610164,0.7353840142140227,0.7218869931189216,0.7166639086666814,0.7080981542358812
95878,0.7130882598394963,0.7421687748483896,0.730182767347377,0.724459990172518,0.7155361355559862
95879,0.7081624739033322,0.7369025141167441,0.7234093768937663,0.7181879811042099,0.7096252278421659
95880,0.7749381126303158,0.8024729917460326,0.7917062911293137,0.7853043925227463,0.7770122975589518
95881,0.7497089474569275,0.7766343329441325,0.766401557552306,0.7629587135263428,0.7527325150369043
95882,0.7628552780742773,0.7905802700125986,0.7796868713451772,0.7745182730039774,0.763975989630141
95883,0.7614054475866849,0.7890528758433345,0.7781898288337988,0.773035686819757,0.7625230033517232
95884,0.7612633438058536,0.7889304789448226,0.7780598127341812,0.7729020002773497,0.7623817166492746
95885,0.7627447801840144,0.7904306099485916,0.7795524235460373,0.7743911211788265,0.7638638797803894
95889,0.7612633438058536,0.7889304789448226,0.7780598127341812,0.7729020002773497,0.7623817166492746
95890,0.762141652557399,0.7898407086960068,0.7789575004375372,0.7737937371466658,0.7632613157252048
95892,0.7113787764013334,0.7402493469189305,0.7266949271336094,0.7214498170285677,0.712848173814399
95893,0.7392923612185649,0.7670280831758098,0.7549250593096644,0.7489899875879401,0.7402642867160538
95894,0.7392923612185649,0.7670280831758098,0.7549250593096644,0.7489899875879401,0.7402642867160538
95895,0.7393852662227324,0.7671089056350474,0.7550110732292729,0.7490785926169947,0.740356756996314
95896,0.7393852662227324,0.7671089056350474,0.7550110732292729,0.7490785926169947,0.740356756996314
95897,0.7142191677598052,0.7431561312616938,0.7312282652672546,0.7255337484474129,0.7166546278415371
95898,0.7141517986511504,0.7430973065799115,0.7311659795988584,0.7254697806752347,0.7165879976303908
95900,0.7747152775989185,0.802282373658551,0.7915032735287452,0.7850938829387033,0.7767919482231712
95901,0.7093384707219745,0.7381940802065851,0.7246470620909685,0.7194046390112956,0.710807181160735
95902,0.7550179587289443,0.7830785511759456,0.7713264270035954,0.7665064684980416,0.7582083163319261
95903,0.7550179587289443,0.7830785511759456,0.7713264270035954,0.7665064684980416,0.7582083163319261
95904,0.7542044873125846,0.7823772854863141,0.7705789078091159,0.7657396747605637,0.7574079128605665
95905,0.7542044873125846,0.7823772854863141,0.7705789078091159,0.7657396747605637,0.7574079128605665
95906,0.7542044873125846,0.7823772854863141,0.7705789078091159,0.7657396747605637,0.7574079128605665
95907,0.7542044873125846,0.7823772854863141,0.7705789078091159,0.7657396747605637,0.7574079128605665
95908,0.7545369134280538,0.7826638431617616,0.7708843726750022,0.7660530188376566,0.7577349966361738
95909,0.7544627717821587,0.782599929794882,0.7708162430759705,0.7659831322396932,0.7576620462501886
95910,0.7066348582610164,0.7353840142140227,0.7218869931189216,0.7166639086666814,0.7080981542358812
95911,0.7393341914194572,0.767064473043903,0.7549637866954378,0.7490298816570801,0.7403059211751961
95912,0.7082942020062208,0.7371197169114954,0.7235868964248022,0.7183499351948042,0.7097613942719897
95913,0.7547424592112726,0.7814581635042622,0.7707832782175076,0.766229820745913,0.7561657194308723
95914,0.7584358910144312,0.7852823321311879,0.7745552078848624,0.7699794674683577,0.7598661161456972
95915,0.7093851599636336,0.7382091055586051,0.7246767663110266,0.7194401111934131,0.7108522219544527
95916,0.7068597644991137,0.7355810974858952,0.7220969330664481,0.7168789203251199,0.7083216037817246
95917,0.7160653352137383,0.7450649434421144,0.7331111894247313,0.7274043454163384,0.7185060464580234
95918,0.7070091711047516,0.7357120265972404,0.7222364006571227,0.7170217560692626,0.7084700430328124
95919,0.7070529057466273,0.7357575367593739,0.7222810772350559,0.7170661100762549,0.708513868042272
95920,0.7065865394451835,0.7353416741722119,0.7218418904104232,0.7166177161128812,0.7080501484547097
95921,0.7065865394451835,0.7353416741722119,0.7218418904104232,0.7166177161128812,0.7080501484547097
95922,0.7065865394451835,0.7353416741722119,0.7218418904104232,0.7166177161128812,0.7080501484547097
95923,0.7065865394451835,0.7353416741722119,0.7218418904104232,0.7166177161128812,0.7080501484547097
95927,0.7176808080262511,0.746717209774171,0.7347481345303368,0.7290340515434391,0.7201245658351938
95928,0.7105388275007812,0.7393753095625949,0.7258368939376086,0.7205979769108708,0.7120064899467906
95929,0.754806665277801,0.7815139385142738,0.7708423700616241,0.7662903482017457,0.7562294652315601
95930,0.7144890897723132,0.7434474002846558,0.7315107913829941,0.7258120730829221,0.7169263647593046
95931,0.754806665277801,0.7815139385142738,0.7708423700616241,0.7662903482017457,0.7562294652315601
95932,0.7581915890776941,0.7850186308442647,0.774299205837481,0.7697267704759208,0.7596207695652343
95933,0.7591831578423763,0.7861479517753706,0.7753739846921607,0.7707780840418262,0.7606197838099973
95934,0.7541949990581199,0.7809826227360407,0.7702794452350181,0.7657137416220702,0.7556221857772987
95935,0.7541949990581199,0.7809826227360407,0.7702794452350181,0.7657137416220702,0.7556221857772987
95936,0.7142994067328734,0.742335255799009,0.7305051344104457,0.7262764473301269,0.717504996068422
95937,0.7141569840306196,0.7431018342657816,0.7311707736872634,0.7254747042408894,0.7165931261339479
95938,0.7130882598394963,0.7421687748483896,0.730182767347377,0.724459990172518,0.7155361355559862
95939,0.7066563191557294,0.7354028197714872,0.7219070256587361,0.7166844252361647,0.708119476104631
95940,0.7066563191557294,0.7354028197714872,0.7219070256587361,0.7166844252361647,0.708119476104631
95941,0.7066563191557294,0.7354028197714872,0.7219070256587361,0.7166844252361647,0.708119476104631
95943,0.7114850902109487,0.7403943607867881,0.7268219629502981,0.7215698062249589,0.7129564950158316
95944,0.7527631414253183,0.7812381466839801,0.7694266122196793,0.7656263967171771,0.7565447540373758
95945,0.774918615640335,0.8024563132025454,0.7916885278166387,0.7852859737861143,0.7769930180204452
95946,0.754287828212603,0.7824491249330753,0.7706554881160191,0.7658182307690026,0.757489914135222
95947,0.754287828212603,0.7824491249330753,0.7706554881160191,0.7658182307690026,0.757489914135222
95948,0.754287828212603,0.7824491249330753,0.7706554881160191,0.7658182307690026,0.757489914135222
95949,0.7065328001909195,0.7352945849323514,0.7217917283612586,0.7165663418591313,0.7079967573844539
95950,0.7065328001909195,0.7352945849323514,0.7217917283612586,0.7165663418591313,0.7079967573844539
95951,0.7236485212896062,0.7512972050850729,0.7415578999357484,0.736541026933977,0.7267759654175237
95952,0.7137300398670776,0.7427290597737135,0.7307760582311694,0.7250693246394385,0.7161708667017865
95953,0.7067634932859921,0.7354967346930003,0.7220070674751353,0.7167868840106738,0.7082259560321211
95954,0.7106596427315245,0.7395512808350793,0.7259872496185774,0.7207382890382861,0.7121301675429293
95955,0.7067634932859921,0.7354967346930003,0.7220070674751353,0.7167868840106738,0.7082259560321211
95957,0.723812849742757,0.7514411166136721,0.741708874255539,0.7366956933851246,0.7269379266784483
95958,0.7081531292289878,0.7369270145902935,0.7234181777484681,0.7181906174363506,0.7096176432873658
95959,0.7130882598394963,0.7421687748483896,0.730182767347377,0.724459990172518,0.7155361355559862
95960,0.7547724339485848,0.7814842020900242,0.770810865307512,0.7662580780703113,0.7561954792860094
95961,0.7588533058222222,0.7857037610676533,0.774974980611507,0.7703985546266194,0.760283733636524
95962,0.7068597644991137,0.7355810974858952,0.7220969330664481,0.7168789203251199,0.7083216037817246
95963,0.752411462239429,0.780873164420248,0.7690671481204214,0.7652687080192648,0.756191308141121
95964,0.7547724339485848,0.7814842020900242,0.770810865307512,0.7662580780703113,0.7561954792860094
95965,0.7547467425927826,0.7814618844006289,0.7707872203982609,0.766233858704693,0.756169972105126
95966,0.7676740876956972,0.7948424517169451,0.7839866709429719,0.7793560609318111,0.7691214577664905
95967,0.7126908501219029,0.7405930772730029,0.7288189685760841,0.7246104328012982,0.7158810048393675
95968,0.7126908501219029,0.7405930772730029,0.7288189685760841,0.7246104328012982,0.7158810048393675
95969,0.710713742080985,0.7395353911768842,0.7260038177163675,0.720767605506348,0.7121806255751943
95970,0.7130882598394963,0.7421687748483896,0.730182767347377,0.724459990172518,0.7155361355559862
95971,0.7157131410447207,0.7437336924984699,0.7319096536223817,0.7276832708112991,0.71891682417446
95972,0.7065811679685438,0.735336967368529,0.7218368764764788,0.7166125810184375,0.7080448117790464
95973,0.7071103129330633,0.7358006624379778,0.7223308156430372,0.7171184506899382,0.7085705301555677
95974,0.7130882598394963,0.7421687748483896,0.730182767347377,0.724459990172518,0.7155361355559862
95975,0.7122536854155509,0.7402092410731478,0.728413000619222,0.7241964243081729,0.715450094087674
95976,0.713181549126847,0.7410239607491708,0.7292746777962191,0.7250751606593473,0.7163646899281764
95977,0.7070358062654002,0.7357353681787047,0.7222612642268239,0.7170472200046165,0.7084965057683658
95978,0.7137300398670776,0.7427290597737135,0.7307760582311694,0.7250693246394385,0.7161708667017865
95979,0.7137300398670776,0.7427290597737135,0.7307760582311694,0.7250693246394385,0.7161708667017865
95980,0.7532325574922734,0.7817253194983627,0.7699064194714462,0.7661038341900368,0.7570165282826494
95981,0.747509139894301,0.7753721844674645,0.7638698412931229,0.7602066387766109,0.7513746011323224
95982,0.7132185436704549,0.7421982484349806,0.7285927829765444,0.7233278299616263,0.7146935333877756
95983,0.7068597644991137,0.7355810974858952,0.7220969330664481,0.7168789203251199,0.7083216037817246
95985,0.7122536854155509,0.7402092410731478,0.728413000619222,0.7241964243081729,0.715450094087674
95986,0.7491705368175273,0.7770955091639513,0.7655676011415833,0.7618962568739338,0.7530445893423503
95987,0.7585109372596158,0.7874950162448742,0.777176215776448,0.7713971508872378,0.7627641492779083
95988,0.9162428829079473,0.9379385849586976,0.933303591307177,0.9186468883972408,0.9086078540544715
95989,0.9087123159659446,0.9296522228613072,0.9233014924937393,0.9126612777004318,0.8985629064597069
95992,0.7122536854155509,0.7402092410731478,0.728413000619222,0.7241964243081729,0.715450094087674
95993,0.7122536854155509,0.7402092410731478,0.728413000619222,0.7241964243081729,0.715450094087674
95994,0.7122536854155509,0.7402092410731478,0.728413000619222,0.7241964243081729,0.715450094087674
95998,0.8664422443241894,0.8852868658473211,0.8883038319854938,0.8762112139089281,0.8573776542738082
95999,0.8475310888080395,0.8674434178352531,0.8709316795707995,0.8581448141415342,0.8368788361440184
96000,0.8797402891105703,0.901131744717878,0.900902354274723,0.8853350048335016,0.8718077029506809
96002,0.9304141659485277,0.9540926689272982,0.9412579191247713,0.933669563269502,0.9235436309466317
96004,0.7029458542128565,0.7298771908995896,0.7198224140522835,0.7156227967950093,0.7061773118581749
96005,0.7191622860915458,0.74671490844938,0.7364281754665871,0.7321316761994666,0.7224682910330181
96006,0.7029458542128565,0.7298771908995896,0.7198224140522835,0.7156227967950093,0.7061773118581749
96007,0.7029458542128565,0.7298771908995896,0.7198224140522835,0.7156227967950093,0.7061773118581749
96008,0.7029458542128565,0.7298771908995896,0.7198224140522835,0.7156227967950093,0.7061773118581749
96009,0.782761080328442,0.8097148426597736,0.8006880850348356,0.7963623803458484,0.7862362478549226
96010,0.8220517192231149,0.8504299929140315,0.8396064690120607,0.8349431662483912,0.8239015918257273
96011,0.8220517192231149,0.8504299929140315,0.8396064690120607,0.8349431662483912,0.8239015918257273
96012,0.8220517192231149,0.8504299929140315,0.8396064690120607,0.8349431662483912,0.8239015918257273
96013,0.8276295036646754,0.8562003295877327,0.8453033659230176,0.8406084217224491,0.8294919280208823
96014,0.8220517192231149,0.8504299929140315,0.8396064690120607,0.8349431662483912,0.8239015918257273
96015,0.8987822683985747,0.9257841807271566,0.9139350023180157,0.909793223230169,0.8980410923948328
96016,0.8688481097311572,0.8966142149688644,0.8842602304970694,0.8750838511046162,0.8647653222964605
96017,0.7291026737663863,0.7594975117644699,0.748041464299834,0.7437473125716434,0.7325125907062111
96018,0.7270196767555661,0.7573276787578807,0.7459043604457816,0.7416224768185535,0.730419851793395
96019,0.89196059074,0.9210426666191781,0.9084695880056946,0.9046013153711282,0.8922393124184099
96020,0.8977910181338388,0.9184792601669971,0.9122048556250806,0.9016925195374026,0.8877635886229088
96021,0.8977910181338388,0.9184792601669971,0.9122048556250806,0.9016925195374026,0.8877635886229088
96022,0.8067354354848201,0.828445875744146,0.8228701347398714,0.810613155562412,0.7969981162552907
96023,0.7556992657342587,0.7845759056496653,0.7742953552261993,0.7685377123513516,0.7599367118162466
96024,0.7699104862279311,0.7993301626600603,0.7888562824617901,0.7829903648589807,0.7742276191421441
96026,0.916347827885145,0.9357140881774051,0.9336857811366357,0.9237351602177455,0.9117127248247575
96027,0.9163073700804704,0.9356834901511896,0.9336541650679246,0.9236985005100178,0.9116698601812468
96028,0.8985136492420869,0.9183389076407146,0.9158430124811182,0.905994102146732,0.8940822278573134
96029,0.916347827885145,0.9357140881774051,0.9336857811366357,0.9237351602177455,0.9117127248247575
96031,0.8578230514351852,0.878598238685433,0.8761710602949592,0.8639538514641287,0.8477626251522989
96033,0.9160182478993395,0.9354648387583443,0.9334282377443509,0.9234365253008995,0.9113635345174207
96034,0.9160182478993395,0.9354648387583443,0.9334282377443509,0.9234365253008995,0.9113635345174207
96035,0.9160182478993395,0.9354648387583443,0.9334282377443509,0.9234365253008995,0.9113635345174207
96036,0.7739699130972084,0.8025615531757114,0.7897081574975383,0.7850306929003416,0.7782842590563099
96039,0.8224397446657489,0.8429200657178912,0.8391455065477945,0.8263890114622806,0.8169340767105446
96040,0.8226955892469181,0.843091251593722,0.8369319632737345,0.824908611225821,0.8170394161992761
96041,0.9050614618861655,0.9239436535345156,0.9215622742607382,0.9127956715920826,0.8997307889213447
96042,0.9050614618861655,0.9239436535345156,0.9215622742607382,0.9127956715920826,0.8997307889213447
96043,0.8954396086464796,0.9151970398627521,0.9127096837866181,0.9028944690451881,0.8910233482659318
96045,0.8009323697492767,0.8271418327633016,0.8155001460403337,0.8121428886283162,0.8040659876407702
96046,0.8357804887490076,0.8569634753051275,0.8516604294738009,0.841536920346057,0.8300223766026698
96047,0.8309435480594867,0.8509470841507664,0.8462810318095564,0.8357445437874345,0.8243875473843183
96048,0.8324775706440597,0.8527632087047688,0.847748090337023,0.8378672248777531,0.8262018210753229
96051,0.9214498508461751,0.9404789726424644,0.9394875214090874,0.92664259897907,0.9134340108616149
96053,0.7239815886154538,0.7515888959095363,0.7418639042715136,0.7368545136864757,0.7271042355389731
96054,0.7239815886154538,0.7515888959095363,0.7418639042715136,0.7368545136864757,0.7271042355389731
96055,0.7239815886154538,0.7515888959095363,0.7418639042715136,0.7368545136864757,0.7271042355389731
96062,0.7674377624423392,0.7944910136378757,0.7847203659190558,0.780044493989756,0.7703758254355751
96065,0.8421062352728023,0.8643075402967307,0.8601971808243735,0.8489342528345123,0.833443536153221
96066,0.8595129813143239,0.8803290961307173,0.8778971361465603,0.8656558591513125,0.8494327357750724
96068,0.8809275046513373,0.904882706183263,0.8972834691514552,0.8853474697226897,0.8688167799402524
96071,0.8309435480594867,0.8509470841507664,0.8462810318095564,0.8357445437874345,0.8243875473843183
96072,0.9163073700804704,0.9356834901511896,0.9336541650679246,0.9236985005100178,0.9116698601812468
96073,0.9163073700804704,0.9356834901511896,0.9336541650679246,0.9236985005100178,0.9116698601812468
96074,0.916071860386522,0.9355053823584192,0.9334701306310672,0.9234851032406977,0.9114203375536852
96075,0.9163073700804704,0.9356834901511896,0.9336541650679246,0.9236985005100178,0.9116698601812468
96079,0.8578230514351852,0.878598238685433,0.8761710602949592,0.8639538514641287,0.8477626251522989
96085,0.7068597644991137,0.7355810974858952,0.7220969330664481,0.7168789203251199,0.7083216037817246
96086,0.7068597644991137,0.7355810974858952,0.7220969330664481,0.7168789203251199,0.7083216037817246
96087,0.7068597644991137,0.7355810974858952,0.7220969330664481,0.7168789203251199,0.7083216037817246
96088,0.7068597644991137,0.7355810974858952,0.7220969330664481,0.7168789203251199,0.7083216037817246
96090,0.7739583317844269,0.8025517030689839,0.7896975406288881,0.7850197923914201,0.7782729450026108
96091,0.7739583317844269,0.8025517030689839,0.7896975406288881,0.7850197923914201,0.7782729450026108
96094,0.7739583317844269,0.8025517030689839,0.7896975406288881,0.7850197923914201,0.7782729450026108
96095,0.7676041277913025,0.7946343438403023,0.7848718798942984,0.7801999779676281,0.7705396312911121
96096,0.7676041277913025,0.7946343438403023,0.7848718798942984,0.7801999779676281,0.7705396312911121
96104,0.7481010453723805,0.776399696074983,0.7646613141140062,0.7608846345270126,0.7518592372824108
96106,0.7606846438825698,0.7882642512848526,0.7761363527617218,0.7734818366759216,0.7636238313310676
96107,0.760126742875286,0.7877135702842136,0.7755826380479686,0.7729274287896631,0.7630667550933313
96111,0.7364926410469264,0.7667611803520177,0.755590136423367,0.7507694468761026,0.7389598286469925
96115,0.7472449404854902,0.7755112070425166,0.7637862581414494,0.7600139004757667,0.7509988316309647
96117,0.7485878285013794,0.776904892900662,0.7651588728721597,0.7613797358311658,0.7523484658356324
96120,0.8970586477901519,0.9162919158913336,0.9144841370965068,0.9030561913373937,0.8870370020018268
96121,0.8970586477901519,0.9162919158913336,0.9144841370965068,0.9030561913373937,0.8870370020018268
96126,0.9479741406279866,0.9671966514167398,0.9621625041751254,0.9496272222353767,0.9396539916463035
96127,0.9479741406279866,0.9671966514167398,0.9621625041751254,0.9496272222353767,0.9396539916463035
96130,0.9263294542371703,0.9499040036628195,0.937125601081508,0.9295705596867945,0.9194890823129795
96138,0.7108480506102374,0.7396970821715348,0.7261527746926277,0.7209115777141822,0.7123163517759445
96140,0.7678423536156795,0.7948395937032722,0.785088845635507,0.7804226270027886,0.7707741932475115
96141,0.7675311721758437,0.7945714891054831,0.7848054365579097,0.780131793787821,0.7704677979977129
96145,0.7073520477108008,0.7360591976169434,0.7225815020365658,0.71736608164964,0.7088131276635805
96146,0.7144619963214505,0.7433681692702074,0.7314527755503316,0.7257643203313702,0.7168947938313979
96149,0.8678077254721214,0.8955583173580037,0.8832113247644324,0.8740400464602829,0.8637271569797266
96151,0.8687087914058836,0.8964704443955653,0.8841184408642911,0.8749435328887574,0.8646266586392486
96163,0.8954396086464796,0.9151970398627521,0.9127096837866181,0.9028944690451881,0.8910233482659318
96179,0.7256409188950621,0.7550903036874963,0.7412641368768056,0.7359138697018668,0.7271397756566215
96181,0.7070677506432183,0.7357633626474583,0.7222910839869069,0.717077759767974,0.7085282433626006
96188,0.7675311721758437,0.7945714891054831,0.7848054365579097,0.780131793787821,0.7704677979977129
96190,0.767490585277443,0.7945365219948264,0.7847684728900294,0.7800938615754242,0.77042783552963
96191,0.7674377624423392,0.7944910136378757,0.7847203659190558,0.780044493989756,0.7703758254355751
96193,0.7180682860989053,0.7471725343944707,0.7351757746966694,0.7294483371881588,0.7205178454627872
96194,0.7674377624423392,0.7944910136378757,0.7847203659190558,0.780044493989756,0.7703758254355751
96195,0.767490585277443,0.7945365219948264,0.7847684728900294,0.7800938615754242,0.77042783552963
96196,0.7674377624423392,0.7944910136378757,0.7847203659190558,0.780044493989756,0.7703758254355751
96198,0.7141517986511504,0.7430973065799115,0.7311659795988584,0.7254697806752347,0.7165879976303908
96201,0.8640118205028842,0.886350869114255,0.8825070299883808,0.8713207155853229,0.8579677823870155
96206,0.7674377624423392,0.7944910136378757,0.7847203659190558,0.780044493989756,0.7703758254355751
96219,0.7408010207007394,0.7674064828862208,0.7572952917625454,0.7538933550813862,0.7437886627143532
96220,0.7408010207007394,0.7674064828862208,0.7572952917625454,0.7538933550813862,0.7437886627143532
96224,0.7143612409926052,0.725007910700876,0.7350800556715364,0.7272900670177954,0.7209710606970047
96225,0.7092294273505759,0.7220783226419865,0.7289390064509406,0.722199819432711,0.7149330784645912
96226,0.7073441474765298,0.7180871232173023,0.7278863660350235,0.7194203009270648,0.7121498382632021
96227,0.6843586163767642,0.6979285898313194,0.7043335825846472,0.6978818450205333,0.6917343615337492
96228,0.7076672632488906,0.7184151463956497,0.7282188655208697,0.7197489331028102,0.7124751492816758
96229,0.6962193925508757,0.7095546247173233,0.7153102317187819,0.7097736360967654,0.7019809925528067
96230,0.7124467354453015,0.7259323910132042,0.7304951519839569,0.7262178428884087,0.7175468096686576
96231,0.7078828462760968,0.718634003646923,0.7284407093670537,0.7199681966774941,0.7126921969783379
96232,0.6956683943650015,0.7089930728341368,0.7147441247642338,0.7092119108847775,0.7014254345526227
96233,0.6956683943650015,0.7089930728341368,0.7147441247642338,0.7092119108847775,0.7014254345526227
96234,0.6956683943650015,0.7089930728341368,0.7147441247642338,0.7092119108847775,0.7014254345526227
96235,0.6956683943650015,0.7089930728341368,0.7147441247642338,0.7092119108847775,0.7014254345526227
96236,0.6956895696388284,0.7090146536944724,0.7147658806793805,0.709233498406269,0.7014467850635359
96237,0.6997651388670615,0.7252719280860804,0.7181072599497411,0.714444145008694,0.7021942263157831
96238,0.6997651388670615,0.7252719280860804,0.7181072599497411,0.714444145008694,0.7021942263157831
96239,0.713172720235511,0.7391682224996747,0.7318662784893595,0.7281329778404139,0.715648349281993
96240,0.7119369388661821,0.7378652927424383,0.7305821214687194,0.7268584451533154,0.7144061345641199
96241,0.7163613730018557,0.7436478530226653,0.733459708394744,0.7292046562857307,0.7196350879789007
96242,0.7016757990278474,0.7271481687923863,0.7202675963281904,0.7164404517857569,0.7042029039054353
96243,0.699915114513072,0.7254056401224565,0.7182454530640611,0.7145846550461126,0.7023426151740569
96244,0.699915114513072,0.7254056401224565,0.7182454530640611,0.7145846550461126,0.7023426151740569
96245,0.7137155221945802,0.732402799306441,0.7317960809139915,0.727511154416562,0.718824679071099
96246,0.7329360774618557,0.7580113796678742,0.7489526615591634,0.7450986716042789,0.7357032841644869
96247,0.7071192002240001,0.7340536423316054,0.7239969405710492,0.7197967852337666,0.7103506792003568
96248,0.6841502675430514,0.6977161097014191,0.7041191524935158,0.6976693791218073,0.6915237671991186
96249,0.6846713898992558,0.6982475652606708,0.7046554852981696,0.6982007990860284,0.6920505060049489
96250,0.6841502675430514,0.6977161097014191,0.7041191524935158,0.6976693791218073,0.6915237671991186
96251,0.6853396444398439,0.6989290704510784,0.7053432447613919,0.6988822586316069,0.6927259627273659
96252,0.7354975752618145,0.7582569893747882,0.7522583268675828,0.7478002193675617,0.7388802577924163
96253,0.7085752478639079,0.7333362721308871,0.7258561890018655,0.7216211755203676,0.7124055024465166
96254,0.7432257935876915,0.7662243515498772,0.7601626582794466,0.7556577073509232,0.7466440195517497
96255,0.8098157321283246,0.8330515070646888,0.8247055701996279,0.8201004180715593,0.8120451911990259
96256,0.7881261241960056,0.8122979523276179,0.8035090930719212,0.8000893769675745,0.791563953497757
96257,0.718791753798804,0.7439097918792636,0.7363218580824245,0.7320257825747006,0.7226772344407386
96258,0.7881261241960056,0.8122979523276179,0.8035090930719212,0.8000893769675745,0.791563953497757
96259,0.7240224623272307,0.7516007561848732,0.7413036549758238,0.7370030974340502,0.7273311878782824
96260,0.7465362304123944,0.7687348736596366,0.7629919395568632,0.7580141861615423,0.7493646756950088
96261,0.7465362304123944,0.7687348736596366,0.7629919395568632,0.7580141861615423,0.7493646756950088
96262,0.7101249554104672,0.7286902110591833,0.7292656674636037,0.7224984945634014,0.7131375324115335
96263,0.7356711584168365,0.745261671719612,0.7557062897869661,0.7476220292301978,0.7400300461835043
96264,0.7263320759978426,0.7462699685698098,0.7433996559175411,0.7400395873024522,0.732269382167111
96265,0.7272029847147025,0.7471647838233771,0.74429102952177,0.7409269320152926,0.7331474100129043
96266,0.7568181872998964,0.772413699305123,0.7756631321380674,0.7694848805998872,0.7625425074474649
96267,0.7568181872998964,0.772413699305123,0.7756631321380674,0.7694848805998872,0.7625425074474649
96268,0.7217598636085704,0.7362323506651345,0.743863005266219,0.7369053217999753,0.7283729591576786
96269,0.7303604784066672,0.7399130952298308,0.7512745009007957,0.7423463793764027,0.7357932530360326
96271,0.7576713613840739,0.77320039543013,0.7764362259837883,0.7702839094280807,0.7633710479127179
96274,0.7172677111452753,0.7316501230651365,0.7392332853275762,0.7323189057030914,0.7238396475291837
96275,0.7069343001000643,0.7204743467913663,0.7263183562918679,0.7206967220184388,0.7127843908641057
96277,0.7074557705071453,0.7331379659076163,0.7262007155408058,0.7224650614795328,0.7100036921125409
96279,0.7515414146949242,0.7730079793145758,0.7681021538550469,0.7639548386734998,0.7543398225106652
96280,0.8228905401659432,0.8494722117523716,0.8383250366672801,0.8343720415982782,0.8264350224053667
96281,0.8416336226270185,0.8688207483269396,0.8574196726176098,0.8533766396773114,0.8452588379890781
96282,0.82269393668285,0.8470805856153046,0.8366155197330772,0.8332717351707669,0.8260812027538574
96283,0.8190393853760767,0.8433177045205628,0.8328991263034196,0.8295701954208275,0.8224116046148489
96284,0.8289597093678307,0.8535320910399422,0.842987321490254,0.839618070113323,0.8323727734157991
96285,0.8174692580525003,0.8391089946069779,0.8309493875841788,0.8271494615508015,0.819307438868791
96286,0.7369632154067581,0.756677575343073,0.7564870627205077,0.7497172278302533,0.741196139719454
96287,0.7481083584942588,0.7677745444085935,0.7676936210396275,0.7611982346429294,0.7529908546124924
96288,0.7466874982042094,0.7629953932201676,0.7660933778649789,0.7596183559040127,0.7504916823999878
96289,0.8150060525866477,0.836258427923601,0.8285111378036443,0.8251567128648193,0.8167362301239937
96290,0.812946459755243,0.8341808474550944,0.8264402452311818,0.8230886699504694,0.8146752155909179
96291,0.8801047655894193,0.9058459599534548,0.8931668684306422,0.8899334437719347,0.8836666451426813
96292,0.8884850048970925,0.9160756267634408,0.9016843300437464,0.898065851115725,0.891242886276459
96293,0.8689055552287124,0.8987395222163664,0.8837427961198586,0.879941843549212,0.8722209217590473
96294,0.7874051576846036,0.8067687684992461,0.805277788480575,0.7991898849370643,0.7899049788378207
96295,0.7910658665617446,0.8105195003351027,0.8090215886323592,0.8029053819436032,0.7935773095812876
96296,0.8247470280864699,0.84574488613691,0.8418701069031579,0.8367430871734716,0.8278094614867079
96297,0.8359968213504484,0.8572810963918074,0.8533534640238954,0.8481565102295141,0.8391010272475419
96298,0.8298891029794748,0.8510178770017355,0.8471189395663344,0.8419599542538329,0.8329706298245663
96299,0.727331391370975,0.7439053545660996,0.7463060353292043,0.7406534652707888,0.7318472264264037
96300,0.7170957576023387,0.7337938102643056,0.7371197589260019,0.7312545704709167,0.7219949752367542
96301,0.8912811453651224,0.9190152403222179,0.9032865393982643,0.8994312242466606,0.8944071928001859
96302,0.8530235936800208,0.88079554071127,0.8672552048172606,0.8631227556274237,0.8554188203548647
96303,0.8530235936800208,0.88079554071127,0.8672552048172606,0.8631227556274237,0.8554188203548647
96304,0.8732549667502576,0.9006066840916993,0.8856883673564754,0.8813302925110288,0.8757569987258426
96305,0.858308461558747,0.8816076768950795,0.8712447136138619,0.8679823669881452,0.8619171496798452
96306,0.7721943521594319,0.7938840076639304,0.7892944201860979,0.7839979166587421,0.7758173748124615
96307,0.7721702591882137,0.7938592379612076,0.7892697936815203,0.783973455408555,0.7757931688005557
96308,0.7894262708094274,0.811599942259076,0.806907935749255,0.8014932379905407,0.7931301430975903
96309,0.7209548254089228,0.7335489392309013,0.7404238248095092,0.7350078107750038,0.725003068492743
96310,0.7205484231895519,0.7360484073097465,0.7398100761235382,0.7343044135531038,0.7253766500510036
96311,0.7214845028107915,0.7340878693865528,0.7409678058662755,0.7355478127471712,0.725535720093276
96312,0.7390532795226205,0.7556518633011858,0.7580383789597333,0.7527555820120704,0.7430752948544332
96313,0.7390532795226205,0.7556518633011858,0.7580383789597333,0.7527555820120704,0.7430752948544332
96314,0.7282121378329046,0.745327677433157,0.7475988072624764,0.7423072308846663,0.7325733283010176
96315,0.7963795836232844,0.8072419035419767,0.8127669200279921,0.80570029679063,0.8002308700092245
96316,0.7859976116198152,0.8018888170938233,0.802622888016059,0.797133939996343,0.7910912141894547
96317,0.7321416193877085,0.7466620461347315,0.7518550824268608,0.7471048708869885,0.7373999452047364
96318,0.8732549667502576,0.9006066840916993,0.8856883673564754,0.8813302925110288,0.8757569987258426
96319,0.8915864432731215,0.9218667475861027,0.9034524849533155,0.9004739004256835,0.8945650549966682
96320,0.8685173741648458,0.8915735863589579,0.8817851106717177,0.8782309415544958,0.8712005903294436
96321,0.7573821274097646,0.7774714845129873,0.7749288428961146,0.7697368487214773,0.7604981581448912
96322,0.7573821274097646,0.7774714845129873,0.7749288428961146,0.7697368487214773,0.7604981581448912
96323,0.7573821274097646,0.7774714845129873,0.7749288428961146,0.7697368487214773,0.7604981581448912
96324,0.7519900404958474,0.7695772139834725,0.771904580791636,0.7648666919962929,0.7545258003586156
96325,0.7267889292353701,0.7447861762726795,0.7479195025585331,0.7395702572500956,0.7302727957196609
96326,0.7361516493631052,0.7527779991197466,0.7558902646612429,0.750874049739961,0.7414350455898074
96327,0.7310171705064058,0.7449463380894945,0.7505913210113314,0.745040286891264,0.7359233128932258
96329,0.7271903897420217,0.7437357227013636,0.7464621320725323,0.7418921853624402,0.7327627047997654
96330,0.7158992594420108,0.7332325057826697,0.7350533864132657,0.7290286855550698,0.7213492646464702
96331,0.7236047173826783,0.7409696959568185,0.7422803722115654,0.7373798419192444,0.7291996542008685
96332,0.6906124370538563,0.7080278604498246,0.7112511149691277,0.7040039434400899,0.6976759220694763
96333,0.7161245538542611,0.7328132253728055,0.7361372646945695,0.7302754343226155,0.7210210551005029
96334,0.723733772461775,0.7380874479653838,0.7432208479070191,0.7385251873589705,0.7289317121494182
96335,0.7167996184401109,0.7334917550330879,0.7368165223037269,0.7309534165249355,0.7216971029634159
96336,0.7299467803151256,0.7465548277993584,0.7492915715330204,0.7447043025945146,0.7355402170445967
96337,0.7299467803151256,0.7465548277993584,0.7492915715330204,0.7447043025945146,0.7355402170445967
96338,0.7299467803151256,0.7465548277993584,0.7492915715330204,0.7447043025945146,0.7355402170445967
96339,0.8732549667502576,0.9006066840916993,0.8856883673564754,0.8813302925110288,0.8757569987258426
96340,0.7113999175109016,0.7293773795272631,0.7318363079847441,0.7245603135492484,0.7157405929302987
96341,0.7113844586406706,0.7293631441985702,0.7318222365160719,0.7245457548185976,0.7157254336815561
96342,0.7113999175109016,0.7293773795272631,0.7318363079847441,0.7245603135492484,0.7157405929302987
96343,0.7113999175109016,0.7293773795272631,0.7318363079847441,0.7245603135492484,0.7157405929302987
96344,0.7495345030046805,0.7670642475882818,0.7693840146462554,0.7623691072720282,0.7520619826335676
96345,0.7495345030046805,0.7670642475882818,0.7693840146462554,0.7623691072720282,0.7520619826335676
96346,0.7508895334458746,0.7688405506141863,0.7711656895940784,0.7641345376859227,0.7538035446730186
96347,0.8928224567928399,0.9189047939428671,0.905500925725926,0.901732371217263,0.896361356753093
96348,0.8586248378792258,0.8846118043223986,0.8761063154766726,0.8693134074576094,0.8623797373809337
96349,0.7113844586406706,0.7293631441985702,0.7318222365160719,0.7245457548185976,0.7157254336815561
96350,0.7113844586406706,0.7293631441985702,0.7318222365160719,0.7245457548185976,0.7157254336815561
96351,0.7113844586406706,0.7293631441985702,0.7318222365160719,0.7245457548185976,0.7157254336815561
96352,0.7113689950686206,0.7293489045717192,0.7318081608027924,0.7245311916837507,0.7157102698304725
96353,0.7113689950686206,0.7293489045717192,0.7318081608027924,0.7245311916837507,0.7157102698304725
96354,0.7113689950686206,0.7293489045717192,0.7318081608027924,0.7245311916837507,0.7157102698304725
96355,0.7113122550562958,0.729296655814194,0.7317565135201373,0.7244777558224555,0.7156546296466608
96356,0.7113586834078098,0.7293394090986975,0.7317987746352441,0.724521480479804,0.7157001580389214
96357,0.7112916066345932,0.7292776419233507,0.7317377185261597,0.7244583099035973,0.7156343814946317
96359,0.8479981670537854,0.877079933397834,0.8622494538962622,0.8571094608208256,0.8511363231022567
96361,0.8876168706373901,0.914413239966457,0.8989475586173125,0.8963191593665011,0.890278154028481
96362,0.8892723653685609,0.914413239966457,0.9008475485115405,0.8980424981508685,0.8916872900123871
96364,0.7392990609043253,0.7558011186413462,0.759210901463562,0.7531973190395,0.7435739223962334
96365,0.7392990609043253,0.7558011186413462,0.759210901463562,0.7531973190395,0.7435739223962334
96366,0.7215896821783218,0.7400312226370392,0.7408791699789327,0.73536555121783,0.7264248862733048
96367,0.7506459012951521,0.7672771166488052,0.7713608131665923,0.7642143539557793,0.7538457186743002
96368,0.7117050788597256,0.7296972547527282,0.732158180589954,0.7248762654802493,0.7160493251663854
96369,0.7361516493631052,0.7527779991197466,0.7558902646612429,0.750874049739961,0.7414350455898074
96370,0.7284437223631427,0.7452275847704705,0.7484255197774881,0.7431160590941402,0.7333507708681534
96371,0.7284437223631427,0.7452275847704705,0.7484255197774881,0.7431160590941402,0.7333507708681534
96372,0.7284437223631427,0.7452275847704705,0.7484255197774881,0.7431160590941402,0.7333507708681534
96373,0.7284437223631427,0.7452275847704705,0.7484255197774881,0.7431160590941402,0.7333507708681534
96374,0.7361516493631052,0.7527779991197466,0.7558902646612429,0.750874049739961,0.7414350455898074
96375,0.8768142116200671,0.9041512812487766,0.8879699984981129,0.8850655455293289,0.8793641757552308
96376,0.8730972011606366,0.9005291516941037,0.8829168046997651,0.881020654203683,0.8762408322809789
96377,0.878462890407476,0.9058513620848858,0.8896396535755259,0.8867297393471784,0.8810176492548178
96378,0.8741229044561056,0.8996398378330047,0.8849472404668398,0.882147697029883,0.8760087518643259
96379,0.7288673222161096,0.7456184749245501,0.7488103013842496,0.7435110039466318,0.7337646925504621
96380,0.7288673222161096,0.7456184749245501,0.7488103013842496,0.7435110039466318,0.7337646925504621
96381,0.7288673222161096,0.7456184749245501,0.7488103013842496,0.7435110039466318,0.7337646925504621
96382,0.7205287208581138,0.7389452834072066,0.7397920807978343,0.7342859371206747,0.7253573819449726
96383,0.7288388840792205,0.7455922320378086,0.7487844684770183,0.7434844889286213,0.7337369039307868
96384,0.7393442952180739,0.755842812520413,0.7592518780823936,0.7532395638816046,0.7436182283601973
96385,0.7257196405632516,0.7410270349028306,0.7457258752112699,0.740531882927352,0.7307961862989214
96386,0.7506501920523208,0.7672810575558772,0.7713646698873899,0.7642183584400645,0.7538499412313225
96387,0.7506501920523208,0.7672810575558772,0.7713646698873899,0.7642183584400645,0.7538499412313225
96391,0.7113689950686206,0.7293489045717192,0.7318081608027924,0.7245311916837507,0.7157102698304725
96392,0.7113689950686206,0.7293489045717192,0.7318081608027924,0.7245311916837507,0.7157102698304725
96393,0.7113328951081902,0.7293156620539744,0.7317753009583995,0.7244971939014465,0.7156748696060123
96394,0.7113122550562958,0.729296655814194,0.7317565135201373,0.7244777558224555,0.7156546296466608
96395,0.7113535267934235,0.7293346606455177,0.7317940808437305,0.7245166241434795,0.7156951013757532
96396,0.7113586834078098,0.7293394090986975,0.7317987746352441,0.724521480479804,0.7157001580389214
96397,0.7113586834078098,0.7293394090986975,0.7317987746352441,0.724521480479804,0.7157001580389214
96398,0.7113586834078098,0.7293394090986975,0.7317987746352441,0.724521480479804,0.7157001580389214
96399,0.7113586834078098,0.7293394090986975,0.7317987746352441,0.724521480479804,0.7157001580389214
96400,0.7113586834078098,0.7293394090986975,0.7317987746352441,0.724521480479804,0.7157001580389214
96401,0.7274285259949007,0.7445256479682724,0.7467943338885611,0.7415084516507906,0.7317850234892206
96402,0.7113535267934235,0.7293346606455177,0.7317940808437305,0.7245166241434795,0.7156951013757532
96403,0.7113535267934235,0.7293346606455177,0.7317940808437305,0.7245166241434795,0.7156951013757532
96404,0.7113535267934235,0.7293346606455177,0.7317940808437305,0.7245166241434795,0.7156951013757532
96405,0.7113535267934235,0.7293346606455177,0.7317940808437305,0.7245166241434795,0.7156951013757532
96406,0.7112916066345932,0.7292776419233507,0.7317377185261597,0.7244583099035973,0.7156343814946317
96407,0.7113535267934235,0.7293346606455177,0.7317940808437305,0.7245166241434795,0.7156951013757532
96408,0.6907589047908029,0.7086000084331994,0.7125263053753946,0.7035683071792668,0.6970265799392145
96409,0.7113560250183214,0.7293415324301997,0.7318015415012821,0.7245223359117697,0.7156986668128145
96410,0.7113560250183214,0.7293415324301997,0.7318015415012821,0.7245223359117697,0.7156986668128145
96411,0.723569336943706,0.7414915211080703,0.7446117657997585,0.7362973699713858,0.727038683158204
96412,0.7113328951081902,0.7293156620539744,0.7317753009583995,0.7244971939014465,0.7156748696060123
96413,0.7119680380725124,0.7299668616747274,0.732428696769369,0.725144091153833,0.7163138894816549
96414,0.7113122550562958,0.729296655814194,0.7317565135201373,0.7244777558224555,0.7156546296466608
96415,0.7115517782023745,0.7295400785962786,0.7320004743522112,0.7247201277607119,0.7158950887621438
96416,0.7113328951081902,0.7293156620539744,0.7317753009583995,0.7244971939014465,0.7156748696060123
96417,0.7235008961278536,0.7414286478113674,0.7445498413571289,0.7362329039040426,0.7269713360350576
96418,0.7235008961278536,0.7414286478113674,0.7445498413571289,0.7362329039040426,0.7269713360350576
96419,0.7113122550562958,0.729296655814194,0.7317565135201373,0.7244777558224555,0.7156546296466608
96420,0.7114435815758717,0.7294313027162621,0.7318916145751444,0.7246115130317627,0.7157867578801642
96421,0.7113122550562958,0.729296655814194,0.7317565135201373,0.7244777558224555,0.7156546296466608
96422,0.7113122550562958,0.729296655814194,0.7317565135201373,0.7244777558224555,0.7156546296466608
96423,0.7113122550562958,0.729296655814194,0.7317565135201373,0.7244777558224555,0.7156546296466608
96424,0.7205287208581138,0.7389452834072066,0.7397920807978343,0.7342859371206747,0.7253573819449726
96425,0.7158992594420108,0.7332325057826697,0.7350533864132657,0.7290286855550698,0.7213492646464702
96426,0.687273460276031,0.7049906192747273,0.7084124638297414,0.7007145436139643,0.6937041544215645
96427,0.7115079980632987,0.7294769065799872,0.731934689515257,0.7246621014495679,0.7158465789148084
96428,0.6871991343692725,0.7049217862618529,0.708344667908395,0.700644403966628,0.69363184655848
96429,0.7289146809451897,0.7456621780720623,0.7488533218193087,0.7435551602559421,0.7338109696931921
96430,0.7158992594420108,0.7332325057826697,0.7350533864132657,0.7290286855550698,0.7213492646464702
96431,0.7158992594420108,0.7332325057826697,0.7350533864132657,0.7290286855550698,0.7213492646464702
96432,0.7114411181882928,0.7294153193996391,0.7318738111587331,0.7245991153087046,0.7157809951031322
96433,0.6906934960542446,0.7085266591415799,0.7124512320581601,0.7034971794643838,0.6969583613455925
96434,0.7113793046391439,0.7293583981339185,0.7318175450833265,0.7245409009297311,0.7157203795759632
96435,0.6905889820239642,0.708425696856208,0.7123510279516582,0.7033952333722021,0.6968551153598918
96436,0.8730972011606366,0.9005291516941037,0.8829168046997651,0.881020654203683,0.8762408322809789
96437,0.8764910954294798,0.9039056303531716,0.8876789269831128,0.8847661893871064,0.8790484379334118
96438,0.7114256718497451,0.7294010955268646,0.7318597510032643,0.7245845683165684,0.7157658481209643
96439,0.7114256718497451,0.7294010955268646,0.7318597510032643,0.7245845683165684,0.7157658481209643
96440,0.7113535267934235,0.7293346606455177,0.7317940808437305,0.7245166241434795,0.7156951013757532
96441,0.7113535267934235,0.7293346606455177,0.7317940808437305,0.7245166241434795,0.7156951013757532
96442,0.7113535267934235,0.7293346606455177,0.7317940808437305,0.7245166241434795,0.7156951013757532
96443,0.7113535267934235,0.7293346606455177,0.7317940808437305,0.7245166241434795,0.7156951013757532
96444,0.6873419809761795,0.7050540767429317,0.7084749653147885,0.7007792055215482,0.6937708149473979
96445,0.6873419809761795,0.7050540767429317,0.7084749653147885,0.7007792055215482,0.6937708149473979
96446,0.6887805310529301,0.7065296967752938,0.7099577449847893,0.7022458786010195,0.6952228200434237
96447,0.7160531394337551,0.7333901114938761,0.7352113835162674,0.7291853876701161,0.7215043160973895
96448,0.8764910954294798,0.9039056303531716,0.8876789269831128,0.8847661893871064,0.8790484379334118
96449,0.8609965290573713,0.8877597432128326,0.8730087916807436,0.8695795011385404,0.8640213212970906
96450,0.7205287208581138,0.7389452834072066,0.7397920807978343,0.7342859371206747,0.7253573819449726
96451,0.6904929447168947,0.7083368542078355,0.7122637323046082,0.7033043893298783,0.6967616370148516
96452,0.6904476928707803,0.7082949928356634,0.7122225999437439,0.7032615848119363,0.6967175910863223
96453,0.6904137296779843,0.7082635744966574,0.7121917287882074,0.7032294585613509,0.6966845330466537
96454,0.6973720318891274,0.7155918767161962,0.7185006228604734,0.7099466809540574,0.7030649841625078
96455,0.6974929643021346,0.7157034230123872,0.7186107036947429,0.7100610968985741,0.7031829447634852
96456,0.6904080671191953,0.7082583362467919,0.7121865817710223,0.7032241022801743,0.6966790214063329
96457,0.6974929643021346,0.7157034230123872,0.7186107036947429,0.7100610968985741,0.7031829447634852
96458,0.6973720318891274,0.7155918767161962,0.7185006228604734,0.7099466809540574,0.7030649841625078
96459,0.6973224813130524,0.7155461725513951,0.7184555192282435,0.7098998008259859,0.7030166514418775
96460,0.6973720318891274,0.7155918767161962,0.7185006228604734,0.7099466809540574,0.7030649841625078
96461,0.697967017397924,0.7162368215020795,0.7191534527665943,0.7105762523848479,0.7036756872151383
96462,0.6970408345385125,0.7152863951197158,0.7181991560954962,0.7096333374205889,0.7027419291093283
96463,0.6969965216877987,0.7152455240453519,0.7181588223419249,0.7095914141357745,0.7026987060429972
96464,0.7463374544001938,0.7648827611488072,0.7664977662703395,0.7597335692693048,0.7493211141521625
96465,0.6905155567575477,0.7083577721526231,0.7122842859864262,0.7033257785321959,0.6967836465049592
96466,0.6911108521017811,0.7089684493193971,0.7128983482114823,0.7039321176035495,0.6973843455864543
96467,0.687273460276031,0.7049906192747273,0.7084124638297414,0.7007145436139643,0.6937041544215645
96468,0.687273460276031,0.7049906192747273,0.7084124638297414,0.7007145436139643,0.6937041544215645
96469,0.687273460276031,0.7049906192747273,0.7084124638297414,0.7007145436139643,0.6937041544215645
96470,0.687273460276031,0.7049906192747273,0.7084124638297414,0.7007145436139643,0.6937041544215645
96471,0.687273460276031,0.7049906192747273,0.7084124638297414,0.7007145436139643,0.6937041544215645
96472,0.687273460276031,0.7049906192747273,0.7084124638297414,0.7007145436139643,0.6937041544215645
96474,0.7158992594420108,0.7332325057826697,0.7350533864132657,0.7290286855550698,0.7213492646464702
96475,0.7158640388468431,0.7332000046645515,0.7350211654171408,0.7289955337501253,0.7213149096222456
96476,0.7158640388468431,0.7332000046645515,0.7350211654171408,0.7289955337501253,0.7213149096222456
96477,0.7158187185405926,0.7331581838942445,0.7349797051167083,0.7289528756534078,0.7212707031739027
96478,0.6906124370538563,0.7080278604498246,0.7112511149691277,0.7040039434400899,0.6976759220694763
96479,0.6872848862451555,0.7050012008966992,0.7084228860324316,0.700725326088083,0.6937152701860594
96480,0.7158992594420108,0.7332325057826697,0.7350533864132657,0.7290286855550698,0.7213492646464702
96481,0.6871876908237916,0.7049111884908913,0.7083342298233251,0.7006336050063297,0.6936207137450627
96482,0.687107520307443,0.7048369437328791,0.7082611038633315,0.7005579506622861,0.6935427203251878
96483,0.6871876908237916,0.7049111884908913,0.7083342298233251,0.7006336050063297,0.6936207137450627
96484,0.6871876908237916,0.7049111884908913,0.7083342298233251,0.7006336050063297,0.6936207137450627
96485,0.7158187185405926,0.7331581838942445,0.7349797051167083,0.7289528756534078,0.7212707031739027
96486,0.7158136804021521,0.7331535348061449,0.7349750961025682,0.7289481334783792,0.7212657888656194
96487,0.7158640388468431,0.7332000046645515,0.7350211654171408,0.7289955337501253,0.7213149096222456
96488,0.7114565598298975,0.7294295389786333,0.7318878670739078,0.7246136579011515,0.7157961374877106
96489,0.6905155567575477,0.7083577721526231,0.7122842859864262,0.7033257785321959,0.6967836465049592
96490,0.6905889820239642,0.708425696856208,0.7123510279516582,0.7033952333722021,0.6968551153598918
96491,0.6905993854442651,0.70845460104302,0.7123839351196443,0.7034189720445997,0.6968720774696012
96492,0.6904080671191953,0.7082583362467919,0.7121865817710223,0.7032241022801743,0.6966790214063329
96493,0.6969965216877987,0.7152455240453519,0.7181588223419249,0.7095914141357745,0.7026987060429972
96494,0.6972332591868144,0.715488459886889,0.718402747696223,0.7098324295375427,0.702937380310449
96495,0.6969965216877987,0.7152455240453519,0.7181588223419249,0.7095914141357745,0.7026987060429972
96496,0.6973224813130524,0.715546172551395,0.7184555192282435,0.7098998008259859,0.7030166514418774
96497,0.6973224813130524,0.715546172551395,0.7184555192282435,0.7098998008259859,0.7030166514418774
96498,0.6973224813130524,0.715546172551395,0.7184555192282435,0.7098998008259859,0.7030166514418774
96499,0.6973224813130524,0.715546172551395,0.7184555192282435,0.7098998008259859,0.7030166514418774
96500,0.6973224813130524,0.715546172551395,0.7184555192282435,0.7098998008259859,0.7030166514418774
96501,0.6971901239986572,0.7154240912116013,0.7183350422254966,0.7097745778487793,0.702887547756261
96502,0.6911708999064734,0.7090368939636622,0.7129686150301544,0.7039982137141982,0.6974473655051051
96503,0.6911708999064734,0.7090368939636622,0.7129686150301544,0.7039982137141982,0.6974473655051051
96504,0.6905513264762675,0.7084144425415339,0.7123454808905395,0.7033766116095741,0.6968268237369859
96505,0.6905513264762675,0.7084144425415339,0.7123454808905395,0.7033766116095741,0.6968268237369859
96506,0.6905513264762675,0.7084144425415339,0.7123454808905395,0.7033766116095741,0.6968268237369859
96507,0.6972894223321858,0.7155156799884517,0.7184254273515854,0.7098685236362251,0.7029844050476044
96508,0.7002134357522644,0.7171128070342694,0.7214340868613681,0.7128428982243792,0.7059312127299329
96509,0.687107520307443,0.7048369437328791,0.7082611038633315,0.7005579506622861,0.6935427203251878
96510,0.687107520307443,0.7048369437328791,0.7082611038633315,0.7005579506622861,0.6935427203251878
96511,0.6904250530582062,0.7082740494018764,0.712202021258443,0.7032401694897158,0.6966955546410447
96512,0.690311714958008,0.7081692046279796,0.7120990026582519,0.7031329621142949,0.696585237467517
96513,0.6904250530582062,0.7082740494018764,0.712202021258443,0.7032401694897158,0.6966955546410447
96514,0.6905155567575477,0.7083577721526231,0.7122842859864262,0.7033257785321959,0.6967836465049592
96515,0.6905155567575477,0.7083577721526231,0.7122842859864262,0.7033257785321959,0.6967836465049592
96516,0.6874109443285653,0.7051453393014981,0.7085704687864836,0.7008651389851633,0.6938479394729081
96517,0.6904476928707803,0.7082949928356634,0.7122225999437439,0.7032615848119363,0.6967175910863223
96518,0.6905212083222293,0.7083630003121433,0.7122894231054714,0.7033311244732656,0.6967891474745084
96519,0.6905212083222293,0.7083630003121433,0.7122894231054714,0.7033311244732656,0.6967891474745084
96520,0.6905212083222293,0.7083630003121433,0.7122894231054714,0.7033311244732656,0.6967891474745084
96521,0.6871991343692725,0.7049217862618529,0.708344667908395,0.700644403966628,0.69363184655848
96522,0.6871476199412265,0.7048740793196788,0.708297679833001,0.7005957913179698,0.6935817309791993
96523,0.6871361658376524,0.7048634718482576,0.7082872322076584,0.7005849824546153,0.693570587924603
96524,0.7157783991518325,0.7331209781018415,0.7349428200378659,0.7289149248816944,0.7212313748083814
96525,0.6931925539434987,0.7097570577640181,0.7142563832875097,0.705933872222649,0.6996961939548944
96526,0.7157783991518325,0.7331209781018415,0.7349428200378659,0.7289149248816944,0.7212313748083814
96527,0.7386869500343579,0.7551890738301573,0.757978603207925,0.7527712819737375,0.7438619370483632
96528,0.7235852370327354,0.7409517520415245,0.7422625420863339,0.7373615848010808,0.7291806748327282
96529,0.7162282552408265,0.7335040803323071,0.734851216374174,0.7296488828967109,0.7220493694192737
96530,0.7235852370327354,0.7409517520415245,0.7422625420863339,0.7373615848010808,0.7291806748327282
96531,0.7235852370327354,0.7409517520415245,0.7422625420863339,0.7373615848010808,0.7291806748327282
96532,0.717446879753765,0.7350131144328617,0.7394857181122958,0.7304656961722998,0.7231871475642014
96533,0.6970408345385125,0.7152863951197158,0.7181991560954962,0.709633337420589,0.7027419291093283
96534,0.717446879753765,0.7350131144328617,0.7394857181122958,0.7304656961722998,0.7231871475642014
96535,0.6974497685843227,0.7157060333173301,0.7186205031271863,0.7100496591299267,0.7031542078252825
96536,0.7524695516176682,0.7705486198577078,0.7732997252202711,0.7659357896234792,0.7554681115964961
96537,0.7235252669114747,0.7426121900410909,0.7407965378030222,0.7373213692514665,0.72985836836832
96538,0.6930697356294419,0.7096428441100422,0.7141444551156506,0.7058176994400662,0.6995767904340648
96539,0.693103258919109,0.7096740185712888,0.7141750057108632,0.7058494086848415,0.6996093815777135
96540,0.6931200128584689,0.7096895986881898,0.7141902740502796,0.7058652560596423,0.6996256696800898
96541,0.6931200128584689,0.7096895986881898,0.7141902740502796,0.7058652560596423,0.6996256696800898
96542,0.687222014425712,0.7049429753405927,0.708365537722068,0.700665995289074,0.6936541053619122
96543,0.6875601121765627,0.7052897914050341,0.708714037610105,0.7010107071756726,0.6939953675566153
96544,0.6875601121765627,0.7052897914050341,0.708714037610105,0.7010107071756726,0.6939953675566153
96545,0.6871476199412265,0.7048740793196788,0.708297679833001,0.7005957913179698,0.6935817309791993
96549,0.7003001084841288,0.7186016164566837,0.7215233862949062,0.71293113423675,0.7060185932107859
96550,0.6891057101396758,0.7068689606247959,0.7102997108311845,0.7025817577407668,0.695553130097179
96551,0.6918441882613011,0.7097133228921427,0.7136457886222349,0.7046737160981418,0.6981217108459018
96552,0.6973224813130524,0.7155461725513951,0.7184555192282435,0.7098998008259859,0.7030166514418775
96553,0.6905243852993104,0.7083873764816285,0.7123183851990009,0.7033495824088567,0.696799840547529
96554,0.6905513264762675,0.7084144425415339,0.7123454808905395,0.7033766116095741,0.6968268237369859
96555,0.6972894223321858,0.7155156799884517,0.7184254273515854,0.7098685236362251,0.7029844050476044
96556,0.6972894223321858,0.7155156799884517,0.7184254273515854,0.7098685236362251,0.7029844050476044
96557,0.6972894223321858,0.7155156799884517,0.7184254273515854,0.7098685236362251,0.7029844050476044
96558,0.6971901239986572,0.7154240912116013,0.7183350422254966,0.7097745778487793,0.702887547756261
96559,0.6971901239986572,0.7154240912116013,0.7183350422254966,0.7097745778487793,0.702887547756261
96560,0.6971901239986572,0.7154240912116013,0.7183350422254966,0.7097745778487793,0.702887547756261
96561,0.6971901239986572,0.7154240912116013,0.7183350422254966,0.7097745778487793,0.702887547756261
96562,0.6971901239986572,0.7154240912116013,0.7183350422254966,0.7097745778487793,0.702887547756261
96563,0.6975127139624446,0.7157551180344612,0.7186674159457807,0.7101029906410493,0.7032127739187846
96564,0.6975127139624446,0.7157551180344612,0.7186674159457807,0.7101029906410493,0.7032127739187846
96565,0.6972761181146433,0.7155123343753542,0.7184236444371627,0.7098621241797879,0.7029742446144441
96566,0.7013608281980234,0.7180437070138161,0.7227463285318524,0.7143494202625928,0.7075727759365267
96567,0.7158187185405926,0.7331581838942445,0.7349797051167083,0.7289528756534078,0.7212707031739027
96568,0.718112921002006,0.7355079594261344,0.7373353186329423,0.731289173152009,0.7235823792724834
96569,0.718112921002006,0.7355079594261344,0.7373353186329423,0.731289173152009,0.7235823792724834
96570,0.718112921002006,0.7355079594261344,0.7373353186329423,0.731289173152009,0.7235823792724834
96571,0.7628111960852195,0.7823191437556718,0.7832406255696741,0.7764318770329046,0.7661792755520311
96572,0.7608965592610408,0.780355542475851,0.7812747113937881,0.7744830526437732,0.7642561849335099
96573,0.940384413362689,0.9701757866398704,0.9479533587974562,0.9477001233702474,0.943713202317377
96574,0.9376157070779394,0.9668330812460855,0.9470295330078669,0.9458421058391543,0.9420134149067204
96575,0.9136158261136154,0.943160622015931,0.9265222843824459,0.9227900933791257,0.917676325236318
96576,0.6927951915502463,0.7093875413281299,0.7138942627982653,0.7055580158679617,0.6993098824931165
96577,0.6907043111879722,0.7081192775058063,0.7113424557447643,0.7040954593088566,0.6977676015207137
96578,0.8466207855140278,0.8756553150954722,0.8608489243590474,0.8557172800417233,0.8497538443366112
96579,0.798413568539035,0.8177794034261859,0.8170609710570622,0.8101053092949342,0.8015441607226984
96580,0.7766915208949736,0.7943725309842133,0.7977073136431386,0.7897192447938769,0.7800477439658942
96581,0.7766915208949736,0.7943725309842133,0.7977073136431386,0.7897192447938769,0.7800477439658942
96583,0.6970408345385125,0.7152863951197158,0.7181991560954962,0.709633337420589,0.7027419291093283
96586,0.6905729473463929,0.7079912605764966,0.711215038294975,0.7039666853815179,0.6976376174720383
96587,0.6905729473463929,0.7079912605764966,0.711215038294975,0.7039666853815179,0.6976376174720383
96588,0.6905729473463929,0.7079912605764966,0.711215038294975,0.7039666853815179,0.6976376174720383
96589,0.7158187185405926,0.7331581838942445,0.7349797051167083,0.7289528756534078,0.7212707031739027
96590,0.6972894223321858,0.7155156799884517,0.7184254273515854,0.7098685236362251,0.7029844050476044
96591,0.6917676507224503,0.7096490701202216,0.713584185799761,0.704606039518984,0.6980495353657321
96592,0.8752283317908502,0.9020322749379842,0.8899750665137331,0.8850018339915118,0.8792123690525205
96593,0.8428006817421557,0.868308717462172,0.8599599818078041,0.8532922647130845,0.8464863797563538
96594,0.8422998218245445,0.8711861656418203,0.8564553434218305,0.8513498898727251,0.845416890213582
96595,0.6907129605835294,0.708131473914665,0.7113552986564813,0.7041068443208246,0.6977777007000093
96596,0.7173265838982251,0.7347174529463335,0.7365443509689497,0.730499714822934,0.7227947749768571
96598,0.6913349927939431,0.7087686371391234,0.711995264000032,0.7047405100917801,0.6984058680061034
96599,0.6949376502999648,0.7115628052918255,0.71607852013644,0.7077256652574103,0.7014651632635186
96600,0.6883634802555827,0.70610759809508,0.7095346530696768,0.7018250129207185,0.6948039557520296
96601,0.692991434652794,0.7095700298752022,0.7140730981825555,0.7057436359875416,0.6995006669146744
96602,0.692991434652794,0.7095700298752022,0.7140730981825555,0.7057436359875416,0.6995006669146744
96603,0.6929746412958815,0.7095544133684253,0.7140577942490196,0.7057277515379595,0.6994843406023759
96604,0.6935463543059656,0.710138225000264,0.7146448991835033,0.7063087670903618,0.7000607988990937
96605,0.6929634428647942,0.709543999723815,0.7140475890443165,0.7057171592151094,0.6994734536220039
96606,0.6906067973983628,0.7080226334887897,0.7112459627259282,0.7039986224840322,0.697670451658118
96607,0.6906124370538563,0.7080278604498246,0.7112511149691277,0.7040039434400899,0.6976759220694763
96608,0.690311714958008,0.7081692046279796,0.7120990026582519,0.7031329621142949,0.696585237467517
96609,0.690311714958008,0.7081692046279796,0.7120990026582519,0.7031329621142949,0.696585237467517
96610,0.6905243852993104,0.7083873764816285,0.7123183851990009,0.7033495824088567,0.696799840547529
96611,0.6903060419652596,0.7081639568021978,0.7120938462476244,0.7031275960200823,0.696579715700223
96612,0.6903173873706205,0.7081744519213418,0.7121041585466067,0.7031383276629013,0.6965907586717464
96613,0.6903173873706205,0.7081744519213418,0.7121041585466067,0.7031383276629013,0.6965907586717464
96614,0.6903173873706205,0.7081744519213418,0.7121041585466067,0.7031383276629013,0.6965907586717464
96615,0.6927951915502463,0.7093875413281299,0.7138942627982653,0.7055580158679617,0.6993098824931165
96616,0.6927502373870207,0.7093457386421517,0.7138532971126738,0.7055154956796271,0.6992661790514624
96617,0.692879381659925,0.7094658300247237,0.7139709841181842,0.7056376481608256,0.6993917305340619
96618,0.6936269660396637,0.7102313104048935,0.7147413253484785,0.7063989981121791,0.7001463414330225
96619,0.6930473753493981,0.7096220505927235,0.7141240777395528,0.705796549201978,0.699555051934546
96620,0.7016149527756415,0.7183147765606323,0.7230221234024509,0.7146167621542386,0.7078332437748087
96621,0.719151939373646,0.7367672331613079,0.741252296361098,0.7322071340196475,0.7249082608330247
96622,0.719151939373646,0.7367672331613079,0.741252296361098,0.7322071340196475,0.7249082608330247
96623,0.7173152972598608,0.7348918644764532,0.7393670403654712,0.7303418069733806,0.7230589826633325
96624,0.7199539999903858,0.7375889398815006,0.7420790052127727,0.7330237549217681,0.725716741398717
96625,0.6931367616628207,0.7097051740644,0.7142055377526453,0.7058810986045496,0.6996419528047343
96626,0.6931144287826453,0.7096844058426992,0.7141851851190999,0.705859974138098,0.6996202408657829
96627,0.7735959351634119,0.7912225814524301,0.7945470628326934,0.786583644432883,0.7769418722758977
96628,0.7735959351634119,0.7912225814524301,0.7945470628326934,0.786583644432883,0.7769418722758977
96629,0.6872848862451555,0.7050012008966992,0.7084228860324316,0.700725326088083,0.6937152701860594
96630,0.7630749219924374,0.7820180414573327,0.7836677139312804,0.7767583435398268,0.7661225487554814
96631,0.6927951915502463,0.7093875413281299,0.7138942627982653,0.7055580158679617,0.6993098824931165
96632,0.6927951915502463,0.7093875413281299,0.7138942627982653,0.7055580158679617,0.6993098824931165
96633,0.6956673767846956,0.7123285150048462,0.716853920407867,0.7084831131260542,0.7022090762855947
96634,0.7236047173826783,0.7409696959568185,0.7422803722115654,0.7373798419192444,0.7291996542008685
96635,0.7162181521673197,0.7334947553531495,0.7348419509209684,0.7296393866643799,0.7220395316248812
96636,0.7162181521673197,0.7334947553531495,0.7348419509209684,0.7296393866643799,0.7220395316248812
96637,0.7162080470499492,0.733485428500532,0.7348326836072289,0.7296298885213154,0.7220296918450264
96638,0.7162181521673197,0.7334947553531495,0.7348419509209684,0.7296393866643799,0.7220395316248812
96639,0.7162181521673197,0.7334947553531495,0.7348419509209684,0.7296393866643799,0.7220395316248812
96640,0.6908126292622898,0.7082447723002806,0.7114710862842198,0.7042170207577372,0.6978829347106442
96641,0.6908126292622898,0.7082447723002806,0.7114710862842198,0.7042170207577372,0.6978829347106442
96642,0.6908126292622898,0.7082447723002806,0.7114710862842198,0.7042170207577372,0.6978829347106442
96643,0.6903060419652596,0.7081639568021978,0.7120938462476244,0.7031275960200823,0.696579715700223
96644,0.6906463873131854,0.7085131067351467,0.7124449337553724,0.7034742628486421,0.6969231541916827
96645,0.6910936132163502,0.7089719021764671,0.7129062752389549,0.7039297954023989,0.6973744445955642
96646,0.6922241114380193,0.7093457386421517,0.7129116110883524,0.7055154956796271,0.6992661790514624
96647,0.690397724042478,0.7078288624371422,0.7110549620769006,0.7038013662401454,0.6974676537782725
96648,0.690397724042478,0.7078288624371422,0.7110549620769006,0.7038013662401454,0.6974676537782725
96649,0.690397724042478,0.7078288624371422,0.7110549620769006,0.7038013662401454,0.6974676537782725
96650,0.690397724042478,0.7078288624371422,0.7110549620769006,0.7038013662401454,0.6974676537782725
96651,0.7009658877003352,0.717650262452577,0.7223532545205694,0.7139556690850162,0.7071784261489051
96652,0.7009658877003352,0.717650262452577,0.7223532545205694,0.7139556690850162,0.7071784261489051
96653,0.8349759007400557,0.8567421561972058,0.8500155685213489,0.8450581815018039,0.8379786670813557
96654,0.799011248271074,0.8187010303285214,0.8179707422302546,0.8108996586534272,0.802194832841052
96655,0.6905560145271091,0.7079755669527483,0.7111995690240067,0.7039507095211214,0.6976211928436385
96656,0.6905560145271091,0.7079755669527483,0.7111995690240067,0.7039507095211214,0.6976211928436385
96657,0.6905560145271091,0.7079755669527483,0.7111995690240067,0.7039507095211214,0.6976211928436385
96658,0.6905560145271091,0.7079755669527483,0.7111995690240067,0.7039507095211214,0.6976211928436385
96659,0.690598485115728,0.7080191088789987,0.7112433092328913,0.7039940039105164,0.6976640979549833
96661,0.7737350958772148,0.7913488043683801,0.7946708933971879,0.7867132306048409,0.7770785437065045
96662,0.7858459061674712,0.803735311448379,0.807109399139532,0.7990271798356018,0.7892416869755693
96663,0.7735959351634119,0.7912225814524301,0.7945470628326934,0.786583644432883,0.7769418722758977
96664,0.7386869500343579,0.7551890738301573,0.757978603207925,0.7527712819737375,0.7438619370483632
96665,0.687770879382729,0.7054997216011026,0.7089238262800671,0.7012208232343439,0.694205810379053
96666,0.687770879382729,0.7054997216011026,0.7089238262800671,0.7012208232343439,0.694205810379053
96667,0.687770879382729,0.7054997216011026,0.7089238262800671,0.7012208232343439,0.694205810379053
96669,0.8807444888669411,0.9109492775435803,0.8955461038154523,0.8902076246183412,0.8840038280403952
96670,0.8572586813330413,0.886658033401869,0.871665598518165,0.8664694744496206,0.8604311074307021
96671,0.7204635036060887,0.7466179082344592,0.739553105156972,0.7357487649770684,0.7230582729234992
96673,0.8328681591965619,0.8594183163019546,0.8479335381841134,0.8411898136910357,0.8368115495923708
96674,0.8409130860800419,0.8697518723359108,0.8550453024749849,0.8499482543828735,0.8440250226264253
96675,0.8480252159681816,0.877107909944198,0.8622769573892799,0.8571368003615636,0.8511634721155891
96676,0.8455164865924417,0.8745131446731458,0.8597260668116261,0.8546011160097254,0.8486454587760739
96678,0.8724767935433263,0.8999787606191861,0.885888517049711,0.8816984451022244,0.8749173440362416
96679,0.8148302252258911,0.8448345547868019,0.8264703219894052,0.8229510473746285,0.8154988160640879
96680,0.8393698899710164,0.8685384551097813,0.8536782166434734,0.8488807354918569,0.8397913303983973
96681,0.6907255420501408,0.7081410436690344,0.7113643209820127,0.7041171017880016,0.6977890494942296
96682,0.6906124370538563,0.7080278604498246,0.7112511149691277,0.7040039434400899,0.6976759220694763
96683,0.6931144287826453,0.7096844058426992,0.7141851851190999,0.705859974138098,0.6996202408657829
96684,0.6931144287826453,0.7096844058426992,0.7141851851190999,0.705859974138098,0.6996202408657829
96685,0.6929242303322762,0.7095075353288466,0.7140118545529927,0.7056800691330295,0.6994353317193799
96686,0.7162282552408265,0.7335040803323071,0.734851216374174,0.7296488828967109,0.7220493694192737
96687,0.7162282552408265,0.7335040803323071,0.734851216374174,0.7296488828967109,0.7220493694192737
96688,0.7162080470499492,0.733485428500532,0.7348326836072289,0.7296298885213154,0.7220296918450264
96689,0.6906124370538563,0.7080278604498246,0.7112511149691277,0.7040039434400899,0.6976759220694763
96690,0.7162080470499492,0.733485428500532,0.7348326836072289,0.7296298885213154,0.7220296918450264
96693,0.7219227050648824,0.740967351889613,0.739155721204262,0.735688249927129,0.7282417791100677
96694,0.699309207609278,0.7172945832365045,0.7193153115734576,0.7129275594484429,0.7058767023738957
96696,0.701079862705278,0.7177560583516116,0.7224567959971547,0.7140632515334778,0.7072893219344618
96697,0.7011665374813529,0.7178365142228447,0.7225355377035653,0.7141450658082287,0.7073736554801667
96698,0.701209730850905,0.7178807344988837,0.722580047449576,0.7141890586830912,0.7074172312215624
96699,0.7173152972598608,0.7348918644764532,0.7393670403654712,0.7303418069733806,0.7230589826633325
96700,0.7173152972598608,0.7348918644764532,0.7393670403654712,0.7303418069733806,0.7230589826633325
96701,0.7173152972598608,0.7348918644764532,0.7393670403654712,0.7303418069733806,0.7230589826633325
96702,0.7173152972598608,0.7348918644764532,0.7393670403654712,0.7303418069733806,0.7230589826633325
96703,0.7009658877003352,0.717650262452577,0.7223532545205694,0.7139556690850162,0.7071784261489051
96704,0.7931682895591694,0.809204470940022,0.8099452388115742,0.804406214967335,0.798308361205862
96705,0.7320675994310639,0.7503126011259672,0.750091957064766,0.7458487694293435,0.7377384552304211
96706,0.7256646863142914,0.744583430236098,0.7435859260855986,0.7389371945931043,0.7308235774470258
96707,0.7305284791633933,0.7497381860197376,0.7489008532014274,0.7446630039019956,0.7376966947823486
96708,0.7335859364625872,0.7501377499834198,0.7539187635151505,0.7456410543000968,0.7385142128060231
96709,0.7010039064306515,0.7176855526937763,0.7223877927091776,0.7139915553029125,0.7072154176703677
96710,0.7335859364625872,0.7501377499834198,0.7539187635151505,0.7456410543000968,0.7385142128060231
96711,0.7010473232647844,0.7177258538517293,0.7224272350869079,0.7140325370134278,0.7072576615342704
96713,0.7010093354677971,0.7176905921199482,0.7223927247465074,0.7139966798310252,0.7072207000289252
96714,0.7010093354677971,0.7176905921199482,0.7223927247465074,0.7139966798310252,0.7072207000289252
96717,0.7010039064306515,0.7176855526937763,0.7223877927091776,0.7139915553029125,0.7072154176703677
96719,0.6931311792985019,0.7096999827989906,0.7142004503670037,0.7058758182928174,0.6996365256495127
96720,0.6911771499806814,0.7078654256087106,0.7120166394630024,0.704621655864684,0.6982509230019045
96721,0.7017611384540455,0.7184608044124068,0.7231681238384772,0.7147628167254931,0.7079793594355781
96722,0.7346512710424161,0.7512566459926311,0.7550497897417109,0.7467454738704805,0.7395955749197622
96723,0.7524028437663189,0.7704101113141425,0.7733086570248594,0.765287608512068,0.7575655186421156
96724,0.7312353898693734,0.7479691441395246,0.7517908742931639,0.7434236214901938,0.7362184798575414
96725,0.7735959351634119,0.7912225814524301,0.7945470628326934,0.786583644432883,0.7769418722758977
96726,0.7915683414043522,0.8096044950774864,0.8130062117781421,0.804857784921019,0.7949920123030549
96727,0.6905834602172064,0.707263261560607,0.7114123435998256,0.7040211511251735,0.6976536602495776
96728,0.6905778057444306,0.7072580036571381,0.7114071821742234,0.7040158172423797,0.6976481756081381
96729,0.6931144287826453,0.7096844058426992,0.7141851851190999,0.705859974138098,0.6996202408657829
96730,0.6940749272252241,0.7106678664925253,0.7151748828220096,0.7068381349982451,0.7005897548794047
96731,0.6930697356294419,0.7096428441100422,0.7141444551156506,0.7058176994400662,0.6995767904340648
96732,0.6906784228024853,0.7073615843047742,0.7115114978421422,0.7041188229506413,0.6977500506016474
96733,0.7162080470499492,0.733485428500532,0.7348326836072289,0.7296298885213154,0.7220296918450264
96734,0.6905721506932878,0.7072527452198288,0.7114020202255009,0.7040104828172735,0.6976426904074933
96735,0.6905721506932878,0.7072527452198288,0.7114020202255009,0.7040104828172735,0.6976426904074933
96736,0.6905721506932878,0.7072527452198288,0.7114020202255009,0.7040104828172735,0.6976426904074933
96737,0.6906897271506204,0.7073720951806575,0.7115218156803231,0.7041294858495023,0.6977610151448663
96738,0.7162888307821068,0.7335599908838553,0.734906770041298,0.7297058201850057,0.7221083545115563
96739,0.7162888307821068,0.7335599908838553,0.734906770041298,0.7297058201850057,0.7221083545115563
96740,0.6905151233718948,0.7079397590699553,0.7111646836070694,0.7039137421219432,0.6975823839171472
96741,0.7162585522019821,0.7335320440324601,0.7348790015739983,0.729677360132822,0.7220788708933614
96742,0.7162585522019821,0.7335320440324601,0.7348790015739983,0.729677360132822,0.7220788708933614
96743,0.6906425935980307,0.7080704459124658,0.7112959657759472,0.7040436857551113,0.6977111587711896
96744,0.7334924338705512,0.7500514718320006,0.7538341024889476,0.7455528370815592,0.7384228864516367
96745,0.7335812657910348,0.7501334401639727,0.7539145344698714,0.7456366476260687,0.7385096508343643
96746,0.7324514272957218,0.7490909708357703,0.7528916199006639,0.744570729552896,0.7374061323738199
96747,0.7767484601225711,0.7944469377641683,0.7977849669282955,0.7897890963475409,0.7801080324544002
96748,0.6905721506932878,0.7072527452198288,0.7114020202255009,0.7040104828172735,0.6976426904074933
96749,0.6905721506932878,0.7072527452198288,0.7113732001560035,0.7040104828172735,0.6976426904074933
96750,0.6905721506932878,0.7072527452198288,0.7113732001560035,0.7040104828172735,0.6976426904074933
96751,0.6905721506932878,0.7072527452198288,0.7113732001560035,0.7040104828172735,0.6976426904074933
96752,0.700648650495752,0.7166358425101077,0.7221018206459523,0.7138958614555356,0.7069881972594675
96753,0.700972368497969,0.7169669470131854,0.7224354505738931,0.7142257000157011,0.7073148442981022
96754,0.700648650495752,0.7166358425101077,0.7221018206459523,0.7138958614555356,0.7069881972594675
96755,0.7908891760988884,0.8096508712382386,0.8093162260167236,0.803514251078695,0.7954270240879434
96756,0.796152062831357,0.8157713868842497,0.815043712052194,0.807997931672599,0.7993242552480101
96757,0.796152062831357,0.8157713868842497,0.815043712052194,0.807997931672599,0.7993242552480101
96758,0.796152062831357,0.8157713868842497,0.815043712052194,0.807997931672599,0.7993242552480101
96759,0.8311221890104434,0.8504946383151868,0.850568192324266,0.8426000270746741,0.8340911775973648
96760,0.8367318307090388,0.8562350339520847,0.856309084412398,0.8482871381993853,0.8397208584218553
96761,0.8450766613470119,0.8716875818740147,0.8581453917861427,0.8533389325743449,0.8481797416896091
96762,0.8452976364053166,0.8718664247788164,0.8583454331337542,0.8535466176914729,0.8483957029196912
96763,0.8474901020479334,0.8740929079095758,0.8605544323551352,0.8557494967882844,0.8505920635600004
96765,0.733290766478149,0.7498653898468971,0.7536515090530584,0.7453625719881968,0.7382259139730625
96766,0.7327056582889269,0.748853784011176,0.7536515090530584,0.7453625719881968,0.7377629513920759
96767,0.6930399096936156,0.7109399277337819,0.7148791899848757,0.7058916109354818,0.6993282817851192
96769,0.733290766478149,0.7498653898468971,0.7536515090530584,0.7453625719881968,0.7382259139730625
96770,0.7019776890381383,0.718678353842693,0.7233859743202786,0.7149801355726872,0.7081962690995478
96771,0.733902357179798,0.7504908043766905,0.7542800813415578,0.7459842310069985,0.738841620764068
96772,0.739453588994777,0.7561675110793566,0.7599854501061963,0.751626850023174,0.7444302131310105
96774,0.7018044064709148,0.7185009487312394,0.7232074071369037,0.7148036433631193,0.7080214514813757
96775,0.7056820765713244,0.7217931298247651,0.7273014042686782,0.7190319367940465,0.7120707665341501
96776,0.7005510016053312,0.7165449100073309,0.7220131333148423,0.7138037938482045,0.706893238854928
96777,0.6992548067496767,0.7172443703525074,0.7192655594186799,0.712876344222923,0.7058238492786952
96778,0.699145838607702,0.7171437921501999,0.7191659041987739,0.7127737580120145,0.7057179818641685
96779,0.6991240183229523,0.717123652094445,0.7191459489836438,0.7127532158217685,0.7056967825577849
96780,0.6905495247039337,0.7072317061311861,0.7113813671984223,0.7039891396926965,0.6976207440117949
96781,0.6905834602172064,0.707263261560607,0.7114123435998256,0.7040211511251735,0.6976536602495776
96782,0.7007082367906708,0.7166913309580731,0.7221559392320611,0.7139520424682644,0.7070461420297808
96783,0.708626530093936,0.7247902398454947,0.7303166004563741,0.7220199962611605,0.7150360562873557
96784,0.7253520693128171,0.744262663022676,0.7432655885978644,0.7386188597830906,0.7305087379905978
96785,0.7253520693128171,0.744262663022676,0.7432655885978644,0.7386188597830906,0.7305087379905978
96786,0.7253520693128171,0.744262663022676,0.7432655885978644,0.7386188597830906,0.7305087379905978
96787,0.7279956647164638,0.746975179383092,0.7459744710521016,0.7413108069152181,0.7331711272271864
96788,0.725798749851161,0.7447209889323314,0.7437233004970831,0.7390737101707533,0.7309585940676055
96789,0.6992548067496767,0.7172443703525074,0.7192655594186799,0.712876344222923,0.7058238492786952
96790,0.6905891141116707,0.7072685189302866,0.7114175045023563,0.7040264844657057,0.6976591443318646
96791,0.6905576080647206,0.7079833158324146,0.7112084387865129,0.7039570511793377,0.6976253034308526
96792,0.6905576080647206,0.7079833158324146,0.7112084387865129,0.7039570511793377,0.6976253034308526
96793,0.8450766613470119,0.8716875818740147,0.8581453917861427,0.8533389325743449,0.8481797416896091
96794,0.8650248619177501,0.892263938450385,0.878402082305697,0.8734821656801788,0.8682011910813034
96795,0.7312681413485871,0.7473795600664147,0.7523539050617367,0.7446967377005845,0.7363139249174734
96796,0.7312681413485871,0.7473795600664147,0.7523539050617367,0.7446967377005845,0.7363139249174734
96797,0.7312681413485871,0.7473795600664147,0.7523539050617367,0.7446967377005845,0.7363139249174734
96798,0.7312681413485871,0.7473795600664147,0.7523539050617367,0.7446967377005845,0.7363139249174734
96799,0.7312681413485871,0.7473795600664147,0.7523539050617367,0.7446967377005845,0.7363139249174734
96800,0.7312681413485871,0.7473795600664147,0.7523539050617367,0.7446967377005845,0.7363139249174734
96801,0.6905382082376105,0.7072211833825169,0.7113710375448834,0.7039784648751991,0.6976097674573285
96802,0.6905155683594517,0.707200131474471,0.7113503719558433,0.7039571087277349,0.6975878076330322
96803,0.6905325491363431,0.7072159212069195,0.7113658719329423,0.7039731266524685,0.6976042783407548
96804,0.6904872554843402,0.7071738045651881,0.7113245281868169,0.7039304013282964,0.6975603452569642
96805,0.6906999108686575,0.7073915990516098,0.7115436010078059,0.7041471969155259,0.6977751790024489
96806,0.6904872554843402,0.7071738045651881,0.7113245281868169,0.7039304013282964,0.6975603452569642
96807,0.6905551820691006,0.7072369667043585,0.7113865312401182,0.7039944762875663,0.6976262314497941
96808,0.6905778057444306,0.7072580036571381,0.7114071821742234,0.7040158172423797,0.6976481756081381
96809,0.699145838607702,0.7171437921501999,0.7191659041987739,0.7127737580120145,0.7057179818641685
96810,0.699145838607702,0.7171437921501999,0.7191659041987739,0.7127737580120145,0.7057179818641685
96811,0.6992003504334157,0.7171941066728882,0.7192157569760775,0.7128250770936806,0.7057709424590475
96812,0.6991240183229523,0.717123652094445,0.7191459489836438,0.7127532158217685,0.7056967825577849
96813,0.6991240183229523,0.717123652094445,0.7191459489836438,0.7127532158217685,0.7056967825577849
96814,0.6991240183229523,0.717123652094445,0.7191459489836438,0.7127532158217685,0.7056967825577849
96815,0.6991240183229523,0.717123652094445,0.7191459489836438,0.7127532158217685,0.7056967825577849
96816,0.6991240183229523,0.717123652094445,0.7191459489836438,0.7127532158217685,0.7056967825577849
96817,0.6991240183229523,0.717123652094445,0.7191459489836438,0.7127532158217685,0.7056967825577849
96818,0.6905963192268089,0.7072812319925307,0.7114315659629548,0.7040381379687755,0.697668701499366
96819,0.7312775739260857,0.7473882874297607,0.7523624192432098,0.7447055809171853,0.7363231341680022
96821,0.699899939496491,0.7179173056879861,0.7199415987929418,0.7135425580173077,0.7064791714872347
96822,0.6992104104253392,0.7172100262255662,0.7192323250326722,0.7128395884791036,0.7057831606728115
96824,0.699145838607702,0.7171437921501999,0.7191659041987739,0.7127737580120145,0.7057179818641685
96825,0.6993180573664961,0.7173204442976359,0.7193430544477618,0.712949333700415,0.7058918195217556
96826,0.7002668195258314,0.7182936302271256,0.7203189844447803,0.7139165893607156,0.7068495002793047
96828,0.752544587394536,0.7705392946544631,0.7734358592187963,0.7654203202222074,0.7577036160089506
96829,0.7324514272957218,0.7490909708357703,0.7528916199006639,0.744570729552896,0.7374061323738199
96830,0.7324514272957218,0.7490909708357703,0.7528916199006639,0.744570729552896,0.7374061323738199
96831,0.7312353898693734,0.7479691441395246,0.7517908742931639,0.7434236214901938,0.7362184798575414
96832,0.7334989001377605,0.7536948750281639,0.7526117985290858,0.7478189940666028,0.7405382347496335
96833,0.730956492583145,0.7501774543221648,0.7493396309142427,0.7450992986775637,0.738128908028073
96834,0.6905551820691006,0.7072369667043585,0.7113865312401182,0.7039944762875663,0.6976262314497941
96835,0.7314486111305029,0.747640817858359,0.7520242630644489,0.7440464444868298,0.7365670313416802
96836,0.7306772136514256,0.7470831355534376,0.7513262703070239,0.7433203502942096,0.7363382905936582
96837,0.7312353898693734,0.7479691441395246,0.7517908742931639,0.7434236214901938,0.7362184798575414
96838,0.7312353898693734,0.7479691441395246,0.7517908742931639,0.7434236214901938,0.7362184798575414
96840,0.7309225515560518,0.7470598151908358,0.7520419726591915,0.7443727470976179,0.7359765198434886
96841,0.7312162282634941,0.7473315283851312,0.7523070466973963,0.7446480683811756,0.7362632409981077
96842,0.6909961370998723,0.7076891077156624,0.7118414525731341,0.7044444441497195,0.6980719297136069
96843,0.7312020601852663,0.7473184196726732,0.7522942582204557,0.7446347856365712,0.7362494084018028
96844,0.7312020601852663,0.7473184196726732,0.7522942582204557,0.7446347856365712,0.7362494084018028
96845,0.7312020601852663,0.7473184196726732,0.7522942582204557,0.7446347856365712,0.7362494084018028
96846,0.6908076332393722,0.7074997874918895,0.7116519140755169,0.7042552903412096,0.6978830919763059
96847,0.690566495063722,0.7072474862486294,0.7113968577536084,0.7040051478498034,0.69763720464759
96848,0.690566495063722,0.7072474862486294,0.7113968577536084,0.7040051478498034,0.69763720464759
96849,0.8468292640656346,0.8738244730361344,0.8621471792242656,0.8552904118157921,0.8508387562642891
96850,0.6992003504334157,0.7171941066728882,0.7192157569760775,0.7128250770936806,0.7057709424590475
96851,0.6992003504334157,0.7171941066728882,0.7192157569760775,0.7128250770936806,0.7057709424590475
96852,0.7002131346889671,0.7182329546925758,0.7202575333346827,0.7138575966205877,0.706793244147119
96853,0.6991240183229523,0.717123652094445,0.7191459489836438,0.7127532158217685,0.7056967825577849
96854,0.7366357297461648,0.7531485425030354,0.7565567070711545,0.7500253401050415,0.7412800446079072
96855,0.7315431171962854,0.7476601375166264,0.7526362142637153,0.7449763816009679,0.7365906538439887
96856,0.7315431171962854,0.7476601375166264,0.7526362142637153,0.7449763816009679,0.7365906538439887
96857,0.8524468491881463,0.879240346484614,0.8656049993248287,0.8607655972876903,0.8555711179959766
96858,0.6905155683594517,0.707200131474471,0.7113503719558433,0.7039571087277349,0.6975878076330322
96859,0.6905155683594517,0.707200131474471,0.7113503719558433,0.7039571087277349,0.6975878076330322
96860,0.6905155683594517,0.707200131474471,0.7113503719558433,0.7039571087277349,0.6975878076330322
96861,0.6905099069426064,0.7071948671616018,0.7113452042495549,0.7039517683338052,0.6975823162776136
96862,0.731173711209992,0.7472921904596537,0.7522686697872446,0.7446082081909179,0.7362217307183472
96863,0.7331057124238134,0.7538331241930318,0.7513266445436967,0.7469195148699118,0.7403807580825797
96864,0.7331057124238134,0.7538331241930318,0.7513266445436967,0.7469195148699118,0.7403807580825797
96865,0.7331057124238134,0.7538331241930318,0.7513266445436967,0.7469195148699118,0.7403807580825797
96866,0.7350769720951753,0.7546952309933559,0.753931097174031,0.7489156335738669,0.7415557931186805
96867,0.7350769720951753,0.7546952309933559,0.753931097174031,0.7489156335738669,0.7415557931186805
96868,0.7350769720951753,0.7546952309933559,0.753931097174031,0.7489156335738669,0.7415557931186805
96869,0.7350769720951753,0.7546952309933559,0.753931097174031,0.7489156335738669,0.7415557931186805
96870,0.7350769720951753,0.7546952309933559,0.753931097174031,0.7489156335738669,0.7415557931186805
96871,0.6906601014266356,0.7073465551800668,0.7114972724676666,0.7041031616301408,0.6977331368913495
96872,0.731173711209992,0.7472921904596537,0.7522686697872446,0.7446082081909179,0.7362217307183472
96873,0.731173711209992,0.7472921904596537,0.7522686697872446,0.7446082081909179,0.7362217307183472
96874,0.7310885616492427,0.7472134084393683,0.7521918125789062,0.7445283801247177,0.7361385976594058
96875,0.7310174859399446,0.7471476484843407,0.7521276594708068,0.7444617469180356,0.7360692053818817
96876,0.7309225515560518,0.7470598151908358,0.7520419726591915,0.7443727470976179,0.7359765198434886
96877,0.7309225515560518,0.7470598151908358,0.7520419726591915,0.7443727470976179,0.7359765198434886
96878,0.7309225515560518,0.7470598151908358,0.7520419726591915,0.7443727470976179,0.7359765198434886
96879,0.7314020391542922,0.747538389961115,0.752520322964924,0.7448514539903599,0.7364556904508396
96880,0.7312020601852663,0.7473184196726732,0.7522942582204557,0.7446347856365712,0.7362494084018028
96881,0.7312728578743743,0.7473839239660711,0.7523581623647484,0.7447011595299807,0.7363185297737126
96882,0.7362958105194295,0.7549152292773746,0.7545318370099575,0.7496644231863183,0.7415515448079987
96883,0.7365343747432582,0.7530550667433862,0.7564648256283472,0.7499303938874172,0.7411809320547483
96884,0.7365113083133011,0.7530337936521804,0.7564439154039142,0.7499087861184439,0.7411583760166259
96885,0.7365113083133011,0.7530337936521804,0.7564439154039142,0.7499087861184439,0.7411583760166259
96886,0.7364651407456837,0.7529912156565679,0.7564020637226323,0.7498655382301886,0.7411132300606211
96887,0.7311500740021534,0.7472703207706904,0.7522473343961001,0.74458604813655,0.7361986532545741
96888,0.7309225515560518,0.7470598151908358,0.7520419726591915,0.7443727470976179,0.7359765198434886
96889,0.7312115060454067,0.7473271592508035,0.7523027842968083,0.7446436412423655,0.7362586305951843
96890,0.7312115060454067,0.7473271592508035,0.7523027842968083,0.7446436412423655,0.7362586305951843
96891,0.7311878878344901,0.7473053070312012,0.7522814659174153,0.7446214989068454,0.7362355716422617
96892,0.731078763528529,0.7474541897093031,0.7516895984331341,0.7436983104670352,0.7367268027191264
96893,0.7403657979417899,0.7569492443169117,0.7612384562539323,0.7531456534168648,0.7460880167011511
96894,0.7310174859399446,0.7471476484843407,0.7521276594708068,0.7444617469180356,0.7360692053818817
96895,0.7310174859399446,0.7471476484843407,0.7521276594708068,0.7444617469180356,0.7360692053818817
96896,0.7310174859399446,0.7471476484843407,0.7521276594708068,0.7444617469180356,0.7360692053818817
96897,0.7397197476511375,0.7597228483197384,0.7579894409242137,0.7532297128015297,0.7459674723078469
96898,0.7365114962463862,0.7567224871928224,0.7550052785289029,0.7497154622000829,0.7436658887839956
96899,0.8543942743511787,0.881869996930595,0.8661019403540756,0.8628181758989769,0.8584889092167296
96900,0.9359090027618555,0.9628065357577318,0.9459580044831579,0.9418119044329144,0.9391111983953471
96901,0.9550881970915189,0.9825369300553346,0.965343128829803,0.9611120644739066,0.9583560139896368
96902,0.9318363089104515,0.9609050634382507,0.9412024006043891,0.9400210024961072,0.936211735679065
96903,0.9522547154793854,0.9819604248486364,0.9618260370686814,0.9606187521531737,0.9567260166433406
96904,0.862047705630154,0.8937915279317795,0.8742166988310267,0.871726652168125,0.8659659702549561
96907,0.8583113442133337,0.8881812081386472,0.8731773827504383,0.8678847422884955,0.8579956291833805
96908,0.9541387643360429,0.9838710193265423,0.9637184846549869,0.9625101321466599,0.9586139704167312
96909,0.7311878878344901,0.7473053070312012,0.7522814659174153,0.7446214989068454,0.7362355716422617
96910,0.7311878878344901,0.7473053070312012,0.7522814659174153,0.7446214989068454,0.7362355716422617
96911,0.7312020601852663,0.7473184196726732,0.7522942582204557,0.7446347856365712,0.7362494084018028
96912,0.7309225515560518,0.7470598151908358,0.7520419726591915,0.7443727470976179,0.7359765198434886
96913,0.7357190048024718,0.7543888478811793,0.754004436062743,0.7491240109341119,0.7409891634869272
96914,0.7357190048024718,0.7543888478811793,0.754004436062743,0.7491240109341119,0.7409891634869272
96915,0.7357190048024718,0.7543888478811793,0.754004436062743,0.7491240109341119,0.7409891634869272
96916,0.7310885616492427,0.7472134084393683,0.7521918125789062,0.7445283801247177,0.7361385976594058
96918,0.7309225515560518,0.7470598151908358,0.7520419726591915,0.7443727470976179,0.7359765198434886
96919,0.7620633173015069,0.7788881048682773,0.7840825258634577,0.7760865549358347,0.7673326085970913
96920,0.7325729499832058,0.7487466510140786,0.7537400580256753,0.746053515611889,0.7376383299602869
96921,0.7404145216917145,0.7570245695501253,0.7604527635740607,0.7538830007347417,0.7450862169827291
96923,0.7310241206174041,0.7502468606782149,0.7494089597549404,0.7451682352030734,0.7381971996536161
96926,0.7542509773218996,0.7716514469605983,0.7741214808365222,0.7670050558253513,0.7600613905004903
96927,0.7468955096244104,0.764096117051622,0.7665378440141909,0.7595030166521795,0.7526390951358675
96928,0.7469837442330479,0.7641769998300245,0.7666177030447588,0.7595858383995486,0.7527248471267934
96929,0.7466119729381152,0.7638362117626069,0.7662812292975865,0.7592368789717546,0.7523635386334709
96930,0.7466119729381152,0.7638362117626069,0.7662812292975865,0.7592368789717546,0.7523635386334709
96931,0.7466119729381152,0.7638362117626069,0.7662812292975865,0.7592368789717546,0.7523635386334709
96932,0.7476539860569669,0.7649022639853945,0.7673506939225851,0.7602965121103596,0.7534135789567149
96933,0.7476539860569669,0.7649022639853945,0.7673506939225851,0.7602965121103596,0.7534135789567149
96934,0.7476539860569669,0.7649022639853945,0.7673506939225851,0.7602965121103596,0.7534135789567149
96935,0.7306772136514256,0.7470831355534376,0.7513262703070239,0.7433203502942096,0.7363382905936582
96936,0.7306772136514256,0.7470831355534376,0.7513262703070239,0.7433203502942096,0.7363382905936582
96937,0.7306772136514256,0.7470831355534376,0.7513262703070239,0.7433203502942096,0.7363382905936582
96938,0.865783127488517,0.8909215835251016,0.8768420323568925,0.8755401822661748,0.8714993447276586
96939,0.7372399706380389,0.7574709520250988,0.7557520448913752,0.7504569964707932,0.7444014394966265
96940,0.7344469979849128,0.7538385568620831,0.7522762917441307,0.7472548978613185,0.7404265701512087
96941,0.7462654873948319,0.7635187054417937,0.7652139835780942,0.7587568687358373,0.75095052212557
96942,0.7355802837352458,0.7557657208000008,0.75405068329865,0.7487675551792771,0.7427256305758435
96943,0.7344469979849128,0.7538385568620831,0.7522762917441307,0.7472548978613185,0.7404265701512087
96944,0.7392050266705725,0.7594899321713566,0.7577664434238206,0.7524572814618466,0.74638558386965
96945,0.7355710040754667,0.7557573171041156,0.7540422065344948,0.7487588517699563,0.7427166650384026
96946,0.7355710040754667,0.7557573171041156,0.7540422065344948,0.7487588517699563,0.7427166650384026
96947,0.7355710040754667,0.7557573171041156,0.7540422065344948,0.7487588517699563,0.7427166650384026
96948,0.833117839052132,0.8514429513014072,0.8507814227483007,0.8447591660094342,0.8376362842123843
96949,0.745180754284588,0.7626843599149129,0.7636631637036067,0.7575681659276154,0.7499532864804078
96950,0.7662065951031108,0.7815999176201784,0.7864855284191135,0.7781494838782269,0.771042608191302
96951,0.7662065951031108,0.7815999176201784,0.7864855284191135,0.7781494838782269,0.771042608191302
96952,0.7662065951031108,0.7815999176201784,0.7864855284191135,0.7781494838782269,0.771042608191302
96953,0.8148302252258911,0.8448345547868019,0.8264703219894052,0.8229510473746285,0.8154988160640879
96954,0.8237807415560536,0.8541146541802781,0.8355486991584776,0.8319907670124328,0.8244566765415712
96955,0.8393698899710164,0.8685384551097813,0.8536782166434734,0.8488807354918569,0.8397913303983973
96956,0.8258944911201589,0.8539332458005606,0.8404708878551411,0.8360962749731008,0.8253356195209167
96957,0.826610016021912,0.8553766504889252,0.8409269843763278,0.8358298251152505,0.8263059617789762
96958,0.7593120529893403,0.7769694341611894,0.7769943177974469,0.7721153612513784,0.7662531627167808
96959,0.7593120529893403,0.7769694341611894,0.7769943177974469,0.7721153612513784,0.7662531627167808
96960,0.7569240025566928,0.7757228104966439,0.7748490989561103,0.7700749858584619,0.7643145860714649
96961,0.8544204801687828,0.8858834394878624,0.8664818045548385,0.8640137893261407,0.8583040767728763
96962,0.8604072037793243,0.8920906166640487,0.8725530390322803,0.8700677310005848,0.8643180118326085
96963,0.844463552730405,0.8736320276007238,0.8566861991736598,0.8520583577478302,0.8471202319454433
96964,0.8166050090291378,0.8370907997366689,0.8306636241568037,0.8294846748893546,0.8244074289787986
96965,0.7804993357941961,0.7988041418053505,0.7974812517436195,0.7931815012043469,0.7884994423760469
96966,0.7757201108438158,0.7947354456225053,0.7929238616283085,0.7886276263569245,0.7840532639137484
96967,0.7630591900804697,0.7803280820229573,0.7811059707557082,0.7751992730652887,0.7684666385420056
96968,0.903656645826406,0.9299565731700015,0.9130884679792323,0.9130025364651035,0.9103576000947807
96969,0.7514191786170284,0.7692849721130852,0.7701620909265289,0.76437010055907,0.7574155633248671
96970,0.7854006863293238,0.8032346383678203,0.803169673697671,0.7974703922102836,0.7915300511738079
96971,0.779214127852231,0.7969076028207628,0.7968431498737859,0.7911887613166095,0.7852952120232984
96972,0.7473934259890093,0.7651635029167841,0.766035922537728,0.7602749629465745,0.7533576848712327
96973,0.7473934259890093,0.7651635029167841,0.766035922537728,0.7602749629465745,0.7531363502161827
96974,0.8553582805360287,0.8729560599328784,0.8719766008756819,0.8651379105970339,0.8600644361115495
96975,0.8553582805360287,0.8729560599328784,0.8697931058352583,0.8651379105970339,0.8600644361115495
96976,0.8316880204922704,0.8487543196812706,0.851185622641637,0.8426736339832579,0.8362831681883728
96977,0.7654530347439445,0.7842623974040798,0.7824704923222048,0.7782208797591719,0.7736960854975329
96978,0.7654530347439445,0.7842623974040798,0.7824704923222048,0.7782208797591719,0.7736960854975329
96979,0.7768851054488807,0.7961871253654401,0.7918654218435768,0.7900308420499096,0.7848232788525787
96980,0.7665946192291101,0.7860255208703529,0.7820165022874597,0.7790777238926572,0.7749363837955254
96981,0.8458733775903708,0.8647085182540336,0.8592592290312506,0.8575696205298502,0.8526449383934604
96982,0.8185377421676547,0.8390720184540538,0.8326296310948179,0.8314478915012105,0.8263586288122667
96983,0.8481479659317194,0.8670337550641675,0.8615698124782888,0.8598756605500582,0.8549377357406288
96984,0.8194969404917766,0.8374720036623869,0.8365243828831891,0.8314882060692264,0.8266315007629372
96985,0.8218434487424822,0.8398699808472067,0.8389196466961009,0.8338690495348958,0.828998437771475
96986,0.8435799347258952,0.8604251495030102,0.8611318059357128,0.8539463396160122,0.8487849021224859
96987,0.8409733642163234,0.8557611316576301,0.8611318059357128,0.8524193927472705,0.84434091364547
96988,0.776823143635831,0.7966406065623132,0.791808424286043,0.7899732440417566,0.7847639651175826
96989,0.776823143635831,0.7966406065623132,0.791808424286043,0.7899732440417566,0.7847639651175826
96990,0.8564402104028649,0.8850112856771661,0.869241879780803,0.8647188933944079,0.8583954030737135
96991,0.8597677824655867,0.8884498664369691,0.8726191908409012,0.8680786310583056,0.8617305717490532
96992,0.8671365631256172,0.8960644715974845,0.880098116602227,0.8755186412080045,0.8691161748162576
96993,0.772671839672821,0.7922286831123919,0.7881936124390724,0.785235758783729,0.7810675697258395
96994,0.7629163436685333,0.7818639761526814,0.7809833476990012,0.7761714393747634,0.7703654362242217
96995,0.7664277260732956,0.7858543974676597,0.7818462516769128,0.778908113075279,0.7747676745776377
96996,0.7858065212547078,0.8056995069077252,0.8012361665425066,0.7989157699725229,0.793455034145063
96997,0.8183053488958776,0.8388337952401689,0.8323932369566119,0.8312118328738995,0.8261240150913375
96998,0.8005756250958747,0.8188093243978376,0.8166338389569893,0.8128139671258218,0.8079214612448893
96999,0.763362999333004,0.7832536544541947,0.7787506029583133,0.7758678906870468,0.7715398120624559
97000,0.7672551021837831,0.7867338949172876,0.7827150704338358,0.7797690794412838,0.7756175397714183
97001,0.8003718765772896,0.8186272584884433,0.8164492238711807,0.8126248515343227,0.8077265353306331
97002,0.8162338361372278,0.8348510075341193,0.8326298081105584,0.8287296434562482,0.8237342512609994
97003,0.7754439198951723,0.7941928295498378,0.7927473913301115,0.7881875677975342,0.7826243430153784
97004,0.8574501949980232,0.8860328931168512,0.8710929174105927,0.8652136048349637,0.8578408917270653
97005,0.8276368854351288,0.8557347936360823,0.8422440340773787,0.8378601920496087,0.8270768347812886
97006,0.7974036358868496,0.8168296844553256,0.8137684416985884,0.8109215791311907,0.8050809983280344
97007,0.7974036358868496,0.8168296844553256,0.8137684416985884,0.8109215791311907,0.8050809983280344
97008,0.7659282906204906,0.785884727489288,0.7813667808487857,0.7784745340204593,0.7741321415539753
97009,0.7768889748296703,0.7966994941625997,0.7918689812320873,0.790034438933642,0.7848269828748663
97010,0.7770048796355252,0.7968031753725539,0.7919756012205209,0.7901421819791631,0.7849379349216894
97011,0.7510910113427208,0.7711448408214943,0.7646168601611636,0.7635073041803806,0.7597671076568243
97012,0.7678366783011972,0.7872990624588273,0.7832835483465159,0.7803400084568182,0.7761919584390724
97013,0.7661792569600031,0.7856307365273028,0.7816175472401677,0.7786756871166443,0.7745299687363505
97014,0.76571766215362,0.784501520223419,0.7827120057180299,0.7784680950752776,0.7739494228194473
97015,0.857657329735142,0.8783299614912962,0.8699696697878117,0.869240583556289,0.8640959483906878
97016,0.740214135959676,0.7605238897554124,0.7587982863823687,0.7534826142949349,0.7474034789204512
97018,0.7789946052236121,0.7987398324035443,0.7943097080325872,0.7920065653752836,0.7865863949539413
97019,0.7858062955051262,0.8063959368590884,0.7999498315197004,0.798301725402255,0.7928207539661021
97020,0.8201290117346243,0.8394910813302695,0.8347589007372535,0.8324890337847448,0.8271932110725906
97022,0.7768851054488807,0.7966960328899628,0.7918654218435768,0.7900308420499096,0.7848232788525787
97023,0.7768851054488807,0.7966960328899628,0.7918654218435768,0.7900308420499096,0.7848232788525787
97024,0.7768851054488807,0.7966960328899628,0.7918654218435768,0.7900308420499096,0.7848232788525787
97026,0.7768851054488807,0.7966960328899628,0.7918654218435768,0.7900308420499096,0.7848232788525787
97028,0.778926077041309,0.798789050196543,0.7939457485478393,0.7921063490900845,0.7868851049913218
97029,0.7771714735350074,0.7968704896768539,0.7921619489109883,0.7901529809509034,0.7847454957065656
97031,0.7616281021356047,0.7814735517099529,0.776980734311646,0.7741045735885219,0.7697863314001777
97032,0.7634106415578119,0.7833025380740711,0.7787992055383806,0.7759163133542466,0.7715879646100731
97033,0.7615779823325222,0.7814284612236034,0.776934521927968,0.7740576379417885,0.7697383023424187
97034,0.7615779823325222,0.7814284612236034,0.776934521927968,0.7740576379417885,0.7697383023424187
97035,0.7615779823325222,0.7814284612236034,0.776934521927968,0.7740576379417885,0.7697383023424187
97036,0.7503427317575913,0.770376582470841,0.7638551053561345,0.7627466547781276,0.7590101844510784
97037,0.7628631127877937,0.7827407425581628,0.7782406398754375,0.7753598153418256,0.7710345709497991
97038,0.7663952251591621,0.7858251410744035,0.7818163356624086,0.7788777103394473,0.7747365813145474
97039,0.7753672717605511,0.795024650093785,0.7909689143411622,0.7879958870771708,0.7838062786236758
97040,0.7985708977047289,0.8165711572967035,0.8170689577020931,0.8096778354473726,0.8045713691241034
97041,0.8233284638487381,0.8416474229643286,0.8381303092020559,0.8342117535167181,0.828863208067989
97042,0.7663952251591621,0.7858251410744035,0.7818163356624086,0.7788777103394473,0.7747365813145474
97043,0.8293732337132919,0.8466984332329272,0.846631275602487,0.8410833591660044,0.8360781403765037
97044,0.8293732337132919,0.8466984332329272,0.846631275602487,0.8410833591660044,0.8360781403765037
97045,0.7646938248909025,0.7851108440486992,0.7784646368320292,0.7773349859720637,0.7735270517240838
97046,0.8389376919034058,0.857214993466095,0.8548193640484564,0.8502058166336934,0.8452037053202313
97047,0.7645430069815405,0.7835310389392167,0.7826485328406154,0.7778263647352082,0.7720079822295791
97048,0.7771714735350074,0.7968704896768539,0.7924507334138028,0.7901529809509034,0.7847454957065656
97049,0.7794544397385272,0.7993156576721654,0.7944727421008035,0.7926334962528195,0.7874127093916343
97050,0.7771714735350074,0.7968704896768539,0.7924507334138028,0.7901529809509034,0.7847454957065656
97051,0.7615570815250805,0.7814096578345039,0.77691525066708,0.7740380650532767,0.7697182734596609
97052,0.7627212382790617,0.7826041622949869,0.7781028847371668,0.7752213009040493,0.7708949058467124
97053,0.7630068782565256,0.7828972484502714,0.7783942851588496,0.7755116221692856,0.7711836068720436
97054,0.7615696232492773,0.7814209409756576,0.7769268145605835,0.7740498099422816,0.7697302919739075
97055,0.7624720610471507,0.7823469020062165,0.7778474501823792,0.7749670363974916,0.7706423999262726
97056,0.8005688526494331,0.8188032725708485,0.8166277024070075,0.8128076810004388,0.8079149820136796
97057,0.8005688526494331,0.8188032725708485,0.8166277024070075,0.8128076810004388,0.8079149820136796
97058,0.7704434934285229,0.7893294817519018,0.7875302205472259,0.7832632092053703,0.7787199625734181
97059,0.8473174520922183,0.8765845030248768,0.8595814054726065,0.8549379240660472,0.8499831096640985
97060,0.7788369694615396,0.7985797166501545,0.7941501526161115,0.7918473003851776,0.7864278110342308
97061,0.7770940546569003,0.7968011995773365,0.792379645584553,0.7900809526342213,0.7846712379917716
97062,0.7613727083727504,0.7812437894797004,0.7767452545051193,0.7738654077570003,0.7695415930879774
97063,0.7613433023097844,0.7812173352436278,0.7767181418249155,0.7738378705847091,0.7695134141681124
97064,0.7620688074883624,0.7819511501744499,0.7774500475320522,0.7745685625467483,0.7702422964120584
97065,0.7620688074883624,0.7819511501744499,0.7774500475320522,0.7745685625467483,0.7702422964120584
97066,0.7613264897148782,0.781202210380057,0.7767026404918057,0.7738221265452049,0.7694973032042363
97067,0.7634205522226278,0.7833450800459991,0.7788344454819793,0.7759468528869355,0.7716114085690159
97068,0.762181017525905,0.7820731947091462,0.7775698838778056,0.7746869797486422,0.7703585747141715
97069,0.7613264897148782,0.781202210380057,0.7767026404918057,0.7738221265452049,0.7694973032042363
97070,0.7613264897148782,0.781202210380057,0.7767026404918057,0.7738221265452049,0.7694973032042363
97071,0.8464872748562594,0.8657609796710641,0.8606337619377632,0.8581801778065768,0.8534450800185204
97072,0.8472623564884725,0.8665537091699733,0.8614217967266544,0.8589659659840307,0.8542265325285269
97073,0.8309116521585516,0.8480598035668939,0.8479933219328282,0.8425015235457007,0.8375474020031222
97074,0.8505664557240549,0.8706825371904283,0.8619498246190692,0.8618128659900716,0.8567433914275392
97075,0.8505664557240549,0.8706825371904283,0.8619498246190692,0.8618128659900716,0.8567433914275392
97076,0.7854132433819582,0.8059925860118001,0.799549704947153,0.797902423195219,0.7924241932838825
97077,0.7779122094742568,0.7976411142676896,0.7932146807783433,0.790913450468984,0.7854977628272377
97078,0.7854132433819582,0.8059925860118001,0.799549704947153,0.797902423195219,0.7924241932838825
97079,0.7854132433819582,0.8059925860118001,0.799549704947153,0.797902423195219,0.7924241932838825
97080,0.7854132433819582,0.8059925860118001,0.799549704947153,0.797902423195219,0.7924241932838825
97081,0.84464710483719,0.8644624578136721,0.8604822206418583,0.8552544785138774,0.849892496486406
97082,0.8014298078457388,0.819494508960484,0.8199940915077364,0.812576508791674,0.8074517611506179
97083,0.7616364496559165,0.7814810616263399,0.7769884310744388,0.7741123908069216,0.7697943307199829
97084,0.7615738029974993,0.7814247012842264,0.7769306684337504,0.774053724134664,0.7697342973555737
97085,0.8308529715662034,0.8480078700462707,0.8465580510110757,0.8424474254784984,0.8374913566672089
97086,0.8139010284222973,0.8329176101867604,0.8288311596410357,0.8265348681317016,0.8210967543352956
97087,0.8302511233392079,0.8494397099677512,0.8456353442507594,0.8425964674145852,0.8380258383359213
97088,0.7615738029974993,0.7814247012842264,0.7769306684337504,0.774053724134664,0.7697342973555737
97090,0.7774626058824503,0.7971690013749383,0.7927475894489353,0.7904489762363929,0.7850394653208531
97092,0.8307268260766036,0.847896230366325,0.8478296675755527,0.8423311322035401,0.8373708768836238
97093,0.8308529715662034,0.8480078700462707,0.8479413626473974,0.8424474254784984,0.8374913566672089
97094,0.8308529715662034,0.8480078700462707,0.8479413626473974,0.8424474254784984,0.8374913566672089
97096,0.7770863044047075,0.7967942631295645,0.7923725291600541,0.7900737420541251,0.7846638042178503
97097,0.7770863044047075,0.7967942631295645,0.7923725291600541,0.7900737420541251,0.7846638042178503
97098,0.8139010284222973,0.8329176101867604,0.8288311596410357,0.8265348681317016,0.8210967543352956
97099,0.8139010284222973,0.8329176101867604,0.8288311596410357,0.8265348681317016,0.8210967543352956
97100,0.8289232470292253,0.8463002965880471,0.8462329410222504,0.8406685919716894,0.8356484091228537
97102,0.7789215174422771,0.7986648920614381,0.7942351833390094,0.7919322567699635,0.7865125948864569
97103,0.8139764244634458,0.832984154996949,0.8288995810495072,0.8266043500889045,0.8211687654178855
97104,0.813935606703297,0.8329481289935186,0.8288625391166051,0.8265667340099383,0.8211297801558219
97105,0.8307268260766036,0.847896230366325,0.8478296675755527,0.8423311322035401,0.8373708768836238
97106,0.9066206244650751,0.9351351144896938,0.9190507019043062,0.9147040697246887,0.9075637264541145
97107,0.8360454541153505,0.8644288295242498,0.8508010074683401,0.8463726267818631,0.8354797134971429
97108,0.8389376919034058,0.857214993466095,0.8548193640484564,0.8502058166336934,0.8452037053202313
97109,0.8389376919034058,0.857214993466095,0.8548193640484564,0.8502058166336934,0.8452037053202313
97110,0.8289869230920806,0.8474317822440326,0.8438904965434001,0.8399450099445668,0.8345597057443045
97111,0.813834912959473,0.8328592571453151,0.8287711608637812,0.8264739392720961,0.8210336074653252
97112,0.8182934422839027,0.8374220098141602,0.833311517224896,0.8310017104888922,0.8255315742604763
97113,0.8160582331485834,0.8351345500476127,0.8310352854727887,0.8287317880884799,0.82327659380856
97114,0.8412924817742233,0.8633430943754169,0.8563784411337859,0.8528181059377905,0.8473546096905149
97115,0.813935606703297,0.8329481289935186,0.8288625391166051,0.8265667340099383,0.8211297801558219
97116,0.8720253740410948,0.8999026126793765,0.883717495265873,0.8800318598659147,0.8738748309401052
97117,0.8720253740410948,0.8999026126793765,0.883717495265873,0.8800318598659147,0.8738748309401052
97118,0.87466358297884,0.9026251608832997,0.8863910773242114,0.8826942914731964,0.8765186351894849
97119,0.8738008208340368,0.8940471715487489,0.8870777047682431,0.885550827235322,0.8801287194811979
97120,0.8415875100446379,0.8719354061803476,0.8517808720215286,0.8505268444256192,0.8456958664672486
97121,0.8415875100446379,0.8719354061803476,0.8517808720215286,0.8505268444256192,0.8456958664672486
97122,0.8476824318061353,0.878250112634899,0.8579496158668786,0.8566865063870385,0.8518205416538686
97123,0.8428215125624499,0.8732139071962893,0.8530298208570963,0.8517739545062242,0.846935892983883
97124,0.8494096247005873,0.8676606025740078,0.8627531302236338,0.8603348166631273,0.8550073535623075
97125,0.8494096247005873,0.8676606025740078,0.8627531302236338,0.8603348166631273,0.8550073535623075
97126,0.8482694331209834,0.8690093357388472,0.8593346315848894,0.8595276953359754,0.8545892020648503
97127,0.9250993364141328,0.9526942828599063,0.936793754469758,0.9325005940987015,0.9260967209416541
97128,0.9250993364141328,0.9526942828599063,0.936793754469758,0.9325005940987015,0.9260967209416541
97129,0.9250993364141328,0.9526942828599063,0.936793754469758,0.9325005940987015,0.9260967209416541
97130,0.8764716811814233,0.9059058132932301,0.8886189847746622,0.8852492415853074,0.8788384647599461
97131,0.879272021274792,0.9088001958776865,0.8914581356841802,0.8880776261150779,0.8816463667621471
97132,0.8919419396853541,0.9200858122114033,0.9039929058786619,0.9002156423991615,0.8942594340501957
97133,0.9240876663978769,0.9519885200378669,0.9331867764814886,0.9336368730830232,0.930709571241357
97134,0.9240876663978769,0.9519885200378669,0.9331867764814886,0.9336368730830232,0.930709571241357
97135,0.8977413871620283,0.9256568827672621,0.9070590509442403,0.9083260647487832,0.9058372407363554
97136,0.9035178218479447,0.9330513630806871,0.9140090852496863,0.9125514634670755,0.9097295310638297
97137,0.8890666989124141,0.9181307674912396,0.8995479358786941,0.8981455573946378,0.89546356767503
97138,0.8396161520094637,0.8616228273367182,0.8546720516178075,0.8511188106203113,0.845666200743207
97139,0.8502583953333978,0.8725440081168017,0.86550513041663,0.861906851629909,0.8563851292173636
97140,0.8526098350564743,0.8739704717661149,0.8653003538388261,0.8628395852929087,0.8573992072929388
97141,0.874801106228648,0.8950706339974797,0.8880931889046828,0.8865645634753773,0.8811362487515809
97142,0.8784614765697812,0.899135510164478,0.8907818970230755,0.8902685217778757,0.8847628335561091
97143,0.8890951176405993,0.9167417553071453,0.8983230417343853,0.8995778527564808,0.8971129989469541
97144,0.8818256381753281,0.9098597178009427,0.8914701458873767,0.8905635353900931,0.8881168414200044
97145,0.8231043893176258,0.8529293020943851,0.8386346207957395,0.8325604327282101,0.8215830538245809
97146,0.8162677737501934,0.845844964044078,0.8316690128141407,0.8256452762922973,0.8147590743043499
97147,0.8738008208340368,0.8940471715487489,0.8870777047682431,0.885550827235322,0.8801287194811979
97148,0.8446937567397019,0.8651871673519703,0.8572093250063707,0.8558767424694588,0.8485959296622854
97149,0.8167861491429511,0.8363566842129304,0.8316135929486099,0.8279500436561903,0.8206096217166436
97150,0.8165512804820944,0.8368079730034037,0.8313968690043733,0.828030793204887,0.8206776285624762
97151,0.8491504687524172,0.8784625285976415,0.8586509548306519,0.857457583720457,0.8537873860145606
97152,0.8491504687524172,0.8784625285976415,0.8586509548306519,0.857457583720457,0.8537873860145606
97153,0.8491504687524172,0.8784625285976415,0.8586509548306519,0.857457583720457,0.8537873860145606
97154,0.8491504687524172,0.8784625285976415,0.8586509548306519,0.857457583720457,0.8537873860145606
97156,0.9153371666567829,0.9422990154768969,0.9263083310436127,0.9224629471938923,0.9159179050778009
97159,0.9044389112202945,0.9321314345798141,0.9166601578963419,0.9119708970695969,0.9074290993057499
97160,0.8723165151738652,0.8936157444251193,0.8848956993812674,0.8848920291079884,0.8794954393545066
97161,0.850581156950503,0.8713775804392498,0.8616765105537652,0.8618701004467308,0.8569181486774787
97162,0.8893223568741863,0.9099540582335891,0.9019395638954237,0.9006509569776308,0.8956685807062373
97163,0.8108596555427885,0.8302881893668289,0.8255795133531251,0.8219425462957962,0.8146553854989523
97164,0.8108596555427885,0.8302881893668289,0.8255795133531251,0.8219425462957962,0.8146553854989523
97165,0.8106264910582537,0.8302881893668289,0.8253643619295169,0.8219425462957962,0.8146553854989523
97166,0.8638965334352028,0.8827991632681148,0.875321690947423,0.8736076713538173,0.8680466326328033
97167,0.8567370997235199,0.8758612118916116,0.8687350349161724,0.8673922392956633,0.8614773928697443
97168,0.8577746451942984,0.8767262338540233,0.8690692249468067,0.8668343690744528,0.8628508930841696
97169,0.8710243418256971,0.8900829328395039,0.8825437656423027,0.8808156040736249,0.8752086825218304
97170,0.8489670636340706,0.8697240230835727,0.8600413622963102,0.8602345848261503,0.8552920300582176
97171,0.8489670636340706,0.8697240230835727,0.8600413622963102,0.8602345848261503,0.8552920300582176
97172,0.8772394544242372,0.8981760105938685,0.8894350720545056,0.8894270639025171,0.8852600623856253
97174,0.8506350603964205,0.8714328018063083,0.8617311171398686,0.8619247193011079,0.8569724537143415
97175,0.8482694331209834,0.8690093357388472,0.8593346315848894,0.8595276953359754,0.8545892020648503
97176,0.8352447415212827,0.8550004014118341,0.8474178095154055,0.8471897968876776,0.8406080246605839
97178,0.8553494096096055,0.8762624152737155,0.8665069623915,0.8667016375254382,0.8617219257276473
97181,0.890557332702854,0.9194318890903604,0.9017954109538124,0.8995314331731951,0.8942646711880436
97182,0.8571799334521026,0.8857045223701779,0.867943723361959,0.86604241804371,0.8614373880860962
97183,0.8559456515172864,0.8844291669297585,0.8666939422875602,0.8647953747221625,0.8601969757005565
97184,0.8544772475093728,0.8830658915417067,0.8647180029513811,0.8633499357566407,0.8588332514022575
97185,0.8739015790442165,0.9020885678730489,0.8834569436245021,0.8825628306137412,0.8792160487865724
97186,0.8821589484297901,0.9110090520800729,0.8925630830169395,0.8911710246552261,0.8885087683924328
97187,0.8733136145468905,0.9014816390562671,0.8828625502394535,0.8819690387915224,0.8786245086926282
97188,0.8733136145468905,0.9014816390562671,0.8828625502394535,0.8819690387915224,0.8786245086926282
97189,0.8746305257824767,0.9028410261989533,0.8841938607704268,0.8832990019539843,0.8799494284786997
97190,0.8725601456291076,0.9015212804778905,0.8835412777792989,0.8811305326102579,0.8762882470857828
97191,0.8732080514971418,0.9013237878062442,0.8843144606577025,0.8815563998788382,0.8777801750747668
97192,0.8567370997235199,0.8758612118916116,0.8687350349161724,0.8673922392956633,0.8614773928697443
97193,0.8567370997235199,0.8758612118916116,0.8687350349161724,0.8673922392956633,0.8614773928697443
97194,0.8567370997235199,0.8758612118916116,0.8686198289072067,0.8673922392956633,0.8614773928697443
97195,0.9264092841762135,0.9531615148064958,0.9347911500793247,0.9353952233176949,0.932503413307361
97196,0.8751683446617957,0.9037328426861253,0.8837103852747329,0.8838577114128279,0.8803310854826629
97197,0.8087207481099246,0.8287831837727455,0.8234239709727694,0.820090175038792,0.8128075254946323
97198,0.7943048771057112,0.8138523098479817,0.8064617671380137,0.805876853415515,0.7964594461716074
97199,0.9174801990963023,0.9433228016834181,0.9243147101950747,0.9286381967773153,0.9231858216355863
97200,0.8546424585526574,0.8749779514943598,0.8668319420580008,0.8644650650930678,0.8584296929991121
97201,0.9335289890808031,0.9618244574426459,0.9403972184307264,0.9434690486475202,0.9388541508299718
97202,0.899725205145413,0.9272734021010491,0.9118827577853185,0.9072179361959519,0.9026998091294232
97203,0.8658184725129509,0.893946125589468,0.8781424121588061,0.8740686348289232,0.8692614969369953
97204,0.8593773684518482,0.8796067346422474,0.8718023151752622,0.8707637417778189,0.8657501554666811
97205,0.9335289890808031,0.9618244574426459,0.9403972184307264,0.9434690486475202,0.9388541508299718
97206,0.9335289890808031,0.9618244574426459,0.9403972184307264,0.9434585523836675,0.9388541508299718
97207,0.9353491209360068,0.9636997578934966,0.942230741496246,0.9453085609603977,0.9406846653263652
97208,0.8370466131000991,0.8648069254796588,0.8503797333017356,0.8444191805531621,0.8376936461742012
97209,0.8385989082981079,0.8664107019200831,0.8519567546477744,0.8459851481092874,0.8392471412890584
97210,0.8284733685060542,0.8577233667983469,0.8426504644384806,0.8366442240099807,0.828945159927028
97211,0.7919958429598151,0.8114864515644434,0.8041173930678622,0.803534179682094,0.7941441487209195
97212,0.8184642874892526,0.8386062708419714,0.8309909389365272,0.8303882346010434,0.820684389475521
97213,0.7993154125306181,0.8189861519615974,0.8115489891475296,0.8109603857448947,0.8014835727816388
97214,0.8686416489756806,0.8968610179610613,0.8810057733224181,0.8769187126165884,0.8720959000780915
97215,0.8808242607651733,0.9091852253805056,0.8920275411538888,0.8892454242889294,0.8854362628687771
97217,0.857604089718205,0.8862973499695361,0.8678823197991926,0.8665092463503224,0.8619760338094669
97218,0.8581641740591439,0.8861183899542571,0.8716206879044985,0.8652234761974452,0.8607932185128584
97219,0.8747616113468561,0.9031797981951984,0.8872128463862985,0.8830969905406572,0.878240199167167
97220,0.8768939030880939,0.905381361226273,0.88937548887144,0.8852496003433924,0.8803809702060604
97221,0.8838611698879805,0.9115036197258395,0.8933238929852236,0.8933333561696878,0.88877993916925
97222,0.8705105806013628,0.8989230545115736,0.879007159321154,0.8791537013696561,0.8756458446187151
97223,0.8577746451942984,0.8767262338540233,0.8690692249468067,0.8668343690744528,0.8628508930841696
97224,0.8573887047045825,0.8767262338540233,0.8679317001832675,0.8668343690744528,0.8613453900282836
97225,0.8501135937500169,0.8782353965651819,0.863696557541004,0.8588241097559124,0.851382061766632
97226,0.8501135937500169,0.8782353965651819,0.863696557541004,0.8588241097559124,0.851382061766632
97227,0.8754243306502563,0.9036114271811861,0.8865589288581422,0.8837938678774399,0.8800080586813139
97228,0.894262613057876,0.9184128118614406,0.9032388164693902,0.9052440836099129,0.898475729761565
97229,0.8267349990379967,0.8479914776445923,0.8393352477962045,0.8389189987878555,0.8303802262111
97231,0.8323292261481946,0.8524430904585524,0.8452540078137789,0.8449560271007599,0.8359114567668516
97232,0.842220650729832,0.862046155312787,0.85439754425628,0.8533797050685886,0.8484662106242754
97233,0.8412631685691013,0.8602787377190237,0.8554573345843491,0.8542354334231401,0.8478578418579965
97235,0.8321446518365138,0.8522540557692425,0.8450665673493731,0.8447686527154767,0.8357260880726957
97236,0.8542627073472436,0.8749066107945581,0.8675280819498028,0.8672222488700023,0.857939336655093
97238,0.8321446518365138,0.8522540557692425,0.8450665673493731,0.8447686527154767,0.8357260880726957
97240,0.9274299041055591,0.9532842620326447,0.9350997149656123,0.9352477373198992,0.9311064585880577
97241,0.9329182247121043,0.9589255828872433,0.9406334237797247,0.9407823220968564,0.9366165362132607
97242,0.9277300313182616,0.9535927560193175,0.9354023242192164,0.9355503944752762,0.9314077755769842
97243,0.9167328180868047,0.9438155895213393,0.9218241810057153,0.9253983552021581,0.9205019042121849
97244,0.8354876294316544,0.8669511640766705,0.8491185155503242,0.8437663305485834,0.8369993946423337
97245,0.9777646784171241,1.00315731977426,0.9834925376789874,0.9852727968966601,0.9818574006886471
97246,0.8765485780789417,0.9039560439171876,0.8859308311808117,0.8859402139066507,0.8814255148389933
97247,0.8765485780789417,0.9039560439171876,0.8859308311808117,0.8859402139066507,0.8814255148389933
97248,0.8765253917614712,0.9039384176968079,0.8859095771432011,0.8859189617861205,0.8814033367579638
97249,0.8861983441853822,0.9139075339001178,0.8956838848291508,0.895693370847736,0.8911289702676545
97250,0.9185710701851808,0.9443479567599591,0.9303809189269336,0.9260366318041423,0.9207489022912942
97251,0.9271330522721126,0.9531502046774548,0.9390529803715311,0.9346682002376564,0.9293311839065762
97252,0.8991171686560755,0.9263515868799856,0.9110031718933234,0.9064922218155784,0.9009984537278308
97253,0.8529426607092395,0.8827216043408193,0.8663293834193099,0.8611273506811199,0.8549673100401537
97254,0.8987837147472441,0.9261925478241928,0.9103438743123964,0.9066178987657217,0.9027945742312541
97255,0.8987837147472441,0.9261925478241928,0.9103438743123964,0.9066178987657217,0.9027945742312541
97256,0.9014293992221946,0.9289189136944094,0.9130235875911488,0.9092866441603257,0.9054520651825503
97257,0.9008878908009906,0.9288817646680585,0.9127859277712638,0.9087950054133349,0.9052925844028461
97258,0.9121614920696522,0.9377453961657767,0.9224567708940665,0.919393479464508,0.9150522770557661
97259,0.9151592429500606,0.940916706678042,0.9257833610335318,0.9215992164856273,0.9175817139662954
97260,0.8671770164121477,0.8946224486756748,0.8814167795284162,0.8739546021183868,0.8698213088200999
97261,0.8561468248155217,0.8836661885099942,0.8694718787546614,0.8627212578920834,0.8577539241716946
97262,0.8324673529680606,0.8527477247667776,0.8458864029375496,0.8453459478778338,0.83643326016825
97263,0.9273460392867622,0.9522911823764242,0.9371373736559484,0.9339568607761697,0.9306992944385674
97264,0.9567588117062883,0.9815997006319882,0.9668761284924542,0.9634927508429919,0.9600004872145383
97265,0.9161351579037932,0.9418305136304618,0.926475286240134,0.9233986501379495,0.9190385360695501
97266,0.8899308255257834,0.9177854407240286,0.9015570582049729,0.8964772993768804,0.8926038559329658
97267,0.9138929287004098,0.9391465503576442,0.9245844551340697,0.920293461180054,0.9164094166108876
97272,0.7567125709272021,0.7755061277949429,0.7746326603083092,0.7698598807639742,0.7641010900298139
97273,0.7388753010052799,0.7591522940251129,0.7574294789177138,0.7521223905192626,0.7460530613650797
97274,0.7390674272075954,0.7593457179829721,0.7576227878424355,0.7523153505716713,0.746245632739221
97279,0.7123935980490566,0.7266782758855281,0.7342099076107362,0.7273425138853186,0.7189208755689194
97280,0.7086904367736062,0.7229008600604283,0.7303933408906506,0.7235616452211628,0.7151837842281065
97281,0.806896775505367,0.8279455450558239,0.820272505619183,0.8169502196521496,0.8086103866656374
97282,0.8067151520163846,0.8277867762244755,0.8201055064128793,0.8167796212581689,0.8084306567830768
97288,0.6906456212613906,0.7073210632797264,0.7114690847695376,0.7040797880579476,0.6977139544130888
97291,0.8080987310989233,0.8246809763391789,0.8270433198968344,0.8187727580220905,0.8125635459464842
97292,0.8080987310989233,0.8246809763391789,0.8270433198968344,0.8187727580220905,0.8125635459464842
97297,0.7279221508739013,0.7417946996066377,0.7474167226569326,0.7418882663563957,0.7328083567596241
97298,0.7279221508739013,0.7417946996066377,0.7474167226569326,0.7418882663563957,0.7328083567596241
97299,0.7279221508739013,0.7417946996066377,0.7474167226569326,0.7418882663563957,0.7328083567596241
97300,0.7219609798763352,0.736279495918724,0.74140032154961,0.7367161630656077,0.7271461871625231
97301,0.7279410677989147,0.7418124066798658,0.7474339489690482,0.741905965384038,0.7328268436590785
97302,0.7279410677989147,0.7418124066798658,0.7474339489690482,0.741905965384038,0.7328268436590785
97306,0.6956737847855352,0.708998156691917,0.7147490789586128,0.7092169897798547,0.7014306914493985
97307,0.6957161355936222,0.7090413186530614,0.7147925910209262,0.7092601650629875,0.7014733927229689
97315,0.7010538973907624,0.7265036907625014,0.719629216612207,0.7159273670434606,0.7035787624723324
97316,0.7085553827975404,0.735544529651348,0.7254674023956118,0.7212587164033849,0.7117934250149902
97318,0.7172096340376033,0.7445284246472816,0.7343282159879367,0.7300681253675727,0.7204872255006817
97327,0.6904938830438294,0.7079179827580048,0.711142808096053,0.7038920896507572,0.6975609261992993
97328,0.6910465689599379,0.7084846152922504,0.7117120218487424,0.7044554997749645,0.698119268726301
97329,0.6904938830438294,0.7073210632797264,0.711142808096053,0.7038920896507572,0.6975609261992993
97330,0.8933968526842964,0.9153674996534338,0.9026769324122365,0.9041115008372401,0.8996929810917229
97336,0.700711271526025,0.7261486268277472,0.7192775124371789,0.7155774720722816,0.7032349026310276
97339,0.7142452756749986,0.7401739449974625,0.733170117327618,0.7293986119190077,0.7168176498718188
97344,0.8868084717268081,0.9145430974017923,0.8963027489890435,0.896312243729211,0.8917436430158153
97345,0.8571364954568701,0.8858141111887856,0.8674091215051108,0.8660367967015338,0.8615060558188652
97347,0.8868084717268081,0.9145430974017923,0.8963027489890435,0.896312243729211,0.8917436430158153
97348,0.8766941045936759,0.9041124069640005,0.8860800962351087,0.8860894826843759,0.8815729884927074
97349,0.8860342380927441,0.9137446498808403,0.8955202263173554,0.8955297127680811,0.8909651006998616
97357,0.7887860706321264,0.8087794827258168,0.8042936745166883,0.8019615828249387,0.7964732843179423
97359,0.7887860706321264,0.8087794827258168,0.8042936745166883,0.8019615828249387,0.7964732843179423
97360,0.7658311324290129,0.784604057306827,0.782815567615285,0.7785741012963487,0.7740580534061019
97361,0.8200629391780118,0.834474338170341,0.8399079245249268,0.8312176345379062,0.823344763313526
97362,0.7767789398955997,0.791201398722754,0.7985468235425639,0.788310939487986,0.7803504753927202
97366,0.7239622445802256,0.7392325706749628,0.7439200323150825,0.7387386177549377,0.7290264969995998
97367,0.7162380216569002,0.7329161013656943,0.736238071778057,0.7303798988197326,0.7211313792161096
97368,0.8834630931808105,0.9123558475476211,0.8938826087801175,0.8924884924609252,0.8898223004362863
97375,0.8198493727395407,0.8476828983100373,0.8343190778271354,0.8299764848374974,0.8192945917899073
97376,0.8198493727395407,0.8476828983100373,0.8343190778271354,0.8297119852541078,0.8192945917899073
97377,0.7279221508739013,0.7417946996066377,0.7474167226569326,0.7418882663563957,0.7328083567596241
97378,0.7279221508739013,0.7417946996066377,0.7474167226569326,0.7418882663563957,0.7328083567596241
97379,0.7220936265290399,0.7364147733274912,0.7415365398130742,0.7368515207036906,0.7272797864988343
97380,0.7220936265290399,0.7364147733274912,0.7415365398130742,0.7368515207036906,0.7272797864988343
97381,0.7220936265290399,0.7364147733274912,0.7415365398130742,0.7368515207036906,0.7272797864988343
97382,0.7220936265290399,0.7364147733274912,0.7415365398130742,0.7368515207036906,0.7272797864988343
97383,0.7279221508739013,0.7417946996066377,0.7474167226569326,0.7418882663563957,0.7328083567596241
97384,0.7163648360847739,0.7330463582895465,0.7363690128767877,0.7305096330696442,0.7212592050065888
97385,0.716391817798948,0.7330734787534152,0.7363961624848394,0.7305367316145176,0.7212862260975645
97395,0.6872848862451555,0.7050012008966992,0.7084228860324316,0.700725326088083,0.6937152701860594
97397,0.6872848862451555,0.7050012008966992,0.7084228860324316,0.700725326088083,0.6937152701860594
97399,0.7662827373034946,0.785066732434298,0.7832771880838,0.7790332206039896,0.7745145096341757
97401,0.737351880618309,0.7538978537276967,0.7573128086208359,0.7507684128335719,0.7420055664590004
97409,0.6905889820239642,0.708425696856208,0.7123510279516582,0.7033952333722021,0.6968551153598918
97419,0.7355710040754667,0.7557573171041156,0.7540422065344948,0.7487588517699563,0.7427166650384026
97422,0.7355710040754667,0.7557573171041156,0.7540422065344948,0.7487588517699563,0.7427166650384026
97424,0.7441553380831435,0.764577231433014,0.7628421050091682,0.7574970919115407,0.7513843910504836
97425,0.7324680518945581,0.7486054499492755,0.7535878182544918,0.7459183007968961,0.7375219704515111
97426,0.7269027280981971,0.7413192529016748,0.7464751300542652,0.7417589089900066,0.7321234275918599
97427,0.7355710040754667,0.7557573171041156,0.7540422065344948,0.7487588517699563,0.7427166650384026
97432,0.7162380216569002,0.7329161013656943,0.736238071778057,0.7303798988197326,0.7211313792161096
97433,0.7162280010272383,0.7329068263464799,0.7362289422556828,0.7303705120560497,0.7211215800135414
97434,0.7162330115956802,0.7329114640892788,0.7362335072461129,0.7303752056741236,0.72112647986234
97435,0.7162380216569002,0.7329161013656943,0.736238071778057,0.7303798988197326,0.7211313792161096
97436,0.7162380216569002,0.7329161013656943,0.736238071778057,0.7303798988197326,0.7211313792161096
97437,0.7162380216569002,0.7329161013656943,0.736238071778057,0.7303798988197326,0.7211313792161096
97444,0.7161025718280251,0.7327907310742096,0.7361146683618802,0.7302530179235821,0.7209989227721745
97446,0.7161025718280251,0.7327907310742096,0.7361146683618802,0.7302530179235821,0.7209989227721745
97447,0.7161025718280251,0.7327907310742096,0.7361146683618802,0.7302530179235821,0.7209989227721745
97448,0.7171592844086074,0.733872069439583,0.7372009116759121,0.7313306115273562,0.72206286062445
97449,0.7171592844086074,0.733872069439583,0.7372009116759121,0.7313306115273562,0.72206286062445
97450,0.7171592844086074,0.733872069439583,0.7372009116759121,0.7313306115273562,0.72206286062445
97451,0.7180865493214795,0.7348209434698333,0.7381540897968621,0.7322761995306377,0.722996465710658
97452,0.7171372367315932,0.7338495079602736,0.7371782478577777,0.7313081281802616,0.7220406621964562
97453,0.7161025718280251,0.7327907310742096,0.7361146683618802,0.7302530179235821,0.7209989227721745
97457,0.7174401477182464,0.7317550934009686,0.7377562437234326,0.7320346139884538,0.7234425416025414
97458,0.7148051853286304,0.7284138248424875,0.7353865586152143,0.7291800283871932,0.7197930626435746
97459,0.7175500054458225,0.7318671430987155,0.7378692123448547,0.7321467064876758,0.7235533184442126
97470,0.7771714735350074,0.7968704896768539,0.7924507334138028,0.7901529809509034,0.7847454957065656
97471,0.7771714735350074,0.7968704896768539,0.7924507334138028,0.7901529809509034,0.7847454957065656
97473,0.6904825788971658,0.7079075059944439,0.7111324811254691,0.7038814244460535,0.6975499613629987
97474,0.6904825788971658,0.7073645805582138,0.7111324811254691,0.7038814244460535,0.6975499613629987
97475,0.6904825788971658,0.7073645805582138,0.7111324811254691,0.7038814244460535,0.6975499613629987
97476,0.6904825788971658,0.7073645805582138,0.7111324811254691,0.7038814244460535,0.6975499613629987
97481,0.7308438076609771,0.7500618062789363,0.7492241120306379,0.744984433487459,0.738015117399773
97483,0.7462654873948319,0.7635187054417937,0.7652139835780942,0.7587568687358373,0.75095052212557
97484,0.7365573060354237,0.7567667249255882,0.7550496464343934,0.7497602350029138,0.7437111319705202
97490,0.9303683667706978,0.9551052867516203,0.9380108237636882,0.938532789771325,0.9339079109626257
97498,0.7218946755568623,0.7362118765981797,0.7413322319365317,0.7366485036419016,0.7270794066377565
97499,0.7218946755568623,0.7362118765981797,0.7413322319365317,0.7366485036419016,0.7270794066377565
97500,0.7218946755568623,0.7362118765981797,0.7413322319365317,0.7366485036419016,0.7270794066377565
97517,0.7582062400505031,0.7749106899874226,0.7800681336868083,0.7721291171256294,0.7634377482052649
97519,0.6911984286319794,0.7078872180269898,0.7120385596809812,0.704643348419932,0.6982724194271112
97530,0.7178673307601133,0.7345833500173146,0.7379128772983017,0.732041378079376,0.7227718198032365
97531,0.7408762358639841,0.7570572110421487,0.7601310849290588,0.7537064562736782,0.7446508131460196
97532,0.7137025006358811,0.727290946392711,0.7342533268542589,0.7280560124693484,0.7186829784691567
97541,0.8157483994444554,0.8441370416929516,0.829877243510751,0.824847060681673,0.8154483404599142
97542,0.8157483994444554,0.8441370416929516,0.829877243510751,0.824847060681673,0.8154483404599142
97543,0.7949475754207322,0.8239921905904614,0.8127879057010436,0.8081169843715071,0.7988199576000085
97549,0.8506113840965202,0.8790706861325519,0.8608058078639302,0.8594439301387513,0.8549476803656796
97551,0.8573014763314617,0.8859846119054907,0.8675760796456792,0.8662034906982375,0.8616718777425709
97552,0.8463364005323988,0.8612184721897437,0.8608058078639302,0.8578554224175926,0.8497254254215935
97561,0.7774276752765493,0.7918621791770714,0.7992137386083182,0.7889693059438329,0.7810021935803891
97562,0.7156477266342098,0.725007910700876,0.7361404464557307,0.7273921775379153,0.7209710606970047
97563,0.7156477266342098,0.725007910700876,0.7361404464557307,0.7273921775379153,0.7209710606970047
97565,0.8199837058094069,0.8344023888059486,0.8398386730406859,0.8311440555790485,0.823267205356365
97574,0.7218946755568623,0.7362118765981797,0.7413322319365317,0.7366485036419016,0.7270794066377565
97582,0.7162280010272383,0.7329068263464799,0.7362289422556828,0.7303705120560497,0.7211215800135414
97583,0.7162280010272383,0.7329068263464799,0.7362289422556828,0.7303705120560497,0.7211215800135414
97595,0.7507849261887203,0.7777489548616946,0.7675014934390741,0.7640537082596655,0.7538128331785723
97598,0.7207790878839384,0.7333832375917749,0.7402634938036778,0.7348432550569217,0.7248305852625927
97603,0.7162330115956802,0.7329114640892788,0.7362335072461129,0.7303752056741236,0.72112647986234
97608,0.7162380216569002,0.7329161013656943,0.736238071778057,0.7303798988197326,0.7211313792161096
97614,0.8067151520163846,0.8277867762244755,0.8201055064128793,0.8167796212581689,0.8084306567830768
97616,0.8112303202605327,0.8327049020169943,0.8246075692389092,0.8208366442987263,0.8130544720529179
97618,0.8741229044561056,0.8996398378330047,0.8849472404668398,0.882147697029883,0.8760087518643259
97619,0.8761450222890146,0.9059761163214312,0.8921569441186071,0.8865351658154875,0.8764227126386764
97620,0.8370537926989697,0.8651369968038627,0.855203669082329,0.8496020482910581,0.8397490891206925
97621,0.8005610119016149,0.8302323214726781,0.8193012288408423,0.8137909357987256,0.8050469759244727
97622,0.8388390379110837,0.8668425422313103,0.8564799659417979,0.8522030626475634,0.8425271708889469
97623,0.8370537926989697,0.8651476761127673,0.855302137806355,0.8496020482910581,0.8397490891206925
97624,0.8370537926989697,0.8651476761127673,0.855302137806355,0.8496020482910581,0.8397490891206925
97625,0.8426455501095172,0.8709271086549975,0.8610157993524248,0.8552776316179429,0.8453588518779349
97626,0.833919390102145,0.8628501644024276,0.8521904740402407,0.8469599998767526,0.837525193871974
97627,0.7954124981419026,0.8248929875964174,0.8140321942671793,0.8085573386484766,0.79986961233676
97628,0.8016308638315365,0.8232039325399754,0.8176634717133459,0.8054840478603611,0.7919551569243767
97629,0.8020115894819846,0.823594904079132,0.8180518118723409,0.8058666035376479,0.7923312872055944
97630,0.7775012403230198,0.8062201929626497,0.7949090792087,0.7898631867625105,0.7809709708560175
97631,0.7901852961873309,0.8193727661498326,0.8078771243317435,0.8027489138410888,0.7937116314607872
97632,0.7775012403230198,0.8062201929626497,0.7949090792087,0.7898631867625105,0.7809709708560175
97633,0.7867342078159604,0.8154787351450519,0.8043902124937876,0.7997675509427807,0.790566580692324
97634,0.8421536160568269,0.8700877207975997,0.8598716612892783,0.8542942517540505,0.8450097024388807
97635,0.8421536160568269,0.8700877207975997,0.8598716612892783,0.8542942517540505,0.8450097024388807
97636,0.7996108055811048,0.8288257989363188,0.8175557887577912,0.8128574674060469,0.8035059034839446
97637,0.8802973056625374,0.9075662541264247,0.8974196923771789,0.8923640353705609,0.8827938572294215
97638,0.855228051124854,0.8834742335993846,0.8710228167921489,0.8667692597994172,0.8578535515351475
97639,0.9332705565771159,0.9630651207906595,0.9438430415066783,0.9366739527355583,0.9310655710499242
97640,0.8410752717429503,0.8702543016889546,0.8595031402763702,0.8542277832926918,0.8447120169986148
97641,0.8481247755207847,0.8761363534139811,0.8637883544555012,0.8595701262707726,0.8507284692878228
97642,0.872502042845702,0.9022091002636689,0.8884473876810878,0.8828489845296521,0.8727785785688925
97643,0.9302239169045275,0.96015638385522,0.94454678426509,0.9393365027850282,0.9307465144886596
97644,0.9242872686129406,0.9543043170474914,0.9386059817675181,0.9340151419245942,0.9273713440770865
97646,0.8417824211074746,0.8682799833566588,0.8571110006348202,0.8476047329692074,0.8351820786197266
97647,0.8648113988174851,0.8924661747343355,0.8801618132696731,0.8710222011339998,0.8607449195245536
97648,0.8078512745026949,0.8373673458862544,0.8259811914935993,0.8212344511224864,0.8117865137255255
97649,0.8840269960546812,0.9141264565042809,0.9001829642973538,0.8945106113656347,0.8843071845616062
97651,0.8575287353025709,0.8858509039950635,0.8733659911190297,0.8691009914575745,0.860161298679572
97652,0.8675719697351618,0.8962258429736458,0.8835947088670892,0.8792797582364227,0.8702353652581487
97653,0.8819432920762552,0.909542459195876,0.8969717545933442,0.8893976923262563,0.8792539771677258
97654,0.892638790999709,0.920572658620902,0.9078495066232243,0.9001835922205721,0.8899168622429113
97655,0.8899145320540649,0.9177631478471716,0.9050788258454519,0.8974363071725153,0.8872009103962192
97656,0.8631691445501336,0.8907537649654749,0.8784805286093474,0.8693641278696347,0.8591130430314486
97657,0.9380196445485287,0.9670254391598769,0.9515524077683785,0.9463327579492106,0.9379961004666957
97658,0.8887685461258713,0.9082334982338844,0.9055100842053144,0.8939651689215353,0.8838693052622287
97659,0.8817367923544611,0.9010477417685305,0.8983458748311014,0.8868923005403639,0.8768763132759538
97661,0.9242872686129406,0.9543043170474914,0.9386059817675181,0.9340151419245942,0.9273713440770865
97662,0.9242872686129406,0.9543043170474914,0.9386059817675181,0.9340151419245942,0.9273713440770865
97663,0.9272872825135655,0.9560154134327544,0.9416808234365684,0.9350835395703305,0.9256003108488097
97664,0.9332705565771159,0.9630651207906595,0.9438430415066783,0.9366739527355583,0.9310655710499242
97665,0.9192968166728825,0.944878280538886,0.9347009193982452,0.9261909123448226,0.9169571902039424
97666,0.8395991694376214,0.8660004677969866,0.8548719302469467,0.8454002363137744,0.8330229761231979
97667,0.835924666448162,0.8622378387471246,0.8511465782002068,0.8417064622886751,0.8293702541033954
97668,0.9000176786176312,0.9205784751360863,0.9172289669855326,0.9050881331035326,0.8966474339048226
97669,0.898880255711518,0.9255699317551809,0.9155686611059375,0.9053454226312782,0.8907465744400248
97670,0.8981721499604088,0.9196002333730106,0.9145546513503073,0.9038053336878642,0.8890048499965082
97671,0.9332705565771159,0.9630651207906595,0.9438430415066783,0.9366739527355583,0.9310655710499242
97672,0.9332705565771159,0.9630651207906595,0.9438430415066783,0.9366739527355583,0.9310655710499242
97673,0.9332705565771159,0.9630651207906595,0.9438430415066783,0.9366739527355583,0.9310655710499242
97674,0.8389422778650112,0.8635609309488574,0.854716716136453,0.8452370858918489,0.8338044136960517
97675,0.835924666448162,0.8622378387471246,0.8511465782002068,0.8417064622886751,0.8293702541033954
97676,0.8518614743440127,0.8768592395844761,0.8678788292889272,0.8582532185532816,0.8466444902183738
97677,0.8381358279727665,0.86451860304398,0.8533980042449864,0.8439329176370161,0.8315640781034898
97678,0.8849052191084102,0.9077216701897681,0.9001938538374196,0.8908270942133094,0.8801218719126527
97680,0.898880255711518,0.9255699317551809,0.9155686611059375,0.9053454226312782,0.8907465744400248
97681,0.898880255711518,0.9255699317551809,0.9155686611059375,0.9053454226312782,0.8907465744400248
97683,0.9031964750831076,0.9294228143860082,0.9199650144199367,0.9091762021183943,0.8950237377166081
97685,0.8834464003179335,0.9104915885675625,0.9010305553731152,0.890499964495932,0.8736609513831015
97686,0.9268706111486188,0.9462054371432039,0.9423372669241179,0.9307608325928064,0.9215435034863496
97687,0.9268706111486188,0.9462054371432039,0.9423372669241179,0.9307608325928064,0.9215435034863496
97688,0.9000176786176312,0.9205784751360863,0.9172289669855326,0.9050881331035326,0.8966474339048226
97689,0.8903337025703246,0.9187651952986,0.904577852842774,0.8989546343983394,0.8921331827728252
97690,0.9286812368880137,0.9431680922363334,0.9432664947650122,0.935605411279115,0.9227272600582429
97691,0.9002040683347838,0.9180693689867877,0.9161791112244454,0.9044166027300005,0.8959422398608828
97692,0.9002040683347838,0.9180693689867877,0.9161791112244454,0.9044166027300005,0.8959422398608828
97693,0.8707563435738459,0.898114283881726,0.888266221080391,0.8776138097298001,0.8612973979040126
97694,0.8685532721350235,0.8945260215890269,0.8853608963360889,0.8755779705700519,0.8571524919149559
97695,0.9298930634400316,0.9579154457985001,0.9435979864301719,0.9354578064641095,0.9272610575815767
97696,0.9186391819472898,0.946326348567413,0.9331341436086934,0.9248358070022482,0.9161156128956284
97697,0.9328181460641559,0.944527391896915,0.9474700828147704,0.9398656579750898,0.9279172862746411
97699,0.8666778514902356,0.8855032783989931,0.8828410416563405,0.8708108539943396,0.8571351801935277
97700,0.868795189928318,0.8876666083204608,0.8849978675969151,0.8729382895694972,0.8592292053962439
97703,0.8903013531790028,0.9096399148166635,0.9069051120633788,0.8945470111426498,0.880498572187435
97704,0.8666778514902356,0.8855032783989931,0.8828410416563405,0.8708108539943396,0.8571351801935277
97705,0.8666556935281636,0.8854845536894872,0.8828218380826046,0.870789459271595,0.8571112390859219
97706,0.8482426106859201,0.8679147792139215,0.8639514722748524,0.8523087020059807,0.8383072261230691
97707,0.8665735270949307,0.8854151192092178,0.8827506277888387,0.8707101232784037,0.8570224598756849
97708,0.8689620896160344,0.8872742387922162,0.8838656011544278,0.8739883629330486,0.8601964741102309
97709,0.84823748361215,0.8679103924135262,0.8639469383539538,0.8523037300223176,0.8383017154043662
97710,0.9298930634400316,0.9579154457985001,0.9435979864301719,0.9354578064641095,0.9272610575815767
97711,0.9298930634400316,0.9579154457985001,0.9435979864301719,0.9354578064641095,0.9272610575815767
97713,0.837146080737397,0.8583274744566188,0.8546848026742515,0.842733457071942,0.8308967188786733
97714,0.9109281902266312,0.9289455496643191,0.927039126851231,0.915176432520343,0.906630329760932
97715,0.9004605813253631,0.918276863510657,0.9163917242448474,0.9046614268143035,0.8962106620353261
97716,0.900488861666758,0.9182997403555028,0.916415165339347,0.9046884186770612,0.8962402551137023
97717,0.9104032740657501,0.9284162798203128,0.9265103252507781,0.9146505043901986,0.9061064280778112
97719,0.8480264349997118,0.8677298198584721,0.8637603091601671,0.8520990663806851,0.8380748720686247
97720,0.8868165116075016,0.9055895325297255,0.9010338915940718,0.8903491032182962,0.8796328010647708
97721,0.9164183930998593,0.930846938585635,0.931181213992692,0.9220312386695201,0.9110891231082436
97722,0.9163463612010863,0.9307880498057006,0.9311226260274591,0.9219643567336955,0.9110121569693856
97723,0.9164183930998593,0.930846938585635,0.931181213992692,0.9220312386695201,0.9110891231082436
97724,0.904805089989044,0.9333246091530716,0.9174337358930331,0.9106057091897188,0.9041727513553883
97725,0.8707563435738459,0.898114283881726,0.888266221080391,0.8776138097298001,0.8618885982539967
97726,0.8707563435738459,0.898114283881726,0.888266221080391,0.8776138097298001,0.8618885982539967
97727,0.8707563435738459,0.898114283881726,0.888266221080391,0.8776138097298001,0.8618885982539967
97728,0.8707563435738459,0.898114283881726,0.888266221080391,0.8776138097298001,0.8618885982539967
97729,0.9324548561765449,0.9447585819629571,0.9469322104996251,0.939714764331245,0.9267412303470325
97730,0.9118922534740859,0.9289505139052756,0.9259338421242159,0.9147063478866948,0.9049913331255528
97732,0.8489424366942318,0.8686671043021772,0.8646933059090834,0.8530194671565217,0.8389801245127302
97733,0.8479488120968665,0.8676634077891788,0.8636916691695141,0.8520237922935717,0.8379914386807357
97734,0.8480264349997118,0.8677298198584721,0.8637603091601671,0.8520990663806851,0.8380748720686247
97735,0.8481879472704699,0.8678950847698306,0.8639248180518306,0.8522613543111576,0.8382344889980818
97736,0.8753628771119808,0.9013732401958575,0.8914554745529387,0.8810851544235921,0.865024228534647
97737,0.8689620896160344,0.8872742387922162,0.8838656011544278,0.8739883629330486,0.8601964741102309
97738,0.8689620896160344,0.8872742387922162,0.8838656011544278,0.8739883629330486,0.8601964741102309
97739,0.8666556935281636,0.8854845536894872,0.8828218380826046,0.870789459271595,0.8571112390859219
97740,0.8666556935281636,0.8854845536894872,0.8828218380826046,0.870789459271595,0.8571112390859219
97741,0.866651259426077,0.8854808066367136,0.8828179952016041,0.8707851779063841,0.8571064481459654
97742,0.8493040443499243,0.8682301443323778,0.8654610986557,0.8548631059597394,0.8438460647547754
97743,0.8493040443499243,0.8682301443323778,0.8654610986557,0.8548631059597394,0.8438460647547754
97744,0.8493040443499243,0.8682301443323778,0.8654610986557,0.8548631059597394,0.8438460647547754
97745,0.8524613889936018,0.8714578480197955,0.868678508230434,0.8580411167871167,0.8469831189939095
97746,0.8785192606394292,0.8997050602961963,0.8948790632641176,0.8833364379362111,0.87232302517411
97747,0.9005618531035555,0.9183587860779109,0.9164756673323149,0.9047580847519875,0.8963166344982219
97748,0.9005618531035555,0.9183587860779109,0.9164756673323149,0.9047580847519875,0.8963166344982219
97749,0.8708488221659895,0.8918522721215444,0.8870678204541396,0.8756245444830365,0.8647059029463212
97750,0.8315349951380778,0.8525539392585051,0.848939159454512,0.8370794569098,0.8253336867205445
97751,0.9101929209723266,0.9299955213268681,0.9268865304017091,0.9145200562659747,0.9010029918865472
97752,0.9101929209723266,0.9299955213268681,0.9268865304017091,0.9145200562659747,0.9010029918865472
97753,0.8880768226705528,0.9100092148243559,0.904300571448075,0.8931405174193375,0.8769059825216672
97754,0.8481578895500039,0.8678422911099587,0.8638765530185715,0.8522265437548496,0.8382161651617048
97755,0.8480806401882929,0.8677761969515095,0.8638082419432215,0.8521516315000502,0.8381331344056392
97756,0.8481578895500039,0.8678422911099587,0.8638765530185715,0.8522265437548496,0.8382161651617048
97757,0.8489380706592959,0.8686405789873819,0.8646711929974356,0.8530104674304608,0.8389872013397792
97759,0.8289006871999417,0.8498221098096379,0.8462240331145948,0.8344193300807479,0.8227283385191037
97760,0.8493065874217413,0.8682323317572046,0.8654633373905569,0.8548655433552388,0.8438487125856122
97761,0.8554956532112592,0.8746788305969662,0.8708345209385681,0.8590398226804936,0.8483493257298015
97762,0.8493065874217413,0.8682323317572046,0.8654633373905569,0.8548655433552388,0.8438487125856122
97763,0.8519423884958697,0.8709235611518904,0.8681464513521131,0.8575176153517806,0.8464685466531908
97764,0.8493167572984518,0.868241079393453,0.8654722902170267,0.854875290630336,0.8438593013953051
97765,0.8286137277492949,0.8495748562437386,0.8459700548937036,0.8341429876100386,0.8224293795797573
97766,0.8286137277492949,0.8495748562437386,0.8459700548937036,0.8341429876100386,0.8224293795797573
97767,0.8655378430699991,0.8871064879442914,0.8780869333346812,0.8689841399768743,0.8590514934747249
97768,0.8691106515965628,0.8920377891831647,0.8828970782518141,0.8723540833039812,0.8621258104530276
97769,0.84823748361215,0.8679103924135262,0.8639469383539538,0.8523037300223176,0.8383017154043662
97770,0.84823748361215,0.8679103924135262,0.8639469383539538,0.8523037300223176,0.8383017154043662
97771,0.84823748361215,0.8679103924135262,0.8639469383539538,0.8523037300223176,0.8383017154043662
97772,0.8479488120968665,0.8676634077891788,0.8636916691695141,0.8520237922935717,0.8379914386807357
97773,0.8479488120968665,0.8676634077891788,0.8636916691695141,0.8520237922935717,0.8379914386807357
97774,0.8480806401882929,0.8677761969515095,0.8638082419432215,0.8521516315000502,0.8381331344056392
97775,0.8287944956896658,0.8497306101690796,0.8461300451933333,0.8343170669802977,0.8226177071063939
97776,0.8285869682614747,0.8495518000981158,0.8459463715618384,0.8341172183863975,0.8224015008559205
97777,0.8303743866253304,0.8513504106090497,0.8477429820501136,0.8359074853270021,0.8241858235281773
97778,0.8707530841438551,0.891773525854288,0.8869852565757205,0.875532723462616,0.8646050792104896
97779,0.8707530841438551,0.891773525854288,0.8869852565757205,0.875532723462616,0.8646050792104896
97780,0.8707530841438551,0.891773525854288,0.8869852565757205,0.875532723462616,0.8646050792104896
97781,0.8707530841438551,0.891773525854288,0.8869852565757205,0.875532723462616,0.8646050792104896
97783,0.8305055374135031,0.8514674663830826,0.847862423384064,0.8360348650426062,0.8243212383322714
97784,0.845838305536006,0.8671872330044659,0.8635156338105932,0.8514697154446258,0.8395398321121106
97785,0.8303737716803141,0.8513323748876737,0.8477279038549005,0.8359022220414446,0.8241904537830312
97786,0.8285869682614747,0.8495518000981158,0.8459463715618384,0.8341172183863975,0.8224015008559205
97788,0.8289006871999417,0.8498221098096379,0.8462240331145948,0.8344193300807479,0.8227283385191037
97789,0.8301103583817739,0.8510623130472456,0.8474589854340222,0.8356370549936951,0.8239290019724603
97790,0.8289006871999417,0.8498221098096379,0.8462240331145948,0.8344193300807479,0.8227283385191037
97792,0.8873796084806181,0.9066595161134844,0.9039330162174247,0.8916124009939238,0.8776065067806611
97793,0.9169991682354256,0.9340769503745465,0.9335034163386504,0.9218001028418071,0.9095608984621929
97794,0.9096036719930815,0.9295437198379012,0.9264134466117949,0.9139612281220305,0.9003484014125702
97795,0.8482426106859201,0.8679147792139215,0.8639514722748524,0.8523087020059807,0.8383072261230691
97796,0.9163169108259195,0.9307639732791717,0.9310986724940837,0.921937012047237,0.9109806890907636
97797,0.867205719790234,0.8860610574397008,0.8833946221888677,0.8713453337509743,0.8576476847664805
97798,0.8553253272650879,0.8745335467476134,0.8706842846955863,0.8588741860911252,0.8481694558276323
97799,0.8554616781488942,0.8746498503203031,0.8708045528676778,0.8590067829250808,0.8483134471120328
97800,0.828812219560501,0.849745881766547,0.8461457321154202,0.8343341351412457,0.8226361720670841
97801,0.8287116503850616,0.8496592280254931,0.846056721631101,0.8342372868191336,0.8225313975234397
97802,0.8286968333537341,0.8496464613211424,0.846043607683307,0.8342230180306773,0.822515960854561
97803,0.828812219560501,0.849745881766547,0.8461457321154202,0.8343341351412457,0.8226361720670841
97804,0.8549475001990806,0.8746167283685475,0.870574593751914,0.8584254948072141,0.847579730902584
97805,0.8555053521072544,0.8746871036613459,0.8708430759837336,0.8590492545810449,0.8483595680187416
97806,0.8555053521072544,0.8746871036613459,0.8708430759837336,0.8590492545810449,0.8483595680187416
97807,0.8552764554732569,0.8744918611947069,0.8706411779995343,0.8588266600131957,0.8481178451496237
97808,0.8494075859731738,0.8683322835377072,0.8655634365324818,0.8549662247366387,0.843950030569929
97809,0.8534940460384765,0.8729718123054608,0.8690692532627472,0.8570933889573139,0.8462354142599189
97810,0.8554713899023584,0.8746581342974684,0.8708131192085498,0.8590162273173266,0.8483237030052372
97811,0.8552764554732569,0.8744918611947069,0.8706411779995343,0.8588266600131957,0.8481178451496237
97812,0.9045851310633221,0.923688030201139,0.9190548053426574,0.9080195081216519,0.8954390498543312
97813,0.8287116503850616,0.8496592280254931,0.846056721631101,0.8342372868191336,0.8225313975234397
97814,0.8542631897209557,0.8740352213141149,0.8699722442693161,0.8577596186103089,0.8468559968849083
97815,0.8552103321186758,0.874435461423574,0.8705828553219108,0.8587623575409911,0.8480480157871747
97816,0.9205492992627163,0.9436474313436027,0.9356850276279153,0.9256750711450763,0.9101463710808443
97817,0.881034333514272,0.9072132171558455,0.8972311945322816,0.8867936853319461,0.8706287010652227
97818,0.9096036719930815,0.9295437198379012,0.9264134466117949,0.9139612281220305,0.9003484014125702
97819,0.9234998888611305,0.9466720562036973,0.9386841310025221,0.9286420901180085,0.9130636167054907
97820,0.8671921532253464,0.8879253301106278,0.8827723402635509,0.8715828183142575,0.8607444488552333
97821,0.8671921532253464,0.8879253301106278,0.8827723402635509,0.8715828183142575,0.8607444488552333
97822,0.8676870518798895,0.8884320610001684,0.8832761303887722,0.8720802226813316,0.8612356678636843
97823,0.8771914099788722,0.8981636530944247,0.892951246117779,0.8816327021259037,0.8706693596276202
97824,0.8883160667965864,0.9090412554030768,0.9027836895225652,0.8922844895025878,0.8820548321341751
97825,0.8883160667965864,0.9090412554030768,0.9027836895225652,0.8922844895025878,0.8820548321341751
97826,0.8883160667965864,0.9090412554030768,0.9027836895225652,0.8922844895025878,0.8820548321341751
97827,0.8753232195169581,0.8963773253151593,0.8915811777496034,0.8801103017184994,0.8691658283696323
97828,0.8889390277469442,0.9096787505757382,0.9034167963706949,0.8929102334402997,0.882673402187147
97829,0.8868165116075016,0.9055895325297255,0.9010338915940718,0.8903491032182962,0.8796328010647708
97830,0.8493167572984518,0.868241079393453,0.8654722902170267,0.854875290630336,0.8438593013953051
97831,0.8932462792229505,0.9199112648110974,0.9073648884507364,0.8995954796907241,0.8903331514730723
97832,0.9006358877453544,0.9275214662532092,0.9148712967824436,0.907037613599439,0.8976986604003836
97833,0.9180704685166597,0.9454765001803974,0.9325814477281631,0.9245961194863181,0.915076382092358
97834,0.854962125924332,0.8746291577432483,0.8705874684436143,0.8584397267174348,0.84759519880214
97835,0.8288623822536122,0.8497891042358825,0.8461901300098563,0.8343824421080603,0.822688432111309
97836,0.8286968333537341,0.8496464613211424,0.846043607683307,0.8342230180306773,0.822515960854561
97837,0.8285869682614747,0.8495518000981158,0.8459463715618384,0.8341172183863975,0.8224015008559205
97838,0.8860293609645143,0.9049433158196799,0.9003538832440886,0.8895888154334702,0.8787905224730873
97839,0.8860293609645143,0.9049433158196799,0.9003538832440886,0.8895888154334702,0.8787905224730873
97840,0.8996967493230242,0.9189024601603162,0.9142422335906212,0.9033111099256987,0.8923462485986221
97841,0.8860293609645143,0.9049433158196799,0.9003538832440886,0.8895888154334702,0.8787905224730873
97843,0.8855657300792388,0.9065755905393016,0.900903801419732,0.8896795420743172,0.8798958060967519
97844,0.8781687538888585,0.900932205529394,0.8918327689845239,0.8824493983101737,0.8705810281495343
97845,0.8852922940087997,0.9063562835750627,0.9006700693971913,0.8894168559327763,0.8796074303634206
97848,0.9045851310633221,0.923688030201139,0.9190548053426574,0.9080195081216519,0.8954390498543312
97850,0.9302973213357774,0.9499907876264174,0.9452117826079791,0.9340031166946599,0.9227613918760968
97851,0.8498010009758697,0.868736112900749,0.8659657450804997,0.8553627035430228,0.8443404334674318
97852,0.8868016968312421,0.9055773691988757,0.9010210924826704,0.8903347937849119,0.8796169492824363
97853,0.8548105925614886,0.8745003819470202,0.8704540785348956,0.8582922739349347,0.8474349390318161
97854,0.8539763539674252,0.8737915001440363,0.8697197827751432,0.8574805146774237,0.846552624821908
97855,0.8673008513725292,0.8880422333372319,0.8828872203646793,0.8716932686255248,0.8608505594126467
97856,0.8285869682614747,0.8495518000981158,0.8459463715618384,0.8341172183863975,0.8224015008559205
97857,0.8493167572984518,0.868241079393453,0.8654722902170267,0.854875290630336,0.8438593013953051
97858,0.8542631897209557,0.8740352213141149,0.8699722442693161,0.8577596186103089,0.8468559968849083
97859,0.854360617876706,0.8741180080981448,0.8700579992995249,0.857854421194137,0.846959040300803
97860,0.8867738891411913,0.9055545384429335,0.9009970683302849,0.8903079346600391,0.8795871950508307
97861,0.8493167572984518,0.868241079393453,0.8654722902170267,0.854875290630336,0.8438593013953051
97862,0.8700666865305335,0.8967274735356081,0.8874010262517612,0.8770200933295385,0.8604200695460582
97863,0.8700666865305335,0.8967274735356081,0.8874010262517612,0.8770200933295385,0.8604200695460582
97864,0.8852635994862107,0.9063332702393592,0.9006455421066545,0.8893892897191442,0.8795771677475847
97865,0.8852635994862107,0.9063332702393592,0.9006455421066545,0.8893892897191442,0.8795771677475847
97866,0.8965159421333515,0.9178534236887452,0.912093400404777,0.9006940728825155,0.8907572317215713
97868,0.8776392477574793,0.9003889738046573,0.8912950239130316,0.8819173110946266,0.8700560971607849
97869,0.8780014765108786,0.9007605920708062,0.8916628888259193,0.8822813055365517,0.8704151961143326
97870,0.8850171077132893,0.906135587672474,0.9000296223166435,0.8891524919608037,0.8785825562943153
97871,0.865450465834011,0.8864816608446519,0.8812555922567147,0.8699051359433274,0.8589078782682499
97872,0.8850171077132893,0.906135587672474,0.9004348529378767,0.8891524919608037,0.8793172032511843
97873,0.8828176452212091,0.9049437355124057,0.8974646114729316,0.8866319679911375,0.8766982738959403
97874,0.8534940460384765,0.8729718123054608,0.8690692532627472,0.8570933889573139,0.8462354142599189
97875,0.8867738891411913,0.9055545384429335,0.9009970683302849,0.8903079346600391,0.8795871950508307
97876,0.9089055699951896,0.9331849503978331,0.9241371318668037,0.9147143388106338,0.9050515139191576
97877,0.9093966249199538,0.9332009949257596,0.9238285710615188,0.9145601088872064,0.9044278055283415
97878,0.9297163119679096,0.9552313189590994,0.9445417464595449,0.9356028945743649,0.9258207332612839
97879,0.8587839028858923,0.8786605669677229,0.8745760888749609,0.8622988346819616,0.8513375115983934
97880,0.9617623022156048,0.9823207700639984,0.9763445683019474,0.9662224462760183,0.9555973557375855
97881,0.9658293996524547,0.9863797675248719,0.9798921316876424,0.9695322789930604,0.9597058705868903
97882,0.854886470252877,0.8745648637003456,0.8705208708071365,0.8583661082459436,0.8475151865568635
97883,0.8549206647982827,0.8745939229433883,0.870550971239484,0.8583993820010144,0.8475513502275029
97884,0.8652957708371536,0.8863534623083269,0.8811208975083786,0.8697561326098368,0.8587447446747892
97885,0.8652957708371536,0.8863534623083269,0.8811208975083786,0.8697561326098368,0.8587447446747892
97886,0.8542631897209557,0.8740352213141149,0.8699722442693161,0.8577596186103089,0.8468559968849083
97887,0.8543381660470128,0.8740989301572204,0.8700382373653769,0.8578325743846861,0.8469352945322693
97888,0.8543381660470128,0.8740989301572204,0.8700382373653769,0.8578325743846861,0.8469352945322693
97889,0.8543381660470128,0.8740989301572204,0.8700382373653769,0.8578325743846861,0.8469352945322693
97890,0.8539763539674252,0.8737915001440363,0.8697197827751432,0.8574805146774237,0.846552624821908
97891,0.9506594699593429,0.9732308399061019,0.9649402662463761,0.9556553110315353,0.9424944986303586
97892,0.9506594699593429,0.9732308399061019,0.9649402662463761,0.9556553110315353,0.9424944986303586
97893,0.9506594699593429,0.9732308399061019,0.9649402662463761,0.9556553110315353,0.9424944986303586
97894,0.8760810233639253,0.9004752046023583,0.8931481097668105,0.8818705914419401,0.867430392115761
97895,0.880466509195427,0.9049828028108425,0.8976190300086108,0.8862850586896575,0.8717725746228434
97896,0.9093966249199538,0.9332009949257596,0.9238285710615188,0.9145601088872064,0.9044278055283415
97897,0.9007855825869694,0.9232325783991785,0.9138457158619208,0.9043722248024225,0.8940350860652715
97898,0.9093966249199538,0.9332009949257596,0.9238285710615188,0.9145601088872064,0.9044278055283415
97899,0.8878794752494582,0.9098069936120312,0.9040996188039861,0.8929420447497571,0.8767111174719605
97900,0.8878794752494582,0.9098069936120312,0.9040996188039861,0.8929420447497571,0.8767111174719605
97901,0.8878794752494582,0.9098069936120312,0.9040996188039861,0.8929420447497571,0.8767111174719605
97905,0.897031616945028,0.9236858407698205,0.9135225706749074,0.9028955435561011,0.8864370453760925
97906,0.8801077232862858,0.9062590738109116,0.8962875495798703,0.8858610178209486,0.8697130347529152
97907,0.8607974691950502,0.8808095914786894,0.8802473952807904,0.8669429519784245,0.8514139022513924
97908,0.8753628771119808,0.9013732401958575,0.8914554745529387,0.8810851544235921,0.865024228534647
97909,0.8753628771119808,0.9013732401958575,0.8914554745529387,0.8810851544235921,0.865024228534647
97912,0.866732160592815,0.8875439925450637,0.8823717129559677,0.8711397162425772,0.8602594192568909
97913,0.866732160592815,0.8875439925450637,0.8823717129559677,0.8711397162425772,0.8602594192568909
97915,0.8602287107906772,0.8800300757844878,0.8759608117195847,0.8637300932653683,0.852811363468736
97916,0.8539763539674252,0.8737915001440363,0.8697197827751432,0.8574805146774237,0.846552624821908
97918,0.9028662083183997,0.9245456851593589,0.9191577733299702,0.9074575148815847,0.8961236185160385
97919,0.8784768260294543,0.8995706689817743,0.8943283023507055,0.8829441063194843,0.8719163757277105
97920,0.8843221869986178,0.9054706318910362,0.9002144484816925,0.8888008082581639,0.87774530392083
97921,0.8840090508947069,0.9083297543165069,0.8989192265325432,0.8894385008247456,0.8798100510811407
97922,0.9425492287475074,0.9692193027444664,0.9569923026474506,0.9484275884093512,0.9392500139504519
97923,0.9409512610757986,0.9675761194863995,0.955369848652409,0.9468196547555846,0.9376576396614832
97924,0.9060440394640829,0.9295423606946815,0.9216503334611299,0.9114083822955117,0.89537229961389
97925,0.9396893419201872,0.9630452209723486,0.9544908136954205,0.9446795336629827,0.9315267108012425
97926,0.9434608802272993,0.9668029431247694,0.9582531578249187,0.9484478004944059,0.9353039832971892
97927,0.9474008514940095,0.9708403927915376,0.9622549028757097,0.9524085975557766,0.9392098906824988
97928,0.9105752884778917,0.9376215110446221,0.9273087240031637,0.9165254198392844,0.8998250191475798
97930,0.9671306256397557,0.9918597152506201,0.9824389778152929,0.9737099136238165,0.9604182048012463
97932,0.9671306256397557,0.9918597152506201,0.9824389778152929,0.9737099136238165,0.9604182048012463
97934,0.9093153499221649,0.9343322758461295,0.9246523553111912,0.914900227314564,0.904996146424269
97935,0.8652897237733992,0.8868521856748294,0.8778352166547037,0.8687350327480062,0.8588052335867135
97936,0.8735418568645835,0.8945900407571927,0.8893592323617675,0.8779996576496376,0.8669951379999162
97937,0.9424264898994115,0.963022743831684,0.9568888682455469,0.9467427353511588,0.9352664223187732
97938,0.9424264898994115,0.963022743831684,0.9568888682455469,0.9467427353511588,0.9352664223187732
97939,0.9424264898994115,0.963022743831684,0.9568888682455469,0.9467427353511588,0.9352664223187732
97940,0.9498755874767989,0.9706346376663015,0.9644522788952599,0.954225949258979,0.9426589255170335
97941,0.9526386910317292,0.97339388242081,0.966851954171966,0.9566659349853461,0.9468707206428327
97942,0.8779719699646805,0.9007243287007842,0.891629302035939,0.8822505127373756,0.8703879877981764
97943,0.8776655895468499,0.9004100085338332,0.891318155703877,0.8819426392630839,0.870084253915434
97944,0.8807097032149173,0.9027455828713211,0.8952968147396727,0.8845083861893258,0.8746155017618773
97945,0.8807097032149173,0.9027455828713211,0.8952968147396727,0.8845083861893258,0.8746155017618773
97946,0.921747236850973,0.9448490208928125,0.9370400900736697,0.9257297597340066,0.9153580197336394
97947,0.8931073097615986,0.916334960350708,0.9070954874839995,0.8983018181017705,0.8882079806069069
97948,0.9859524983898091,1.0073857253148868,1.0001589943864184,0.9907527441382203,0.9805054022027305
97949,0.966341846879934,0.988438526397329,0.9805346770903607,0.9704511834305757,0.9607721698950225
97950,0.8638496963949672,0.8851552862710189,0.8798619525456053,0.8683633171561246,0.857219698573685
97952,0.9614668367886005,0.9821863896630093,0.9761639044559087,0.9659623785112712,0.9552525439560847
97953,0.9614668367886005,0.9821863896630093,0.9761639044559087,0.9659623785112712,0.9552525439560847
97954,0.9614668367886005,0.9821863896630093,0.9761639044559087,0.9659623785112712,0.9552525439560847
97955,0.9614668367886005,0.9821863896630093,0.9761639044559087,0.9659623785112712,0.9552525439560847
97956,0.9614668367886005,0.9821863896630093,0.9761639044559087,0.9659623785112712,0.9552525439560847
97957,0.8463417990589758,0.8695258904500885,0.8607123771205668,0.8496235274049333,0.8389584466996903
97958,0.8466103780582909,0.8698018267134224,0.8609855164942833,0.8498931478313836,0.8392246826581791
97959,0.933140230593204,0.9551216504856332,0.9472676562993513,0.9372224070492602,0.9272955437805519
97960,0.8539763539674252,0.8737915001440363,0.8697197827751432,0.8574805146774237,0.846552624821908
97961,0.9681357861576917,0.9974888594966451,0.9808861134360973,0.9741977284207616,0.9669101571858013
97962,0.9431484957086135,0.9700241849511949,0.9561951109327712,0.9485676687708685,0.9399741383273987
97963,0.9073797339095634,0.9226115726663006,0.9214331979489274,0.9145123293256986,0.9034858247146088
97964,0.9271107900245196,0.942673846521759,0.9414698479373278,0.9343984843867097,0.9231322074144985
97965,0.9073752478619158,0.9226078715892627,0.921429436846839,0.9145082133185047,0.9034811347917137
97966,0.8850745530334093,0.9060784572203819,0.8977999683930952,0.8888619515641016,0.8786638330005276
97967,0.8850442605553787,0.9060541359114317,0.8977733186871588,0.8888327514395866,0.8786316755149273
97968,0.8850442605553787,0.9060541359114317,0.8977733186871588,0.8888327514395866,0.8786316755149273
97969,0.8663744254798209,0.8874280735091615,0.8821964255418466,0.8708338514192847,0.8598248530118284
97970,0.9473989668250088,0.9690624924320547,0.9613135796725177,0.9514277494085059,0.9419384703784446
97971,0.865450465834011,0.8864816608446519,0.8812555922567147,0.8699051359433274,0.8589078782682499
97972,0.865450465834011,0.8864816608446519,0.8812555922567147,0.8699051359433274,0.8589078782682499
97973,0.8638496963949672,0.8851552862710189,0.8798619525456053,0.8683633171561246,0.857219698573685
97974,0.865450465834011,0.8864816608446519,0.8812555922567147,0.8699051359433274,0.8589078782682499
97975,0.9290180833568943,0.9488027683528766,0.943366030170741,0.9330713392701991,0.9211655304312589
97976,0.8807156159113725,0.9027503143187674,0.8953019405975599,0.8845140921114155,0.8746217489856274
97977,0.8638496963949672,0.8851552862710189,0.8798619525456053,0.8683633171561246,0.857219698573685
97978,0.8638496963949672,0.8851552862710189,0.8798619525456053,0.8683633171561246,0.857219698573685
97980,0.933140230593204,0.9551216504856332,0.9472676562993513,0.9372224070492602,0.9272955437805519
97981,0.8971176952207145,0.9195627586361846,0.911975669517755,0.9009869126529579,0.8909103386658418
97982,0.9010120455085866,0.9224009766774739,0.9139707586666335,0.9048688875594336,0.8944837659390775
97983,0.9396893419201872,0.9630452209723486,0.9544908136954205,0.9446795336629827,0.9315267108012425
97984,0.8797977553130797,0.9017471706497316,0.8926767005649487,0.8840845986945826,0.8725633403331274
97985,0.9368366859304778,0.9627001170422497,0.9494271742711565,0.9418843418597239,0.9303607845000211
97986,0.9414260158084894,0.9675176337721901,0.9540781818195545,0.9464983989484841,0.9349183905478624
97987,0.9547030688571942,0.9811626602888186,0.9675336700044135,0.9598469884736641,0.9481036657145504
97988,0.9763371887025574,1.0047646018553442,0.9868449230570517,0.9798845109305179,0.9741074806621949
97989,0.9394045144964446,0.9659844059544337,0.9523093714021946,0.9452205628774252,0.9383256867878366
97990,0.9324714941858027,0.9590429346528464,0.9453704139714906,0.9378293189881587,0.9293330724167925
97991,0.8472478496386584,0.8704582931349383,0.8616347681827922,0.850533311388933,0.8398560937127812
97992,0.8852808232832744,0.9073670315765691,0.8982400325864826,0.8895943830930659,0.8780013220447813
97993,0.8463339574209362,0.8695193647442826,0.8607053573740223,0.8496158752756122,0.8389501746852168
97994,0.8565984105986181,0.8800650136908323,0.87114410884214,0.8599201319987586,0.8491250763430757
97995,0.8618992683329747,0.8855110889774996,0.8765349792079489,0.8652415454245074,0.8543796871066233
97996,0.9361488973437696,0.9634453979912514,0.9500439544478725,0.9422130137162842,0.9323209477829083
97997,0.9297163119679096,0.9558106573663332,0.9445417464595449,0.9356028945743649,0.9258207332612839
97998,0.9297163119679096,0.9558106573663332,0.9445417464595449,0.9356028945743649,0.9258207332612839
97999,0.9127703836470754,0.9357815353813461,0.9280037367521808,0.9167376017832227,0.906405435493501
98001,0.933140230593204,0.9551216504856332,0.9472676562993513,0.9372224070492602,0.9272955437805519
98002,0.933140230593204,0.9551216504856332,0.9472676562993513,0.9372224070492602,0.9272955437805519
98003,0.933140230593204,0.9551216504856332,0.9472676562993513,0.9372224070492602,0.9272955437805519
98004,0.9244791829715897,0.9476088057609099,0.9397903155151982,0.9284664089393262,0.9180825062068424
98005,0.933140230593204,0.9551216504856332,0.9472676562993513,0.9372224070492602,0.9272955437805519
98006,0.9021297474210239,0.9250033357739283,0.915309336899894,0.9063903454953915,0.8953076672126036
98007,0.9202173611413564,0.9435495627167025,0.9336612001078062,0.9245633837928506,0.9132584988880785
98008,0.9333921723351928,0.9606082915965563,0.9472463119618267,0.9394384313975012,0.9295754951310216
98009,0.9333921723351928,0.9606082915965563,0.9472463119618267,0.9394384313975012,0.9295754951310216
98010,0.9435367207596519,0.9658396138565017,0.9574457836405347,0.9478391979691831,0.9382282594960966
98011,0.9435367207596519,0.9658396138565017,0.9574457836405347,0.9478391979691831,0.9382282594960966
98012,0.9365945154909036,0.959593382557751,0.9511177678694677,0.9414578219213944,0.9319325983533601
98013,0.9658293996524547,0.9863797675248719,0.9798921316876424,0.9695322789930604,0.9597058705868903
98014,0.9393695349294657,0.9627001170422497,0.9528487169732591,0.943520777648473,0.9334640329182508
98015,0.9313417093084146,0.9551444348585357,0.9457702717592792,0.9365031264000858,0.9263757930091256
98016,0.9550589616134684,0.977360537230622,0.9694435448549915,0.9602456375110244,0.9483733516247987
98017,0.9368763256217822,0.964911482127939,0.9518982089297737,0.942557082094992,0.9324320790720165
98018,0.9365945154909036,0.959593382557751,0.9511177678694677,0.9414578219213944,0.9319325983533601
98019,0.9537387546660803,0.9749346090549751,0.9671091828117551,0.9584027033399298,0.9477197441388583
98020,0.9207219588635719,0.9504807447148208,0.935064160741229,0.926505790560985,0.9159503816777235
98021,0.9985450627243191,1.0214146686796242,1.0128812941921366,1.0027444604154008,0.9919780292949888
98022,0.9125397183098781,0.9420776595535862,0.9267757183902869,0.9182807749805677,0.9078033747768481
98023,0.961512365701811,0.9874588356054362,0.9739411770402343,0.9659017978762823,0.9574189461120218
98024,0.961512365701811,0.9874588356054362,0.9739411770402343,0.9659017978762823,0.9574189461120218
98025,0.961512365701811,0.9874588356054362,0.9739411770402343,0.9659017978762823,0.9574189461120218
98026,0.9607494219996474,0.9857572039686537,0.9738485812390866,0.9655923677823349,0.956647334222038
98027,1.0147366932991986,1.033745009408746,1.02618861747775,1.0182196917059418,1.0086777378318041
98028,0.9478198325538439,0.9714096230641959,0.96207146174618,0.9521288724276854,0.9422497424272994
98029,0.997998218814471,1.0219412142210949,1.010957938709594,1.0019589647077909,0.9937635268188021
98030,0.8905850597265945,0.9194123519955273,0.9044785579793176,0.8961879931610203,0.8859626671845344
98031,0.9835050617464106,1.007541889454692,0.9958111051478579,0.9877415602434432,0.9793727102823376
98032,0.9711472378313676,0.9962768684211146,0.984879325073311,0.9754208885512974,0.9666870999644777
98033,0.8703086079426391,0.8980663496417713,0.8846297751482054,0.8756325275761908,0.8653224576687675
98034,0.8930947992662776,0.9215868432977765,0.9073281857731365,0.898941428976917,0.8882293421086379
98035,0.8669962369277271,0.8946483334129611,0.88126289815838,0.8722998938671965,0.8620290638068935
98036,0.8753057622460877,0.9032228838676062,0.8897091589983672,0.8806602508613377,0.8702909824009682
98038,0.9990292831700919,1.0177433639189117,1.0103039396189673,1.0024583672118428,0.9930641160707625
98039,0.9623964476393035,0.9830312094383088,0.9749779092600832,0.9669090488468985,0.956012195987575
98040,0.9614047448264371,0.9820295748949502,0.9739801927994606,0.9659152043560371,0.9550234936276056
98041,0.954563602011066,0.9773178326402236,0.965398296065764,0.9574133603966202,0.9484779402025337
98042,0.8825639157427706,0.9093649203460622,0.896525293682345,0.887462930242746,0.8768490242409134
98043,0.8810390765797885,0.9090462075039031,0.8945875263843824,0.8861905675521328,0.8761394803282937
98044,0.9203254097435764,0.9432309059903765,0.9341636266973297,0.9245094526927613,0.9149168971740427
98045,0.8884673339339808,0.9144242124226885,0.9023498010904547,0.8934024283360635,0.8831107035775904
98046,0.8402109934401082,0.8671924615401073,0.8546505190878357,0.8459258556823156,0.8367978102850298
98047,0.8318791285889803,0.8585550650755714,0.8463875671805339,0.8381974620169675,0.8291218034784572
98048,0.8525271498611745,0.8799041233570611,0.8671783359821783,0.8583257828917308,0.8490639348712833
98049,0.8706215928565603,0.8959738167670612,0.8854697968134285,0.8752855523457035,0.8649457784505112
98050,0.8685776963246665,0.8919546812066302,0.8825316960908726,0.8726493071182151,0.8621126861423538
98051,0.9529445210116706,0.9767733367018436,0.966094064074821,0.9562141165009231,0.9481725988907942
98052,0.865069132128974,0.8913388689477989,0.8787537581170507,0.8698710350236944,0.8594675251025161
98053,0.8662900331142994,0.8915161233826204,0.8810643635501889,0.8709307882408028,0.8606424573016732
98054,0.8888589283961178,0.9147422177177266,0.9040181649301046,0.8936205861216066,0.8830642199347952
98055,0.9529445210116706,0.9767733367018436,0.966094064074821,0.9562141165009231,0.9481725988907942
98056,0.9617613701005107,0.9858106551540868,0.9750325755838951,0.9650612165953303,0.9569452971227105
98058,0.8261785767555229,0.855347555358667,0.840316403492307,0.8343267997735808,0.8266490613595222
98059,0.8261785767555229,0.855347555358667,0.840316403492307,0.8343267997735808,0.8266490613595222
98061,0.9413086174145101,0.9677074831294528,0.9543537669774157,0.9476695592651357,0.941270165692426
98062,0.8600550663768486,0.8876345229795823,0.8750549091268983,0.8665874032140715,0.8572043500294199
98063,0.9038306493538816,0.9319902784627584,0.9191200555111504,0.9114072069740262,0.9050359011577026
98064,0.8600550663768486,0.8876345229795823,0.8750549091268983,0.8665874032140715,0.8572043500294199
98065,0.9038306493538816,0.9319902784627584,0.9191200555111504,0.9114072069740262,0.9050359011577026
98066,0.921643189375604,0.948746268720613,0.9347092613646103,0.9275694267060237,0.922145564876301
98068,0.8440731531269996,0.8711401164021145,0.858794262345948,0.8504841032708202,0.8412754100171524
98071,0.8867722173657483,0.9106388913625854,0.9010185183773441,0.8909291181783334,0.8801717814589545
98072,0.9462107893145028,0.9712858074091624,0.9600321888925634,0.9507254143136131,0.9408195066951295
98074,0.9361698392454675,0.9597112401585185,0.9502194901042323,0.9407751730446507,0.9317788187876558
98075,0.9200579709997752,0.9434812081868535,0.9354306805681657,0.9243262040678947,0.9157905694148121
98077,0.9248959412047862,0.9481538429678941,0.9387763980512589,0.9294458149138034,0.9205577999520724
98079,0.8828775585748919,0.9103843759369633,0.8978125174522427,0.8902784723399397,0.8840548695797645
98080,0.8828775585748919,0.9103843759369633,0.8978125174522427,0.8902784723399397,0.8840548695797645
98081,0.8828775585748919,0.9103843759369633,0.8978125174522427,0.8902784723399397,0.8840548695797645
98084,0.838816716862834,0.8704056212369009,0.8525019166661771,0.8471284053261507,0.8403345058593654
98086,0.84420904660612,0.8760010201193561,0.8579822216589531,0.8525741667238336,0.8457365927028444
98087,0.8355143814094619,0.8669789235042007,0.849145703983622,0.8437933476070704,0.8370261950262552
98088,0.9103578848079649,0.9335341729692562,0.9255685213195316,0.9145811182891534,0.9061354740436826
98089,0.8774230597995099,0.9010381096572402,0.8915191633756367,0.8815361347908491,0.8708922116787224
98101,0.8973377904348555,0.9263836614230407,0.9113366341021144,0.9029832072909889,0.8926803492787146
98102,0.9235609229924473,0.9502256795001306,0.9360623974643459,0.9284363576371596,0.9186193236256134
98103,0.8496664362782392,0.8685985498569083,0.865828620720195,0.8552272581582392,0.8442067334423715
98108,0.8285869682614747,0.8495518000981158,0.8459463715618384,0.8341172183863975,0.8224015008559205
98111,0.8285869682614747,0.8495518000981158,0.8459463715618384,0.8341172183863975,0.8224015008559205
98112,0.8285869682614747,0.8495518000981158,0.8459463715618384,0.8341172183863975,0.8224015008559205
98119,0.835924666448162,0.8622378387471246,0.8511465782002068,0.8417064622886751,0.8293702541033954
98120,0.835924666448162,0.8622378387471246,0.8511465782002068,0.8417064622886751,0.8293702541033954
98122,0.8384831395709218,0.8648768472898851,0.8537516402724948,0.8442826314668965,0.8319086664617196
98123,0.8384564138292133,0.8648492802773365,0.8537244278638676,0.8442557208726668,0.831882150274219
98126,0.9127281372392956,0.9391968858581209,0.9266789808384049,0.9192626557772096,0.9094640005869793
98128,0.9127281372392956,0.9391968858581209,0.9266789808384049,0.9192626557772096,0.9094640005869793
98133,0.8941368774154004,0.9230791382496408,0.9080857855049655,0.8997621563830959,0.8894960499182328
98134,0.8972799376039238,0.9263239359574319,0.911277878742899,0.9029249904908248,0.8926227967206107
98139,0.9112575235300069,0.9345469483686887,0.925374937101913,0.9163076357604086,0.9063986961590007
98140,0.8891361152147985,0.9102431262285818,0.9019240240257456,0.8929421215553148,0.8826938826559729
98143,0.8735748892554341,0.9015099024178184,0.8890808557857448,0.8798486281923346,0.8694672026513495
98144,0.8046593342205332,0.8340587832254521,0.8227176172186693,0.8179896319232465,0.808579024729149
98146,0.8613944006304645,0.8889399084233058,0.8766841633169322,0.8675806631452552,0.8573439886007425
98147,0.8613944006304645,0.8889399084233058,0.8766841633169322,0.8675806631452552,0.8573439886007425
98153,0.898521669103835,0.9198514817628518,0.9114445646791475,0.9023678509326705,0.8920114335477047
98157,0.8614650000166514,0.8889951604453425,0.876746154993177,0.8676477526545698,0.8574169064107537
98158,0.8614650000166514,0.8889951604453425,0.876746154993177,0.8676477526545698,0.8574169064107537
98160,0.8850442605553787,0.9060541359114317,0.8977733186871588,0.8888327514395866,0.8786316755149273
98166,0.9546292620350025,0.9750974874495619,0.9671091828117551,0.9591054435205343,0.9482965355812786
98168,0.9546292620350025,0.9750974874495619,0.9671091828117551,0.9591054435205343,0.9482965355812786
98170,0.9546187167352884,0.9750917934510862,0.9671016142460509,0.9590959727158327,0.9482844569082423
98171,0.9430186084269477,0.9680090322700718,0.9567933794862147,0.9475180026764204,0.9376455140902821
98172,0.9546292620350025,0.9750974874495619,0.9671091828117551,0.9591054435205343,0.9482965355812786
98173,0.9408334799156981,0.9643691267807393,0.9577639453863122,0.9458858950904224,0.93566377058131
98179,0.8493167572984518,0.868241079393453,0.8654722902170267,0.854875290630336,0.8438593013953051
98184,0.9121692236404383,0.9278347950014125,0.9287905990639845,0.9199276318357433,0.9057941753701799
98191,0.9376974791814475,0.9587678456436002,0.9525263740949758,0.9429579619330318,0.9326482958637944
98192,0.934852032246892,0.9555244739935077,0.9446606646629832,0.9421059380632525,0.9371219277954982
98193,0.9192564868919055,0.9395840633638716,0.9289014880953139,0.9263893803841147,0.9214885152083101
98194,1.0106210173868015,1.0299682720564605,1.017872528922965,1.0159407900998707,1.0121054777874747
98195,0.959922239269782,0.9836476992467157,0.9680962676687062,0.9661047567882245,0.9611121701979582
98196,0.9745619223740527,0.999218688929866,0.9847005520167896,0.9810780055567396,0.977270083128427
98197,0.9132293120554202,0.9387580134950864,0.9273061097587136,0.9173778276613506,0.915107876271457
98198,0.9034541701229074,0.9221136102743709,0.9117434821204651,0.911055717095986,0.9060567608068676
98199,0.8957651961425335,0.9142658325001162,0.9039839607826577,0.9033020490793018,0.8983456371118625
98200,0.9385354298470797,0.9632050894060921,0.9471528686607463,0.9453514205892373,0.9395161764294636
98201,0.9878070330083906,1.0075147212325324,0.9958708873574698,0.9939205695888691,0.9891710216568067
98202,0.9563904291493203,0.9800285968266997,0.9645343831161256,0.9625501995357053,0.9575759820040205
98203,0.9563904291493203,0.9800285968266997,0.9645343831161256,0.9625501995357053,0.9575759820040205
98204,0.9295923287257151,0.9540269164344277,0.9381276538287353,0.9363433713662762,0.9305637299860346
98205,0.9745619223740527,0.999218688929866,0.9847005520167896,0.9810780055567396,0.977270083128427
98206,0.9745619223740527,0.999218688929866,0.9847005520167896,0.9810780055567396,0.977270083128427
98207,0.9385955897561151,0.9648333881569805,0.9530633910714964,0.9428593364409392,0.940526333836457
98208,0.9221102864055198,0.9413037587246241,0.9324131155452806,0.9304989748149279,0.9239165356752492
98209,0.9254309513394138,0.944693542386971,0.9357708825958613,0.9338498487420986,0.927243705198345
98210,0.9017592629040747,0.9217794383082112,0.9110487888068362,0.9086937241846342,0.9022496346053325
98211,0.9493446928938445,0.9668515958692654,0.9544193395527182,0.9555290709307956,0.9512294841297992
98212,0.9593423748383532,0.9770336454613648,0.964470463312045,0.9655918814267155,0.9612470150748342
98213,0.9320811517837793,0.9502116451579247,0.9379539269284991,0.9390933789419257,0.9344814286584693
98214,0.9057035942603445,0.919638336671158,0.9101878667714572,0.9117643741012944,0.9044737181415691
98215,0.9729593040443963,0.9957169058847465,0.9813599078279905,0.9798215267740068,0.9748383768584693
98216,0.9546710337674813,0.9719541937671511,0.9597656176239805,0.9614507637389573,0.9554610648467743
98217,0.9546710337674813,0.9719541937671511,0.9597656176239805,0.9614507637389573,0.9554610648467743
98218,0.9407437166980341,0.9590427110395905,0.9466710721717528,0.9478211140109838,0.9431663012378877
98219,0.927195948915338,0.9458427802094691,0.9351067756934762,0.9348730882887769,0.9286312380405686
98220,0.8763546582720606,0.8932664328270405,0.8837446232780009,0.8844733809462693,0.8771609215627464
98221,0.8989670608969037,0.9178036319897764,0.9089158761162508,0.9075031266821098,0.9011100327183544
98222,0.9716614930704498,0.9918544619713536,0.9793029323096833,0.9787215995963153,0.9733301387208394
98223,0.957714993076064,0.9776181272529703,0.9652467528301403,0.9646737641303423,0.9593596882388405
98224,0.9324384287294317,0.9539989614479645,0.9414939086767887,0.9402442767823146,0.9347078517357312
98225,0.9308048636280051,0.9513993931483877,0.9391386004273861,0.9374459016146294,0.9324970230585482
98226,0.9322253271678077,0.9517181773438017,0.9404064168594596,0.9400007393072708,0.9354808814164352
98227,0.901477934867309,0.9221478076019363,0.9103601269669362,0.9087476653095563,0.902963414449984
98228,0.9244741486232685,0.9458505253519601,0.9334522825748209,0.9322133242198863,0.9267241877003513
98229,0.852106186786381,0.8675721687159255,0.8606760884550769,0.8607029485388837,0.8531388630165534
98230,0.8948928187694946,0.9147605505873746,0.904111609595532,0.9017744776082659,0.8952414642425437
98231,0.9031467083617518,0.922976281478951,0.9117763307498216,0.9095619123371999,0.902548422506115
98232,0.8848975590510618,0.9080620845438351,0.8943135739761546,0.8928126333384352,0.8855794953411235
98233,0.8816764251132976,0.9047566289369084,0.8910581646073832,0.8895626875747752,0.8823558790729417
98234,0.8989670608969037,0.9178036319897764,0.9089158761162508,0.9075031266821098,0.9011100327183544
98235,0.8903458389908944,0.9107604653172232,0.8991183474141703,0.8975257975894296,0.8918129748066315
98236,0.8674520745374146,0.8905921125573177,0.879449737881234,0.8770107286643372,0.8705385861979102
98237,0.8465044379510565,0.8628401669613243,0.8536426874197885,0.8543466222874326,0.8472832384598233
98238,0.824717250148341,0.8396861146931252,0.8330116926108512,0.8330376893408356,0.8257167334451978
98239,0.8055683900874663,0.82156214945083,0.8151908472591386,0.8133139334703733,0.8078045007512511
98240,0.8060776586979842,0.8220815290832153,0.8157061990470178,0.8138280987006752,0.8083151829983822
98242,0.8176739538927527,0.8326263965165341,0.8261240438382706,0.8257098688512413,0.8186848708204083
98243,0.8412508660006285,0.8566344492078426,0.8499446068867208,0.8495184895267934,0.842290931832243
98244,0.8129641863386118,0.8314646251587697,0.8249968929514093,0.8250443313294182,0.8181452976674457
98245,0.8181650145459024,0.833126436979064,0.8266201792607316,0.826205755537591,0.8191765385878295
98247,0.9145717045080809,0.9356399400543649,0.9244382415508137,0.9230616412646128,0.9163307141961804
98251,0.8690520879749115,0.8916455614628502,0.8799644894496429,0.8782311816635558,0.872466703340588
98252,0.8581240949371022,0.8792918598124115,0.8689227033277273,0.8689245593028015,0.8631623225565526
98254,0.9038989013555966,0.9251057035428508,0.9126061961483999,0.9108857517198602,0.9055406904761524
98255,0.9076177405643316,0.928911792207634,0.9163608590861259,0.9146333363701941,0.9092662843670148
98257,0.908609603840805,0.9296191488020491,0.9174336674937457,0.9162159704259273,0.9108210308639393
98258,0.9123478239173299,0.9334438067749388,0.9212081917120764,0.9199854847702629,0.9145683492384138
98259,0.9209016341571301,0.9414992104553306,0.9311004682758317,0.9293698168138359,0.9237556074184573
98260,0.9153275509627953,0.9368293539679772,0.9232283566312425,0.9222320469354788,0.9155679408237107
98261,0.8595300225696134,0.8814243310874108,0.8706142475227334,0.8702014076835628,0.8640548378081429
98262,0.8130084604289125,0.8278867291534324,0.8226173300307218,0.8221545914748652,0.8154149847052289
98263,0.8182830993244427,0.8332578953284832,0.8279543093812541,0.8274885686687117,0.8207052366566726
98264,0.8237801240465659,0.8388555170492624,0.8335163029152948,0.8330474334711274,0.8262185327020172
98265,0.8537453340778473,0.8751465570375891,0.8647891811488431,0.8633253857069348,0.8578026733910241
98266,0.8593510760620175,0.8813709854801564,0.8695392622012554,0.8709092200134849,0.8649136462177569
98267,0.9333525794002947,0.95530367646681,0.9416659261834996,0.9399948567314192,0.9342594608911092
98268,0.9333525794002947,0.95530367646681,0.9416659261834996,0.9399948567314192,0.9342594608911092
98269,0.9160614745609584,0.9357034536522899,0.9253032039767907,0.9233051938635678,0.9177168981538972
98270,0.9160614745609584,0.9357034536522899,0.9253032039767907,0.9233051938635678,0.9177168981538972
98271,0.8685273326655758,0.889951719271329,0.8794568550940274,0.8794587335695185,0.8736266398887391
98272,0.9153275509627953,0.9368293539679772,0.9232283566312425,0.9222320469354788,0.9155679408237107
98273,0.9153275509627953,0.9368293539679772,0.9232283566312425,0.9222320469354788,0.9155679408237107
98274,0.8859389066653072,0.9077558318853141,0.8974776407898083,0.8957303687113096,0.8890504976753721
98275,0.8591411722330239,0.8820595097106742,0.8710238881222712,0.8686082466139959,0.8621981125804468
98276,0.926603346034772,0.9509411952802994,0.9362225711756621,0.9337415582475829,0.928503098813863
98277,0.8720806292172617,0.894792724508978,0.8841740512058796,0.8818449569694675,0.8751124313465215
98278,0.8679903527261293,0.8893752453352998,0.8793006290580798,0.8775879573449934,0.8710403455823851
98279,0.8825452153811296,0.9042886997348291,0.8940451476442602,0.8923037570618007,0.8856463519246189
98280,0.8679903527261293,0.8893752453352998,0.8793006290580798,0.8775879573449934,0.8710403455823851
98281,0.8347217589422403,0.8573370384361269,0.846541028016031,0.8453403511756915,0.8388804101813848
98282,0.9154645191075372,0.9369297586678744,0.9233517406337649,0.9223571342872119,0.9157044930628769
98283,0.9154645191075372,0.9369297586678744,0.9233517406337649,0.9223571342872119,0.9157044930628769
98284,0.8487187584692361,0.8717132614025356,0.8607362184993101,0.8595154081558168,0.8529471438908236
98285,0.84729314219157,0.8685375213651376,0.8581321922965945,0.8581340549771735,0.8523505954003231
98286,0.8601852732550942,0.8817528998468581,0.8711892467468425,0.8711911377693506,0.8653196789922795
98287,0.8482612735129036,0.8693559275690368,0.8590232525877463,0.8590251021466323,0.8532825868432039
98288,0.9301918213437086,0.9509294036786737,0.9408760833543385,0.9378867300336925,0.9333501234007924
98289,0.9299104553404969,0.9507349225056992,0.9406398448245372,0.9376379438364407,0.9330821786825142
98290,0.896731286420674,0.9192750957234969,0.9091843699473572,0.9060253976641133,0.9006523247439143
98291,0.8676571529075457,0.8897964072676997,0.8788655369295544,0.878448078365902,0.8722326909032935
98292,0.8491729334383615,0.8707502018832971,0.8600964399932343,0.8596895782972013,0.8536320863231603
98293,0.8491729334383615,0.8707502018832971,0.8600964399932343,0.8596895782972013,0.8536320863231603
98294,0.8491389808244374,0.8707216448233679,0.8600652440099446,0.8596582805722454,0.8535992653305032
98295,0.84910237028228,0.8706908524478594,0.8600316060268102,0.8596245328784252,0.853563875053284
98296,0.8492474840344333,0.8701897851187336,0.8599310480819669,0.8599328842887534,0.854232029595008
98297,0.8327780371650805,0.8551835937180738,0.8434526199378344,0.8432317488648695,0.8366790128234325
98298,0.8491203854706099,0.8710520913059663,0.8595152625927565,0.8588214536860247,0.8522680342144613
98299,0.8492111843684409,0.8701590901390064,0.8598976329544183,0.8598994696523975,0.8541970824093821
98300,0.8492111843684409,0.8701590901390064,0.8598976329544183,0.8598994696523975,0.8541970824093821
98301,0.8359481896158637,0.8584390378394438,0.8466634075317505,0.84644169566455,0.839864015194593
98302,0.8486832079661755,0.8703383206444856,0.8596464868097129,0.8592381572387455,0.8531586880004145
98303,0.8491389808244374,0.8707216448233679,0.8600652440099446,0.8596582805722454,0.8535992653305032
98304,0.8491389808244374,0.8707216448233679,0.8600652440099446,0.8596582805722454,0.8535992653305032
98305,0.8492250876450296,0.8707940684433801,0.860144359997951,0.859737654578557,0.8536825023579486
98306,0.8492793366501827,0.8708496952878924,0.8601993065327352,0.8597925751327565,0.8537370361054124
98307,0.8342419071574152,0.8568441859332624,0.8460543817547237,0.8448543951407006,0.8383981677362011
98308,0.8488843365401727,0.8705074736873467,0.859831278122576,0.859423551500155,0.8533531098009867
98309,0.8488843365401727,0.8705074736873467,0.859831278122576,0.859423551500155,0.8533531098009867
98310,0.8486371180401995,0.8696736904366948,0.8593692018513375,0.8593710463200033,0.8536444135995663
98311,0.8486371180401995,0.8696736904366948,0.8593692018513375,0.8593710463200033,0.8536444135995663
98312,0.8600566490030525,0.8824488474461589,0.8719797087459027,0.8696834198715895,0.86304573548903
98313,0.8600566490030525,0.8824488474461589,0.8719797087459027,0.8696834198715895,0.86304573548903
98314,0.8600232425905017,0.8824213204566941,0.8719494609288239,0.8696525687489163,0.8630131270240535
98315,0.8492111843684409,0.8701590901390064,0.8598976329544183,0.8598994696523975,0.8541970824093821
98316,0.8150263472614192,0.831142223360789,0.8268236182188965,0.8257601171526552,0.8194069203246169
98317,0.8129641863386118,0.8314646251587697,0.8249968929514093,0.8250443313294182,0.8181452976674457
98318,0.8150167296631855,0.8311335696733677,0.8268147089603636,0.825751144653557,0.8193975675085664
98319,0.8150263472614192,0.831142223360789,0.8268236182188965,0.8257601171526552,0.8194069203246169
98320,0.84910237028228,0.8706908524478594,0.8600316060268102,0.8596245328784252,0.853563875053284
98321,0.8354959176007332,0.8581321715262156,0.8473261483984666,0.8461243579961982,0.8396584257608576
98322,0.8321089346337145,0.8546403882235174,0.8438843397875396,0.8426881134124281,0.8362521383427862
98323,0.832047521804225,0.8545882597527779,0.8438278249974033,0.8426311056769381,0.8361924605416265
98324,0.8320358103006027,0.8545783188638335,0.8438170475998843,0.8426202342701026,0.8361810799266203
98325,0.8334624121643943,0.856030514580929,0.8452569707555003,0.8440587986429343,0.8376123550549504
98326,0.8230118499361658,0.8393989011052793,0.8350312024216651,0.833810229402301,0.8265262098446395
98327,0.8230118499361658,0.8393989011052793,0.8350312024216651,0.833810229402301,0.8265262098446395
98328,0.8192499242871271,0.8337155411120493,0.8297629970564296,0.8287439279166513,0.8228392882512726
98329,0.8680397412498544,0.8894158857902551,0.879345351273782,0.8776333804014089,0.8710884668842424
98330,0.8419955929467214,0.8649917411707115,0.8543415982553006,0.8521946165094743,0.845153103865647
98331,0.8492563333192186,0.87082034920631,0.8601730690854189,0.8597664572872601,0.8537127067473139
98332,0.8492563333192186,0.87082034920631,0.8601730690854189,0.8597664572872601,0.8537127067473139
98333,0.8322739299330938,0.8546659236847272,0.8429420510388319,0.8427213136662053,0.8361725442058744
98334,0.8492192213288045,0.8711349732020975,0.8596064615023087,0.8589131580524993,0.8523645429769771
98335,0.8325017616403397,0.8549159750891684,0.8431805358008726,0.8429595792520722,0.836404283408522
98336,0.8491203854706099,0.8710520913059663,0.8595152625927565,0.8588214536860247,0.8522680342144613
98337,0.832047521804225,0.8545882597527779,0.8438278249974033,0.8426311056769381,0.8361924605416265
98338,0.8315556654593658,0.8540557174880248,0.8422758009428761,0.8420539972555481,0.8354734024942899
98339,0.8315556654593658,0.8540557174880248,0.8422758009428761,0.8420539972555481,0.8354734024942899
98340,0.8511222489307604,0.8686404915192522,0.862542184809209,0.8622119941191381,0.8553985794076086
98341,0.8253613895583941,0.8441439486780226,0.8375775875373178,0.8376257493213789,0.8306215096444738
98342,0.8187396595836262,0.8380709121028079,0.829511128918909,0.82847971910925,0.8241245467644207
98343,0.8352246430260137,0.8566658591851221,0.8467169139289966,0.8446046893205862,0.8393994145110355
98344,0.8833727852339045,0.9033805931569656,0.8944290898989947,0.8918123060731503,0.886355121477487
98345,0.8367721493489654,0.8582530918473947,0.8482857131604322,0.8461695750169456,0.8409546558611131
98346,0.8559098292785113,0.8713006112979006,0.8660160112222779,0.8657579790852017,0.8586758588613185
98347,0.8260142401694609,0.8435488400829612,0.8376330792102177,0.8373087599500086,0.8297935974057382
98348,0.8336561091488053,0.8562425167848986,0.8454602891207341,0.8442611451277335,0.8378094512345864
98349,0.7994459607369921,0.8156464627067207,0.8111758910075072,0.8108938385206264,0.8039445149891793
98350,0.815029552512571,0.8311451073726364,0.8268265874041331,0.8257631074138709,0.8194100373327728
98351,0.8157392592939948,0.8321375080078863,0.8285976263828465,0.826918248860214,0.8200105677410479
98352,0.8489373961930765,0.8708986445802577,0.859346415193215,0.8586516703106645,0.8520893542346828
98353,0.8489373961930765,0.8708986445802577,0.859346415193215,0.8586516703106645,0.8520893542346828
98354,0.8519616365651587,0.874001119336043,0.8624077364803742,0.8617105166502816,0.85512482308934
98355,0.8489373961930765,0.8708986445802577,0.859346415193215,0.8586516703106645,0.8520893542346828
98356,0.8491203854706099,0.8710520913059663,0.8595152625927565,0.8588214536860247,0.8522680342144613
98357,0.8414849840548312,0.8644671867928108,0.8538235024120028,0.8516778226539531,0.8446405801737685
98358,0.8414849840548312,0.8644671867928108,0.8538235024120028,0.8516778226539531,0.8446405801737685
98359,0.8646885236834779,0.8870648416171137,0.8761867373908022,0.8739817265080602,0.8676985385009984
98360,0.8658550734684147,0.8882615792536969,0.877368799395874,0.8751608137367811,0.8688691490916958
98361,0.8492114312975191,0.870519964965476,0.8595992733649351,0.858905930078146,0.8523569363513331
98362,0.8785290726617668,0.9007835379043889,0.8892822922104314,0.8874884346044349,0.8819111200423156
98363,0.8797653736879697,0.902589858339888,0.8908103274483631,0.8882917594213774,0.8823574038491142
98364,0.8891703989457707,0.9116944250182982,0.9000538686152129,0.8982382826171956,0.8925934119253011
98365,0.8128525025776082,0.8306252553490319,0.8245526328307498,0.82446925092472,0.8180462068242428
98366,0.8129641863386118,0.8314646251587697,0.8249968929514093,0.8250443313294182,0.8181452976674457
98367,0.8393780172973709,0.8566351899263205,0.8506277082046737,0.8503024369080808,0.8435905724255852
98368,0.8319669566268256,0.8494079198807533,0.8432484845370922,0.8431735274704873,0.8358651985074959
98369,0.8315556654593658,0.8540557174880248,0.8422758009428761,0.8420539972555481,0.8354734024942899
98370,0.8328373790401421,0.8553721113956286,0.8435740379433196,0.8433518923801435,0.8367611546566937
98374,0.8754660337390665,0.8982262559358348,0.8864589730229627,0.8847128727445884,0.8789058503073681
98375,0.8396289199921328,0.8623771501578763,0.8515176721675868,0.8503099367900028,0.8438120191040712
98376,0.8854999489442446,0.9085210312209843,0.8966188808039569,0.8948527680734054,0.8889791900321021
98377,0.8562510495317,0.8773726110839979,0.8670260875739919,0.8670279394979905,0.8612782801063761
98378,0.867125352986642,0.8896750455454527,0.8780166351792277,0.8762866852816854,0.8705333652832812
98379,0.8586722604983446,0.8816681670150458,0.8700278394411165,0.8681859487496119,0.8624054717428982
98380,0.8187396595836262,0.8380709121028079,0.829511128918909,0.82847971910925,0.8241245467644207
98381,0.8361700453386807,0.8548324170129268,0.8459342772274896,0.8465956110978854,0.839951399007064
98382,0.8396531574770986,0.8583932682830829,0.849458062808832,0.8501221515017,0.8434502625813716
98383,0.8605519255844258,0.8835981709842967,0.8719323623061817,0.8700864396483674,0.864293308965379
98384,0.867125352986642,0.8896750455454527,0.8780166351792277,0.8762866852816854,0.8705333652832812
98385,0.8129641863386118,0.8314646251587697,0.8249968929514093,0.8250443313294182,0.8181452976674457
98386,0.8315467701753904,0.8489789248385429,0.8428226003291035,0.8427476811197038,0.835443043241783
98387,0.8315467701753904,0.8489789248385429,0.8428226003291035,0.8427476811197038,0.835443043241783
98388,0.8630573211871586,0.8851721989880811,0.8732894473600619,0.8746653135834224,0.8686438818272265
98389,0.8510680393253435,0.8740440334265271,0.862239408785029,0.8605223263832449,0.854729627544203
98390,0.8386863625992236,0.8614090558736001,0.8505617686035433,0.849355389015263,0.8428647658140824
98391,0.8802201413450925,0.9037229186035022,0.8918257183793881,0.8899432375340223,0.8840354754098951
98392,0.8352118934322447,0.8543605036650183,0.8461525447895502,0.8458049033558256,0.8408103244513497
98393,0.8385362740711311,0.8577611012131944,0.8495204723293308,0.849171447183927,0.8441569884363359
98394,0.8372035527972819,0.8563978251059878,0.848170293403204,0.8478218229782707,0.8428153339226969
98395,0.9251401494711472,0.9535564246850007,0.9363756208010159,0.9314349215302778,0.9282796607427685
98396,0.9757627967541886,1.0047066745424351,0.9851547121652507,0.9804950140968294,0.9778211440092859
98397,0.8283973558346708,0.8456457333921817,0.8407756613392151,0.8391764704499114,0.8327394335354407
98398,0.8129641863386118,0.8314646251587697,0.8249968929514093,0.8250443313294182,0.8181452976674457
98399,0.8150167296631855,0.8311335696733677,0.8268147089603636,0.825751144653557,0.8193975675085664
98400,0.8487805800234207,0.8711628501548141,0.8598934196837706,0.8583607278013636,0.8529683729264371
98401,0.8487805800234207,0.8711628501548141,0.8598934196837706,0.8583607278013636,0.8529683729264371
98402,0.8370929815016799,0.8585821601454319,0.8486109598021637,0.8464940102966395,0.8412770916553552
98403,0.8487805800234207,0.8711628501548141,0.8598934196837706,0.8583607278013636,0.8529683729264371
98404,0.8658689352847818,0.8887018238593427,0.8772055078586173,0.8756419585508529,0.870141040311063
98405,0.8530664773215895,0.8755382482846148,0.8642236564774889,0.8626848376535865,0.8572709562147486
98406,0.8327748259765579,0.8553756467773295,0.8410045430133904,0.8424745732037738,0.8375763705604852
98407,0.8327748259765579,0.8553756467773295,0.8410045430133904,0.8424745732037738,0.8375763705604852
98408,0.8327748259765579,0.8553756467773295,0.8410045430133904,0.8424745732037738,0.8375763705604852
98409,0.8364873751672991,0.8591889514860771,0.8447537806682544,0.8462303643220993,0.8413103252619399
98410,0.8557606159515383,0.8789852521030914,0.8642174850845455,0.865728090234881,0.860694690112392
98411,0.8313443323680462,0.8531207743630884,0.8408199194456942,0.8411080064614156,0.8370534269754425
98412,0.8447112729125784,0.8664091302357981,0.8559126487688864,0.8555945611690196,0.8502203436949398
98413,0.8742174151508302,0.8979101014668652,0.8845822646509173,0.8831043254202706,0.8778519247188207
98414,0.8950337790826283,0.9192906220630458,0.9056454304372116,0.9041322993648548,0.8987548315089166
98415,0.8927768046475956,0.9196176332014139,0.9053036961186824,0.9002901270867821,0.8955611590838768
98416,0.8282061051886271,0.8499003436736686,0.837645923038351,0.8379329225594355,0.8338936486346463
98417,0.8282061051886271,0.8499003436736686,0.837645923038351,0.8379329225594355,0.8338936486346463
98418,0.8299702715150176,0.8517107210153755,0.8394301971720534,0.8397178080323778,0.835669930028246
98419,0.9354848826038593,0.9596352285982803,0.9460721286561368,0.9427175570501758,0.9388623802788816
98420,0.9476492016385367,0.9691177162758097,0.9550014421976923,0.956877606193822,0.9506444799206224
98421,0.8350567272349063,0.8551878974265053,0.8482191454845556,0.847992311441806,0.8399070655771935
98422,0.8306644192006881,0.8506897016152211,0.8437576045544847,0.8435319636342571,0.8354892452880892
98423,0.9119770364154418,0.9372642970127659,0.9229374497066832,0.9196597961725328,0.9157670329476953
98424,0.9122130089238135,0.9375068125568444,0.923176258203368,0.9198977565819356,0.9160039861112291
98425,0.9120950095195255,0.9373855412700774,0.9230568406468815,0.9197787631163516,0.9158854963247108
98426,0.8715702111534546,0.8985085859687431,0.8857603476790312,0.8779389729565606,0.8737389585886057
98427,0.8965401756815788,0.9240321334559789,0.9109422745149008,0.90348036781946,0.8997567879728988
98428,0.9363352571803423,0.9609030664689675,0.9469321272522541,0.9435745062732227,0.9397158250686928
98429,0.8951514545531265,0.9234857610709886,0.9067437694484066,0.9023986864673575,0.8976066928200187
98430,0.8868350909546736,0.9134972852544236,0.8992786119772944,0.8942984098424867,0.8896009146262733
98431,0.8700800492742832,0.8976173601165416,0.8843674825887847,0.8768803241819871,0.8727331939322512
98432,0.9120935027206882,0.9295694625868394,0.9212574206674702,0.92127003105487,0.9149797096924852
98433,0.9120935027206882,0.9295694625868394,0.9212574206674702,0.92127003105487,0.9149797096924852
98434,0.8544899191254842,0.8772341075633813,0.8658214757113034,0.8654996914620036,0.8600630165812553
98435,0.9043270015688686,0.9232268486788141,0.9153107916360014,0.9143106844383353,0.908147430736354
98436,0.8872043295053863,0.9066473356289652,0.8972432514864389,0.8970534365453012,0.8904269847454822
98437,0.864770030346717,0.8921722010540731,0.8789875146884263,0.8715370579213724,0.8674102134523969
98438,0.8565564945706232,0.8840623670045805,0.8698748808402126,0.8631276056021153,0.8581627759941142
98439,0.8649003154734206,0.8922736920433401,0.8791026932791465,0.8716601071936019,0.8675376655121754
98440,0.864770030346717,0.8921722010540731,0.8789875146884263,0.8715370579213724,0.8674102134523969
98441,0.9555690674774825,0.9810667276746784,0.9653583831296839,0.9616092144257932,0.9582277841719196
98442,0.9176915462065143,0.9429916253524742,0.9284024718494437,0.9241036439186959,0.9202125639417921
98443,0.9140116811745914,0.9392685843213303,0.924704596879551,0.9204130453480195,0.916528496080887
98444,0.9388375700147503,0.9643833447900071,0.9500663628009108,0.946177663914114,0.9418350065513337
98445,0.8978523855947321,0.9156759736870896,0.9087990207510012,0.9076720433043474,0.9015026671265416
98446,0.8978523855947321,0.9156759736870896,0.9087990207510012,0.9076720433043474,0.9015026671265416
98447,0.8577147444819385,0.8777167439682312,0.8705929819753109,0.8700848464433361,0.8623130149936699
98448,0.8836812179141066,0.9030470153519686,0.8936802750734725,0.8934912138924294,0.8868910759059774
98449,0.8557606377062673,0.8832409534635484,0.8690666493932087,0.8623256432866258,0.8573654266770069
98450,0.8531628925981731,0.8805597891694319,0.8664285125853272,0.8597079694620429,0.8547628100750456
98451,0.8510706288957868,0.8784443505408432,0.8643252509322509,0.8576103329088453,0.8526692427052189
98452,0.9417020729066579,0.9662639601561184,0.9518179643915233,0.9484849910731554,0.9451198440891895
98453,0.9417020729066579,0.9662639601561184,0.9518179643915233,0.9484849910731554,0.9451198440891895
98454,0.9378016036098002,0.9633191897342182,0.9490180059117427,0.9451335980349505,0.9407957326055991
98455,0.8511452068380728,0.8785038021454035,0.8643924156840571,0.8576812320134263,0.852742917504364
98456,0.8510706288957868,0.8784443505408432,0.8643252509322509,0.8576103329088453,0.8526692427052189
98457,0.9140667148161252,0.9392668600339078,0.9247353328888792,0.920453485093221,0.9165777746693017
98458,0.9140667148161252,0.9392668600339078,0.9247353328888792,0.920453485093221,0.9165777746693017
98459,0.9138929287004098,0.9391465503576442,0.9245844551340697,0.920293461180054,0.9164094166108876
98460,0.9140667148161252,0.9392668600339078,0.9247353328888792,0.920453485093221,0.9165777746693017
98461,0.9177606419453287,0.9439315377204952,0.9287694909795535,0.9244412446573993,0.9207371426069471
98462,0.9167328180868047,0.9438155895213393,0.9218241810057153,0.9253983552021581,0.9205019042121849
98463,0.9138929287004098,0.9391465503576442,0.9245844551340697,0.920293461180054,0.9164094166108876
98464,0.9138929287004098,0.9391465503576442,0.9245844551340697,0.920293461180054,0.9164094166108876
98465,0.8367006548927762,0.8659125383948156,0.8498324633651889,0.8447294893913019,0.8386867502062589
98471,0.8540242257915853,0.8818435851975042,0.8674158228379574,0.8610494725048979,0.8566405872315356
98473,0.8540242257915853,0.8818435851975042,0.8674158228379574,0.8610494725048979,0.8566405872315356
98474,0.8510706288957868,0.8784443505408432,0.8643252509322509,0.8576103329088453,0.8526692427052189
98475,0.8510706288957868,0.8784443505408432,0.8643252509322509,0.8576103329088453,0.8526692427052189
98479,0.8906052834304827,0.9189444349964674,0.9036946745772234,0.896239390542559,0.892719625047489
98480,0.871262938569011,0.8981918162446035,0.8854480723537091,0.8776294550614423,0.8734309214109935
98481,0.8972720611971567,0.9258233503162208,0.9104594352140869,0.9029483433790744,0.899402230078997
98482,0.8433097452750523,0.8657563480128361,0.8544930394065231,0.8541754653927908,0.848809924142732
98483,0.8433097452750523,0.8657563480128361,0.8544930394065231,0.8541754653927908,0.848809924142732
98486,0.9328316605595758,0.9582140145098009,0.9439886207786145,0.9401247985841853,0.9358099219661778
98487,0.9328316605595758,0.9582140145098009,0.9439886207786145,0.9401247985841853,0.9358099219661778
98488,0.8644573878202325,0.8857813791148064,0.875335694182365,0.8753375638552644,0.8695327995384795
98490,0.9321504837243496,0.9551916773892081,0.9419618166085889,0.9400584154046242,0.9343195176899631
98491,0.8639195345187964,0.8917065266422669,0.8773742661370424,0.8705579706896962,0.8655422831500255
98494,0.8639195345187964,0.8917065266422669,0.8773742661370424,0.8705579706896962,0.8655422831500255
98495,0.9019782889325283,0.9208290494735059,0.9129335519663193,0.9119360422410374,0.9057887957044128
98496,0.8541655781425388,0.8738295552016773,0.8672947596829664,0.8666708737352519,0.8587642859285108
98502,0.8042110959741982,0.8205081617976302,0.8160109430456068,0.8157272093716164,0.8087364640705178
98503,0.8007838472247666,0.8170114610116097,0.8125334077341998,0.8122508832276584,0.805289929884431
98507,0.7991688252929243,0.8153637112066241,0.8108946892730408,0.8106127345623012,0.8036658200790668
98508,0.7990003505375993,0.8152110927275442,0.8107377420901823,0.8104555130929311,0.8035017956956493
98509,0.7991267798593852,0.8153256226097904,0.8108555204664936,0.8105734973089197,0.8036248852002291
98510,0.8007332828435589,0.816959871960321,0.8124821014433512,0.8121995947764264,0.8052390809729071
98511,0.8105278955648699,0.8269529691952545,0.8224204263477118,0.8221344640439938,0.815088808860058
98512,0.847351006531352,0.8671113225412939,0.8600736367211245,0.8595716409734202,0.851893716297607
98513,0.8600232425905017,0.8824213204566941,0.8719494609288239,0.8696525687489163,0.8630131270240535
98519,0.8352447415212827,0.8550004014118341,0.8474178095154055,0.8471897968876776,0.8406080246605839
98520,0.8380066115152653,0.8578275966470911,0.8502199317008194,0.8499911651129605,0.8433876292059325
98523,0.8501376415636209,0.8719616922426339,0.8618351078240458,0.859685169287102,0.8543869539060885
98524,0.835198008160191,0.8566385405704178,0.8466899125808196,0.8445777553301189,0.8393726465139896
98529,0.815029552512571,0.8311451073726364,0.8268265874041331,0.8257631074138709,0.8194100373327728
98530,0.8150167296631855,0.8311335696733677,0.8268147089603636,0.825751144653557,0.8193975675085664
98535,0.8327257174942788,0.8552869178477291,0.8445167235562298,0.8433189178531444,0.836874424293672
98538,0.8989670608969037,0.9178036319897764,0.9089158761162508,0.9075031266821098,0.9011100327183544
98544,0.8535527995832367,0.8810063574336172,0.8668460790861614,0.8601115768213069,0.8551560757934186
98545,0.8792586049778427,0.9064346116349709,0.8935739171423229,0.8856835476236271,0.8814464836134108
98546,0.8945223535192317,0.9221701300625175,0.9090861765585935,0.9010588318479005,0.8967482132779225
98548,0.8846511126413832,0.9119937901998062,0.8990542208537109,0.8911154595673862,0.8868524095730502
98552,0.8836812179141066,0.9030470153519686,0.8936802750734725,0.8934912138924294,0.8868910759059774
98555,0.8529890422948528,0.872625934003668,0.8661001395748884,0.8654771129736532,0.8575814157766787
98556,0.824488887870646,0.843251591670242,0.8366921719266636,0.8367402827981929,0.8297434474062675
98563,0.8133072979145511,0.8287920086324279,0.8247604696367763,0.8239085348108294,0.8168625792120098
98564,0.8129641863386118,0.8314646251587697,0.8249968929514093,0.8250443313294182,0.8181452976674457
98568,0.8510706288957868,0.8784443505408432,0.8643252509322509,0.8576103329088453,0.8526692427052189
98570,0.8528422659575913,0.8802729702996641,0.8661244795697046,0.859395583390746,0.8544442075325179
98572,0.8433151189399941,0.8657608627727378,0.8544979809609814,0.8541804191020163,0.8488150842311603
98573,0.8133072979145511,0.8287920086324279,0.8247604696367763,0.8239085348108294,0.8168625792120098
98574,0.8651519712698946,0.8924697403361722,0.8793251760295036,0.8718977896760283,0.8677838503642027
98577,0.8701361407018303,0.8916002125587515,0.8810859083233276,0.8810877902783943,0.8752448935764215
98582,0.9038165637529415,0.9316174113228366,0.9175241249797468,0.9109605818712214,0.9061275730872738
98583,0.9066498512434689,0.9333120163195653,0.9195033637109074,0.9124796802445366,0.9071440540740501
98584,0.8705703015020693,0.895261917678005,0.8852579454941844,0.8754485864909662,0.8688023400152385
98585,0.8705703015020693,0.895261917678005,0.8852579454941844,0.8754485864909662,0.8688023400152385
98586,0.8647086136443872,0.8911143014033329,0.8788975133084287,0.8688708220962702,0.8627782383446753
98587,0.8643471432266101,0.8907487514883642,0.878533884100015,0.86850872658689,0.8624170554991426
98588,0.8401381525508922,0.8675201585945411,0.8541254365961529,0.8449282926258059,0.8376502272177223
98589,0.8434882456068022,0.8709794387740513,0.8575313046493165,0.8482974866057165,0.8409903995464794
98592,0.9037873896477119,0.9315873398398813,0.9174945084110244,0.9109311771657299,0.9060983243854587
98594,0.9054529292438258,0.9333041104205667,0.919185308095197,0.9126098816511903,0.9077681226748824
98596,0.9194769528460256,0.9477595044557917,0.9334220243718652,0.9267447550460619,0.9218280049355195
98598,0.8681563104370698,0.8946742702611357,0.882405572102707,0.872336233843943,0.8662177168367682
98599,0.9311296442712049,0.9556671984650622,0.9460857486531171,0.9359191189285072,0.9287002188191814
98600,0.9281901132561526,0.9526502035844461,0.9430990019437032,0.9329644677748281,0.9257683573821615
98606,0.8738791715882029,0.8993423756281461,0.8879482376536645,0.877968723619619,0.8725069148976663
98607,0.8815169274090591,0.907202681363449,0.8957089579468747,0.8856422223679279,0.8801326771136093
98608,0.8525501066740984,0.8785662469285693,0.866529598569872,0.8566508654767553,0.8506482370078954
98609,0.8985221432960324,0.9247033974247614,0.9129879502477387,0.9027270187248749,0.8971111896278126
98610,0.8702619485463552,0.8956388638556235,0.8842834270309928,0.874337691073427,0.8688943213606614
98611,0.8702619485463552,0.8956388638556235,0.8842834270309928,0.874337691073427,0.8688943213606614
98612,0.8693319380169396,0.8949068188883798,0.8834638546580554,0.8734400564716981,0.8679533960077768
98613,0.8693319380169396,0.8949068188883798,0.8834638546580554,0.8734400564716981,0.8679533960077768
98614,0.8693319380169396,0.8949068188883798,0.8834638546580554,0.8734400564716981,0.8679533960077768
98615,0.8711864310190547,0.8968158692299091,0.8853484944192753,0.8753033130733003,0.869804948249985
98616,0.8450467762129534,0.8721259675683584,0.8587368017013116,0.8485545061328628,0.8442097131965627
98617,0.8450467762129534,0.8721259675683584,0.8587368017013116,0.8485545061328628,0.8442097131965627
98618,0.8535299448984864,0.8795759855757863,0.8675255034634326,0.8576354167147157,0.8516258894081516
98619,0.8477989864051119,0.8749663712529265,0.8615335985704926,0.8513181405565652,0.8469591971806224
98620,0.9388631104787689,0.9650568349090636,0.9486422213664611,0.9415118395987655,0.9377713171699582
98621,0.9388631104787689,0.9650568349090636,0.9486422213664611,0.9415118395987655,0.9377713171699582
98622,0.9388631104787689,0.9650568349090636,0.9486422213664611,0.9415118395987655,0.9377713171699582
98623,0.9016221292366118,0.9254111885975126,0.9151041310152437,0.9063903668792826,0.9021020152856709
98624,0.9240014296334516,0.9527464983273602,0.9348196377435104,0.9268854120880589,0.9235526802663986
98625,0.8702619485463552,0.8956388638556235,0.8842834270309928,0.874337691073427,0.8688943213606614
98626,0.9066498512434689,0.9333120163195653,0.9195033637109074,0.9124796802445366,0.9071440540740501
98627,0.9066498512434689,0.9333120163195653,0.9195033637109074,0.9124796802445366,0.9071440540740501
98628,0.9309665286962666,0.955529832208924,0.9448873187797541,0.9358899544887931,0.9314620332261306
98629,0.9332369344237023,0.9622469644477495,0.9448742756159021,0.9404302239038986,0.9352164595521512
98630,0.95680037277793,0.9863433729854194,0.9672359467690351,0.963774716923261,0.9583145087854396
98631,0.8871081041383566,0.9134284320437533,0.8983470775235353,0.890935240726044,0.8866470801845809
98632,0.8720759634247852,0.8982134572751042,0.885371211363081,0.8764611983767521,0.8718842634203687
98633,0.8871081041383566,0.9134284320437533,0.8983470775235353,0.890935240726044,0.8866470801845809
98634,0.8613084141426157,0.8871231875362896,0.8744395052374732,0.8656395044610421,0.8611190810641685
98635,0.8613084141426157,0.8871231875362896,0.8744395052374732,0.8656395044610421,0.8611190810641685
98636,0.8613084141426157,0.8871231875362896,0.8744395052374732,0.8656395044610421,0.8611190810641685
98637,0.8589267976586853,0.8869461262880675,0.8700098540084955,0.8615682235219871,0.8565603881320354
98638,1.0320199286658969,1.0561236176386488,1.0417775860269913,1.0380830833175243,1.0329426775467632
98639,1.0320199286658969,1.0561236176386488,1.0417775860269913,1.0380830833175243,1.0329426775467632
98640,1.0320199286658969,1.0561236176386488,1.0417775860269913,1.0380830833175243,1.0329426775467632
98641,1.0473895152077874,1.0718521737346685,1.0572924906534378,1.0535429667398786,1.0483260063317896
98642,1.003244481755446,1.0286212123675988,1.0121224381653258,1.0090130074545742,1.0059175525782158
98643,0.9256904028384928,0.9544880143632284,0.9365283854456883,0.9285796568965126,0.9252408332068467
98644,0.92132130034187,0.9497408987237879,0.9336607869541795,0.9250702261400974,0.9203987100846649
98645,0.9240014296334516,0.9527464983273602,0.9348196377435104,0.9268854120880589,0.9235526802663986
98646,0.9366353041492128,0.9657734042597176,0.9476014296535142,0.9395587193051868,0.9361804190306224
98647,0.9196402988053524,0.9480080440622752,0.9319572713436386,0.923382384481654,0.9187193918649655
98648,0.8573655350813436,0.8853339332596668,0.8684284458714056,0.8600021596514938,0.8550034269534236
98649,0.8573655350813436,0.8853339332596668,0.8684284458714056,0.8600021596514938,0.8550034269534236
98650,0.9000005871018529,0.9293597970896922,0.9116136340447378,0.9027683256731,0.897521016119653
98651,0.9414722098683469,0.9667545209140673,0.952623383464447,0.9463718027460145,0.9418325396217047
98652,0.9222777375059181,0.9487921989299332,0.9335656852145652,0.9266049132195276,0.921762815565313
98653,0.9183741775451508,0.9449416696516207,0.9314688643285234,0.9241493157930274,0.9189381991096701
98654,0.9640674340015121,0.9889947052172644,0.9733789517320944,0.9658780215394115,0.9619934271161833
98655,0.9317548566648779,0.9614079395870184,0.9436245974604514,0.9382370178942595,0.9349401577155899
98656,0.9163290067277686,0.945491162230473,0.928002235705888,0.9227038512679189,0.9194615729033563
98657,1.0563919617050088,1.0778614369759734,1.0660170342038906,1.0605738157131455,1.0566951992688196
98658,0.9767776365430084,1.0014874187590024,0.9854222743950473,0.9823945629284735,0.9793804585513736
98660,0.9294260495019486,0.9561460169627658,0.940801486877466,0.9337867639217468,0.9289071365480779
98662,0.9800719594371458,1.0048650789432434,0.9887457525721499,0.9857078297137218,0.9826835598366316
98664,0.9065082472347293,0.9325693533141791,0.9176031888950523,0.9107614350892129,0.9060021296447038
98665,0.9161681573132148,0.9425069750870053,0.9273813286080631,0.9204666678797052,0.9156566464458267
98666,0.9184251369248071,0.9448288403576706,0.9296659318592588,0.9227342368690568,0.9179123659507568
98667,0.8998068074164952,0.9275627575704791,0.9118581450439449,0.903468189121762,0.8989057612846177
98668,1.0203850180452823,1.0435387289682,1.0300259198259345,1.020707560878004,1.020030266356692
98669,0.98434794622353,1.0099409765883962,0.9969368072213881,0.9872920396886331,0.9829336378067862
98670,0.9550179605256964,0.979848411746221,0.9672317192902073,0.9578743307222584,0.953645793351584
98671,0.9295828032223219,0.9530122413761344,0.9441406064351521,0.9331715356047092,0.9268667315369375
98672,0.9771581831591466,1.0031716518571288,0.9865119411857195,0.9787162577811953,0.9762102732497614
98673,0.9261667584794182,0.9490742834562059,0.9408787664537342,0.929370244025468,0.9230110162674445
98674,0.9261667584794182,0.9490742834562059,0.9408787664537342,0.929370244025468,0.9230110162674445
98675,0.9225139924045997,0.945765266477385,0.9369610939602173,0.9260754350499152,0.919818574497281
98676,0.8967413782015504,0.9244163650083923,0.9087576314944157,0.9003921121758522,0.8958429508727506
98677,0.8967413782015504,0.9244163650083923,0.9087576314944157,0.9003921121758522,0.8958429508727506
98678,0.9037679941124093,0.9316598344149823,0.9158784034224151,0.9074473342222745,0.9028625269570588
98679,0.9265485693338832,0.9551434575096023,0.9389642362897082,0.9303206517013679,0.9256202787738786
98680,0.8967413782015504,0.9244163650083923,0.9087576314944157,0.9003921121758522,0.8958429508727506
98681,0.9447033824365239,0.969852853925817,0.9537464698286059,0.9462097080150287,0.9437869558915952
98682,0.9532387913340253,0.9782976921508848,0.9623635831531501,0.9547587265861953,0.9523140848618403
98683,0.9045349796277177,0.932436777658304,0.9166496428481818,0.9082156006220082,0.9036291988114095
98684,1.012598594485981,1.0358380002433039,1.0206495946772787,1.0167509753842663,1.015333198182958
98685,1.0033144407964507,1.027532193165832,1.0121622561091157,1.0072106399734078,1.0071865199792238
98686,1.046334635241036,1.0702506509757685,1.0567234506038305,1.0490593801010428,1.0461288468391798
98687,0.9469577096591787,0.9761681032354353,0.9596405511135409,0.9508109519387767,0.9460094476830443
98688,0.9277236628102291,0.9495720816021934,0.940772368264944,0.9300393717212875,0.9256038572416622
98689,0.9305779925856432,0.9524936324638034,0.9436668450259349,0.9329008262442541,0.9284516650058406
98690,0.9404254781376232,0.9625730318895072,0.9536528383508525,0.9427728922946718,0.9382766495097755
98691,0.9277236628102291,0.9495720816021934,0.940772368264944,0.9300393717212875,0.9256038572416622
98692,1.030708778363562,1.0526771352367321,1.039579803206284,1.0306825840510012,1.030703915013905
98693,1.0303352676098823,1.0523868289440532,1.041412417226849,1.0319766653085347,1.0299195998419404
98694,0.9962954744139392,1.0203438047329354,1.0050813923635111,1.000164416641399,1.0001404653853707
98695,0.998343985259723,1.022441762019807,1.0071479681796498,1.0022208825269459,1.0021968820240736
98696,1.006368260599907,1.0285882255648056,1.0154297080446888,1.0071267601258276,1.0057439821664798
98697,1.0080362618153522,1.0285882255648056,1.0169166932895022,1.0071267601258276,1.0079834268465286
98698,1.0452821340414788,1.0649882756325972,1.0549982895843957,1.0468270592808482,1.0461333257716217
98699,1.0452821340414788,1.0649882756325972,1.0549982895843957,1.0468270592808482,1.0461333257716217
98700,1.030708778363562,1.0526771352367321,1.039579803206284,1.0306825840510012,1.030703915013905
98701,1.0488869678990664,1.0686610694830867,1.0586366312628157,1.0504372210768256,1.04974109510918
98702,1.030708778363562,1.0526771352367321,1.039579803206284,1.0306825840510012,1.030703915013905
98703,0.9869210822579175,1.0081808094285782,0.9960661067019974,0.9868386851915572,0.986238148403192
98704,0.9869210822579175,1.0081808094285782,0.9960661067019974,0.9868386851915572,0.986238148403192
98705,0.9648186649518391,0.9877515252719007,0.9762199696536353,0.9665628544552731,0.9629065054513257
98706,0.9534577262243782,0.9761205473853668,0.9647247782123377,0.9551813775367538,0.9515680827962748
98707,0.9576574497896212,0.9804200945520836,0.9689741300961136,0.9593886933201263,0.955759482992986
98708,1.005009904918444,1.023914238395728,1.0149033291058305,1.0048381149700543,1.0034972906840147
98709,0.9757166670124563,1.0005432965887016,0.9860156550667565,0.9727417598059661,0.9733943429297576
98710,1.0027110754370547,1.0221827690619336,1.013578948995726,1.0028009936918083,1.0011209618129933
98711,0.9757166670124563,1.0005432965887016,0.9860156550667565,0.9727417598059661,0.9733943429297576
98712,0.9888104691027066,1.0139702640180606,0.999247666245641,0.985795639603695,0.9864569801819394
98713,0.9757166670124563,1.0005432965887016,0.9860156550667565,0.9727417598059661,0.9733943429297576
98715,0.9627028312252566,0.983352605138363,0.976233020471906,0.9630654540921022,0.9625952750541605
98716,0.9654594488672644,0.9881698773646372,0.9790228738756391,0.9678664801467356,0.963256055435351
98717,1.0066103493772849,1.0281255527797788,1.0167861527544202,1.0063638866033697,1.0064073965112923
98718,1.0213422006095532,1.0431722813386646,1.0316669279686577,1.0210921308263101,1.0211362775064365
98719,1.0065162946403206,1.0277318889873914,1.0165491648502687,1.0062733215230042,1.006316215279887
98720,1.0065162946403206,1.0277318889873914,1.0165491648502687,1.0062733215230042,1.006316215279887
98721,0.9430572064091581,0.9635530351327967,0.9552676612267715,0.9470332273281996,0.9455073422054864
98722,1.0072168425406114,1.0282456202325525,1.0186887452627191,1.00754929271076,1.0084408627643133
98723,1.0627162212558587,1.079212371997751,1.0714197745965408,1.0627325430760273,1.063134512435584
98724,0.9695185177233574,0.9934416780304046,0.9826892718763596,0.974752196196521,0.9734912233675778
98725,1.075723811198962,1.0927839113982578,1.085671017692844,1.0756816472172175,1.07717598888737
98726,1.075723811198962,1.0927839113982578,1.085671017692844,1.0756816472172175,1.07717598888737
98727,1.07643462622347,1.0935059993679355,1.0863884056162263,1.0763924343806786,1.0778877634794812
98728,1.0710879125448438,1.0877140139534387,1.0798600293084115,1.0711043629423662,1.0715094988701173
98729,1.040835959919264,1.061148688657479,1.0520400548323592,1.0422927844351688,1.0419807191644173
98730,1.0320960763072438,1.0536420227829735,1.043934950807723,1.0310254344577972,1.031695696102582
98731,1.053012674275002,1.0683803265618075,1.0617189542494498,1.0515414595562131,1.0527395549752263
98732,1.010557658684566,1.031653971057499,1.0221494722485418,1.0095093596497149,1.0101656338610105
98733,1.0577577778389642,1.0746910329593231,1.0668227519144666,1.0580412979971237,1.0582303785223208
98734,1.0694574124167553,1.0865779626828191,1.0786226522490903,1.0697440685312891,1.0699352404360978
98735,1.0577577778389642,1.0736543136377594,1.0668227519144666,1.0567323227063934,1.057936332442245
98736,1.0577577778389642,1.0746910329593231,1.0668227519144666,1.0580412979971237,1.0582303785223208
98737,0.9355011035363738,0.9576744364680705,0.9476458165965089,0.9402624536819774,0.939130873880817
98738,0.9355011035363738,0.9576744364680705,0.9476458165965089,0.9402624536819774,0.939130873880817
98739,0.936109380939954,0.958297131318443,0.9482619906818776,0.9408738269896597,0.9397415114176694
98740,0.9355011035363738,0.9576744364680705,0.9476458165965089,0.9402624536819774,0.939130873880817
98741,0.9349853290202946,0.9565922653084673,0.9476458165965089,0.9401252074002793,0.939130873880817
98742,0.9418300987285109,0.9664198580584652,0.9550532374999904,0.9475498202253683,0.9466734266094889
98743,0.9348030749611712,0.9564057994700554,0.9482999724376491,0.9399419514391268,0.9390190727781521
98744,0.9851218710321711,1.005689347617601,0.9963421185464953,0.9854470283566017,0.9863190403427169
98745,0.9851218710321711,1.005689347617601,0.9963421185464953,0.9854470283566017,0.9863190403427169
98746,0.9678667940701674,0.987879086240043,0.9793696186298236,0.9714371836183696,0.9705895673564375
98747,1.0904399928753636,1.10632374018081,1.0996090063119501,1.0904895769549157,1.092079601867667
98748,1.0815465292763446,1.0976207041911359,1.0906335191544207,1.08232181008007,1.0826564655158435
98749,1.0815465292763446,1.0976207041911359,1.0906335191544207,1.08232181008007,1.0826564655158435
98750,1.0815465292763446,1.0976207041911359,1.0906335191544207,1.08232181008007,1.0826564655158435
98751,1.0036120065518603,1.024074317271577,1.0143920092316514,1.0034969712687822,1.005087143794698
98752,1.0139107987035965,1.0345830880641333,1.02480142282501,1.0137945829598796,1.0154010734017058
98753,1.0063355476287519,1.0268533877197887,1.0171448044225986,1.0062202001699359,1.0078146880091055
98754,1.053012674275002,1.0683803265618075,1.0617189542494498,1.0515414595562131,1.0527395549752263
98756,1.0443508307582157,1.0619153767129557,1.053802692786041,1.0447909350280895,1.04553417753803
98757,0.9774331889992989,0.9975517078847755,0.9898666109191029,0.9780897904443374,0.9789189744045852
98760,0.9374140156020693,0.9610818611037436,0.9512439082283167,0.9431300337811954,0.9420344627747003
98761,0.9353747196207687,0.9589910769417519,0.949174526026856,0.9410783028963114,0.9399851152481975
98762,0.959429761846395,0.9844790217603095,0.9728999969763932,0.9652563658601826,0.9643635953707898
98763,1.053384931168238,1.071523553186893,1.0647283949588537,1.0553734928780136,1.0558633063399554
98764,1.0337712780832327,1.0515185272988297,1.0449825033520437,1.0353804762505214,1.0363840174271821
98765,1.093271050476964,1.1091725115989988,1.10240508811963,1.093829747878189,1.095261073771797
98766,1.0163332493989197,1.0347389634932314,1.0266271404069733,1.0167983858269107,1.0175355708924392
98767,1.093271050476964,1.1091725115989988,1.10240508811963,1.093829747878189,1.095261073771797
98768,0.9645737865971272,0.9845179902365647,0.976037474689381,0.9681320284825148,0.9672872960954112
98769,0.9726036732183696,0.9927139084213857,0.9841627942540863,0.9761915367659957,0.9753397721482966
98770,0.9413951781838212,0.9615457730938134,0.9524293149577913,0.9448523626833654,0.9422724143437166
98771,1.0325425627180616,1.050871614659991,1.0438109405714513,1.033984256028347,1.0351973623704414
98772,1.0325425627180616,1.050871614659991,1.0438109405714513,1.033984256028347,1.0351973623704414
98773,1.0004265572175834,1.019800745721401,1.012025336685447,1.001359451117239,1.0019493630228478
98774,1.0004265572175834,1.019800745721401,1.012025336685447,1.001359451117239,1.0019493630228478
98775,0.9505710194137863,0.9713823233417717,0.9678852966441555,0.9533186195335506,0.9530637683399703
98776,1.0288910928330761,1.0458437134529392,1.0378155129337299,1.0292771431168206,1.0307170652320266
98777,1.0288910928330761,1.0458437134529392,1.0378155129337299,1.0292771431168206,1.0307170652320266
98778,0.971685851518479,0.9916860728886365,0.9840461645315886,0.9723385921266465,0.9731629004594786
98779,0.904429277187672,0.9274303758595617,0.9204942817617171,0.9060404184376486,0.9067875849231724
98780,0.9868165476824027,1.0039778062362017,0.9961982718713971,0.9867357462450637,0.9874037178566331
98781,0.9868165476824027,1.0039778062362017,0.9961982718713971,0.9867357462450637,0.9874037178566331
98782,0.9868037847284932,1.0039816055847404,0.9961946184874562,0.98672290424808,0.9873915289930507
98783,0.947078084470952,0.9654690110032411,0.9583939161836441,0.949086636686407,0.9478771248521912
98784,1.008147473902362,1.0264049442552443,1.0183584556079524,1.0086088640174413,1.0093401116294334
98785,0.9754878852085861,0.9953412169014585,0.9863941668928541,0.978704178508988,0.9778858320242863
98786,0.9754878852085861,0.9953412169014585,0.9863941668928541,0.978704178508988,0.9778858320242863
98787,0.883543639620415,0.9053859314424949,0.895617837535725,0.8879441049213425,0.8841192955237284
98788,0.9174167536426462,0.9373367785054817,0.9279075528609201,0.9214350739040458,0.9184277378950356
98789,0.9301175439937693,0.9503133432618219,0.9407535786690566,0.9341914941997945,0.9311425243923889
98790,0.8676855494688673,0.8891358096840197,0.8795430362785087,0.872007033978896,0.868250873337857
98792,0.8955052915069701,0.9173102127672714,0.9078269038064642,0.9020552970370918,0.8972345943271124
98793,0.9355932710592426,0.9572142565142789,0.9491015775650741,0.9407364914682894,0.9398128326910138
98794,0.9565232886825141,0.9769977012978411,0.9677347427449542,0.9600360297329472,0.9574146219249821
98795,0.9508051865595012,0.9711572030098542,0.9619496184803635,0.9542969284222557,0.9516911914063447
98796,0.9585716892788394,0.9793952227584914,0.9718379345493644,0.9596090485783004,0.960477749414694
98797,0.9682945439903375,0.9882249620375476,0.980611717934883,0.9689450064505473,0.9697664378421845
98798,0.9585716892788394,0.9793952227584914,0.9718379345493644,0.9596090485783004,0.960477749414694
98799,0.8965488608334834,0.9204062015271309,0.918085030194028,0.8978875207886795,0.8980208298643899
98800,0.9420933326907663,0.9627190305868029,0.9592531921920056,0.9448164282836938,0.9445638499856006
98802,0.9576790820365716,0.9791553298867915,0.9730002186381667,0.9589997215462281,0.9594921900526366
98803,0.9576790820365716,0.9791553298867915,0.9730002186381667,0.9589997215462281,0.9594921900526366
98806,0.9576790820365716,0.9791553298867915,0.9730002186381667,0.9589997215462281,0.9594921900526366
98807,0.9576790820365716,0.9791553298867915,0.9730002186381667,0.9589997215462281,0.9594921900526366
98808,0.9868037847284932,1.0039816055847404,0.9961946184874562,0.98672290424808,0.9873915289930507
98809,0.9387904665299067,0.958946257275075,0.9519970508286525,0.9391444196614653,0.9386854818212762
98810,0.9995137200983012,1.0184455424300791,1.0113725451139781,1.0006334499444494,0.9998328787297337
98811,0.9057650499066644,0.9274254922066411,0.9211365579412414,0.9064300267052237,0.9065183401750384
98812,0.9057650499066644,0.9274254922066411,0.9211365579412414,0.9064300267052237,0.9065183401750384
98813,0.9057650499066644,0.9274254922066411,0.9211365579412414,0.9064300267052237,0.9065183401750384
98814,0.902479905945285,0.9226308671448842,0.917167628072694,0.904261533235129,0.9053769709042008
98815,0.8743288595411374,0.8966113680617406,0.8898921318465502,0.8758897173966144,0.8766135623054956
98816,0.8873481880475033,0.9099624976921457,0.9031432076555095,0.8889322880972078,0.8896669115301576
98817,0.8743288595411374,0.8966113680617406,0.8898921318465502,0.8758897173966144,0.8766135623054956
98818,0.9585791730576676,0.9793988835123683,0.9718429681445111,0.9596163388897408,0.9604848779601086
98819,0.874529105283961,0.8967730311145417,0.8900652774650046,0.8760872129232605,0.8768097848973785
98820,0.8816194156503192,0.9040436857792796,0.897281548513521,0.8831901557642614,0.8839185860448984
98821,0.874529105283961,0.8967730311145417,0.8900652774650046,0.8760872129232605,0.8768097848973785
98822,0.9411544343524784,0.959430331917338,0.9523994894006433,0.9431504237594763,0.9419484770088977
98823,0.9410355487161265,0.9593495700947088,0.9523041934863071,0.9430357565536138,0.9418312711737075
98824,0.9063686517138503,0.9278821665348627,0.9216353586272413,0.9070290399916328,0.9071167444514702
98825,0.8918685033416783,0.9117837406062184,0.9063844135100038,0.8936292907960575,0.8947316809559342
98830,0.8437716536443296,0.8659118746598029,0.8597262402836667,0.8467569983442779,0.8490309686282095
98831,0.8847029112547548,0.9072023365501791,0.9004175245191255,0.8862789121541608,0.887009782307978
98832,0.9585206015552086,0.9790806675186362,0.971992012166257,0.9588816490946909,0.9584135126358909
98833,0.9002305095293928,0.9201151030594056,0.9142986592973835,0.9024107780038836,0.9031428980555551
98834,0.9241630805920981,0.9440048219933258,0.9371638918111789,0.9245115187453481,0.9240597316604652
98835,0.9320574568741737,0.9520498939318073,0.9451569444535424,0.9324085364972037,0.9319533245001416
98836,0.9016828532076921,0.9217845445098087,0.9161340754309101,0.9047390278243316,0.9041362930848984
98837,0.8672238277696734,0.8875612740431373,0.8815091735302726,0.8710405846293059,0.8711985310762171
98838,0.8960410732306164,0.9158331290860678,0.9100437535253214,0.8982111953083883,0.898939908265669
98839,0.8883528964939241,0.9117352315114734,0.9062700975942797,0.889953998439576,0.8906264674416079
98840,0.848647063113873,0.8732119991605117,0.8662494924146855,0.8504172989324159,0.8506671358052605
98841,0.8480632147312167,0.8720579550479328,0.8660125753693523,0.8488472975972526,0.8501009039974591
98842,0.8482407077997766,0.8727938814863757,0.8658347085782997,0.8500100959812237,0.8502598132253729
98843,0.8745439473678329,0.8967850137880407,0.890078111142755,0.8761018511907863,0.8768243288284219
98844,0.906245781203446,0.9277891984687288,0.9215338166172772,0.9069071032612878,0.9069949316571277
98845,0.906245781203446,0.9277891984687288,0.9215338166172772,0.9069071032612878,0.9069949316571277
98846,0.8949920398271564,0.9149978242084973,0.9091466605939929,0.8971859439767872,0.8979226233329214
98847,0.8949920398271564,0.9149978242084973,0.9091466605939929,0.8971859439767872,0.8979226233329214
98848,0.8949920398271564,0.9149978242084973,0.9091466605939929,0.8971859439767872,0.8979226233329214
98849,0.8297474322019323,0.851711366515552,0.8455293983525816,0.8315930115320581,0.8339250411826689
98850,0.8474993103240895,0.8705729493708673,0.8642657719296509,0.8483714820112723,0.8493511502954048
98851,0.8920822760558511,0.9119552669214377,0.9065672559922102,0.8938392716800457,0.8949392935304983
98852,0.8918685033416783,0.9117837406062184,0.9063844135100038,0.8936292907960575,0.8947316809559342
98853,1.00190248310967,1.0193090398119684,1.0131055926003645,1.0031803592668556,1.0021234534135384
98854,1.00190248310967,1.0193090398119684,1.0131055926003645,1.0031803592668556,1.0021234534135384
98855,1.00190248310967,1.0193090398119684,1.0131055926003645,1.0031803592668556,1.0021234534135384
98856,1.00190248310967,1.0183227991600925,1.0121470796652245,1.0031803592668556,1.0020295514021595
98857,0.885655090147335,0.9092225454704782,0.9069295781866255,0.8869774843358611,0.8871091736019163
98858,0.8469271038726294,0.8708896995513642,0.8648524185868627,0.8477101363393051,0.8489620633413029
98859,0.8601011817871902,0.8845713616425128,0.8791152114953426,0.8617313805155264,0.8628456492466514
98860,0.864445373233503,0.8890395454967324,0.8839596658945845,0.86716641608306,0.8667824181238712
98861,0.8477270312307553,0.8728339628213072,0.8678161848699264,0.8497154410878291,0.8514354543890404
98862,0.8296179124306375,0.8516007153534932,0.8454135099036952,0.8314651055760411,0.8337991668466954
98863,0.8350972154886488,0.8570189704180848,0.8508944019982455,0.8380531201866258,0.8403046619671671
98864,0.8336630569613664,0.8550052668793675,0.8490623732229692,0.837952754849021,0.8396440641935206
98865,0.8337861433325782,0.8551105737385177,0.8491725644479595,0.8380722139318484,0.8397621006660825
98866,0.83450639342724,0.8558219494486812,0.8498863247080808,0.8381126246964641,0.8403632229967062
98867,0.8351579643372619,0.8570706426373761,0.8509485751871654,0.8381126246964641,0.8403632229967062
98868,0.9410355487161265,0.9593495700947088,0.9523041934863071,0.9430357565536138,0.9418312711737075
98869,0.9410355487161265,0.9593495700947088,0.9523041934863071,0.9430357565536138,0.9418312711737075
98870,0.9410355487161265,0.9593495700947088,0.9523041934863071,0.9430357565536138,0.9418312711737075
98871,0.9388614190087395,0.9579770148985601,0.9509065147710009,0.9388035532286451,0.9382310147867527
98872,0.9388614190087395,0.9579770148985601,0.9509065147710009,0.9388035532286451,0.9382310147867527
98873,0.8745439473678329,0.8967850137880407,0.890078111142755,0.8761018511907863,0.8768243288284219
98874,0.8745439473678329,0.8967850137880407,0.890078111142755,0.8761018511907863,0.8768243288284219
98875,0.8745439473678329,0.8967850137880407,0.890078111142755,0.8761018511907863,0.8768243288284219
98876,0.8745439473678329,0.8967850137880407,0.890078111142755,0.8761018511907863,0.8768243288284219
98877,0.9548192703384559,0.9721791000324076,0.964946097741981,0.9567722993614326,0.9548992305377898
98878,0.9548192703384559,0.9721791000324076,0.964946097741981,0.9567722993614326,0.9548992305377898
98879,0.9447948659880361,0.962306640690331,0.9558080143312324,0.9464176489979634,0.9452632406398328
98880,0.9237052214781714,0.9433369193290979,0.9371762349072937,0.9256715064123429,0.9258372020726621
98881,0.9202582290826902,0.9433994561494105,0.9374715992636964,0.9207610121615676,0.9218392272943875
98882,0.9001343209340472,0.9235382758921192,0.9180316896798754,0.9010874486810869,0.9012512276470628
98883,0.8644821877050657,0.8890690541984184,0.8839906586967782,0.867202407098538,0.866818525113747
98884,0.8460981663671651,0.8701406347465269,0.8653915667947314,0.848391910199948,0.8489646574475257
98885,0.8614143790081549,0.8827096081313198,0.873186166198776,0.8657046301226033,0.8619756170163737
98886,0.8490956749640612,0.8728728572099684,0.8627715725543094,0.8537667015337516,0.849570426875151
98887,0.8614143790081549,0.8827096081313198,0.873186166198776,0.8657046301226033,0.8619756170163737
98888,0.8298614569178246,0.85180878235966,0.8456314243506597,0.8317056157430481,0.8340358571205857
98889,0.8298044954807119,0.851760117660721,0.8455804567004382,0.8316493638956891,0.8339804985766666
98890,0.8298614569178246,0.85180878235966,0.8456314243506597,0.8317056157430481,0.8340358571205857
98891,0.8350392480503496,0.8569696646319113,0.8508427096089926,0.8379963402111681,0.8402487823445486
98892,0.8350392480503496,0.8569696646319113,0.8508427096089926,0.8379963402111681,0.8402487823445486
98893,0.8296179124306375,0.8516007153534932,0.8454135099036952,0.8314651055760411,0.8337991668466954
98894,0.8306041215592814,0.8525803839373883,0.8463949118557028,0.8324507236552571,0.8347840491520021
98895,0.9038739681400679,0.9267883583976047,0.9230163948360853,0.9045095413269072,0.9046511524730315
98896,0.9091363770599297,0.9321841762836882,0.9283902521221393,0.9097756505923099,0.9099180862070934
98897,0.9146012577595587,0.9377875988746386,0.9339708691764843,0.9152443740086942,0.9153876658136618
98898,0.8686881291879789,0.8934010178154682,0.8878907455605834,0.8703344953088755,0.8714598148818271
98899,0.8350885273037095,0.8570115804080187,0.8508866542918632,0.8380446099731238,0.8402962866945758
98900,0.8301525291780979,0.852116843249666,0.845934734156429,0.8319981272922535,0.8343301841798143
98901,0.8301525291780979,0.852116843249666,0.845934734156429,0.8319981272922535,0.8343301841798143
98902,0.8296179124306375,0.8516007153534932,0.8454135099036952,0.8314651055760411,0.8337991668466954
98903,0.8296179124306375,0.8516007153534932,0.8454135099036952,0.8314651055760411,0.8337991668466954
98904,0.8933333118071286,0.9132233821982318,0.9078307090715952,0.8950918044497291,0.8961927648569721
98905,0.8352214776156067,0.8571246669342865,0.8510052141004463,0.8381748371220843,0.8404244490885772
98906,0.8352214776156067,0.8571246669342865,0.8510052141004463,0.8381748371220843,0.8404244490885772
98907,0.8352214776156067,0.8571246669342865,0.8510052141004463,0.8381748371220843,0.8404244490885772
98908,0.8352157091054545,0.8571197602193907,0.8510000699232901,0.838169186755499,0.840418888301065
98909,0.8350972154886488,0.8570189704180848,0.8508944019982455,0.8380531201866258,0.8403046619671671
98910,0.8350972154886488,0.8570189704180848,0.8508944019982455,0.8380531201866258,0.8403046619671671
98911,0.8408211115475834,0.8628931218536608,0.8567265746169955,0.8437972765109971,0.846064250735672
98912,0.8408211115475834,0.8628931218536608,0.8567265746169955,0.8437972765109971,0.846064250735672
98913,0.8408211115475834,0.8628931218536608,0.8567265746169955,0.8437972765109971,0.846064250735672
98914,0.9507113173279715,0.9698891197417616,0.963855827056212,0.9535068429462402,0.9514303425640689
98915,0.9679847765219336,0.9882028183958138,0.9796079477767115,0.9730879384892858,0.9708452730128059
98916,0.9679847765219336,0.9882028183958138,0.9796079477767115,0.9730879384892858,0.9708452730128059
98917,0.9886126237719913,1.0092615140327317,1.0004834859068534,0.9938245346041067,0.9915340777139561
98918,0.904925486456206,0.9276021284009943,0.9186599044695057,0.9093303942746024,0.9047970980767476
98919,0.8351724107027116,0.85708293063184,0.8509614579018057,0.8381267751674769,0.8403771491146853
98920,0.8351724107027116,0.85708293063184,0.8509614579018057,0.8381267751674769,0.8403771491146853
98921,0.8351724107027116,0.85708293063184,0.8509614579018057,0.8381267751674769,0.8403771491146853
98922,0.8351724107027116,0.85708293063184,0.8509614579018057,0.8381267751674769,0.8403771491146853
98923,0.8351724107027116,0.85708293063184,0.8509614579018057,0.8381267751674769,0.8403771491146853
98924,0.8469271038726294,0.8708896995513642,0.8648524185868627,0.8477101363393051,0.8489620633413029
98925,0.8469271038726294,0.8708896995513642,0.8648524185868627,0.8477101363393051,0.8489620633413029
98926,0.8429363105075055,0.8653866879081787,0.8611551309136773,0.8445685913811647,0.8467794687515243
98927,0.8429363105075055,0.8653866879081787,0.8611551309136773,0.8445685913811647,0.8467794687515243
98928,0.8478055135478317,0.8728980960966327,0.8678831364863805,0.8497927640974859,0.8515117778137534
98929,0.846376084656446,0.870875284965586,0.8639314098789226,0.8481415833261986,0.8483907516358904
98930,0.8338124559789529,0.8551330859246803,0.8491961207047347,0.8380977512376349,0.839787333884406
98931,0.8271454094606928,0.8481186335305104,0.8431377137552388,0.8316182518603773,0.8330497734034363
98932,0.8298044954807119,0.851760117660721,0.8455804567004382,0.8316493638956891,0.8339804985766666
98933,0.8298044954807119,0.851760117660721,0.8455804567004382,0.8316493638956891,0.8339804985766666
98934,0.8243901927216277,0.8465504036743888,0.841037847235961,0.8281835247054601,0.8299888080066452
98935,0.8784695656720778,0.9008104669121454,0.8940734585873586,0.8800344625521349,0.880760183218834
98936,0.8336630569613664,0.8550052668793675,0.8490623732229692,0.837952754849021,0.8396440641935206
98937,0.8352410391447408,0.856623646231266,0.8506695036893267,0.8395388566999064,0.8412333674049435
98938,0.8596256616819891,0.8797849217829367,0.8737858466406897,0.8634089780945221,0.8635655406964581
98939,0.8596812076265568,0.8798316752912894,0.8738351850753546,0.8634628507209351,0.8636193443115776
98940,0.859722186917339,0.8798661682633323,0.8738715850032786,0.863502595589803,0.8636590382700761
98941,0.8618709717278931,0.8820653008278457,0.8760557347400241,0.8656608291325832,0.8658176628248136
98942,0.827725019437403,0.8486960345651473,0.8437155918444987,0.8321973462164168,0.8336287079091311
98943,0.8337861433325782,0.8551105737385177,0.8491725644479595,0.8380722139318484,0.8397621006660825
98944,0.833768589221778,0.8550955551166224,0.849156849273605,0.8380551770940136,0.8397452667016665
98945,0.8337861433325782,0.8551105737385177,0.8491725644479595,0.8380722139318484,0.8397621006660825
98946,0.8978037713712649,0.91781898425657,0.9121928237601106,0.9008467981816638,0.9002466564352898
98947,0.8978037713712649,0.91781898425657,0.9121928237601106,0.9008467981816638,0.9002466564352898
98948,0.8978037713712649,0.91781898425657,0.9121928237601106,0.9008467981816638,0.9002466564352898
98950,0.8254740076039291,0.8476448499613838,0.8421295921712697,0.8292691158799415,0.8310752509555481
98951,0.8278573535518029,0.8488317214605432,0.8438504824821262,0.8323303953525808,0.8337619858869727
98953,0.8980245257162701,0.9179935745086965,0.9123802366897064,0.9010604349395142,0.9004616940644662
98954,0.8979324349496483,0.9179207405588466,0.9123020538405545,0.9009713131473397,0.9003719879225135
98955,0.897865640281591,0.9178679141760699,0.9122453475963483,0.9009066721193164,0.900306923018966
98957,0.8980245257162701,0.9179935745086965,0.9123802366897064,0.9010604349395142,0.9004616940644662
98958,0.8803917020335924,0.9009966111844825,0.8942484781345823,0.8825852913147008,0.8825875313326045
98959,0.8307104436467659,0.8526895191123962,0.8465032552548373,0.8325572821183922,0.8348909062941724
98960,0.8307104436467659,0.8526895191123962,0.8465032552548373,0.8325572821183922,0.8348909062941724
98961,0.8307104436467659,0.8526895191123962,0.8465032552548373,0.8325572821183922,0.8348909062941724
98962,0.8350276415119451,0.8569597924444131,0.8508323595469731,0.8379849714440154,0.8402375938589026
98963,0.8252608592455453,0.8474444743508666,0.8419260959140761,0.8290581974963148,0.8308653874186005
98964,0.8297474322019323,0.851711366515552,0.8455293983525816,0.8315930115320581,0.8339250411826689
98965,0.8597342272988368,0.879876302914476,0.8738822799351553,0.8635142732904604,0.8636707010129315
98966,0.8598087524649125,0.8799390329293381,0.8739484777242417,0.863586553731633,0.8637428888762363
98967,0.8597318196715148,0.8798742763601459,0.8738801413460756,0.8635119381853327,0.8636683688987888
98968,0.8597847356376914,0.8799188171570816,0.8739271444372997,0.863563260276405,0.8637196252546492
98969,0.8267733555502271,0.8477202595815254,0.8427455430469507,0.8312405403415187,0.8326702563485278
98971,0.8351492932612337,0.8570632670879891,0.8509408426674834,0.8381041312266175,0.8403548641913007
98973,0.8351492932612337,0.8570632670879891,0.8509408426674834,0.8381041312266175,0.8403548641913007
98974,0.8351492932612337,0.8570632670879891,0.8509408426674834,0.8381041312266175,0.8403548641913007
98976,0.8340836859751534,0.8553968606583622,0.8494619257573034,0.8381041312266175,0.8400564283628225
98977,0.8351492932612337,0.8570632670879891,0.8509408426674834,0.8381041312266175,0.8403548641913007
98978,0.8351492932612337,0.8570632670879891,0.8509408426674834,0.8381041312266175,0.8403548641913007
98979,0.8351492932612337,0.8570632670879891,0.8509408426674834,0.8381041312266175,0.8403548641913007
98980,0.8275662695374767,0.8485332626210945,0.8435537751026748,0.8320377385661364,0.833468825737095
98981,0.8298464769342851,0.8517959842366161,0.8456180205997265,0.8316908223652396,0.8340212986611955
98982,0.8298074959892177,0.851762681115129,0.845583141468758,0.8316523270243362,0.8339834146478204
98983,0.8252285666379785,0.8473896528123824,0.8418768122920121,0.8290219974424091,0.8308273352881606
98984,0.8339465961161384,0.8552478533963843,0.8493162103469916,0.838227939170798,0.8399159717606298
98985,0.8339465961161384,0.8552478533963843,0.8493162103469916,0.838227939170798,0.8399159717606298
98986,0.8338970901068273,0.8552054967428921,0.849271889567516,0.8381798916853465,0.8398684963107647
98987,0.8338970901068273,0.8552054967428921,0.849271889567516,0.8381798916853465,0.8398684963107647
98988,0.8338970901068273,0.8552054967428921,0.849271889567516,0.8381798916853465,0.8398684963107647
98989,0.8241097358882853,0.8462518443426403,0.8407437586909905,0.8278999442491495,0.8297037446543858
98990,0.8979324349496483,0.9179207405588466,0.9123020538405545,0.9009713131473397,0.9003719879225135
98991,0.8811538170378681,0.9017765629202829,0.8950225883189047,0.8833493052093233,0.8833515471663085
98992,0.864445373233503,0.8890395454967324,0.8839596658945845,0.86716641608306,0.8667824181238712
98994,0.8644982767234578,0.8890819504652647,0.8840042035458451,0.867218136254385,0.8668343049521677
98995,0.8298074959892177,0.851762681115129,0.845583141468758,0.8316523270243362,0.8339834146478204
98996,0.8450410520750868,0.867530853842756,0.8632918237084786,0.8466761804425408,0.8488909194675842
98997,0.8685664116043524,0.8932657705977582,0.8881641289408759,0.8712990701838456,0.8709134326576589
98998,0.8698744979415535,0.894611054889664,0.8895017300117182,0.8726112719845326,0.8722250536769889
98999,0.8720532425948303,0.8968517563439721,0.8917296343162237,0.8747968713413643,0.8744096856861463
99000,0.8978857534769727,0.9210622066002364,0.9183126645288667,0.8978164549289155,0.8984687071304209
99001,0.8978857534769727,0.9210622066002364,0.9183126645288667,0.8978164549289155,0.8984687071304209
99002,0.833768589221778,0.8550955551166224,0.849156849273605,0.8380551770940136,0.8397452667016665
99003,0.8339000044152156,0.8552079901730996,0.8492744986241698,0.8381827201309674,0.8398712910809111
99004,0.8338970901068273,0.8552054967428921,0.849271889567516,0.8381798916853465,0.8398684963107647
99005,0.8339000044152156,0.8552079901730996,0.8492744986241698,0.8381827201309674,0.8398712910809111
99006,0.8416996950992309,0.8649037515116789,0.8581895725121038,0.8431403981448862,0.8445135149103262
99007,0.8416776890124225,0.8648853467026612,0.8581701405319963,0.843118619925482,0.8444919533325893
99008,0.8352330113828114,0.8571344776143701,0.8510154995670386,0.838186134671583,0.8404355675324799
99009,0.8352012830850769,0.8571074894214278,0.8509872052683649,0.8381550561953074,0.840404981765211
99010,0.8298884031336843,0.851831803910105,0.8456555352902522,0.8317322262996049,0.8340620451144056
99011,0.8298884031336843,0.851831803910105,0.8456555352902522,0.8317322262996049,0.8340620451144056
99012,0.8298074959892177,0.851762681115129,0.845583141468758,0.8316523270243362,0.8339834146478204
99013,0.8298074959892177,0.851762681115129,0.845583141468758,0.8316523270243362,0.8339834146478204
99015,0.8418477601757118,0.8667737423771376,0.8622614271731543,0.8433921504713214,0.8458980100111675
99016,0.8450141180382079,0.8675032029872696,0.8632643079638175,0.8466491942891313,0.848863862723684
99017,0.8530261424343619,0.8782900165519045,0.8732408726508963,0.8550269817699858,0.8567577468125231
99019,0.8405983241039604,0.8644692907933033,0.861340732411822,0.8426999134448819,0.8455627413917699
99020,0.8530261424343619,0.8782900165519045,0.8732408726508963,0.8550269817699858,0.8567577468125231
99022,0.8426412569715518,0.8667325662046688,0.8632525574197959,0.844364388889416,0.8464082956117315
99024,0.849727484703872,0.8738730826901961,0.8691036437222647,0.8520310674972899,0.852606271530818
99029,0.8249991567668511,0.8471572454301189,0.8416451602714314,0.8287920819210145,0.8305971780241707
99030,0.8403651638991515,0.8618388479395315,0.855859217088668,0.8446811847765221,0.8463828869645207
99031,0.8248519393658726,0.8470087110499364,0.8414969615875544,0.8286446452961841,0.8304496361530006
99032,0.8338970901068273,0.8552054967428921,0.849271889567516,0.8381798916853465,0.8398684963107647
99033,0.8233469196066694,0.8454685327797496,0.8399655455479251,0.8271336196572655,0.8289357504203922
99034,0.8484168348564846,0.8721750075779889,0.8620817987580272,0.8530841270058116,0.8488912072100665
99035,0.8428558066875024,0.8653040399865173,0.8610728871227887,0.8444879316717496,0.8466985978943966
99036,0.8428558066875024,0.8653040399865173,0.8610728871227887,0.8444879316717496,0.8466985978943966
99037,0.8428558066875024,0.8653040399865173,0.8610728871227887,0.8444879316717496,0.8466985978943966
99038,0.8416996950992309,0.8649037515116789,0.8581895725121038,0.8431403981448862,0.8445135149103262
99039,0.8529370033264514,0.8757104067821277,0.8704058060810773,0.8535906952411527,0.8555833787354062
99040,0.8769732545974102,0.9000102830095695,0.89744999454035,0.8777824716851581,0.8792259776531397
99041,0.8769732545974102,0.9000102830095695,0.89744999454035,0.8777824716851581,0.8792259776531397
99042,0.8804585397608248,0.9035871224055826,0.9010166587852179,0.8812709728557828,0.882720215634901
99043,0.8499977625946147,0.8751552293524646,0.8701273020978063,0.8519901517616211,0.8537136104904778
99044,0.8463853112901183,0.8694245069603006,0.863126730669022,0.8472561784453124,0.84823438165909
99045,0.8463853112901183,0.8694245069603006,0.863126730669022,0.8472561784453124,0.84823438165909
99046,0.8463853112901183,0.8694245069603006,0.863126730669022,0.8472561784453124,0.84823438165909
99047,0.8470605610003975,0.870118137436401,0.863815336753088,0.8479321229370185,0.8489111065653754
99048,0.8339291324399762,0.855232911670211,0.8493005757695089,0.8382109899904285,0.8398992243666156
99049,0.8339291324399762,0.855232911670211,0.8493005757695089,0.8382109899904285,0.8398992243666156
99050,0.8270903540015672,0.8480452894190896,0.843068665496684,0.8315592515847033,0.8329895157682555
99051,0.8270903540015672,0.8480452894190896,0.843068665496684,0.8315592515847033,0.8329895157682555
99052,0.8270903540015672,0.8480452894190896,0.843068665496684,0.8315592515847033,0.8329895157682555
99053,0.8597342272988368,0.879876302914476,0.8738822799351553,0.8635142732904604,0.8636707010129315
99054,0.8597342272988368,0.879876302914476,0.8738822799351553,0.8635142732904604,0.8636707010129315
99055,0.8597342272988368,0.879876302914476,0.8738822799351553,0.8635142732904604,0.8636707010129315
99056,0.859690855653015,0.8798397961743939,0.8738437549323189,0.863472208113387,0.8636286897176304
99057,0.8600916378217267,0.8802420869434441,0.8742455721162717,0.8638732552620277,0.8640297480149609
99058,0.8233905449919943,0.8455059554119707,0.8400044885813708,0.8271761659098945,0.8289777856614954
99059,0.8233905449919943,0.8455059554119707,0.8400044885813708,0.8271761659098945,0.8289777856614954
99060,0.82335938989121,0.8454792299785271,0.8399766773592761,0.827145781465794,0.8289477661536054
99061,0.8233905449919943,0.8455059554119707,0.8400044885813708,0.8271761659098945,0.8289777856614954
99062,0.8377601607620742,0.8580099985593393,0.8516101844253811,0.8414271683849177,0.8427506797104992
99063,0.8339099879666473,0.8552301315042872,0.8492932922655163,0.8381951778176241,0.8398847199768877
99064,0.859690855653015,0.8798397961743939,0.8738437549323189,0.863472208113387,0.8636286897176304
99065,0.8233780864842896,0.8454952682489573,0.8399933672302049,0.8271640155734521,0.8289657812563331
99066,0.8233780864842896,0.8454952682489573,0.8399933672302049,0.8271640155734521,0.8289657812563331
99067,0.8232844974764477,0.8454149865328313,0.8399098236896895,0.8270727417370454,0.8288756037416407
99068,0.8233780864842896,0.8454952682489573,0.8399933672302049,0.8271640155734521,0.8289657812563331
99069,0.898586488564034,0.9186048212140047,0.9129777405764107,0.901629961883512,0.9010297312766984
99070,0.8803917020335924,0.9009966111844825,0.8942484781345823,0.8825852913147008,0.8825875313326045
99071,0.8803917020335924,0.9009966111844825,0.8942484781345823,0.8825852913147008,0.8825875313326045
99072,0.8416776890124225,0.8648853467026612,0.8581701405319963,0.843118619925482,0.8444919533325893
99073,0.8416831920840856,0.8648899491928301,0.8581749998893005,0.8431240660136013,0.8444973452444359
99074,0.8416831920840856,0.8648899491928301,0.8581749998893005,0.8431240660136013,0.8444973452444359
99079,0.8298074959892177,0.851762681115129,0.845583141468758,0.8316523270243362,0.8339834146478204
99080,0.8298074959892177,0.851762681115129,0.845583141468758,0.8316523270243362,0.8339834146478204
99081,0.8253948310979169,0.8475635469076946,0.8420488181213258,0.8291895753607557,0.830995537198364
99082,0.8298074959892177,0.851762681115129,0.845583141468758,0.8316523270243362,0.8339834146478204
99083,0.8233656232666082,0.8454845770722647,0.8399822416956226,0.8271518606489092,0.8289537723206732
99084,0.8233656232666082,0.8454845770722647,0.8399822416956226,0.8271518606489092,0.8289537723206732
99085,0.8239704255320004,0.8461056267895686,0.8405992496788455,0.8277594440905873,0.8295626793544839
99086,0.8408183703744676,0.8657161170497802,0.8612089193874973,0.8423610136580314,0.8448640378758495
99087,0.8408773736361348,0.8657757456189484,0.8612684317057007,0.8424200544458453,0.8449231399006466
99088,0.8279897263243011,0.8489674479934682,0.8439854125246763,0.8324634833557188,0.8338953027986385
99089,0.8233936588831051,0.8455086265756847,0.8400072682656063,0.8271792027772293,0.8289807860550089
99090,0.8233625067261353,0.8454819036508561,0.8399794596582154,0.8271488212007679,0.8289507693787551
99091,0.8234123360501416,0.8455246482918476,0.8400239408822101,0.8271974179615038,0.828998782471928
99092,0.8234123360501416,0.8455246482918476,0.8400239408822101,0.8271974179615038,0.828998782471928
99093,0.8233531553379391,0.845473881881057,0.8399711119767467,0.8271397011352868,0.8289417588535518
99094,0.8234123360501416,0.8455246482918476,0.8400239408822101,0.8271974179615038,0.828998782471928
99095,0.8240432342752101,0.8461724889623163,0.8406675669127113,0.8278312163149224,0.8296339610301634
99096,0.8234247816106374,0.8455353244215663,0.8400350507335198,0.8272095556857354,0.8290107744232127
99097,0.8234247816106374,0.8455353244215663,0.8400350507335198,0.8272095556857354,0.8290107744232127
99098,0.8234247816106374,0.8455353244215663,0.8400350507335198,0.8272095556857354,0.8290107744232127
99099,0.8233936588831051,0.8455086265756847,0.8400072682656063,0.8271792027772293,0.8289807860550089
99100,0.8264316709499601,0.8473867973581795,0.8424101755868886,0.8309006537623983,0.8323309400546265
99101,0.8263795047808962,0.8473417700902257,0.8423634767251543,0.8308500323774264,0.8322808104821815
99102,0.8304644049056802,0.8515217859258455,0.8465208797614132,0.8349551949883003,0.836392460640468
99106,0.8263272550920149,0.8472966711828442,0.8423167034568528,0.8307993300574735,0.8322306007960381
99107,0.8255071998922662,0.8472966711828442,0.8421694294338264,0.8293038354066041,0.8311106945624254
99108,0.8259493580068654,0.8472966711828442,0.8423167034568528,0.8297466517014755,0.8315538268425816
99109,0.8263272550920149,0.8472966711828442,0.8423167034568528,0.8307993300574735,0.8322306007960381
99110,0.8263272550920149,0.8472966711828442,0.8423167034568528,0.8307993300574735,0.8322306007960381
99111,0.8263272550920149,0.8472966711828442,0.8423167034568528,0.8307993300574735,0.8322306007960381
99112,0.8263272550920149,0.8472966711828442,0.8423167034568528,0.8307993300574735,0.8322306007960381
99113,0.8263272550920149,0.8472966711828442,0.8423167034568528,0.8307993300574735,0.8322306007960381
99114,0.8377345701337857,0.8579879949475133,0.8515870608329597,0.8414022367896199,0.8427259849333061
99115,0.8377345701337857,0.8579879949475133,0.8515870608329597,0.8414022367896199,0.8427259849333061
99116,0.8377345701337857,0.8579879949475133,0.8515870608329597,0.8414022367896199,0.8427259849333061
99117,0.8282810824696056,0.8492661858585315,0.8442823972923231,0.8327564137435076,0.834188737020449
99118,0.8264439332126894,0.8473973816047188,0.8424211527477663,0.8309125529218765,0.8323427236127738
99119,0.8263795047808962,0.8473417700902257,0.8423634767251543,0.8308500323774264,0.8322808104821815
99120,0.8264224712211405,0.8473788565726929,0.8424019400152145,0.8308917264548298,0.8323220994778636
99121,0.8264439332126894,0.8473973816047188,0.8424211527477663,0.8309125529218765,0.8323427236127738
99122,0.8340163523482808,0.8553075365662871,0.8493786608930912,0.8382956404427018,0.8399828670703942
99123,0.8265265827190859,0.8474687216760205,0.8424951409905534,0.8309927552178042,0.8324221467869299
99124,0.8340163523482808,0.8553075365662871,0.8493786608930912,0.8382956404427018,0.8399828670703942
99125,0.8375233387573323,0.8578063758125565,0.8513961959788509,0.8411964461073295,0.8425221493069585
99126,0.8375233387573323,0.8578063758125565,0.8513961959788509,0.8411964461073295,0.8425221493069585
99127,0.837477474660739,0.8577669423132305,0.8513547547169725,0.8411517635397282,0.8424778913062654
99128,0.8375118791559742,0.8577965229274872,0.8513858414431587,0.8411852817158757,0.842511090995404
99129,0.8389751203882865,0.8592933165122244,0.8528720251298574,0.842654594784469,0.8439825959875855
99133,0.8233469196066694,0.8454685327797496,0.8399655455479251,0.8271336196572655,0.8289357504203922
99134,0.8233469196066694,0.8454685327797496,0.8399655455479251,0.8271336196572655,0.8289357504203922
99135,0.8233282053436107,0.8454524794517665,0.8399488399826159,0.8271153683368992,0.828917718321079
99136,0.8233469196066694,0.8454685327797496,0.8399655455479251,0.8271336196572655,0.8289357504203922
99137,0.8233469196066694,0.8454685327797496,0.8399655455479251,0.8271336196572655,0.8289357504203922
99138,0.8233531553379391,0.845473881881057,0.8399711119767467,0.8271397011352868,0.8289417588535518
99139,0.84289767938351,0.8651757771037142,0.8622897401794897,0.8452437567705314,0.8479018482078109
99140,0.8377942480268988,0.8580393080089384,0.8516409856674865,0.8414603778391703,0.842783573730191
99141,0.8377942480268988,0.8580393080089384,0.8516409856674865,0.8414603778391703,0.842783573730191
99142,0.8423702530860523,0.8627258909302804,0.8562926211593449,0.8460564071806674,0.8473868303248064
99143,0.8377942480268988,0.8580393080089384,0.8516409856674865,0.8414603778391703,0.842783573730191
99144,0.8377601607620742,0.8580099985593393,0.8516101844253811,0.8414271683849177,0.8427506797104992
99145,0.8232844974764477,0.8454149865328313,0.8399098236896895,0.8270727417370454,0.8288756037416407
99146,0.8587433660140369,0.8825186821570685,0.8761938865574234,0.8593957542287699,0.8604391727536532
99147,0.8417326732398708,0.8649313329746888,0.8582186932450151,0.8431730348181494,0.8445458269380919
99148,0.880204212923293,0.9008440992503738,0.8940846442129565,0.8824015839007641,0.8824038277732276
99149,0.8263272550920149,0.8472966711828442,0.8423167034568528,0.8307993300574735,0.8322306007960381
99150,0.826308794071179,0.8472807368059978,0.842300177467912,0.830781415784491,0.8322128605900551
99151,0.826308794071179,0.8472807368059978,0.842300177467912,0.830781415784491,0.8322128605900551
99152,0.8273328717210559,0.8483278069913535,0.8433417787871114,0.8318103890738057,0.8332434016279119
99156,0.8416776890124225,0.8648853467026612,0.8581701405319963,0.843118619925482,0.8444919533325893
99157,0.8416776890124225,0.8648853467026612,0.8581701405319963,0.843118619925482,0.8444919533325893
99158,0.8416776890124225,0.8648853467026612,0.8581701405319963,0.843118619925482,0.8444919533325893
99159,0.841731441516579,0.8649405813296454,0.8582249463022431,0.8431724644525659,0.8445458855655856
99160,0.8416776890124225,0.8648853467026612,0.8581701405319963,0.843118619925482,0.8444919533325893
99161,0.8234278922653828,0.845537992827318,0.8400378275431706,0.8272125894004408,0.8290137717036735
99162,0.8454973390271523,0.869675506631442,0.864225583006754,0.8471547807121164,0.8487764417157344
99163,0.8422999543258552,0.8663961481926961,0.8629154659327494,0.8440234531724945,0.8460677915579674
99164,0.826308794071179,0.8472807368059978,0.842300177467912,0.830781415784491,0.8322128605900551
99165,0.8799262082151761,0.9006179701976463,0.8938417238731822,0.8821291882373207,0.882131437826862
99166,0.8964472958387957,0.915992843017783,0.9099921497793377,0.8978817020470755,0.898803833228906
99167,0.8233282053436107,0.8454524794517665,0.8399488399826159,0.8271153683368992,0.828917718321079
99168,0.8232688735210433,0.8454015842724127,0.8398958768623925,0.827057504310982,0.8288605493513141
99169,0.8233282053436107,0.8454524794517665,0.8399488399826159,0.8271153683368992,0.828917718321079
99170,0.881969882335488,0.9031405912817246,0.8966089888680804,0.8843170861173634,0.8850111827146521
99171,0.881995856886722,0.9031615299934156,0.8966314622372243,0.8843424934723227,0.8850364227730672
99172,0.8263334064515178,0.8473019806569126,0.8423222100582717,0.8308052992393244,0.8322365119783156
99173,0.8272330234233488,0.8482244258057036,0.8432392338043802,0.8317097846947684,0.8331425555739247
99174,0.8416996950992309,0.8649037515116789,0.8581895725121038,0.8431403981448862,0.8445135149103262
99175,0.8416996950992309,0.8649037515116789,0.8581895725121038,0.8431403981448862,0.8445135149103262
99176,0.8536714246352253,0.8764644371273321,0.8711552689004572,0.8543256794112747,0.8563200787054221
99177,0.8263795047808962,0.8473417700902257,0.8423634767251543,0.8308500323774264,0.8322808104821815
99178,0.8251763290029432,0.8473417700902257,0.84183028648401,0.8289710761547255,0.830777037352064
99179,0.8263118716312288,0.8472833931558176,0.8423029324437135,0.8307844021975099,0.8322158179847939
99180,0.9285409943542826,0.9472736718842327,0.9413804208375078,0.9312716383503093,0.9292433317871771
99181,0.9343873540755165,0.9532379779019121,0.9473076212607588,0.9371351909872772,0.9350941136258009
99182,0.9285409943542826,0.9472736718842327,0.9413804208375078,0.9312716383503093,0.9292433317871771
99183,0.9401290253325465,0.9589130399844342,0.9520732510430348,0.9421395672077703,0.941726016627774
99184,0.9428324438922306,0.9615577627841418,0.9548822989319896,0.9448735718996678,0.9441683342143715
99185,0.9200436566350382,0.9422316812982005,0.9325317827989219,0.9242492547257783,0.9207756283335861
99186,0.9099849564532927,0.9367875677712444,0.9263591489016535,0.9139463979907383,0.9104455435872137
99187,0.8264224712211405,0.8473788565726929,0.8424019400152145,0.8308917264548298,0.8323220994778636
99188,0.8266074190618071,0.8475684943127195,0.8425904639544886,0.8310776744850285,0.8325083676160109
99189,0.8802971925565752,0.9009375400144742,0.8941779281506019,0.8824946100937101,0.8824968540140317
99190,0.8478055135478317,0.8728980960966327,0.8678831364863805,0.8497927640974859,0.8515117778137534
99191,0.8799262082151761,0.9006179701976463,0.8938417238731822,0.8821291882373207,0.882131437826862
99192,0.82335938989121,0.8454792299785271,0.8399766773592761,0.827145781465794,0.8289477661536054
99193,0.8232688735210433,0.8454015842724127,0.8398958768623925,0.827057504310982,0.8288605493513141
99194,0.8407109411927298,0.8610787456561699,0.8546418008639077,0.8443994163519218,0.845730664243931
99195,0.8819538824892933,0.9031276934854418,0.8965951457347632,0.8843014356627491,0.8849956353142318
99196,0.8818395412103633,0.9030355221411197,0.8964962182745599,0.8841895914772897,0.8848845276527847
99197,0.8645252292930239,0.8879785450327461,0.8810406577501984,0.8670451859508246,0.8673349201132237
99198,0.8644974173576297,0.8879560039316519,0.8810165792639714,0.8670179505095468,0.8673077507951422
99199,0.8680379503858112,0.8905833749160272,0.8839906545379549,0.8703745809412368,0.8703480678981022
99200,0.8680064812537652,0.8905577787325014,0.8839633641463843,0.8703437310061911,0.870317210951097
99201,0.9702138026474029,0.9869652165778701,0.98005601864261,0.9735767045488062,0.9705174763317695
99202,0.8854453000926906,0.9038579922444088,0.8961598358143432,0.890457017164201,0.8883854866339983
99203,0.9776234350135198,0.9945727905102545,0.98711318657908,0.9796432406034998,0.9770689831939307
99204,0.8747569250231545,0.892929054263703,0.8853314153116981,0.8797031151212648,0.8776586648804748
99205,0.8375118791559742,0.8577965229274872,0.8513858414431587,0.8411852817158757,0.842511090995404
99206,0.8819278575277317,0.9031067143493453,0.8965726289099261,0.8842759790278728,0.8849703463090385
99207,0.8629334132880685,0.8808673682609204,0.8733693324691294,0.8678147955881254,0.8657971347159515
99208,0.8629334132880685,0.8808673682609204,0.8733693324691294,0.8678147955881254,0.8657971347159515
99209,0.864822264137238,0.8827954742432876,0.8752810262103499,0.8697143311586888,0.8676922538849792
99210,0.8629334132880685,0.8808673682609204,0.8733693324691294,0.8678147955881254,0.8657971347159515
99211,0.8629334132880685,0.8808673682609204,0.8733693324691294,0.8678147955881254,0.8657971347159515
99212,0.8233936588831051,0.8455086265756847,0.8400072682656063,0.8271792027772293,0.8289807860550089
99213,0.8649430454468817,0.8873063258720973,0.8824745475409287,0.867031631788068,0.8675621434406087
99214,0.9403053856418736,0.9581234324543706,0.9521984808176245,0.9426043807353814,0.9411817347854464
99215,0.9345755174505922,0.9534278275974905,0.9474969340331054,0.937323596445363,0.9352823391427694
99216,0.8799262082151761,0.9006179701976463,0.8938417238731822,0.8821291882373207,0.882131437826862
99217,0.8799262082151761,0.9006179701976463,0.8938417238731822,0.8821291882373207,0.882131437826862
99218,0.8799262082151761,0.9006179701976463,0.8938417238731822,0.8821291882373207,0.882131437826862
99219,0.8799262082151761,0.9006179701976463,0.8938417238731822,0.8821291882373207,0.882131437826862
99220,0.8799262082151761,0.9006179701976463,0.8938417238731822,0.8821291882373207,0.882131437826862
99224,0.8823397998905178,0.9038241507301054,0.8944802629718346,0.888793508900996,0.8840436789393024
99225,0.8865052469388648,0.9097835674169907,0.9051145376443595,0.8890943179337827,0.891623488619219
99226,0.9086572120245828,0.927437787047002,0.9218775611233068,0.9107451055408116,0.9111273928651163
99227,0.9777406817399579,0.9946008501973909,0.9871802057197397,0.9797497338451153,0.9771891878329135
99228,0.8949442981697288,0.913282440537289,0.906380859256061,0.898604963328883,0.8964869390251778
99229,0.8655626172995098,0.883543744738927,0.8760259622916261,0.8704568194767238,0.868433857839341
99231,0.9664122733591849,0.9828736576230026,0.9760222333342359,0.9677941751998089,0.9650605322116744
99234,0.9663813034602027,0.982858072204545,0.9760002936129831,0.9677645123620707,0.9650282809852427
99235,0.8683284415220643,0.8863670259690126,0.8788252211524722,0.8732382826636481,0.8712088568419462
99236,0.8405239446747106,0.8654129730147138,0.8609073536181686,0.8420660477776073,0.8445681955223572
99237,0.8390813652235654,0.8639276768734971,0.8594297904082948,0.8406208216365469,0.8431186749802352
99238,0.9181025036088576,0.9376911379237225,0.9318333628912867,0.920410357216277,0.9206647948758712
99239,0.8234278922653828,0.845537992827318,0.8400378275431706,0.8272125894004408,0.8290137717036735
99240,0.8630521192748222,0.8809689731645823,0.8734780237082502,0.8679287949471227,0.8659130747305829
99241,0.8630521192748222,0.8809689731645823,0.8734780237082502,0.8679287949471227,0.8659130747305829
99242,0.8630521192748222,0.8809689731645823,0.8734780237082502,0.8679287949471227,0.8659130747305829
99243,0.8643625546670496,0.8878467021817621,0.8808998220727433,0.8668858835861358,0.8671760045420418
99244,0.8643625546670496,0.8878467021817621,0.8808998220727433,0.8668858835861358,0.8671760045420418
99245,0.8376376994744364,0.8579047035425472,0.8514995295919328,0.8413078610380078,0.8426325057032814
99247,0.9092650794307591,0.9284758870822767,0.9235793760277842,0.9109593821152535,0.9111331728685875
99250,0.9284873062183409,0.9472346580655805,0.9413368384334364,0.931220117154751,0.9291902019220729
99251,0.9356146125904735,0.954505873912174,0.9485627811059495,0.938368401283575,0.9363229039016572
99252,0.9284873062183409,0.9472346580655805,0.9413368384334364,0.931220117154751,0.9291902019220729
99253,0.9663813034602027,0.982858072204545,0.9760002936129831,0.9677645123620707,0.9650282809852427
99254,0.9663813034602027,0.982858072204545,0.9760002936129831,0.9677645123620707,0.9650282809852427
99255,0.8948739837184885,0.9132252804829543,0.9063187953976882,0.8985373068675286,0.8964177466565363
99256,0.8948739837184885,0.9132252804829543,0.9063187953976882,0.8985373068675286,0.8964177466565363
99257,0.8948690832247351,0.9132252804829543,0.9063187953976882,0.8985373068675286,0.8957005512161389
99258,0.8557550090258808,0.8798208937004642,0.8707986711677334,0.8587336143452827,0.855522869110094
99259,0.8454396118896297,0.8702277281265609,0.8605365166027424,0.8486300015608547,0.8454203922543595
99260,0.8136910486659138,0.8340677891750952,0.8254832235629748,0.8191273362163113,0.8159768912467203
99261,0.848529702734023,0.873401739016105,0.8636776887776789,0.8517308795692307,0.8485104181271281
99262,0.8775351055941957,0.8957833065276017,0.8881539221771161,0.882502050101209,0.8804490257502156
99263,0.9117845817841573,0.9330123189785507,0.923411009069556,0.9158914529755138,0.9117808831128724
99264,0.8577880709187056,0.8809140825652603,0.8755632462298104,0.8591099575028659,0.859828534718695
99265,0.8527349388579227,0.8738827233865617,0.8710210894574574,0.8544524445764056,0.8563954827051046
99267,0.8623094102986839,0.8845659497840159,0.8787951024037642,0.8643636626144895,0.8644257554667151
99270,0.8412890718346935,0.8635246534618504,0.8606441243245091,0.8436306719074604,0.8462836905748701
99271,0.8643742094008457,0.887856147815988,0.8809099120344781,0.8668972966926252,0.8671873899342991
99272,0.8622953155821464,0.8845543564309439,0.8787828695575267,0.8643498027814738,0.8644119027204819
99273,0.85357892905339,0.8747476444973518,0.871883178280195,0.8552981346646777,0.8572430959057711
99274,0.8435102163493093,0.8676410329276878,0.8641553494356583,0.8452361916120885,0.8472834674132627
99278,0.8378470926492925,0.8616399309953757,0.8585216122110719,0.8399418036054568,0.8427952616760661
99279,0.8390869028288059,0.8639322589860272,0.8594345424459924,0.840626298825485,0.8431240544883623
99280,0.8370696260873333,0.8608619343271977,0.8577437281505169,0.8391643213024773,0.8420177481545316
99281,0.8817063944765912,0.9029281947869878,0.896381022843817,0.8840593529750495,0.8847551469365396
99282,0.8817063944765912,0.9029281947869878,0.896381022843817,0.8840593529750495,0.8847551469365396
99283,0.8817063944765912,0.9029281947869878,0.896381022843817,0.8840593529750495,0.8847551469365396
99284,0.8817063944765912,0.9029281947869878,0.896381022843817,0.8840593529750495,0.8847551469365396
99285,0.8819198435651638,0.9031002541929839,0.8965656952407891,0.8842681400759377,0.8849625589769862
99286,0.8848401950005196,0.906090741529045,0.8995345443194114,0.8871962675593502,0.8878929859292781
99287,0.8645321774240989,0.8879841763988086,0.8810466731886102,0.8670519900621854,0.8673417077056829
99288,0.8505073511028214,0.8732053906972785,0.87033530165009,0.8522783608615245,0.8544450860038583
99289,0.8505073511028214,0.8732053906972785,0.87033530165009,0.8522783608615245,0.8544450860038583
99290,0.8505073511028214,0.8732053906972785,0.87033530165009,0.8522783608615245,0.8544450860038583
99294,0.8539369400277855,0.8758745199085793,0.8669988627568592,0.8591001131615927,0.8544974962771167
99295,0.8687208190333641,0.8867675546988308,0.8792223419153701,0.8736328788184424,0.8716025359462154
99296,0.9061878260803504,0.9272169878576272,0.9177052308968594,0.9102561129539751,0.9061841621949246
99297,0.92854813640834,0.9472788618842722,0.9413862185787117,0.931278492149156,0.9292503995778637
99298,0.9283611904630218,0.9471430154699683,0.941234463455611,0.93109909214222,0.9290653977038347
99299,0.9284153847902976,0.9471823955890808,0.9412784555817479,0.9311510987939671,0.9291190284156416
99300,0.9635119971785064,0.9799110139523655,0.9744261184770822,0.9658481277743731,0.963207506901947
99301,0.9635119971785064,0.9799110139523655,0.9744261184770822,0.9658481277743731,0.963207506901947
99302,0.8817286416965332,0.9029461276586744,0.8964002704363141,0.8840811142309825,0.8847767648571857
99303,0.8817286416965332,0.9029461276586744,0.8964002704363141,0.8840811142309825,0.8847767648571857
99304,0.8819278575277317,0.9031067143493453,0.8965726289099261,0.8842759790278728,0.8849703463090385
99305,0.8645957101920679,0.888083665987046,0.8811356501932396,0.867119444039269,0.8674096116189806
99306,0.8645957101920679,0.888083665987046,0.8811356501932396,0.867119444039269,0.8674096116189806
99307,0.8645957101920679,0.888083665987046,0.8811356501932396,0.867119444039269,0.8674096116189806
99308,0.8966027385991092,0.9161169115151861,0.9101257428781324,0.8980348075786306,0.8989554391813236
99309,0.8965957795462158,0.9161113569632668,0.9101197619418466,0.8980279531522462,0.8989486518840627
99310,0.8965957795462158,0.9161113569632668,0.9101197619418466,0.8980279531522462,0.8989486518840627
99314,0.8835700416057801,0.9047883342850627,0.8982420821236359,0.8859225353997636,0.8866181956198966
99315,0.8801313114329777,0.9015618871387077,0.8922413870461244,0.8865688668687676,0.8818309256880708
99316,0.831791922296994,0.8528659753653451,0.8478610619856407,0.8362862231835186,0.8377246176574399
99317,0.867327751813755,0.88536369247222,0.8778230519505521,0.8722369215839314,0.8702077776973625
99318,0.8628690838439755,0.8808123072214005,0.8733104308373901,0.8677530170666452,0.8657343043911544
99319,0.8628690838439755,0.8808123072214005,0.8733104308373901,0.8677530170666452,0.8657343043911544
99320,0.8628690838439755,0.8808123072214005,0.8733104308373901,0.8677530170666452,0.8657343043911544
99321,0.9777005493049757,0.9945912453447315,0.9871572653152767,0.9797132820907828,0.9771480429745861
99322,0.9777428013608945,0.9946013574923803,0.9871814173436404,0.9797516590723762,0.9771913609244426
99323,0.8630355334450878,0.8809547765955769,0.8734628370727702,0.8679128666940563,0.8658968753423891
99324,0.8656460170756684,0.8836194618077887,0.876104860894196,0.8705381031338943,0.868516013872907
99325,0.8636176539446501,0.8878884554773836,0.8782930295208906,0.8681997475111177,0.8639804213432947
99326,0.8420245775680819,0.863683650100573,0.8549207797797288,0.8471222819817948,0.842578028429923
99327,0.8636176539446501,0.8878884554773836,0.8782930295208906,0.8681997475111177,0.8639804213432947
99328,0.8455763042247121,0.867299099960229,0.858510341657218,0.850688926307105,0.8461313722389897
99329,0.9323149145896757,0.9511767280272411,0.9452430125475292,0.9350644765020208,0.9330221209230688
99330,0.9664592405334678,0.982897294057094,0.9760555062589317,0.9678391602389349,0.9651094424892792
99331,0.8961441161705979,0.9144551954372844,0.9075636339628181,0.8997992656737791,0.8976844256890549
99332,0.8658970417972292,0.8838851165439725,0.8763644294765219,0.8707931349307668,0.8687693916885458
99334,0.8652330980503318,0.8887383693809559,0.881785231446415,0.867758692417187,0.86804907391109
99337,0.881825457856929,0.9030241696224461,0.8964840335649849,0.8841758157140197,0.8848708426137771
99338,0.881825457856929,0.9030241696224461,0.8964840335649849,0.8841758157140197,0.8848708426137771
99339,0.883412806979198,0.9046496779475534,0.8980977691757325,0.8857673956491421,0.8864636736472087
99340,0.881825457856929,0.9030241696224461,0.8964840335649849,0.8841758157140197,0.8848708426137771
99341,0.9293746121104096,0.9476861905455737,0.9424867051409004,0.9321651069950725,0.9308973694251633
99342,0.9283442856915805,0.9471307318120494,0.9412207411492755,0.9310828697966086,0.9290486687474327
99343,0.9777488007714608,0.9946027933531667,0.9871848467503803,0.9797571082699476,0.9771975116784106
99344,0.8649222759254049,0.8828901009651778,0.8753778801572618,0.8698128573823097,0.8677913923276221
99345,0.8923995059741724,0.916529411279224,0.9061552266352225,0.8964533982752483,0.8939966028936753
99346,0.8503198542742729,0.8775944653117892,0.8660149782838289,0.8542204350614794,0.8525130655627715
99347,0.8645011007307875,0.8868529545844265,0.882023645061943,0.8665886199037913,0.8671188604901354
99348,0.8610184261601295,0.8839665389378634,0.8793856264013924,0.8624398357480734,0.8636216690897768
99349,0.8628326693658773,0.8851027143701692,0.8793283651746978,0.8648881682251367,0.8649502987560047
99350,0.8681800505990118,0.8889743497668661,0.8812071610323605,0.8730186341351186,0.8688736383298281
99351,0.8397274469759897,0.8645917696400383,0.8600906196224987,0.8412680181204306,0.8437676805259415
99352,0.9293746121104096,0.9476861905455737,0.9424867051409004,0.9321651069950725,0.9308973694251633
99353,0.8956091480016071,0.9139609136872833,0.9070542052543835,0.8992725326513716,0.8971529348775577
99354,0.9284249966017649,0.947189380047461,0.9412862580020438,0.9311603226168025,0.9291285402688956
99355,0.8695065015092839,0.8875695588786275,0.8800175221059966,0.8744230038255061,0.8723908246846185
99356,0.8695065015092839,0.8875695588786275,0.8800175221059966,0.8744230038255061,0.8723908246846185
99357,0.8695065015092839,0.8875695588786275,0.8800175221059966,0.8744230038255061,0.8723908246846185
99358,0.9283611904630218,0.9471430154699683,0.941234463455611,0.93109909214222,0.9290653977038347
99359,0.9283442856915805,0.9471307318120494,0.9412207411492755,0.9310828697966086,0.9290486687474327
99360,0.8760804946864891,0.901884487176475,0.8918446131134161,0.8798943397805041,0.8765239211423556
99361,0.8467794276682052,0.8716380491258335,0.8619194092020153,0.8499789567788033,0.846760152915383
99362,0.8428925920318997,0.8676371089510923,0.8579630789395581,0.8460774348577816,0.8428734057528803
99363,0.8428925920318997,0.8676371089510923,0.8579630789395581,0.8460774348577816,0.8428734057528803
99364,0.921064328342266,0.9396218542032089,0.9336596262394372,0.9225138624419233,0.9226145366025931
99365,0.921064328342266,0.9396218542032089,0.9336596262394372,0.9225138624419233,0.9226145366025931
99366,0.9021826383995454,0.9218335465358684,0.9158004453558691,0.9036247571391587,0.9045518481157698
99367,0.9210232415798104,0.9395909007228603,0.933625450402811,0.9224735782833339,0.922574308116365
99368,0.8759554653095998,0.896815055524245,0.8884390487926817,0.8806764141672498,0.8767476760958256
99370,0.8812706929894801,0.9047000930998662,0.8985496170046864,0.8835534374710351,0.8837299190305368
99373,0.8812183069953421,0.9046588668047836,0.8985055034170013,0.8835021582068425,0.8836787251511073
99374,0.8646787995193985,0.8881690125525568,0.8812203290409351,0.867202775902325,0.8674929713677046
99375,0.8646787995193985,0.8881690125525568,0.8812203290409351,0.867202775902325,0.8674929713677046
99376,0.8646787995193985,0.8881690125525568,0.8812203290409351,0.867202775902325,0.8674929713677046
99377,0.9284153847902976,0.9471823955890808,0.9412784555817479,0.9311510987939671,0.9291190284156416
99378,0.9284153847902976,0.9471823955890808,0.9412784555817479,0.9311510987939671,0.9291190284156416
99379,0.9283442856915805,0.9471307318120494,0.9412207411492755,0.9310828697966086,0.9290486687474327
99380,0.8645541730715307,0.8868964339059746,0.8820691663009284,0.8666407807476253,0.8671707903287756
99381,0.8623094102986839,0.8845659497840159,0.8787951024037642,0.8643636626144895,0.8644257554667151
99382,0.8484718784251396,0.8711155960441646,0.8682523758239539,0.8502386497231509,0.8524001893608308
99383,0.9040230087980438,0.9224950789420139,0.9155429269086041,0.907710294349382,0.9055768607067146
99384,0.895565726895745,0.9163822004755294,0.9069667754770785,0.8995929498753289,0.8955620999741586
99385,0.8640156282054758,0.8847101828041561,0.8769802511509189,0.8688310023789431,0.8647058889855334
99386,0.8638774375786722,0.8845686822910749,0.8768399869628132,0.8686920415813768,0.8645675879584468
99387,0.8370696260873333,0.8608619343271977,0.8577437281505169,0.8391643213024773,0.8420177481545316
99389,0.837181852814614,0.86095579995252,0.8578399570732957,0.8392749005971725,0.8421260930587086
99393,0.8371672360204949,0.86095579995252,0.8573527407178059,0.8392749005971725,0.8421260930587086
99394,0.837181852814614,0.86095579995252,0.8578399570732957,0.8392749005971725,0.8421260930587086
99395,0.8414564934904413,0.8653518301223014,0.8622200777860503,0.8435602283503149,0.8464259789669634
99396,0.8306290316617609,0.8546674764925956,0.8538943680426884,0.8326664526966256,0.8377926330958816
99397,0.893482855186876,0.9149066890056939,0.9087326679424844,0.8954837804297574,0.896177905940895
99398,0.8818395412103633,0.9030355221411197,0.8964962182745599,0.8841895914772897,0.8848845276527847
99399,0.8378857253016492,0.8625213022929372,0.8580885539793259,0.8401705720063743,0.8428980985995247
99400,0.8422477913439913,0.8670116221180831,0.8625557967423987,0.8445445330505308,0.8472862592544065
99401,0.8736258256907148,0.8944299389664947,0.886076208569634,0.8783342189905391,0.8744159295597431
99402,0.8736258256907148,0.8944299389664947,0.886076208569634,0.8783342189905391,0.8744159295597431
99403,0.8399367305469801,0.8639507167415152,0.8604818773310808,0.8416543319312201,0.8436916785667915
99404,0.8399367305469801,0.8639507167415152,0.8604818773310808,0.8416543319312201,0.8436916785667915
99405,0.8430443917982358,0.867762280672735,0.8580985253790544,0.8462257427571358,0.8430252266142307
99406,0.8388662330879458,0.8604475031035598,0.8517161235709423,0.8439456358124333,0.8394176972639333
99407,0.8388662330879458,0.8604475031035598,0.8517161235709423,0.8439456358124333,0.8394176972639333
99408,0.8453249079763687,0.8655535724504692,0.8643551633344455,0.8477057095820781,0.8504603401172036
99409,0.8686722048021097,0.8915746561498007,0.8895071218952487,0.8697891040546865,0.8733826772674597
99410,0.8686722048021097,0.8915746561498007,0.8895071218952487,0.8697891040546865,0.8733826772674597
99411,0.8686722048021097,0.8915746561498007,0.8895071218952487,0.8697891040546865,0.8733826772674597
99412,0.86975505449025,0.8926860550561182,0.8906159435016247,0.8708733460217561,0.8744713988294919
99413,0.8745601686456782,0.8976178555410461,0.8955363072926439,0.8756846383746437,0.8793025692553946
99414,0.9068572896063476,0.9260172258582828,0.9211336810660595,0.9085471056731819,0.9087204362179179
99415,0.8822498632770311,0.9038347619645483,0.8998991290299848,0.8849843439883878,0.8881225151584534
99416,0.8822498632770311,0.9038347619645483,0.8998991290299848,0.8849843439883878,0.8881225151584534
99417,0.8822498632770311,0.9038347619645483,0.8998991290299848,0.8849843439883878,0.8881225151584534
99418,0.8091183183996772,0.8293805469719184,0.8208442243668477,0.8145240554399537,0.8113913151447453
99419,0.8110758787945163,0.831387129290081,0.8228301541220052,0.8164946943382629,0.8133543747704194
99420,0.8108436007801717,0.831149034487126,0.8225945098877981,0.8162608644694648,0.8131214442344861
99421,0.8388857881257802,0.8604641227914607,0.8517339175561497,0.8439644899815869,0.839437175905654
99422,0.8911106722303623,0.9160210622066407,0.904846526411389,0.8951587097621825,0.8929437371564241
99423,0.8383267253141523,0.8593321760743288,0.8510246973462647,0.8431981562060601,0.8401488122769128
99424,0.8383267253141523,0.8593321760743288,0.8510246973462647,0.8431981562060601,0.8401488122769128
99425,0.8383267253141523,0.8593321760743288,0.8510246973462647,0.8431981562060601,0.8399132563491007
99426,0.9026637201155192,0.9228427344822323,0.918102792080977,0.9042801076413486,0.9044825144364218
99427,0.9167653029616927,0.9363254067645723,0.9304761634816237,0.919069795219671,0.919323862295151
99428,0.8433078218191763,0.8634882173274576,0.8622926678153753,0.8456829424353436,0.8484309999627793
99429,0.8410760699528017,0.8633587556632846,0.8615000478614018,0.8431053721057876,0.8462007999317602
99430,0.8523059566523706,0.8750519967960593,0.8721758382444964,0.8540807116438176,0.8562520188557364
99431,0.8665365603910793,0.8902298674996533,0.8866571820222297,0.8686022018569977,0.8716905675923946
99432,0.8750935897676875,0.8979816072561947,0.8907800937778073,0.8804366933861063,0.8790426643888504
99433,0.8898521949359821,0.9132184013328543,0.9085317439151527,0.89245104081493,0.8949897602343295
99434,0.8435401854259648,0.8660844966416346,0.864321014884606,0.8453461867502212,0.8491800231677724
99435,0.866753524512896,0.8894234081221943,0.8822905285511343,0.8720457057689964,0.8706649625424742
99436,0.8311733961616502,0.8574571608974534,0.8489462859582466,0.8387987668075557,0.8376258227560641
99437,0.8411475749891578,0.8636279417061099,0.8618694618742178,0.8429484537861275,0.8467714159416292
99438,0.8390417645699644,0.8605966884417162,0.8518758488934765,0.8440912815590547,0.8395925430672199
99439,0.8351954722825133,0.8569739810661761,0.8558620911431412,0.8378218029155399,0.8413832921990456
99440,0.8226338538275967,0.8486475770501655,0.8402241435247225,0.8301808808020803,0.8290199876721286
99441,0.8346921315534503,0.8564575152534017,0.8553462954243785,0.8367190185663106,0.8408762223049052
99442,0.8293294316005042,0.8533319230408423,0.8525599718120446,0.8313638076603859,0.8364823249297412
99443,0.8293294316005042,0.8533319230408423,0.8525599718120446,0.8313638076603859,0.8364823249297412
99444,0.822438646883344,0.8513056737905141,0.8407858714622145,0.827791473822816,0.8268535599205722
99445,0.8197927077596974,0.8492026393974647,0.8369259604413976,0.8261349381598065,0.8261219633606339
99446,0.8824249006479898,0.9056008390436096,0.9009523575862349,0.8850025926525392,0.8875206456004828
99447,0.8824249006479898,0.9056008390436096,0.9009523575862349,0.8850025926525392,0.8875206456004828
99448,0.8818028162299665,0.9052765804526665,0.9006482965124694,0.8842926027972846,0.8875206456004828
99449,0.8338027455121009,0.8560790332393367,0.8548155279549247,0.835579230651776,0.8402366926347076
99450,0.836851096264479,0.859208825242441,0.8579407006313295,0.8386340761654645,0.8433085656501838
99451,0.8197927077596974,0.8492026393974647,0.8369259604413976,0.8248149063252544,0.8261219633606339
99452,0.8301872884554261,0.8550271564259587,0.8559433884400751,0.8302181573577246,0.8372183222456768
99453,0.8281883422139822,0.8529684001134524,0.8538824260006304,0.8282191367893462,0.8352024465007776
99454,0.8575677353281465,0.8835953389310035,0.8828133274879387,0.8590730863852246,0.8639545909931131
99455,0.8319015516843321,0.855965755140149,0.855191812168722,0.8339411404584031,0.8390727878017591
99456,0.8156661644982115,0.8459582373259005,0.8347820406620649,0.8204648981371376,0.8222663021176057
99457,0.8156661644982115,0.8459582373259005,0.8347820406620649,0.8204648981371376,0.8222663021176057
99458,0.8657886797011316,0.8935054409326485,0.8896360262143581,0.8652175539320919,0.8724270529150033
99459,0.8534839589435397,0.8866880690521327,0.8805315045407491,0.8499027648027152,0.8607230515723225
99460,0.8401897441448053,0.8695668305761347,0.8563037633731609,0.8452266412151415,0.8470964217393318
99461,0.825831104844012,0.8548758298678116,0.8421954022807503,0.8299656853480072,0.8340203211289947
99462,0.8411268414651621,0.8709803722861412,0.8583731221182999,0.8452214260445509,0.8474581003578238
99463,0.8394018074722116,0.8676477287571048,0.8648191192891892,0.8381797474202012,0.8480339472943559
99464,0.8394018074722116,0.8676477287571048,0.8648191192891892,0.8381797474202012,0.8480339472943559
99465,0.8312456673540427,0.8549861565396578,0.8525589131575071,0.8267330516772959,0.8385889909026136
99466,0.8171253959710536,0.8485114119073209,0.8372322431985294,0.81999946399476,0.8256783708829517
99467,0.810529837591572,0.84130781625967,0.8299663957499885,0.8127282863220947,0.818777351547596
99468,0.8451579939593582,0.8676346796417744,0.8685991942564946,0.8410101388720685,0.8519818017087815
99469,0.8476754746683248,0.8815142154915473,0.8738331948493996,0.8490477901058628,0.8571479541148689
99470,0.8476754746683248,0.8815142154915473,0.8738331948493996,0.8436890806061651,0.8552936990702681
99471,0.8476754746683248,0.8815142154915473,0.8738331948493996,0.8466969757461102,0.8571479541148689
99472,0.8353204574902895,0.8584539012017015,0.8570482629905286,0.8315601086534803,0.8428893710553333
99473,0.8285215626143452,0.8521842509985208,0.8497649620219825,0.8240237353909237,0.8358408210961502
99474,0.8356891646839028,0.858832819407188,0.8574265607527883,0.8319271560437759,0.8432614191378884
99475,0.8437086334287783,0.8774202936376874,0.8706095358251508,0.8388524589239811,0.8510960252714823
99476,0.82509812187554,0.854117067670825,0.8414478948517176,0.8292290326496432,0.8332800696572819
99477,0.8533194112471469,0.8789946643188229,0.8775990765317472,0.8470253749911758,0.8597765615591537
99478,0.8105042751929906,0.8412812831886695,0.8299402203634286,0.8127026545890852,0.8187515290398498
99481,0.8667807386867508,0.8929558557745805,0.8925378105552281,0.8646673374827442,0.8727113443166182
99483,0.862158381774568,0.8881939125425846,0.8877780966692745,0.8600562508886794,0.8680573607488083
99484,0.8634194492089771,0.8890564839919068,0.8879812242929446,0.8609804175438076,0.868762967227248
99485,0.8517896589840893,0.876614213711886,0.8779383385575342,0.8485319001878476,0.8588177212567882
99487,0.853035560227548,0.8778964254966589,0.8792224871218564,0.8497730363514625,0.8600739023521238
99489,0.8459072859862317,0.8684038988319626,0.8693692685567518,0.8417557535335645,0.8527371435213471
99490,0.8497386980009419,0.8745034795292946,0.8758244161131853,0.8464887833198677,0.8567498379250816
99492,0.8482310981976877,0.8730943818069549,0.8633737535412699,0.851431148512608,0.8482118203772037
99493,0.844413202834598,0.8661061185772735,0.857329449327549,0.8495187924376966,0.8449675073454805
99494,0.876556636421732,0.8979001713161002,0.8886175266643366,0.8829680455674729,0.8782493476516429
99496,0.876556636421732,0.8979001713161002,0.8886175266643366,0.8829680455674729,0.8782493476516429
99499,0.876556636421732,0.8979001713161002,0.8886175266643366,0.8829680455674729,0.8782493476516429
99502,0.8687498292725158,0.8944861314629698,0.8934043049359034,0.8662385988077935,0.8740686780936473
99503,0.8775050155253058,0.9000460679533294,0.8993238383673656,0.8772186479681677,0.8823246309865105
99504,0.849855026977826,0.8725356575765838,0.8696677698370312,0.8516246784033064,0.8537897417057034
99506,0.8775050155253058,0.9000460679533294,0.8993238383673656,0.8772186479681677,0.8823246309865105
99507,0.8788249322175371,0.9013998902196986,0.9006765742776807,0.8785381339149194,0.883651797199582
99511,0.8781223979435884,0.9006793094826283,0.8999565717607104,0.8778358289080634,0.8829454043208517
99512,0.8775050155253058,0.9000460679533294,0.8993238383673656,0.8772186479681677,0.8823246309865105
99516,0.8824448343234974,0.9056165343541299,0.9009688898890935,0.885022046734875,0.8875396331949578
99518,0.8824448343234974,0.9056165343541299,0.9009688898890935,0.885022046734875,0.8875396331949578
99519,0.8824448343234974,0.9056165343541299,0.9009688898890935,0.885022046734875,0.8875396331949578
99520,0.8824448343234974,0.9056165343541299,0.9009688898890935,0.885022046734875,0.8875396331949578
99521,0.8566745678323057,0.8909043016481262,0.8839888775615504,0.8517437646730339,0.8641754875378886
99522,0.8760911938996769,0.8975254161630953,0.8936172564683061,0.8788065861834565,0.8819228509078649
99526,0.8668379157167185,0.8925175783737005,0.8914381326917662,0.8643322118781958,0.8721450590055786
99527,0.8668379157167185,0.8925175783737005,0.8914381326917662,0.8643322118781958,0.8721450590055786
99532,0.8392821203609443,0.8608432189560479,0.8521198811957093,0.8443566858146783,0.8398330566367598
99537,0.8422245916863212,0.8677890179574833,0.858127457154457,0.8462574214451125,0.8430576555786508
99538,0.8521278631458523,0.8771053684245097,0.8673400836924675,0.8553426144590336,0.8521084967632591
99542,0.8825144574627919,0.9056713546353544,0.9010266334690994,0.8850899948728174,0.8876059520976038
99544,0.8804577593928236,0.9044685649297279,0.8999228444144102,0.8828152020942104,0.8861524494318819
99545,0.881209627935973,0.9046676013697386,0.900042430873731,0.8836977396251675,0.8869458854662494
99546,0.8291297270523366,0.8501363314687349,0.8451474365862558,0.8336096436846657,0.8350434344989147
99548,0.8233936588831051,0.8455086265756847,0.8400072682656063,0.8271792027772293,0.8289807860550089
99549,0.8467420203552364,0.8693395721334694,0.8664821894250605,0.8485051895732433,0.8506623222802038
99550,0.851109029198421,0.8722257807391003,0.8693683630571374,0.8528240255835322,0.8547642224885482
99552,0.850973444870458,0.8720868324466295,0.8692298699602324,0.8526881680512858,0.8546280558768721
99553,0.850973444870458,0.8720868324466295,0.8692298699602324,0.8526881680512858,0.8546280558768721
99554,0.851109029198421,0.8722257807391003,0.8693683630571374,0.8528240255835322,0.8547642224885482
99560,0.8468492518670729,0.8693871768055375,0.8651390760901466,0.848487879045344,0.8507073571190225
99561,0.91753069114315,0.9408649799524359,0.9338284107347536,0.9191651711206414,0.9199231609371513
99562,0.8550345519085074,0.8778639598755846,0.8725463140637753,0.8556898513868898,0.8576874353021845
99567,0.8822568872557748,0.9046941062065204,0.8979280528037535,0.8838285308325436,0.8845573802787158
99568,0.8745439473678329,0.8967850137880407,0.890078111142755,0.8761018511907863,0.8768243288284219
99571,0.8560161851450693,0.887856147815988,0.8809099120344781,0.8510891714708086,0.8635113401462267
99579,0.8447717832507414,0.8672544187364094,0.8630167393514925,0.8464063905913268,0.848620423898971
99580,0.8502962709189542,0.87292593432974,0.8686605421258488,0.851941567972755,0.8541700802200934
99583,0.8429449741980091,0.8653789912486761,0.861150475795624,0.8445760467194319,0.8467852922060697
99587,0.8447717832507414,0.8672544187364094,0.8630167393514925,0.8464063905913268,0.848620423898971
99588,0.8502962709189542,0.87292593432974,0.8686605421258488,0.851941567972755,0.8541700802200934
99590,0.9347423368028873,0.9563436576902649,0.9482383573281471,0.9398808793860354,0.9389580606884387
99591,0.8151046579839795,0.8460563547780705,0.8346509206325916,0.8173155152744558,0.8233987228419971
99595,0.8411268414651621,0.8709803722861412,0.8583737293674865,0.8452214260445509,0.8474581003578238
99596,0.8411268414651621,0.8709803722861412,0.8583737293674865,0.8452214260445509,0.8474581003578238
99599,0.8346338782341776,0.8639152535230049,0.8527344365436755,0.8386742018212848,0.8427813069814631
99603,0.961265243738417,0.9838770122705331,0.9747697457264602,0.9636618182525114,0.9590714224164911
99604,0.9532689860560276,0.9756926592325535,0.9666611512270765,0.9556456247329588,0.9510934139745828
99605,0.9168061672047613,0.9399135798194291,0.9311638809234433,0.9203455743121378,0.9141274265233514
99607,0.9168061672047613,0.9399135798194291,0.9311638809234433,0.9203455743121378,0.9141274265233514
99614,0.8643742094008457,0.887856147815988,0.8809099120344781,0.8668972966926252,0.8671873899342991
99619,0.8519511395200281,0.8746877104294906,0.8718127492300305,0.853725155676469,0.8558955589676862
99620,0.8270339639103172,0.8492467040683506,0.843721023707578,0.8308362440694343,0.8326457923255597
99621,0.8387753138922641,0.8630495125295635,0.8622688219227757,0.8408327166592134,0.8460091713815487
99624,0.8749135257923943,0.8963189355301994,0.8924160293011026,0.8776252679642751,0.8807373437120047
99625,0.8811347467047738,0.9046676013697386,0.900042430873731,0.8834940020527986,0.8868338154126107
99626,0.9578886246787174,0.9792567916809743,0.973132282082348,0.9592025112715311,0.9596924652325673
99632,0.823761625699927,0.8458864763618228,0.8403826595468924,0.8275488613177141,0.8293512497059737
99633,0.8241562118711859,0.846291660453451,0.8407852072811853,0.8279452615948448,0.8297485133366658
99639,0.8241562118711859,0.846291660453451,0.8407852072811853,0.8279452615948448,0.8297485133366658
99641,0.8282152230159593,0.8521727929850359,0.8514022795157626,0.8302457739482875,0.8353546818957627
99642,0.828156111938232,0.8521229903512325,0.8513521835727831,0.8301874672343973,0.8352983861485227
99643,0.8281472355514843,0.8521155118181335,0.85134466099366,0.8301787116403186,0.8352899325438848
99644,0.828156111938232,0.8521229903512325,0.8513521835727831,0.8301874672343973,0.8352983861485227
99646,0.9145378831771919,0.9409943957691775,0.9275778699544173,0.9202888971292463,0.9150995486729059
99648,0.9145378831771919,0.9409943957691775,0.9275778699544173,0.9202888971292463,0.9150995486729059
99662,0.828156111938232,0.8521229903512325,0.8513521835727831,0.8301874672343973,0.8352983861485227
99663,0.8281472355514843,0.8521155118181335,0.85134466099366,0.8301787116403186,0.8352899325438848
99665,0.8485802111314822,0.8712268198954863,0.8683632340999358,0.8503472080104715,0.8525090236330659
99666,0.8662064303309305,0.8885635534109525,0.8827666259397552,0.8682699663937651,0.8683323398611459
99668,0.8485802111314822,0.8712268198954863,0.8683632340999358,0.8503472080104715,0.8525090236330659
99674,0.8318827397179697,0.8610675970946137,0.8499236345697184,0.8359097455017523,0.8400033127317185
99675,0.8318827397179697,0.8610675970946137,0.8499236345697184,0.8359097455017523,0.8400033127317185
99677,0.841370801603532,0.8708885276883365,0.8596174623867656,0.8454437375145618,0.8495839940402138
99680,0.864977924431877,0.8829469055091991,0.8754342013701446,0.869868820545441,0.8678472254310772
99681,0.9568070011535791,0.9807077278278807,0.9667985511612426,0.9597658799570254,0.956000773435539
99687,0.8749135257923943,0.8963189355301994,0.8924160293011026,0.8776252679642751,0.8807373437120047
99688,0.8749135257923943,0.8963189355301994,0.8924160293011026,0.8776252679642751,0.8807373437120047
99690,0.8757824793626109,0.8972091486954105,0.8933023661468811,0.8784969148041375,0.8816120814279961
99691,0.8918685033416783,0.9117837406062184,0.9063844135100038,0.8936292907960575,0.8947316809559342
99692,0.8918685033416783,0.9117837406062184,0.9063844135100038,0.8936292907960575,0.8947316809559342
99695,0.8956948939658947,0.9164838419619089,0.907080749408829,0.899716717273585,0.8956912719236355
99696,0.8956948939658947,0.9164838419619089,0.907080749408829,0.899716717273585,0.8956912719236355
99697,0.8956948939658947,0.9164838419619089,0.907080749408829,0.899716717273585,0.8956912719236355
99698,0.8956948939658947,0.9164838419619089,0.907080749408829,0.899716717273585,0.8956912719236355
99701,0.881209627935973,0.9046676013697386,0.900042430873731,0.8836977396251675,0.8869458854662494
99702,0.881209627935973,0.9046676013697386,0.900042430873731,0.8836977396251675,0.8869458854662494
99710,0.8618824016672674,0.8840240998982992,0.875065859138682,0.8670936155780332,0.8624481736157527
99715,0.8390417645699644,0.8605966884417162,0.8518758488934765,0.8441148767564788,0.8395925430672199
99720,0.98947741225616,1.0101336552676567,1.000827420432407,0.9884509807533548,0.9890935650757263
99722,0.9506281455884746,0.9725965777530696,0.964353529001227,0.9558540169484402,0.9549155150825557
99727,0.9116356004794081,0.9397564282803822,0.923845364090915,0.915345114435019,0.910722709262401
99730,0.9860132383376442,1.0086458519084083,0.9948914069851028,0.9873460596574547,0.9854015866949334
99731,0.9914915600770613,1.0139896451709747,1.0008594678550098,0.9918049697123965,0.9911468536192636
99736,0.8451579939593582,0.8676346796417744,0.8685991942564946,0.8410101388720685,0.8519818017087815
99739,0.8486233008035804,0.8819293529618838,0.8755168085055307,0.8450625018444918,0.8558211662316135
99740,0.8486233008035804,0.8819293529618838,0.8755168085055307,0.8450625018444918,0.8558211662316135
99741,0.8745439473678329,0.8967850137880407,0.890078111142755,0.8761018511907863,0.8768243288284219
99756,0.8265357530195253,0.8474766372179701,0.8425033503439308,0.8310016540074574,0.8324309591350649
99761,0.8265357530195253,0.8474766372179701,0.8425033503439308,0.8310016540074574,0.8324309591350649
99762,0.8510244766214471,0.8721298417707771,0.8692739478630409,0.8527385372733113,0.8546776779501859
99763,0.8510244766214471,0.8721298417707771,0.8692739478630409,0.8527385372733113,0.8546776779501859
99765,0.904622413891047,0.9325269089684157,0.9167382481404687,0.9083033906619438,0.9037165455200503
99773,0.8629785861761243,0.8809060331630725,0.8734106941339995,0.8678581773124993,0.8658412549791806
99778,0.8629785861761243,0.8809060331630725,0.8734106941339995,0.8678581773124993,0.8658412549791806
99784,0.8585148884429583,0.8814372213362042,0.8760979305546625,0.8591728552553222,0.8611785701452839
99788,0.8529370033264514,0.8757104067821277,0.8704058060810773,0.8535906952411527,0.8555833787354062
99789,0.8529370033264514,0.8757104067821277,0.8704058060810773,0.8535906952411527,0.8555833787354062
99790,0.8550839356357356,0.8807141627820072,0.8806159185834259,0.8523785640663176,0.8614656437309243
99791,0.8555718966288868,0.8812167498844463,0.8811184496219692,0.8528649812159432,0.8619572465006197
99817,0.9108350517157295,0.9342554249334429,0.9314767835143133,0.910765028554559,0.9114241020977143
99818,0.9004685145068436,0.923622332139163,0.9208753154248658,0.9003992883041393,0.9010508606972283
99819,0.8714924042340202,0.8951315449776179,0.8957873858556447,0.8731397044114434,0.8753414758253456
99822,0.9004685145068436,0.923622332139163,0.9208753154248658,0.9003992883041393,0.9010508606972283
99827,0.9071611666974008,0.9304870730211072,0.9277196393492659,0.9070914259770985,0.9077478411240802
99829,0.9660998222323965,0.9918672601438716,0.9852976305213972,0.9719313113896201,0.9597654004489978
99830,0.9814509308011434,1.003871013395348,1.0001435205413491,0.9872695389588724,0.9775957256379132
99831,0.9649015492583609,0.9890313530271782,0.9825814504341619,0.9710051630071903,0.9604894464836005
99832,0.9594725809182377,0.9850632596324154,0.9785386962855481,0.9652640672879889,0.9531816119342063
99833,0.9741774182689842,0.996760315347607,0.9908576479106178,0.9795455316883415,0.9700681741871349
99834,0.97965031641631,1.0023600835016329,0.9964242550643224,0.9850485877283022,0.9755179867302363
99835,0.9681085672205328,0.9900409110928707,0.9831947228540524,0.9718242974186189,0.9619078853154925
99836,0.9900065319977724,1.0122342340381465,1.0062611920745077,0.9956317831513833,0.9860178352110277
99837,0.9900065319977724,1.0122342340381465,1.0062611920745077,0.9956317831513833,0.9860178352110277
99838,0.9986526769488561,1.0206458306078023,1.0150065656019962,1.003322053287698,0.994091812927669
99839,0.9598379229973105,0.982251092110737,0.9742944843790291,0.9650505521865702,0.9531188592919098
99840,0.935886256740075,0.9582061862279073,0.949828002501821,0.9397879921244962,0.9286167339177077
99841,0.9669015535323099,0.989277960010545,0.9811408375491029,0.973039835929422,0.9612392641592999
99842,0.9378490773635916,0.9578112985484906,0.9521812144383694,0.9426751521514429,0.931862809319729
99843,0.9169908021036834,0.9390458260489264,0.9315898602509901,0.921834655372323,0.9103542587487249
99844,0.9676366291060714,0.9895582812963363,0.9827154304695378,0.9713505479425366,0.9614389699385895
99845,0.9094330798341475,0.9315157247157905,0.9304602499195636,0.9153068645310681,0.906467353325754
99846,0.9621279818363043,0.983924836508726,0.9771209412675167,0.9658207577475812,0.9559656052503462
99847,0.9755525543443033,0.9960305846651637,0.9914333997903833,0.9795620938689636,0.9702190366253011
99848,0.9599643167707634,0.9817996721285162,0.9799662242831567,0.9654651699264897,0.9568661083359719
99849,1.0080337593573148,1.0280111710282733,1.0264171978477985,1.0107155121947682,1.003395897542464
99850,1.0044547053013502,1.0242805744852823,1.0251349260142402,1.006167433414191,0.9996768147766519
99851,0.9189086689256595,0.9402633848190798,0.9332622117408064,0.923079522364873,0.9118391310064877
99852,0.9148953263553053,0.9368999509206406,0.9294610232385442,0.9197281106175494,0.9082739486002868
99853,0.9205679831145805,0.941961260166776,0.9349474447593781,0.9247463680490619,0.9134856794168552
99854,1.0044547053013502,1.0242805744852823,1.0251349260142402,1.006167433414191,0.9996768147766519
99855,1.0125476743073927,1.0325332820479534,1.0333945171530519,1.0142742020026934,1.0077312879503522
99856,0.9371884810994884,0.9584998733921202,0.9519371208745651,0.9428837878399925,0.9326482958637944
99857,0.9368475729052644,0.9587678456436002,0.9525263740949758,0.9418785831688175,0.93169976540698
99858,0.9354323032980698,0.9567037606205046,0.9501533059069878,0.9411169377229494,0.9311821397445327
99859,0.9354323032980698,0.9567037606205046,0.9501533059069878,0.9411169377229494,0.9311821397445327
99860,0.9195402550942681,0.941656597262797,0.9341799021028458,0.9243975754295057,0.9128852605669917
99861,0.9491180132555571,0.9707066585143665,0.968893926159638,0.9545567141813751,0.946054810402171
99862,0.9491180132555571,0.9707066585143665,0.968893926159638,0.9545567141813751,0.946054810402171
99863,0.9043058232852483,0.9262639693026022,0.925214445125702,0.9101464924053092,0.901356817128247
99864,0.9202498313366062,0.9418710897419972,0.945962124923625,0.9247214628325022,0.9175522896771703
99865,0.8902305221757042,0.9122301760565489,0.920139969510034,0.8970718555621257,0.8853861134784621
99866,0.8902305221757042,0.9122301760565489,0.9191722988388122,0.8970718555621257,0.8853861134784621
99867,0.9292786905121374,0.9522433148884701,0.9605000554961859,0.9364201052045399,0.9242217915872651
99868,0.8885734050767967,0.9097393741285452,0.910377590873137,0.8944657487880134,0.8871255806646817
99869,0.9061169166525432,0.9274061224022314,0.9314343287201935,0.9105198742033017,0.903460803010621
99870,0.9061169166525432,0.9274061224022314,0.9314343287201935,0.9105198742033017,0.903460803010621
99871,0.8556751808576943,0.8745414928593465,0.8825385048954922,0.8615124428723594,0.8514859539858008
99872,0.8856234634483128,0.9067191643906892,0.9073552623433702,0.891496245387926,0.8841804456143371
99873,0.8666203601076071,0.8839491266205792,0.8909527273519284,0.8721095223639262,0.8629404829571105
99874,0.8821826732014799,0.9032356171864059,0.9097478801067079,0.8880950414169669,0.8770343143151881
99875,0.8493980451682885,0.8681259560534395,0.8760643029199231,0.8551924856935141,0.8452395499876919
99876,0.8663506718459754,0.8859290676463387,0.9002271710499916,0.8714859858320251,0.8581910935052546
99877,0.8784599954425513,0.8977403879159546,0.9097478801067079,0.8836606552388746,0.8715595039718887
99878,0.8506626737834907,0.8694184677702606,0.877368633666305,0.8564657413774257,0.8464979872159095
99879,0.8644478831392022,0.8835076196342171,0.8915866200314888,0.870344990949257,0.8602157067451547
99880,0.9467275123694838,0.9676202697307483,0.97252003387673,0.9526159462882845,0.9435680151565999
99881,0.9289272054911588,0.9467509624876647,0.9552091488035367,0.9322700034843008,0.9253726546378249
99882,0.9361690981873887,0.9582526267824778,0.9532348402699738,0.9405784139735475,0.9322180917585061
99883,0.9326633696417413,0.9546642007233852,0.9496652046168527,0.9370561735987356,0.9287271587834972
99884,0.8763623210560295,0.895901205250594,0.907354205002179,0.8802258473212405,0.8710971542836001
99885,0.8656414960142852,0.8851243653400616,0.8967175397276228,0.8695968336984662,0.8601430601073714
99886,0.8719441890460586,0.8907408642669099,0.9043622053054191,0.8759193459587262,0.8652982379699815
99887,0.9289272054911588,0.9467509624876647,0.9552091488035367,0.9322700034843008,0.9253726546378249
99888,0.919446033775529,0.939734552192741,0.9461260873933157,0.9240855787804553,0.9171560059833415
99889,0.8866995790395159,0.9066563996277038,0.9185315961109055,0.890751136497968,0.8810673850810647
99890,0.942816822292003,0.9644366872856317,0.9583473295373521,0.9466505196928083,0.9409031986846417
99891,0.9444069017134584,0.966063229041666,0.9599636014697934,0.948247064721581,0.9424900507416223
99892,0.9478779286419681,0.9696138505762638,0.9634918047315922,0.9517322055973595,0.9459540325698377
99893,0.9185732428020758,0.9389450554177878,0.9398295637817606,0.9243459159916637,0.9176414282144171
99894,0.9097279625619592,0.9307785989999766,0.9321745659192923,0.9167072398450136,0.9092552349840737
99895,0.913368240947499,0.935154134851159,0.9352078163285402,0.9191288678206232,0.9129149591006485
99896,0.9007777973914207,0.92233304952562,0.9240609764812967,0.9070747247246992,0.9007352099392475
99897,0.905386371173307,0.9253646487355188,0.9316584480982856,0.9099549708100432,0.9031313612254791
99898,0.8929541062247982,0.9104657481573335,0.9190258211274356,0.8982510292872439,0.8944015724888884
99899,0.8942461554118891,0.9156803598617466,0.9173985348362576,0.9005078384651566,0.8942038059887738
99900,0.8942461554118891,0.9156803598617466,0.9173985348362576,0.9005078384651566,0.8942038059887738
99901,0.8942461554118891,0.9156803598617466,0.9173985348362576,0.9005078384651566,0.8942038059887738
99902,0.8888391294570694,0.9089742608015666,0.9109639865421701,0.8948023603055838,0.8903152010334506
99903,0.8978626270705476,0.9193481203458335,0.9210704552438548,0.9041391757757917,0.8978201774433485
99905,0.9194384422827288,0.9394895697889434,0.9411355350072017,0.9240261174943298,0.9202430110906542
99908,0.8894941853746142,0.9096441558913537,0.9116353480183679,0.8954618110000073,0.8909713447849901
99909,0.9079230654196379,0.9268230532485981,0.9290254368670173,0.9111243726774412,0.9095176792094799
99910,0.8862559736395077,0.906332588003883,0.9083165311777073,0.8922018740691113,0.8877277554375103
99911,0.9079230654196379,0.9268230532485981,0.9290254368670173,0.9111243726774412,0.9095176792094799
99912,0.898688674670806,0.9191344770327223,0.9218917706484944,0.9028625868831381,0.9007964187779947
99913,0.9079230654196379,0.9268230532485981,0.9290254368670173,0.9111243726774412,0.9095176792094799
99914,0.9443319542436578,0.96486328220583,0.9629082246101512,0.9453197069691229,0.9460730647920381
99915,0.948697512105336,0.969204963252301,0.9654368103608335,0.9522986330456638,0.9473980449056365
99916,0.8852629722554551,0.9016070927082745,0.9110199470842445,0.8890566107923757,0.8852451123137011
99917,0.8852629722554551,0.9016070927082745,0.9110199470842445,0.8890566107923757,0.8852451123137011
99918,0.8904621128236213,0.9069022221321371,0.9163703581075664,0.8942780313616675,0.8904441479906082
99919,0.8852416447558809,0.9016070927082745,0.9110199470842445,0.887369371211148,0.8852451123137011
99920,0.8929541062247982,0.9104657481573335,0.9190258211274356,0.8982510292872439,0.8944015724888884
99921,0.8929541062247982,0.9099507668334198,0.9175813141167325,0.8956245106069055,0.8939041591336324
99922,0.8902221408123414,0.9104753235465273,0.9132066407364094,0.8943567306541308,0.892310027890782
99923,0.9177365370611928,0.937113335299116,0.9380300443769705,0.9184335176393637,0.9202908281581692
99924,0.9526971409504941,0.9732339771528261,0.968893961196789,0.9563738876961329,0.9515227877923876
99925,0.8836709542213205,0.9021583607379378,0.9079890824684597,0.886632915855809,0.8862712270200458
99926,0.8875252842196246,0.9060933277258222,0.9119494814631,0.8905001651172474,0.8901368986941219
99927,0.8880453731614553,0.9111082569906069,0.9104700761602822,0.8887765145951451,0.890025216904781
99928,0.8631900668541795,0.8851216220216477,0.8865770454009563,0.8652269280861478,0.8688480554960892
99929,0.8662166216977507,0.8897126573892545,0.8903645279815574,0.867853949559333,0.8700423920364391
99931,0.9369691130447536,0.9567370547607944,0.9551234115013614,0.937483852824123,0.9392703657325917
99932,0.9371360282609584,0.9569020798837609,0.9552885848816985,0.937650716757906,0.9394370525479804
99934,0.9369691130447536,0.9567370547607944,0.9551234115013614,0.937483852824123,0.9392703657325917
99940,0.9369691130447536,0.9567370547607944,0.9551234115013614,0.937483852824123,0.9392703657325917
99941,0.9181876427472461,0.9383807280651236,0.9379388916870298,0.9191357623068465,0.9208108210586107
99942,0.876243618681052,0.8970689750644157,0.9083297876182633,0.8715499558464778,0.8777824171837695
99943,0.8829754244327513,0.9016867952861383,0.9112113688797336,0.8856935252485377,0.8851877079746534
99944,0.921597853598254,0.940796469559708,0.9405921677360312,0.9232069162360841,0.9241752080851938
99945,0.921597853598254,0.940796469559708,0.9405921677360312,0.9232069162360841,0.9241752080851938
99946,0.921597853598254,0.940796469559708,0.9405921677360312,0.9232069162360841,0.9241752080851938
99947,0.9151150050752263,0.9352563833319123,0.9348156834101797,0.9160607076165928,0.9177314935534514
99948,0.9231156574309469,0.9423458920998176,0.9421412538060743,0.9247273700765101,0.9256972566310263
99949,0.9231156574309469,0.9423458920998176,0.9421412538060743,0.9247273700765101,0.9256972566310263
99950,0.9231156574309469,0.9423458920998176,0.9421412538060743,0.9247273700765101,0.9256972566310263
99951,0.8787215247975084,0.9025567546838485,0.9032180358304934,0.8803824895020452,0.8826025248399093
99952,0.8787215247975084,0.9025567546838485,0.9032180358304934,0.8803824895020452,0.8826025248399093
99953,0.8787215247975084,0.9025567546838485,0.9032180358304934,0.8803824895020452,0.8826025248399093
99954,0.8952665189469419,0.917403019878941,0.9182086163669344,0.8942190070174802,0.897853659326498
99955,0.8582090262449121,0.8800140253141252,0.8814610501688974,0.8602341337636467,0.8638343654481011
99956,0.8626681427752528,0.8860679263453759,0.8867171265328413,0.8642987632806606,0.8664782407462341
99958,0.9110586726733595,0.9311107723969784,0.9306720259186513,0.9120001833002236,0.9136635633229679
99959,0.9110586726733595,0.9311107723969784,0.9306720259186513,0.9120001833002236,0.9136635633229679
99960,0.9110586726733595,0.9311107723969784,0.9306720259186513,0.9120001833002236,0.9136635633229679
99961,0.9166221321335577,0.9367966817577706,0.9363552560357037,0.9175693921774034,0.9192429297757255
99962,0.9110586726733595,0.9311107723969784,0.9306720259186513,0.9120001833002236,0.9136635633229679
99963,0.8795992350333641,0.8966346294809315,0.9066256242014366,0.8801001303869675,0.8816636955613962
99964,0.876576432795678,0.8966346294809315,0.9066256242014366,0.8718809872180315,0.8781158157635491
99965,0.8785531468133885,0.8973990150134784,0.904391261842013,0.8802048927409573,0.8838461017397813
99966,0.8814962424615392,0.898568376674811,0.908580918698275,0.8819982180823469,0.883565155354695
99967,0.8711980226768423,0.8919034622554339,0.9030994326699329,0.8665313869451631,0.8727279604524616
99968,0.8602824676435281,0.8821401478036925,0.8835906686846624,0.8623124678418287,0.8659213977212342
99974,0.8902221408123414,0.9104753235465273,0.9132066407364094,0.8943567306541308,0.892310027890782
99975,0.8902221408123414,0.9104753235465273,0.9132066407364094,0.8943567306541308,0.892310027890782
99976,0.890263493568378,0.9093668612610137,0.9122208466086646,0.8948608791621224,0.8930322356056207
99977,0.9090639045453265,0.9297457507180226,0.9325348768870485,0.9132860039663101,0.9111959822512853
99978,0.8887107897662789,0.9077294132479212,0.9132066407364094,0.8908468545003194,0.8897017545000222
99979,0.8902221408123414,0.9082740983312028,0.9132066407364094,0.8939750725576525,0.8922579922474457
99980,0.8936368792383447,0.9139677496845753,0.9167095437356074,0.897787328652887,0.8957327750911226
99981,0.8654165363576449,0.8888908698175861,0.8895421383063373,0.8670523518931114,0.8692387730043145
99983,0.8868390720104575,0.903635352540794,0.9112127961110376,0.8894088024127553,0.887700424434743
99984,0.8868390720104575,0.903635352540794,0.9112127961110376,0.8894088024127553,0.887700424434743
99985,0.8868390720104575,0.903635352540794,0.9112127961110376,0.8894088024127553,0.887700424434743
99986,0.8868372152731772,0.9036337936519491,0.9112113688797336,0.8894069917911789,0.887698583177361
99987,0.9386961998599922,0.9591049972638737,0.9571616074131712,0.9396780576967717,0.9404269194951334
99988,0.9386961998599922,0.9591049972638737,0.9571616074131712,0.9396780576967717,0.9404269194951334
99989,0.8868390720104575,0.903635352540794,0.9112127961110376,0.8894088024127553,0.887700424434743
99990,0.9121662705950576,0.932923707973657,0.9321106996944141,0.9172453939599817,0.91068944544203
99991,0.9160152651704289,0.9367711715932492,0.9359548103927008,0.9210281987631362,0.9144452129074052
99995,0.9468548763991116,0.967322496344619,0.9635616622591732,0.9504490029561482,0.9455579331278833
99996,0.9402354326209823,0.9620200336469974,0.9602617722924095,0.9434968444475966,0.937955177038417
99997,0.9216085505954426,0.9418768696464126,0.9414333871107545,0.9225602025807601,0.9242415021283741
99998,0.9227267180633698,0.9447358327671472,0.9447900642711826,0.9285463689887309,0.9222687918380522
100001,0.8841750080813295,0.9030965647499497,0.9112105162549589,0.8863001708173184,0.8851609151520607
100002,0.8765784170852587,0.8961577130584809,0.9095375308298072,0.8797936330970487,0.8709844093938974
100009,0.9366050923584986,0.9600349629746294,0.9534594672444751,0.9416348004655912,0.9314586172468402
100011,0.9526971409504941,0.9732339771528261,0.968893961196789,0.9563738876961329,0.9515227877923876
100012,0.9449684487820772,0.9678438508961672,0.9656680240975762,0.9482830571864933,0.9427593178374197
100013,0.9455276068002584,0.967434823821221,0.9656666659821801,0.9488073756881554,0.9432345166559467
100015,0.9546058942925907,0.975084869935404,0.9670924113635931,0.9590844568086324,0.9482697699493872
100018,0.8781907781655631,0.8978060879102765,0.9112156501747362,0.8814119081823767,0.872586480966602
100019,0.8868390720104575,0.903635352540794,0.9112127961110376,0.8894088024127553,0.887700424434743
100020,0.8868372152731772,0.9036337936519491,0.9112113688797336,0.8894069917911789,0.887698583177361
100033,0.9371597426740623,0.959440467789953,0.9576869210471188,0.9404469609545789,0.9349688667878919
100034,0.9183825809914493,0.9404710793364636,0.9330037971155472,0.9232337861034218,0.9117359649063085
100037,0.9059128065367251,0.9249974189344075,0.9271171585421762,0.9112920527087722,0.9068291883461806
100043,0.9339147805901454,0.9572773510632769,0.9507207428383154,0.9389300413244634,0.9287830882537158
100044,0.9339147805901454,0.9572773510632769,0.9507207428383154,0.9389300413244634,0.9287830882537158
100045,0.9339147805901454,0.9572773510632769,0.9507207428383154,0.9389300413244634,0.9287830882537158
100047,0.905654009184433,0.9259100847689117,0.92802656300535,0.9112101494943669,0.9076078653088094
100053,0.9546058942925907,0.975084869935404,0.9670924113635931,0.9590844568086324,0.9482697699493872
100059,0.8868372152731772,0.9036337936519491,0.9112113688797336,0.8894069917911789,0.887698583177361
100060,0.9377142801140247,0.959440467789953,0.9576869210471188,0.9409669467728676,0.9354401388214331
100064,0.8868372152731772,0.9036337936519491,0.9112113688797336,0.8894069917911789,0.887698583177361
100065,0.8868372152731772,0.9036337936519491,0.9112113688797336,0.8894069917911789,0.887698583177361
100068,0.9266961782565553,0.9487969337771853,0.9405010209098039,0.9305595999525912,0.9194980396272928
100069,0.8260670696969129,0.8451244022113947,0.8509493001583944,0.8346761311711727,0.8163888692574371
100070,0.8212077107202702,0.8401529380277754,0.8459435708755293,0.8297661291878178,0.8115864425226288
100071,0.8212077107202702,0.8401529380277754,0.8459435708755293,0.8297661291878178,0.8115864425226288
100072,0.8780657331630707,0.902872317870094,0.910626586303443,0.8956037326502256,0.8758308626875876
100073,0.8818327323335077,0.9065693708559006,0.9158327386991506,0.8999361000020853,0.8787726075894011
100074,0.8818142564181449,0.9065550665737124,0.9158199525231833,0.8999206940966609,0.8787536033375649
100075,0.8829531095674978,0.9071932118366562,0.9156077243270964,0.8994978435832623,0.8787525176004998
100076,0.8343302377033711,0.8567120579082983,0.8582783877212546,0.8455904403747124,0.8247346534215416
100077,0.8343302377033711,0.8567120579082983,0.8582783877212546,0.8455904403747124,0.8247346534215416
100078,0.8980801595243865,0.921304308058382,0.92850524311128,0.9146814575500865,0.8943688346868147
100079,0.8855470063351697,0.9103878354256639,0.9196902205168415,0.9037266252761355,0.8824739923646121
100080,0.8956240221776565,0.9175864733662036,0.9283416373976929,0.9124757451823018,0.8936770310792141
100081,0.8956240221776565,0.9175864733662036,0.9283416373976929,0.9124757451823018,0.8936770310792141
100082,0.8911464027860877,0.9139458119870395,0.9251422030085841,0.9084176323431701,0.8893110960611872
100083,0.895574675926523,0.9177297611099104,0.9284866046378091,0.9126182348489539,0.8937803110122847
100084,0.8970576710420589,0.9190227739214312,0.9301543635627405,0.9140122806522585,0.8950061080868378
100085,0.8819710535974402,0.9051107292935123,0.9163743562665048,0.899291540848767,0.8798849471615966
100086,0.8155106887616655,0.8346356497253408,0.8404796852062089,0.8243429832371901,0.8063011910305445
100087,0.8813381796026861,0.9044612510134641,0.9157167955708616,0.8986462382307455,0.8792535700895681
100088,0.8895658983304099,0.9128224958505532,0.9211859035358088,0.9052877515762492,0.8852717874656425
100089,0.8837921390954959,0.9069795933753072,0.9182664773788477,0.9011483895252445,0.8817017252867944
100090,0.8787136420592644,0.9047727621802679,0.9132591494628522,0.8962553035841585,0.8761145807103923
100091,0.8887482943964307,0.9155610719380488,0.9250955189649418,0.9065133765734414,0.8870478231876903
100092,0.8164311048525793,0.8377449441476524,0.8412040978985323,0.8263507936488367,0.8060998874991128
100093,0.8188500263697893,0.8402270142933,0.8436964168225393,0.8287991052132052,0.8084881996926373
100094,0.8817711265966136,0.9064118126742559,0.9135912969710345,0.8973150402733733,0.8745122008404813
100095,0.8817711265966136,0.9064118126742559,0.9135912969710345,0.8973150402733733,0.8745122008404813
100096,0.8283237938509495,0.8472449615924911,0.8520006884084206,0.8354945566722171,0.8176138420502769
100097,0.8947389290033473,0.91814685962516,0.925220771063729,0.9115133046961221,0.8895970216625705
100098,0.8955491345132902,0.9189782615240734,0.9260585785429056,0.9123386997671443,0.8904025710638721
100099,0.8911464027860877,0.9139458119870395,0.9251422030085841,0.9084176323431701,0.8893110960611872
100100,0.8911464027860877,0.9139458119870395,0.9251422030085841,0.9084176323431701,0.8893110960611872
100101,0.8780657331630707,0.902872317870094,0.910626586303443,0.8956037326502256,0.8758308626875876
100102,0.8778640546641442,0.9038760620109311,0.9125945210599409,0.8945986240165847,0.8744037565513793
100103,0.819411858292681,0.8385430255046801,0.8434872731545602,0.8282532173875251,0.8091842330077994
100104,0.8193039412663868,0.8384481810721274,0.8433957352428317,0.8281513975744348,0.8090691397250855
100105,0.895574675926523,0.9182625765815967,0.9289366663143569,0.9132170484250373,0.8937803110122847
100106,0.8194095760951327,0.8407890418575791,0.8442588826380085,0.8293597598522561,0.8090466908535984
100107,0.8195629066699098,0.8409463730272595,0.8444168630955381,0.8295149523376566,0.8091980822917133
100108,0.9198332992893603,0.9385576762929626,0.9435649930412011,0.9335850957716184,0.9137147713876169
100109,0.9198332992893603,0.9385576762929626,0.9435649930412011,0.9335850957716184,0.9137147713876169
100110,0.8996931782582814,0.9201023337707407,0.9255670544157868,0.9129846845341747,0.8918623809069752
100111,0.8785053667724984,0.9033243717437005,0.911082522616474,0.8960521472583023,0.8761145807103923
100112,0.8179617085956065,0.8374444956264618,0.8418672609804383,0.8266863010867505,0.8077704726910885
100113,0.8183442633835957,0.8378361623733407,0.8422609962227549,0.8270729363036836,0.808148261111594
100115,0.8787136420592644,0.9047727621802679,0.9132591494628522,0.8962553035841585,0.8761145807103923
100116,0.8787136420592644,0.9047727621802679,0.9132591494628522,0.8962553035841585,0.8761145807103923
100119,0.8868711658032798,0.9131722053403029,0.9217373758606167,0.9045756750564322,0.884247976110826
100120,0.8193399555144789,0.8384798325165707,0.8434262831898788,0.8281853769512146,0.8091075489801108
100121,0.8193039412663868,0.8384481810721274,0.8433957352428317,0.8281513975744348,0.8090691397250855
100122,0.8210784800758264,0.8402589692146085,0.845215915563038,0.8299426702572325,0.8108243618087861
100123,0.8227562181009437,0.8411134090494273,0.8460213672354886,0.8315187244848117,0.8119795468504916
100124,0.8183157255454564,0.8378073887076483,0.8422321672367223,0.8270442944674807,0.8081198413553006
100126,0.817958675768495,0.8374418342743941,0.8418646821718824,0.8266834362172254,0.8077672402746827
100127,0.8198494576665204,0.8393776531706331,0.8438107248618043,0.8285943861501526,0.809634463792172
100128,0.8185198934521137,0.8380164197397972,0.8424423022410198,0.8272506401321713,0.8083214654121129
100129,0.81959343931619,0.8391155366563641,0.8435472240108249,0.8283356369787632,0.809381635327321
100130,0.8180861578897894,0.8375723529236325,0.841995890139602,0.8268122781272265,0.8078931340201163
100131,0.8396508579418124,0.8595479694384157,0.8641630538548104,0.8485063979577309,0.830151477613257
100132,0.8389661509902574,0.8589586686734345,0.863595410564628,0.8478645666992283,0.8294200197898479
100133,0.8255472363311629,0.8482197330384555,0.8525631942003211,0.8366830175561947,0.8184126796905484
100134,0.9394350940339017,0.9601112927087344,0.9667207729230464,0.9552127492273957,0.9298052428618898
100135,0.9068759194900302,0.9304606730777779,0.9375957099745351,0.9248440717536838,0.9001366079027818
100136,0.9394350940339017,0.9601112927087344,0.9667207729230464,0.9552127492273957,0.9298052428618898
100137,0.9394350940339017,0.9601112927087344,0.9667207729230464,0.9552127492273957,0.9298052428618898
100138,0.8848239032502488,0.9115182852602499,0.921010631616197,0.9025105412472301,0.8831309407075706
100139,0.8912814421821472,0.9181706426305509,0.9277322651395534,0.9090971591439037,0.8895761242188147
100140,0.8976470525313577,0.9180097925555505,0.9234620850686817,0.9109083306210225,0.8898340643580135
100141,0.8861693459443906,0.909215592086715,0.9161877156641544,0.9037272338506712,0.8795839121347183
100142,0.8976470525313577,0.9180097925555505,0.9234620850686817,0.9109083306210225,0.8898340643580135
100143,0.8203004649368687,0.8394679899816505,0.8444215618883789,0.8291586824523153,0.8100532147529027
100144,0.8211711396022895,0.8400850173907727,0.8448819317390971,0.8301219595648253,0.8110239365239476
100145,0.8211711396022895,0.8400850173907727,0.8448819317390971,0.8301219595648253,0.8110239365239476
100146,0.8211711396022895,0.8400850173907727,0.8448819317390971,0.8301219595648253,0.8110239365239476
100147,0.8226327272880629,0.8415802695461465,0.8463857218357149,0.83159947865345,0.8124674633861617
100148,0.8861693459443906,0.909215592086715,0.9161877156641544,0.9037272338506712,0.8795839121347183
100149,0.8638540104430499,0.8827905620702223,0.8858039880589654,0.8732308794088353,0.854249029470213
100150,0.8543245072629417,0.8717717413822321,0.8769920940448787,0.862990104553719,0.8452873210313804
100151,0.8389661509902574,0.8589586686734345,0.863595410564628,0.8478645666992283,0.8294200197898479
100152,0.8232369387940467,0.8408123054663552,0.8458492976570587,0.8324172860992897,0.8120178893579167
100153,0.8224276517399944,0.840586604447535,0.845022043477531,0.8312715268147076,0.8108826813364537
100154,0.8224276517399944,0.840586604447535,0.845022043477531,0.8312715268147076,0.8108826813364537
100155,0.8224276517399944,0.840586604447535,0.845022043477531,0.8312715268147076,0.8108826813364537
100156,0.8239414288770949,0.8421235245610659,0.8465646584684128,0.8327965401510465,0.8123818934828142
100157,0.8224039487428204,0.8405656676072568,0.84500176882336,0.8312491822195892,0.8108571720877369
100158,0.819970035929137,0.8374756571696896,0.8424926607478286,0.829113952285404,0.8087955077517326
100159,0.8474242967726398,0.8654958529895752,0.870675146645625,0.8568637583934989,0.8358887929323016
100161,0.8543245072629417,0.8717717413822321,0.8769920940448787,0.862990104553719,0.8452873210313804
100162,0.8229952292925311,0.8411700058169292,0.8456092964393693,0.8318468221922094,0.8114401508966078
100163,0.8274827200075957,0.8502083720588224,0.8545620164031977,0.8386446089122815,0.820331436501081
100164,0.8543245072629417,0.8717717413822321,0.8769920940448787,0.862990104553719,0.8452873210313804
100165,0.863472575952065,0.8811066342755091,0.8863828862414453,0.8722309640718239,0.8543386199337306
100166,0.8224750027160433,0.8406284297757823,0.8450625460183483,0.8313161642695437,0.8109336404215318
100167,0.8224039487428204,0.8405656676072568,0.84500176882336,0.8312491822195892,0.8108571720877369
100168,0.8417578205814104,0.8589790216108737,0.8627679012751154,0.8502604317115428,0.8314319932279459
100169,0.8417578205814104,0.8589790216108737,0.8627679012751154,0.8502604317115428,0.8314319932279459
100170,0.841189148037273,0.8584798674129482,0.8622837625606903,0.8497263455840962,0.8308206098548069
100171,0.8502627523655958,0.8677926785555671,0.8741985084290271,0.8594336986559691,0.8425221818477371
100172,0.8502627523655958,0.8677926785555671,0.8741985084290271,0.8594336986559691,0.8425221818477371
100173,0.8502627523655958,0.8677926785555671,0.8741985084290271,0.8594336986559691,0.8425221818477371
100174,0.8354080547467916,0.8528146529081351,0.858100121570866,0.8445045020196884,0.8251972082523453
100175,0.8400385368956678,0.8586787667075326,0.8650796468732577,0.8492300423225875,0.831473909767757
100177,0.8233298035756044,0.8415119687367882,0.8459530640750086,0.8321849949352045,0.8117700276651239
100178,0.8258865364788135,0.8441251637524064,0.8485800502767689,0.8347692263681825,0.8142908633382124
100179,0.8223772609314747,0.840542094380843,0.8449789411883237,0.8312240239197989,0.8108284504909967
100180,0.8349902306057986,0.8523881229653689,0.8576709481338324,0.8440821283471865,0.8247844910026986
100181,0.8349902306057986,0.8523881229653689,0.8576709481338324,0.8440821283471865,0.8247844910026986
100182,0.837766015678845,0.8552217444155896,0.8605221314508973,0.8468881379104259,0.8275263488049683
100183,0.8406657284573081,0.8581818757342276,0.8635006087035185,0.8498194245817262,0.830390619595662
100184,0.820021285003621,0.837528000365724,0.8425453175123823,0.8291657728652235,0.8088460584052967
100185,0.823071627520729,0.8412517982782233,0.8456923912960276,0.8319258601910764,0.8115130659496005
100186,0.8349902306057986,0.8523881229653689,0.8576709481338324,0.8440821283471865,0.8247844910026986
100187,0.820251984316431,0.8377636249009366,0.842782353586099,0.8293990448271881,0.8090736137544756
100188,0.8164038418442403,0.8355848514054905,0.8389449998647801,0.8266277572297291,0.8061428141202507
100189,0.819970035929137,0.8374756571696896,0.8424926607478286,0.829113952285404,0.8087955077517326
100190,0.819970035929137,0.8374756571696896,0.8424926607478286,0.829113952285404,0.8087955077517326
100192,0.8417759681346084,0.8589949514621579,0.8627833520860738,0.8502774759557059,0.8314515031729774
100193,0.8417759681346084,0.8589949514621579,0.8627833520860738,0.8502774759557059,0.8314515031729774
100194,0.8417759681346084,0.8589949514621579,0.8627833520860738,0.8502774759557059,0.8314515031729774
100195,0.8417759681346084,0.8589949514621579,0.8627833520860738,0.8502774759557059,0.8314515031729774
100198,0.8432237957640679,0.8604723951899101,0.8642673117412253,0.8517399259055706,0.8328815730542988
100199,0.8606717721602786,0.8784501155681205,0.8849465034541333,0.8699727913098692,0.8528212220134099
100200,0.8500417214882491,0.8676004867742063,0.8740166385764445,0.8592278649000036,0.8422881325158535
100201,0.8420890300260232,0.8593982465577483,0.8632062110123025,0.8506353604418625,0.8317093998545771
100202,0.8609257314746868,0.8815665750978612,0.8831779041376199,0.8716605700620224,0.8522692760360001
100203,0.845360099063557,0.8627365527165864,0.8665593090923975,0.8539396274380574,0.8349401495367172
100204,0.8669422190730516,0.8890103570894035,0.9007548069441255,0.8834453158665722,0.8627647645740164
100205,0.8666163884401539,0.8886762323912053,0.9004162682245024,0.8831132827274928,0.8624405039911329
100206,0.8954971225916676,0.9130604844069,0.9175148505217783,0.9041932897022983,0.8850960090102672
100207,0.8954971225916676,0.9130604844069,0.9175148505217783,0.9041932897022983,0.8850960090102672
100208,0.8954971225916676,0.9130604844069,0.9175148505217783,0.9041932897022983,0.8850960090102672
100209,0.9189863633245822,0.9407644833292242,0.9476632930064154,0.929405056883786,0.9084424611847849
100210,0.9117573219519781,0.9338657833288831,0.941796722259303,0.9253820974867993,0.9061476536739509
100211,0.8524905615755459,0.8700135825334452,0.8738685831813249,0.861142456750316,0.8419827216224128
100212,0.9121398394293142,0.9338783186981127,0.9430001405309778,0.9252814491489973,0.9055013062007649
100213,0.9553601543184483,0.9740711276987555,0.9771545834629712,0.9635488185349806,0.9455120801847942
100214,0.9341888456974259,0.9524851735744182,0.9555002982560487,0.9421960445926985,0.9245590103252103
100215,0.9837349858939781,1.0027820959372646,1.0056560241220511,0.9916511149353046,0.977260408378022
100216,0.8797780185835374,0.8982756171115043,0.9023995332695862,0.8893799772110472,0.8724678140105409
100217,0.8797780185835374,0.8982756171115043,0.9023995332695862,0.8893799772110472,0.8724678140105409
100218,0.9126263189298235,0.9296984093989861,0.9333142838915691,0.9215441064776354,0.9048630067980314
100219,0.859832856259116,0.8799045387503286,0.8834841708576291,0.8699619418964862,0.8512140005914988
100220,0.9126263189298235,0.9296984093989861,0.9333142838915691,0.9215441064776354,0.9048630067980314
100221,0.9035241559942581,0.9242746996561197,0.9327576781617039,0.9092602284487081,0.8933719729835511
100222,0.912795037089549,0.9327531676769838,0.940104513822761,0.9175681813368367,0.8971015210800145
100223,0.9481923029433289,0.9695908227906099,0.9764740908540332,0.9586812331802523,0.9433673053549091
100224,0.8434617464757158,0.8632368290625565,0.8646849255510988,0.8527872361450782,0.835440485100995
100225,0.8351231422203845,0.8567577722899625,0.8575504992466466,0.8454679432684178,0.8265884107488269
100226,0.8404912549181613,0.8601966939009862,0.8616396905039537,0.849783902210915,0.8324982427074294
100227,0.8365528664203281,0.8568119983814277,0.858226549890799,0.8458852207635825,0.8268665504021524
100228,0.844082740303832,0.8645242262018791,0.8659515101934339,0.8534990958549737,0.8343092370426974
100229,0.8340539183040755,0.8542525322492992,0.8556628582148088,0.8433583950675112,0.8243965372189312
100230,0.871678541327304,0.8917165253084537,0.8918100549468806,0.879776519688338,0.8612698474037909
100231,0.8443640072031569,0.865638993083844,0.8657370726568338,0.8541743644745966,0.8361233343873155
100232,0.9962023836287897,1.015206379974229,1.0171653994836387,1.0024654813226415,0.9881287830481117
100233,0.9962023836287897,1.015206379974229,1.0169885844407927,1.0024654813226415,0.9881287830481117
100234,0.9634530416544881,0.9815877715696567,0.9845701895497775,0.9720540221324724,0.955682637468682
100235,0.848276262214736,0.869360070444997,0.8689455964922984,0.8554906102963982,0.8377174637596139
100236,0.8483273155423033,0.8677483272579477,0.8691116515354824,0.8547720171080402,0.8380908692438191
100237,0.8477639744269035,0.8671720894054022,0.8685345083524058,0.8542043963174467,0.8375343257535458
100239,0.8400869745258492,0.8618603511608173,0.8626581558424646,0.8504981595112497,0.8314974164387154
100240,0.8583192369008905,0.8782737443686262,0.8777131667312169,0.8644470268651734,0.8489626852070056
100241,0.877759356880695,0.8970288000936053,0.8977399633233416,0.8835679351548714,0.8700642521350291
100242,0.939589803105084,0.9591269869119169,0.9659052662572314,0.9447959163563705,0.930220603792499
100243,0.9478871422716887,0.9682942991686236,0.9759036454004048,0.9541360361459608,0.9363959868367688
100244,0.9131479974157581,0.9331138454293363,0.9404680341996109,0.9179229873463396,0.8974484130247087
100245,0.9628540954564611,0.9814317656396415,0.9882629525678981,0.9701603465794835,0.9553182620927497
100246,0.9339902331907572,0.9545668300188381,0.960956470537695,0.9427093562961641,0.9230661932724593
100247,0.8477947629644284,0.8688666035866013,0.8684523648979392,0.8550050160320632,0.837241957902929
100248,0.8754150484682703,0.8965918194199599,0.8958194896593767,0.8831561249405853,0.865254299081289
100249,0.8848167460413614,0.9062209492223812,0.9054403248695947,0.8926409593754543,0.8745468732242774
100250,0.9634937298925407,0.9803613498104758,0.9862053220121266,0.9658226781234696,0.9543939782497984
100251,0.9356595202384183,0.9553995431176684,0.9602548802070622,0.9319591853010774,0.923678128965805
100252,0.9055241030218806,0.926458066093004,0.924746345028617,0.9128105364559782,0.8954430970643931
100253,0.8959893876189974,0.9167029265407562,0.9150092290421071,0.9031990985573997,0.8860145296066155
100254,0.8960466254834436,0.9167614876337467,0.9150676819378027,0.9032567969947756,0.886071130254172
100255,0.8582980642600045,0.878246157729691,0.8776857578887263,0.8644238657156251,0.8489445819028366
100256,0.8582980642600045,0.878246157729691,0.8776857578887263,0.8644238657156251,0.8489445819028366
100257,0.8582980642600045,0.878246157729691,0.8776857578887263,0.8644238657156251,0.8489445819028366
100258,0.8586782658822674,0.8786351957897999,0.87807454770765,0.864806780893642,0.8493206401985395
100259,0.8526362152408236,0.871535958015008,0.8732832007881275,0.859589004171775,0.8426260626381911
100260,0.9345098635770304,0.9542256316410317,0.9590750029164651,0.9308140752879285,0.9225431939910897
100261,0.9345098635770304,0.9542256316410317,0.9590750029164651,0.9308140752879285,0.9225431939910897
100262,0.9345098635770304,0.9542256316410317,0.9590750029164651,0.9308140752879285,0.9225431939910897
100263,0.8652502692359305,0.8860070607818159,0.8845012937104433,0.871500237431784,0.8564840515472307
100264,0.8652502692359305,0.8860070607818159,0.8845012937104433,0.871500237431784,0.8564840515472307
100265,0.8507139284547166,0.871502570431068,0.8702954131253821,0.8563975578145816,0.8414361106362139
100266,0.8497832613552302,0.870745364613279,0.8699952534275869,0.8548769400915865,0.8406833159495647
100267,0.8527236765852353,0.8737583127943035,0.8730056060781333,0.857834980439918,0.8435922435999953
100268,0.8506870125410863,0.871474996781302,0.8702678776691153,0.8563704620754286,0.8414094882653772
100269,0.8507139284547166,0.871502570431068,0.8702954131253821,0.8563975578145816,0.8414361106362139
100270,0.8507139284547166,0.871502570431068,0.8702954131253821,0.8563975578145816,0.8414361106362139
100271,0.8537975798424721,0.876330107207913,0.8732104883531688,0.85935743602292,0.8437926801270302
100272,0.8653153305686044,0.8879368272117503,0.8844643038922726,0.8709453473541533,0.8563182309246654
100273,0.8958060357791291,0.9159138138843189,0.9144737973098443,0.9007008459831544,0.888884766251533
100274,0.8700115387855661,0.8941361292558618,0.8878214391588154,0.8753321822827846,0.8592307490786647
100275,0.8898850253143614,0.9117509290255069,0.9076897239322864,0.8940851620274288,0.8811871880626724
100276,0.8898143306158096,0.9116953043010226,0.9076313416454036,0.8940174050339919,0.8811103432056037
100277,0.8898850253143614,0.9117509290255069,0.9076897239322864,0.8940851620274288,0.8811871880626724
100278,0.8627980663002883,0.8850103683421537,0.8809172961046589,0.868565787558583,0.8518577996638482
100279,0.8627980663002883,0.8850103683421537,0.8809172961046589,0.868565787558583,0.8518577996638482
100280,0.8739286921876135,0.896427546591823,0.892281671204223,0.8797708205987009,0.8628472893806208
100281,0.8941962021938741,0.9162743224158829,0.9122742821565871,0.8983326528899088,0.8853883063668007
100282,0.8866951890640554,0.9085881057823358,0.9046216200767624,0.8907969409200531,0.8779611787467649
100283,0.889725601769014,0.9123577651736084,0.9077697444370261,0.8939137482849663,0.8808360773562567
100284,0.8631312145412741,0.8870675365984421,0.8808021350047643,0.8684103434751893,0.8524345285553485
100285,0.8702789259821,0.8944134681014521,0.8880961818326542,0.8756017721280022,0.8594936592294122
100286,0.903623555849687,0.9294228143860082,0.921196745285654,0.9091762021183943,0.8958964784031007
100287,0.8896960374307584,0.909766011489681,0.9086088841531292,0.8943654014655038,0.8808845888539821
100288,0.8880758309746402,0.9081092560323574,0.9069542359156901,0.8927366917302466,0.8792804287387165
100289,0.9115794134252533,0.9342658550985634,0.928485065622122,0.9156149263781311,0.9029257766523153
100290,0.9260799739912576,0.9484542882812181,0.9426588730925217,0.9300742976408891,0.9176360154847132
100291,0.9260799739912576,0.9484542882812181,0.9426588730925217,0.9300742976408891,0.9176360154847132
100293,0.9155845187596328,0.9394519665695387,0.9346847523468305,0.9190765248315383,0.9061920440221055
100294,0.9280661875052933,0.9492247181997802,0.9445955782565054,0.9321538831603299,0.9198004227602007
100296,0.9280661875052933,0.9492247181997802,0.9445955782565054,0.9321538831603299,0.9198004227602007
100297,0.9304178716816794,0.9516300172826241,0.9469891472760184,0.9345159254009567,0.9221311618052821
100298,0.8740558912599069,0.8985535830397074,0.8934537392133062,0.8799018090878986,0.865021685101935
100299,0.880603563355057,0.9039144374000131,0.8998268397160034,0.8861124526746816,0.8716635919590575
100300,0.8757518991109554,0.8985193205412525,0.8943525389147291,0.8809648940109243,0.865452578785713
100301,0.8757643216513222,0.8985292726640064,0.894362936105425,0.880976742481963,0.8654661506421073
100302,0.8867055046350315,0.9097576931933258,0.9055387948859385,0.8919837018940147,0.8762773639302692
100303,0.8741095234143929,0.8966069696724666,0.8929114076909528,0.8797572224144397,0.8643593093140347
100304,0.8827613394133584,0.9047780141512378,0.9014077825924546,0.8871344977510193,0.8727400374449872
100305,0.8794804014704165,0.902186963106521,0.8988441566645083,0.8850498023115179,0.8704621998979667
100306,0.8818945699184397,0.9046634609305865,0.9013114785048604,0.8874792587315784,0.8728516134365483
100307,0.8786382907444084,0.9019497968069052,0.8984146160853986,0.8845499894240315,0.8700546146591245
100308,0.8849153272294947,0.9077622086231855,0.9043987446374584,0.8905191453015466,0.875841395869383
100309,0.8728322605213161,0.8972956568641932,0.8922029525419476,0.8786699943821026,0.8638107017609125
100310,0.8826819574890034,0.9074214172310883,0.9022712429955626,0.8885855687378145,0.8735585926611737
100311,0.8864435806073425,0.9092584754017947,0.9055107674687507,0.8921709710426262,0.8765557868386065
100312,0.8806034080351299,0.9032679910379109,0.8995449741980827,0.8862930645984987,0.8707807582002337
100313,0.8984411946998683,0.9220293070538299,0.9174890543535691,0.9026884704663861,0.8894759286958382
100314,0.8973977590909532,0.9212261326447838,0.9164529411880272,0.9023913185562522,0.8888146844834066
100315,0.8982576468272074,0.9221088527605333,0.9173310876253216,0.9032559911278828,0.8896663479060613
100316,0.8782468219878646,0.9015479418352517,0.8980143361791796,0.8841558867675593,0.8696669702760904
100317,0.9155257628591272,0.939410642415856,0.9346400005065135,0.9190203621034915,0.9061262386201573
100318,0.9155257628591272,0.939410642415856,0.9346400005065135,0.9190203621034915,0.9061262386201573
100319,0.8795386857605241,0.904486081711953,0.8989747992317271,0.8850409134073469,0.8712901760413955
100320,0.8795386857605241,0.904486081711953,0.8989747992317271,0.8850409134073469,0.8712901760413955
100321,0.8831916001989075,0.9082426080827578,0.9027084360540993,0.8887166797874808,0.8749088326344606
100322,0.9195127521193959,0.9451439140170528,0.9369848144353493,0.9251809437325,0.9133637331672269
100323,0.9305578115590741,0.9554071854707253,0.9475431808848183,0.9378483908832702,0.9245819512862303
100324,0.9368924391132116,0.9627714843437316,0.9545353504394316,0.9437022230149208,0.931841430200983
100325,0.9368924391132116,0.9627714843437316,0.9545353504394316,0.9437022230149208,0.931841430200983
100326,0.9190475714919605,0.9439203126919948,0.9384317333939078,0.9230713204333426,0.9108590568423619
100327,0.9463729840875089,0.97164468225538,0.9636470260169419,0.9537874694908461,0.9402955618697253
100331,0.9527060963403886,0.9765666553353923,0.9702416294516932,0.95860226679629,0.9474291266317842
100334,0.9155845187596328,0.9394519665695387,0.9346847523468305,0.9190765248315383,0.9061920440221055
100336,0.8339936984057496,0.8556038665552471,0.8563956942750233,0.8443268221093907,0.8254685735896556
100341,0.8460535581687729,0.8658090878347623,0.8693323195738677,0.8560231190418258,0.8375704088743648
100342,0.8460535581687729,0.8658090878347623,0.8693323195738677,0.8560231190418258,0.8375704088743648
100343,0.8354585896836982,0.8552118914332657,0.857596972004759,0.8462667391582835,0.8267771686545742
100344,0.8519333917888597,0.8718262168144528,0.8753739340205017,0.861972238298304,0.8433912869993251
100351,0.86588849401644,0.888606222516457,0.8996644595833382,0.8828931457683417,0.8638404272995983
100354,0.8675895497290519,0.8903519076728249,0.9014318688733144,0.884627607468218,0.8655374595431232
100360,0.8351179329680948,0.8548631803449148,0.8572472884041569,0.845921675439452,0.8264400517725556
100361,0.8925115894751575,0.9147709953294836,0.9113636064368514,0.8969329601654447,0.8823798088502292
100362,0.8340215118295609,0.8556276031546425,0.8564192844067318,0.8443526668095529,0.8254980387211013
100363,0.8339630727905915,0.8555777301226771,0.8563697191237789,0.8442983643557491,0.825436129184184
100364,0.8340215118295609,0.8556276031546425,0.8564192844067318,0.8443526668095529,0.8254980387211013
100367,0.8436735075695839,0.8649310953022809,0.8650290946682645,0.8534758421777607,0.8354395737685646
100375,0.906757314277189,0.9275969217507659,0.9348606710210431,0.9164717464207978,0.893096922753287
100376,0.9143313690667035,0.9362423116435878,0.9438033429648277,0.9275698146631653,0.90863235226599
100377,0.920484677775375,0.9407317455458479,0.9476707177289543,0.9298106992722552,0.9094408591356108
100378,0.9286594243936257,0.9500696086438835,0.9569628810319499,0.9361584503530851,0.9155830069147136
100379,0.8997956391633765,0.9213589047822887,0.9283963143222383,0.9079932441545937,0.8848707660534594
100380,0.8818142564181449,0.9065550665737124,0.9158199525231833,0.8999206940966609,0.8787536033375649
100381,0.8818142564181449,0.9065550665737124,0.9158199525231833,0.8999206940966609,0.8787536033375649
100382,0.8818142564181449,0.9065550665737124,0.9158199525231833,0.8999206940966609,0.8787536033375649
100385,0.863617149571109,0.8861942515359483,0.8827285430421258,0.8692361174509202,0.8546377067316991
100396,0.8339630727905915,0.8555777301226771,0.8563697191237789,0.8442983643557491,0.825436129184184
100398,0.8339630727905915,0.8555777301226771,0.8563697191237789,0.8442983643557491,0.825436129184184
100399,0.8341214192978568,0.8557128675253287,0.8565040226882862,0.8444455030896281,0.8256038786513533
100403,0.9194146254675928,0.9396703716801355,0.9465111647419431,0.9337009882950873,0.9084782947773354
100404,0.8827632803746346,0.9047795615780084,0.9014093893227205,0.8871363593803708,0.8727421624351381
100405,0.8432779170630308,0.8634956512770604,0.8650739502483589,0.8537927059617552,0.8347989072662383
100406,0.8346728691567352,0.8544075935945704,0.8567904310785108,0.8454708539325485,0.8259996127102608
100414,0.8989600613678945,0.9225617962998661,0.9180189215183779,0.9032097900159567,0.889989617754326
100417,0.8352489225967038,0.8549972670482225,0.8573817490587557,0.846054359652931,0.8265696802611507
100418,0.9299068801136235,0.9547388717211578,0.9468803680593293,0.9371923596285667,0.9239351999952171
100419,0.9299068801136235,0.9547388717211578,0.9468803680593293,0.9371923596285667,0.9239351999952171
100423,0.8339936984057496,0.8556038665552471,0.8563956942750233,0.8443268221093907,0.8254685735896556
100424,0.8339936984057496,0.8556038665552471,0.8563956942750233,0.8443268221093907,0.8254685735896556
100429,0.9210870955175378,0.9384243864734866,0.9412756585087186,0.9293098648529952,0.9136583795209484
100432,0.889725601769014,0.9123577651736084,0.9077697444370261,0.8939137482849663,0.8808360773562567
100434,0.9056293536037195,0.9257813671556178,0.9230156678714669,0.909251069419999,0.8985180885499439
100439,0.8590531237746935,0.87902469290256,0.8784636359556443,0.8651861531702122,0.8496885719682898
100445,0.924985448638096,0.9508304849247056,0.9426895467985392,0.9315437043734441,0.9195573650320339
100448,0.8582649223505165,0.8782181670944841,0.8776576249304989,0.8643923245474717,0.8489089627404116
100449,0.8582649223505165,0.8782181670944841,0.8776576249304989,0.8643923245474717,0.8489089627404116
100453,0.8255472363311629,0.8482197330384555,0.8525631942003211,0.8366830175561947,0.8184126796905484
100456,0.861399017652137,0.8823444933503272,0.8821198853554013,0.8668770919059015,0.8536318140692727
100457,0.8630511141963721,0.8824756821691118,0.8940341646567542,0.8669946157626359,0.857569132039037
100458,0.8718848988497306,0.8913593601830644,0.9050673423639388,0.8750828994308321,0.8663208435010205
100459,0.8546645025702951,0.874959882467153,0.890720434093932,0.8600875323403476,0.8495609118731553
100460,0.8498441100464569,0.8700250219886623,0.8856966825418038,0.8552365533909805,0.8447693041068064
100461,0.8498441100464569,0.8700250219886623,0.8856966825418038,0.8552365533909805,0.8447693041068064
100462,0.8558713232124826,0.8761953610017964,0.8919781671611765,0.861302010518621,0.8507605260400721
100463,0.8622904828150415,0.8816979313660855,0.893246227035872,0.8662305088617279,0.8568133320837854
100464,0.8668385434507623,0.8867850517619705,0.9003039260283581,0.8740556796337453,0.855886172452501
100465,0.8650059177916783,0.8849102562164454,0.8984005495711398,0.8722077958749218,0.8540767017353275
100466,0.8689243362891172,0.887655911940294,0.9012300774315547,0.8728857258199811,0.8623014025046646
100467,0.8520898728477354,0.8726709531138221,0.8867323218354489,0.857276637999138,0.843768587630706
100468,0.8689243362891172,0.887655911940294,0.9012300774315547,0.8728857258199811,0.8623014025046646
100469,0.8598109223102532,0.880659549791207,0.8950012621276422,0.8655203408691486,0.8532976260897142
100470,0.8543718272098065,0.875024821899989,0.8881292985548255,0.8594154656388108,0.8453026710975172
100471,0.855375471394272,0.8760359108565693,0.8901514992258016,0.8605822363468525,0.8470220998874206
100472,0.8463324273866416,0.8667744443321348,0.8807408024614486,0.851484146331734,0.8380673678651989
100473,0.8735337251357467,0.8942714711077985,0.9088369650699305,0.8798495117588303,0.862374202068992
100474,0.8616127073097013,0.8811100295794791,0.8954064137516289,0.8667313242498472,0.8541393603354321
100475,0.8598284001951572,0.8792853456105254,0.8935521235108848,0.8649364170309343,0.8523705297175349
100476,0.851476692775303,0.8720597024844751,0.8851197731554047,0.8565032402717344,0.8424382685122115
100477,0.8780197006623031,0.898045041888709,0.9115129864186154,0.8831536635961937,0.8711752543262237
100478,0.8780197006623031,0.898045041888709,0.9115129864186154,0.8831536635961937,0.8711752543262237
100479,0.8634348831128386,0.8829373379988478,0.8971801630468962,0.868550249735839,0.8553070420630261
100480,0.8712702067152297,0.8909199243451125,0.9040148137081666,0.8762568324235366,0.8635278436042795
100481,0.8689806503226514,0.8875148672397336,0.9009028345966498,0.8725965091378245,0.8607378463324791
100482,0.8591621369173366,0.879044678487618,0.8918439883782278,0.8635634006122588,0.8509581133829173
100483,0.8712702067152297,0.8909199243451125,0.9040148137081666,0.8762568324235366,0.8635278436042795
100484,0.8712702067152297,0.8909199243451125,0.9040148137081666,0.8762568324235366,0.8635278436042795
100485,0.8674730664761165,0.8878099217309039,0.899973214376647,0.8725752999527561,0.8605534974258767
100486,0.8611874071370782,0.8806390981500011,0.8948448498671607,0.8662894587275067,0.853080722433681
100487,0.8645220867525327,0.8840490983715971,0.898309857431271,0.8696438944463304,0.8563840114412316
100488,0.8575996176261992,0.8769083468257958,0.8910239302523325,0.8621984953215251,0.8492812933460325
100489,0.8594590390190117,0.8793484514325545,0.8921521844021655,0.8638618236660159,0.8512521804064098
100490,0.884463239081891,0.9058483900440418,0.9199289068427383,0.8904894043261438,0.878210029284609
100491,0.8639045075202899,0.8840639256472921,0.8974629109474372,0.8692003004255102,0.8562830753762924
100492,0.867590998955258,0.8878364422408422,0.9012926042823012,0.8729093903016446,0.859937044299714
100493,0.8613259882766835,0.8812586052201168,0.8940901509401649,0.8657383368181321,0.8531013024170587
100494,0.8602995571004288,0.8796690750400059,0.8938290978763929,0.8649129132203851,0.8519550446415108
100495,0.8658216855552067,0.8859980271241903,0.8994087153710648,0.87112184264022,0.8581940771774014
100496,0.8695711023749116,0.8898348170320275,0.9033035798927811,0.8748942116433285,0.8619104628503668
100497,0.8595130427139627,0.8794037048691592,0.8922082423551674,0.8639161040078207,0.851305668427351
100498,0.880885662470535,0.9024642215715777,0.9141505016023673,0.887477086242126,0.86790927729513
100499,0.8775849560292259,0.8990826595867475,0.9107251507566032,0.8841516815274458,0.86465719377954
100500,0.8674730664761165,0.8878099217309039,0.899973214376647,0.8725752999527561,0.8605534974258767
100501,0.8674730664761165,0.8878099217309039,0.899973214376647,0.8725752999527561,0.8605534974258767
100502,0.8674730664761165,0.8878099217309039,0.899973214376647,0.8725752999527561,0.8605534974258767
100503,0.8648726216742597,0.8843451014898143,0.898580394269401,0.8695105008516377,0.8564837525793342
100504,0.8781300445397877,0.8988581531336222,0.9095747709793531,0.8820333069948293,0.8717125253073958
100505,0.9385290026867822,0.9602462504611851,0.9704876403249451,0.9440952765460922,0.9308380230946459
100506,0.8828861604758463,0.9048457995116419,0.9134697232195282,0.8877792351452708,0.8766003697249832
100507,0.8837857713371036,0.9060922103468005,0.9145928912753862,0.8901839385652958,0.8779324772587762
100508,0.8853481144201465,0.9073689885532398,0.916016960325235,0.8902548335717493,0.8790447955574782
100509,0.8798287481306858,0.9019382312440526,0.9133473003818859,0.886830047590627,0.8676924811221284
100510,0.9098219039795457,0.9328624649726333,0.9454993101274014,0.9157722627911594,0.9025936881102274
100511,0.9133201828958722,0.9364493351928073,0.9491347692074175,0.9192934209266872,0.9060641744277304
100512,0.8899137029080055,0.9122508313806718,0.9228061182696169,0.8959949429436248,0.8828790395172162
100513,1.0709095771982866,1.0869718788741582,1.0937425096293047,1.076230700233419,1.069870555996962
100514,1.0709095771982866,1.0869718788741582,1.0937425096293047,1.076230700233419,1.069870555996962
100515,0.8849362450645101,0.9072717216225191,0.9157834683663629,0.8913427411474296,0.8790753314235304
100516,0.8856130466832793,0.9076962780681379,0.9191973516719961,0.8931414688504606,0.874188869289768
100517,0.8888342424898356,0.91138624651072,0.9225148582591258,0.8970074214063035,0.8779727857368118
100518,0.8842627190044525,0.908356126963814,0.9211382493334701,0.8944664261122823,0.8763567405453622
100519,0.9185094173454592,0.9420533605795164,0.9520982432578045,0.9245347056117473,0.9124448103837781
100520,0.8933354344915344,0.9157584495594183,0.9263543216853398,0.8994400569866314,0.886273722714115
100521,0.8918983890480489,0.9132746517314337,0.9215039375808913,0.8968553071299407,0.883917610620815
100522,0.9220757420126043,0.9441752698481418,0.9526829933164749,0.9272003772564626,0.9138249342070378
100523,0.89059042229729,0.9129445366505974,0.9215039375808913,0.8966762867060699,0.883550409519141
100524,0.9971749794705185,1.0180878224746304,1.0194464155224143,1.0002499477159121,0.9940904266764466
100525,0.9971749794705185,1.0176795998707733,1.0191895317701554,1.0002499477159121,0.9926919384331788
100526,0.9602858539904264,0.9794815950803386,0.985741277318849,0.963590422299952,0.9540526185121054
100527,0.949351416472271,0.9697191226780968,0.9763917235534985,0.9496197294778334,0.9423716108147049
100528,0.8842349861706451,0.9083276384965681,0.9211093599848258,0.8944383732630458,0.876329255664094
100529,0.9159287710582318,0.9385722186584367,0.951591885162074,0.921074133301402,0.9094299501033529
100530,0.8966837987966204,0.9221520607936595,0.9344440734328341,0.9041407419050839,0.8891080317926582
100532,0.9602858539904264,0.9794815950803386,0.985741277318849,0.963590422299952,0.9540526185121054
100533,0.8880277228850006,0.9085782655092064,0.9218075985166398,0.8925768574532925,0.8795480657577612
100534,0.9500154421317023,0.9750484145968841,0.9831256522377748,0.9551723610333785,0.9402141540229245
100535,0.9602858539904264,0.9794815950803386,0.985741277318849,0.963590422299952,0.9540526185121054
100536,0.9825444946715511,1.0021851773397994,1.0085899538928267,0.9859256601716969,0.9761667778929838
100537,0.9214892730748707,0.9450780212470673,0.9521066992787816,0.923966495496655,0.9115365068642982
100538,0.9603884817945688,0.979533812107531,0.9857773845965002,0.9636842617502812,0.9541719501559336
100539,0.9443381807542139,0.9647000467148573,0.9708132069118526,0.9455823749100791,0.9371748694640083
100540,0.9029547036294847,0.9283652296965844,0.9410973943925836,0.9140312998664021,0.8960425406351225
100541,0.91181429063231,0.9382092403296346,0.9508688978315183,0.9226753546526836,0.9058510750868277
100542,0.9445955536250213,0.9664831251670422,0.9759837396263613,0.9479457433376208,0.9367498425384642
100543,0.9030537520908724,0.9287029381099855,0.9410822719949647,0.9105636685879288,0.8954241675850793
100544,0.93208750334319,0.9521852195993588,0.9582190752049888,0.9333155568605098,0.9250171200078204
100545,0.949351416472271,0.9697191226780968,0.9763917235534985,0.9496197294778334,0.9423716108147049
100546,0.949351416472271,0.9697191226780968,0.9763917235534985,0.9496197294778334,0.9423716108147049
100547,0.949351416472271,0.9697191226780968,0.9763917235534985,0.9496197294778334,0.9423716108147049
100548,0.92436877208099,0.9475161463432504,0.9545283065878453,0.9259772990784032,0.914223833074409
100549,0.949351416472271,0.9697191226780968,0.9763917235534985,0.9496197294778334,0.9423716108147049
100550,0.9052423569166278,0.9279107813230767,0.9347778506774468,0.9068176013583285,0.8953073301454203
100551,0.9228766630293715,0.946532550879923,0.9566251940598388,0.9289305997925377,0.9167832206218279
100552,1.008608881794184,1.0255724488206093,1.030830105570437,1.0125621256004829,1.0055778600426915
100553,0.9856025898286815,1.0055903997135789,1.007082394858645,0.9895200685370568,0.9808995712287307
100554,0.9548807052744509,0.9765132140581926,0.9796605837076853,0.9558010313534224,0.9494651872788925
100555,0.8888252730897037,0.9140954395530685,0.9262915093813363,0.896224314053006,0.8813082447018591
100556,0.8981393418881447,0.9236743163808421,0.9359981897683587,0.9056159179741097,0.8905435419782879
100557,0.8920781202074478,0.9174407682761787,0.9296814722432247,0.899504239551395,0.8845335816386197
100558,0.8888252730897037,0.9140954395530685,0.9262915093813363,0.896224314053006,0.8813082447018591
100559,0.8888252730897037,0.9140954395530685,0.9262915093813363,0.896224314053006,0.8813082447018591
100560,0.9096348229915442,0.934261796910583,0.9450876065725619,0.9155155717631825,0.9003831941781199
100561,0.9045372137636338,0.9284619880935258,0.9409115701461964,0.9109947875514368,0.8982353042669685
100562,0.8971145745497493,0.922575667405695,0.9348644776657853,0.9045693422040734,0.8895410841783712
100563,0.8988508818941008,0.9239374268341218,0.9361591193029657,0.9070681727868899,0.8922536138989393
100565,0.899882836557775,0.9245958939278116,0.9369964761815548,0.9083881576559878,0.8944675733433574
100568,0.8924936418349242,0.9178293707614996,0.9300575972075141,0.8999117268853469,0.8849573984346463
100569,0.894578866865824,0.919546181687535,0.9317097874871109,0.9027571030156153,0.8880129540471313
100570,0.8898978475012403,0.9140714857420759,0.925489055392893,0.8967359256869755,0.8824901107810853
100571,0.887661191369877,0.9125455096174006,0.925489055392893,0.8951825201868546,0.8809028396883247
100572,0.8969964055856813,0.9194583408425929,0.9262628573134731,0.8985573009540081,0.8871518780565841
100573,0.8979340735588199,0.9204194892189683,0.9272311187363754,0.8994966005965572,0.8880792551321034
100574,0.9703032024722305,0.9846281878029587,0.9906254958218129,0.9758226593196258,0.9607718202324042
100575,0.9703032024722305,0.9846281878029587,0.9906254958218129,0.9758226593196258,0.9607718202324042
100576,0.979177977540521,0.9986641666276341,1.0075104443088472,0.9823802488725846,0.9724804339107047
100577,0.8954782466025105,0.9201965634657447,0.9321324040652235,0.9030924378772751,0.8886255473985428
100578,0.8954782466025105,0.9201965634657447,0.9321324040652235,0.9030924378772751,0.8886255473985428
100579,0.8961566950281996,0.9208937394297355,0.9328386230766524,0.9037766551042755,0.8892988039583163
100581,0.9475107219116603,0.9689762661427088,0.9720993436876222,0.9484239447076218,0.9421370020981238
100582,0.9475107219116603,0.9689762661427088,0.9720993436876222,0.9484239447076218,0.9421370020981238
100585,0.9475107219116603,0.9689762661427088,0.9720993436876222,0.9484239447076218,0.9421370020981238
100586,0.9023594230986888,0.9277531970614091,0.94047696797007,0.9134287169957869,0.8954518170062837
100587,0.9076872147825462,0.9332309209499703,0.946029816691485,0.9188218650004867,0.9007388241808288
100588,0.9062567230348729,0.9317601729771542,0.9445388979875632,0.917373825329927,0.8993192829183596
100589,0.905695728728556,0.9302160576849928,0.9409949871224532,0.9115510114305552,0.8964841632867848
100590,0.905695728728556,0.9302160576849928,0.9409949871224532,0.9115510114305552,0.8964841632867848
100591,0.905695728728556,0.9302160576849928,0.9409949871224532,0.9115510114305552,0.8964841632867848
100592,0.905695728728556,0.9302160576849928,0.9409949871224532,0.9115510114305552,0.8964841632867848
100593,0.8996238612316931,0.9244265006320335,0.9341298887240582,0.9049334432103594,0.8914141108678204
100594,0.9137655568326503,0.9398767294153698,0.9483885123965422,0.9194875577081775,0.9059281109338108
100595,0.9052162705850492,0.9314810271212557,0.9441926233748652,0.9149318822621002,0.8989618865405217
100596,0.9026770519193326,0.9288681332883835,0.9415440722924195,0.9123654103715788,0.896440212023341
100597,0.9046850069726954,0.9296271822148204,0.9393851600786727,0.9100244598444936,0.8964290698135636
100598,0.8963078779308897,0.9210190956364399,0.9306867173662537,0.9015978889689282,0.8881283884307885
100599,0.979177977540521,0.9986641666276341,1.0075104443088472,0.9823802488725846,0.9724804339107047
100600,0.9451812945781347,0.9672058806437258,0.9757171707028972,0.9500422478448257,0.9367791765943143
100601,0.9493432513259336,0.9692860654904005,0.9737502554129643,0.9511250110873554,0.9429679071821129
100602,0.9119958223205955,0.9346523172937794,0.9412131668226253,0.9161191805950735,0.9040108720537997
100603,0.9606412636995458,0.9800696891659424,0.9842765126751936,0.962444227955552,0.9533619835494969
100604,0.9073331281519716,0.9298737889245952,0.9364010952791297,0.9114354052349453,0.8993890019549079
100605,0.9073331281519716,0.9298737889245952,0.9364010952791297,0.9114354052349453,0.8993890019549079
100606,0.9265483995296433,0.9495664207119546,0.9562319607086609,0.930737553598555,0.918436034638324
100607,0.9159984054740087,0.9387543356670429,0.9453439795666014,0.9201398604151171,0.9079784107183715
100608,0.9319109685091731,0.9536513044270503,0.9620525297538808,0.936709257301545,0.9236170683555022
100609,0.9319109685091731,0.9536513044270503,0.9620525297538808,0.936709257301545,0.9232722206413703
100610,0.9319814057563877,0.9536984084101207,0.9620908344130996,0.9367744735887645,0.9236966271908248
100611,0.9167983066938239,0.9434246523055758,0.9532977724470024,0.9255812223409607,0.9107696515000717
100612,0.9084114747105209,0.9356838555794886,0.9471587288414764,0.9163283445391688,0.9017682115005095
100613,0.9567226060750238,0.9762697138307019,0.9832715111587985,0.9593895759864488,0.947218473393812
100614,0.9670544702179599,0.9883299541584515,0.997597560412611,0.9699850045504058,0.9597044893319492
100615,0.952830433082865,0.9752021908767247,0.9842231553112103,0.9563649145805013,0.9467784544536016
100616,0.9567226060750238,0.9762697138307019,0.9832715111587985,0.9593895759864488,0.947218473393812
100617,0.9288453309403326,0.9551865727669642,0.9672126698842515,0.9383527147832083,0.9210108736696472
100618,0.912804803188342,0.9392044267973386,0.9518666580740192,0.9236676747263164,0.9068406657775606
100619,0.928654617058798,0.9547157783388988,0.9677327291534139,0.9400058165544741,0.9226531463789144
100620,0.9548459098577807,0.9757432540244647,0.9827574476870593,0.9611481128192377,0.9474789988632771
100621,0.9379719767508562,0.9628827830133719,0.9726128183903707,0.944068406574926,0.92942643111424
100622,0.938896847367762,0.9609414548167176,0.9698305024097414,0.9423796428579034,0.9329333690214965
100623,0.9519284338459735,0.9729693249745218,0.9804480495110267,0.962338896493419,0.9435592679929892
100624,0.919212174020657,0.9457971079804597,0.958548220922827,0.9301512967418027,0.91320617175558
100625,1.010382068992532,1.0285510587294473,1.0358571453511327,1.0148919540862515,1.0047809025047034
100626,0.9825522953244097,1.0056219005842648,1.0149242580692854,0.9861970287289128,0.9763115359122679
100627,0.9739865156865142,0.992986930903199,1.001015577156454,0.9784822551435685,0.967776085959569
100628,0.9652225482604039,0.9840636744920794,0.9907130330742072,0.9715018245119629,0.9557934743321768
100629,0.9704280487651514,0.9925980537380106,0.9994115760665304,0.9809231540658417,0.9658085654079346
100630,0.9438969159828986,0.9629975002023123,0.9695977833953199,0.9505188720043748,0.9344821984810759
100631,0.9364159656916807,0.9574787640135914,0.9659052662572314,0.9411245860626531,0.9226574251015552
100632,0.9704280487651514,0.9925980537380106,0.9994115760665304,0.9809231540658417,0.9658085654079346
100633,0.9388494257022454,0.9599972327099648,0.9678840360074703,0.947213519794268,0.9243398403939495
100634,0.9146274999080364,0.934218102384273,0.9418776678115531,0.9208399810203639,0.9028631936400762
100635,0.9146274999080364,0.934218102384273,0.9418776678115531,0.9208399810203639,0.9028631936400762
100636,0.9146274999080364,0.934218102384273,0.9418776678115531,0.9208399810203639,0.9028631936400762
100637,0.9146274999080364,0.934218102384273,0.9418776678115531,0.9208399810203639,0.9028631936400762
100638,0.9146274999080364,0.934218102384273,0.9418776678115531,0.9208399810203639,0.9028631936400762
100639,0.9146274999080364,0.934218102384273,0.9418776678115531,0.9208399810203639,0.9028631936400762
100641,0.9076424602249671,0.9280580562726064,0.9363730106586657,0.9122063975502113,0.8943066820154377
100642,0.9076424602249671,0.9278243526639168,0.9362571807104629,0.9122063975502113,0.8943066820154377
100643,0.9076424602249671,0.9280580562726064,0.9363730106586657,0.9122063975502113,0.8943066820154377
100644,0.9076424602249671,0.9280580562726064,0.9363730106586657,0.9122063975502113,0.8943066820154377
100645,0.9539379991714144,0.9740471512496294,0.981137760503797,0.9602894040892943,0.9454736376504006
100646,0.9276250739272885,0.9489291248158718,0.957638381243783,0.9335141523756187,0.9172020880520882
100647,0.9539379991714144,0.9740471512496294,0.981137760503797,0.9602894040892943,0.9454736376504006
100648,0.9556715260769124,0.975910891454519,0.9836237744531874,0.9645521447498929,0.9481196847055167
100649,0.9556715260769124,0.975910891454519,0.9836237744531874,0.9645521447498929,0.9481196847055167
100650,0.9259890312683643,0.9478751950111425,0.9551879071102553,0.9332885031703453,0.9148824637314814
100651,0.9271722965347341,0.9499198553600732,0.9571277364639846,0.9345450185480637,0.9147135532566388
100652,0.9133948413285679,0.9335011584763989,0.9419855819861734,0.9192903754656486,0.9016987214310342
100653,0.9225000365893363,0.9423606319540858,0.9497661783152443,0.9285815673650819,0.9113166468835089
100654,0.9035241559942581,0.9242746996561197,0.9327576781617039,0.9092602284487081,0.8933719729835511
100655,0.9179534320270367,0.9396496707978893,0.9468989242362498,0.9251895601647862,0.9069432456811394
100656,0.9179534320270367,0.9396496707978893,0.9468989242362498,0.9251895601647862,0.9069432456811394
100657,0.9014618449029328,0.9235786148089886,0.930586621650929,0.9086301216223004,0.8893485820901638
100658,0.9014618449029328,0.9235786148089886,0.930586621650929,0.9086301216223004,0.8893485820901638
100659,0.9123354722874238,0.9347190194467454,0.9418115583801303,0.9195902143080974,0.9000760966835465
100660,0.9014618449029328,0.9235786148089886,0.930586621650929,0.9086301216223004,0.8893485820901638
100661,0.9007509940340297,0.9210335206944386,0.9285976836970827,0.9087728381299865,0.8868352088626714
100662,0.910266540653748,0.9301087914170006,0.9380385156460681,0.9189775598181054,0.897476925232189
100663,0.9053120284469449,0.9256972575219964,0.9332997223505487,0.9133744918785662,0.8913257794343369
100664,0.9292252399080486,0.9463117786210166,0.9526286290845979,0.9355971927788134,0.9165003584199343
100665,0.9136656080486555,0.9349401242148574,0.9430909739968005,0.9199136803129127,0.9014564406508639
100666,0.9068819615972356,0.9279545125078261,0.9347451629536184,0.9120453605831652,0.8935564984552666
100667,0.9275391917614276,0.9491367514770206,0.9569628810319499,0.9338821380724236,0.915144633883285
100668,0.9035241559942581,0.9242746996561197,0.9327576781617039,0.9092602284487081,0.8933719729835511
100669,0.9190395426782331,0.9401464162806731,0.9487750651492163,0.9248741154124904,0.9087130255957112
100670,0.9214453360402243,0.9413210845634611,0.9480667289645452,0.9281941413322082,0.9068659531365776
100671,0.912795037089549,0.9327531676769838,0.940104513822761,0.9175681813368367,0.8971015210800145
100672,0.9617396433160812,0.9805127833078713,0.9871381483727278,0.9679962614538791,0.9523445932181761
100673,0.9617396433160812,0.9805127833078713,0.9871381483727278,0.9679962614538791,0.9523445932181761
100674,0.910266540653748,0.9301087914170006,0.9380385156460681,0.9189775598181054,0.8969087812609992
100675,0.9007214307994779,0.9210103956374938,0.9285769047667395,0.9087458472731557,0.8868011001464341
100676,0.9047440278860791,0.9251236026819099,0.9327239036323982,0.9128042811825803,0.890761529419975
100677,0.9295847551190549,0.9500642955295256,0.9564237971666345,0.9382627515570938,0.9182038632567866
100678,0.9239296422320957,0.9442524857656054,0.9512174274331737,0.933290566876584,0.9128444914945801
100679,0.9189863633245822,0.9407644833292242,0.9476632930064154,0.929405056883786,0.9084424611847849
100680,0.9189863633245822,0.9407644833292242,0.9476632930064154,0.929405056883786,0.9084424611847849
100681,0.9600083501758918,0.9795703969258679,0.9877810112596073,0.973703199044652,0.9534111888883391
100682,0.9600083501758918,0.9795703969258679,0.9877810112596073,0.973703199044652,0.9534111888883391
100683,0.9386313171770347,0.9602034709434132,0.967722552882817,0.9486872275016742,0.9244907405449564
100684,0.9295847551190549,0.9500642955295256,0.9564237971666345,0.9382627515570938,0.9187122420975105
100685,0.9295847551190549,0.9500642955295256,0.9564237971666345,0.9382627515570938,0.9187122420975105
100686,0.9295847551190549,0.9500642955295256,0.9564237971666345,0.9382627515570938,0.9187122420975105
100687,0.9128150225006513,0.9361368189622004,0.9437572770725693,0.925007615125194,0.905349105510239
100688,0.8997956391633765,0.9213589047822887,0.9283963143222383,0.9079932441545937,0.8848707660534594
100689,0.9188826679513301,0.9409033470691709,0.9480900385489692,0.9272541656751294,0.9036411990831023
100690,0.8997956391633765,0.9213589047822887,0.9283963143222383,0.9079932441545937,0.8848707660534594
100691,0.9117573219519781,0.9338657833288831,0.941796722259303,0.9253820974867993,0.9061476536739509
100692,0.9117573219519781,0.9338657833288831,0.941796722259303,0.9253820974867993,0.9061476536739509
100699,0.9061091752474327,0.9269338868246593,0.9341924440558645,0.9158166636338475,0.8924585480041922
100704,0.9353676741148202,0.9600146768818462,0.9679673760174305,0.9404450813071036,0.9257175067016828
100706,0.8667936960985219,0.8850016035341715,0.8999542227266042,0.8706540954395965,0.8613642279563646
100707,0.8889175911763735,0.9141652717257928,0.9263508228426841,0.8963099494574202,0.8814074381374615
100708,0.8889175911763735,0.9141652717257928,0.9263508228426841,0.8963099494574202,0.8814074381374615
100711,0.91181429063231,0.9382092403296346,0.9508688978315183,0.9226753546526836,0.9058510750868277
100712,0.8955004860096611,0.9209157692674097,0.9331824695001135,0.9029418410460418,0.8879406218621386
100713,0.9141225515479706,0.940584320148424,0.9532760256154662,0.9250111103881099,0.9081442401024605
100714,0.91181429063231,0.9382092403296346,0.9508688978315183,0.9226753546526836,0.9058510750868277
100716,0.9177804371687013,0.9413056946194923,0.9513426051200192,0.923800943430992,0.9117206434165217
100717,0.9177804371687013,0.9413056946194923,0.9513426051200192,0.923800943430992,0.9117206434165217
100720,0.8617871698222184,0.8817304593277404,0.8945688754687061,0.8662018808765222,0.8535580802021269
100721,0.8503559733391468,0.8709118915504171,0.883954772467167,0.8553759048594466,0.8413294455117767
100723,0.8565242658656144,0.8758087836785537,0.8899066674499396,0.8611173769874428,0.8482163720059794
100730,0.8763851070471347,0.8956199599822441,0.9091259773936855,0.8815734830869798,0.8695009142693545
100731,0.8716652174153074,0.8911347719339849,0.9050172524982509,0.874862412223358,0.8661025639943768
100737,0.9419639924278149,0.9627846351431614,0.9701850751050314,0.9522654821299232,0.933682431966051
100738,0.9232192154586017,0.946609609558337,0.9542539568777784,0.9354468102754996,0.9157328182736945
100739,0.928654617058798,0.9547157783388988,0.9677327291534139,0.9400058165544741,0.9226531463789144
100741,0.9220884056660408,0.9463854987929768,0.9542252947038334,0.9270937297032226,0.9125752401690492
100742,0.9395927353692254,0.9643510687918961,0.9723396903159868,0.9446930772394911,0.9298989780934446
100743,0.8934414469984775,0.9187982924769891,0.9310367876838863,0.900865692004707,0.8858989653710564
100748,0.9063717409242856,0.9274324362113644,0.934219266170713,0.9115322349313791,0.8930537748183804
100755,0.8682677745745992,0.8880107552393601,0.9011074355136223,0.8760402633888942,0.8589002098445074
100762,0.9134506638848144,0.936591979492112,0.9441558347078949,0.9255488789308061,0.9060434800175874
100770,0.8514499753584075,0.8720323392191892,0.8850920000945769,0.856476365133123,0.8424118347006703
100776,0.8889671129291379,0.914202732256921,0.9263826410544874,0.8963558867440182,0.8814606476459762
100778,0.9109813289538237,0.9351753133764155,0.9446253617554838,0.9169023307328352,0.9026816859861873
100786,0.9118841067592184,0.9382571025074695,0.9509065620819411,0.922736021511032,0.9059259850486148
100793,0.8863235446602064,0.9111703638858623,0.9243551629353902,0.893833539332082,0.8795753773676727
100794,0.8893704572868383,0.9141924076175073,0.9262851945733701,0.8975010781786803,0.8828427724707134
100795,0.8893704572868383,0.9141924076175073,0.9262851945733701,0.8975010781786803,0.8828427724707134
100796,0.8871865302989743,0.9125186625803772,0.9249038476301338,0.894525631667094,0.879944753965397
100797,0.8861877709205311,0.9114913852929848,0.9238626275930492,0.8935186102196602,0.8789541470912836
100798,0.8150167296631855,0.8311335696733677,0.8268147089603636,0.825751144653557,0.8193975675085664
100799,0.8150167296631855,0.8311335696733677,0.8268147089603636,0.825751144653557,0.8193975675085664
100800,0.8230026642939241,0.8393906865749007,0.8350227318187466,0.8338016868600604,0.8265172348655773
100801,0.8143481071234515,0.8297334065964863,0.8257274858841149,0.8248809881989922,0.8178803192643007
100802,0.7823875171090888,0.7977048491056994,0.7936250936152962,0.7936504977313756,0.7860536246580313
100806,0.8133072979145511,0.8287920086324279,0.8247604696367763,0.8239085348108294,0.8168625792120098
100807,0.8133072979145511,0.8287920086324279,0.8247604696367763,0.8239085348108294,0.8168625792120098
100808,0.8133072979145511,0.8287920086324279,0.8247604696367763,0.8239085348108294,0.8168625792120098
100809,0.7974155377562255,0.8137756141016476,0.8092615000914806,0.8089766880327734,0.8019589008406692
100810,0.7923272600631821,0.807837170990854,0.8037061177473603,0.8037318412778806,0.7960394558968916
100811,0.7971097227787659,0.8134986524358662,0.8089766633048299,0.8086913521992293,0.8016611858726411
100812,0.7971097227787659,0.8134986524358662,0.8089766633048299,0.8086913521992293,0.8016611858726411
100813,0.7971097227787659,0.8134986524358662,0.8089766633048299,0.8086913521992293,0.8016611858726411
100814,0.7971097227787659,0.8134986524358662,0.8089766633048299,0.8086913521992293,0.8016611858726411
100815,0.8134068392443407,0.8288820365773393,0.8248529490441486,0.8240015345207339,0.8169599127575239
100816,0.7989404947908995,0.8151568712707253,0.8106819825144445,0.8103996560544019,0.8034435213433807
100817,0.7810198019061839,0.7963039951448101,0.7922330517738589,0.792258400986126,0.7846779644208328
100818,0.7810198019061839,0.7963039951448101,0.7922330517738589,0.792258400986126,0.7846779644208328
100819,0.7809965343238823,0.7962826565983897,0.7922112048097388,0.7922365571998008,0.7846551635925267
100820,0.780957724807714,0.796247064789003,0.7921747649428478,0.7922001226335832,0.784617132642979
100821,0.8160215325419412,0.8304325401268203,0.8264949224823394,0.8254797011407149,0.8195973511348422
100822,0.8160183581817915,0.8304296519883647,0.8264919568718107,0.8254767154671452,0.8195942484896103
100823,0.8088346150083048,0.8234791253352559,0.8200868085786294,0.8186170586360415,0.8122911110071143
100824,0.8088346150083048,0.8234791253352559,0.8200868085786294,0.8186170586360415,0.8122911110071143
100825,0.8099081363676608,0.8245720835415786,0.8211752643509213,0.8197035636906872,0.8133692199820525
100826,0.7809771342877051,0.7962648650018861,0.792192989293058,0.792218344332777,0.7846361527391138
100827,0.7806458860525021,0.795961087119555,0.7918819714708601,0.7919073717631832,0.7843115514471013
100828,0.7829447795742968,0.7982690340476165,0.7941874257649725,0.7942128413981749,0.7866125355250485
100829,0.7974155377562255,0.8137756141016476,0.8092615000914806,0.8089766880327734,0.8019589008406692
100830,0.8087947942466001,0.8234428382566351,0.8200497112614304,0.8185796087336878,0.8122521327819218
100831,0.8088458676928664,0.8234948366916551,0.8201014954286405,0.8186313000674585,0.8123034245508024
100832,0.8087881529801585,0.8234367863525347,0.8200435242227408,0.8185733628894736,0.8122456320375978
100833,0.7809965343238823,0.7962826565983897,0.7922112048097388,0.7922365571998008,0.7846551635925267
100834,0.7809965343238823,0.7962826565983897,0.7922112048097388,0.7922365571998008,0.7846551635925267
100835,0.8160215325419412,0.8304325401268203,0.8264949224823394,0.8254797011407149,0.8195973511348422
100836,0.8159548069391379,0.8303718312043433,0.8264325850212845,0.8254169419342816,0.8195321330602994
100837,0.8093974491898671,0.8240493145301299,0.8206552884850006,0.8191847990062596,0.8128556755107031
100838,0.8159548069391379,0.8303718312043433,0.8264325850212845,0.8254169419342816,0.8195321330602994
100839,0.8164448634176386,0.8308705464419832,0.8269289343765299,0.8259126813017307,0.820024338054657
100840,0.7809771342877051,0.7962648650018861,0.792192989293058,0.792218344332777,0.7846361527391138
100841,0.783140818479579,0.798466519023258,0.7943845201856745,0.7944099382388329,0.7868089154713086
100842,0.7806458860525021,0.795961087119555,0.7918819714708601,0.7919073717631832,0.7843115514471013
100843,0.7806458860525021,0.795961087119555,0.7918819714708601,0.7919073717631832,0.7843115514471013
100844,0.7806458860525021,0.795961087119555,0.7918819714708601,0.7919073717631832,0.7843115514471013
100845,0.7821908193564314,0.7975118815609284,0.793431149651009,0.7934565598851336,0.7858578357822207
100846,0.8153179542742941,0.8292069195581705,0.8262555319844945,0.8243873984130842,0.817438619328506
100847,0.8153179542742941,0.8292069195581705,0.8262555319844945,0.8243873984130842,0.817438619328506
100848,0.8153179542742941,0.8292069195581705,0.8262555319844945,0.8243873984130842,0.817438619328506
100849,0.8153179542742941,0.8292069195581705,0.8262555319844945,0.8243873984130842,0.817438619328506
100850,0.8153179542742941,0.8292069195581705,0.8262555319844945,0.8243873984130842,0.817438619328506
100851,0.8107892731535904,0.8250175443103114,0.8220860907550825,0.8200258295831659,0.8126880143920924
100852,0.7810198019061839,0.7963039951448101,0.7922330517738589,0.792258400986126,0.7846779644208328
100853,0.7981858131118921,0.8146630341433512,0.811390240357436,0.8095329409230793,0.8017743228169993
100854,0.800204071782388,0.8167196876840844,0.8134392612732047,0.8115776317516202,0.8038009364074902
100858,0.8088647692813352,0.8235147903151183,0.8201212067424444,0.8186509061411585,0.8123225758649082
100859,0.8162745229595372,0.8301768027759127,0.8272225806905814,0.8253526543992422,0.8183972169231762
100860,0.8126026565957576,0.8283368666802093,0.8260830485542399,0.8235594874597976,0.8155184541065902
100861,0.800985370305081,0.8175203835472066,0.8142361107632503,0.8123722970362239,0.804586466350352
100863,0.8097852503631882,0.8244519429936614,0.8210544975523576,0.8195825237617581,0.8132469919006197
100865,0.7831160918458503,0.7984413085008403,0.7943594385469618,0.7943848557975788,0.7867840730222775
100866,0.8087881529801585,0.8234367863525347,0.8200435242227408,0.8185733628894736,0.8122456320375978
100870,0.7810198019061839,0.7963039951448101,0.7922330517738589,0.792258400986126,0.7846779644208328
100873,0.7825971784440962,0.7979122402058464,0.7938330750067869,0.7938584754152624,0.7862627291193376
100874,0.7981858131118921,0.8146630341433512,0.811390240357436,0.8095329409230793,0.8017743228169993
100875,0.8101210327130752,0.8258071917713535,0.8235602566266828,0.8210444022871108,0.8130279256102185
100876,0.8101210327130752,0.8258071917713535,0.8235602566266828,0.8210444022871108,0.8130279256102185
100877,0.8101210327130752,0.8258071917713535,0.8235602566266828,0.8210444022871108,0.8130279256102185
100878,0.8101210327130752,0.8258071917713535,0.8235602566266828,0.8210444022871108,0.8130279256102185
100879,0.8100784915735629,0.8257687134519768,0.8235212033777524,0.8210047025350741,0.8129861461278624
100880,0.8141423428238503,0.8298301837648479,0.8283858226656667,0.8255734021265417,0.8168882571254564
100881,0.8139730001339616,0.8296773074228644,0.8282314496414905,0.825416103664748,0.8167218304253572
100882,0.8138767622071098,0.8295904289882078,0.8281437205075555,0.8253267117316188,0.8166272499804361
100883,0.8138767622071098,0.8295904289882078,0.8281437205075555,0.8253267117316188,0.8166272499804361
100884,0.8108446943858055,0.8265497566682702,0.8243001208141896,0.8217812397700336,0.8137550991095264
100886,0.8138767622071098,0.8295904289882078,0.8281437205075555,0.8253267117316188,0.8166272499804361
100887,0.8138767622071098,0.8295904289882078,0.8281437205075555,0.8253267117316188,0.8166272499804361
100888,0.8121815398214728,0.8284422805176639,0.8269516567096075,0.8243438203402476,0.8143747656031669
100889,0.8109307550294272,0.8271843688246784,0.8256944164531519,0.8230877460683662,0.8131230452411212
100890,0.8174288416354292,0.8338126976115904,0.8323108060707957,0.8296832481197061,0.8196386989347847
100891,0.8767502861836508,0.890130295540395,0.8872227313119493,0.8855791562312849,0.8781871055530858
100892,0.8560938331177884,0.8693921597402593,0.8668006019640425,0.8646116244838907,0.856887511334917
100894,0.8524947634906784,0.8657371831534367,0.8631565204409599,0.8609767455529289,0.853285105037159
100897,0.8254258068595985,0.8411204498578451,0.8364072935142876,0.8354705434460573,0.8285005463962366
100898,0.811080974679562,0.8273196808877545,0.8258310769835281,0.823226774422391,0.8132712284805778
100899,0.8187671561182253,0.8351597478768644,0.8336570372680605,0.831028055121739,0.8209781657853468
100900,0.8599894964931829,0.8733331007776164,0.8690669889916939,0.8657756662870497,0.8586327959428796
100913,0.8162130571868054,0.83063739055953,0.8266961531602831,0.8256799959725006,0.8197922025057223
