Line,ec3,ec3veg,miroc6,mpi,taiesm1
88209,0.9660975206750423,0.9724190965722939,0.9726125454413067,0.9542409134853796,0.9491813109173836
88210,0.9775974838244477,0.9885545457435827,0.986230030945088,0.9755364544029469,0.9534487201355698
88211,0.9374651039071296,0.9466415220660321,0.949135622104424,0.9334380273559629,0.9227022362617101
88212,1.0088769629654482,1.0089463686137359,1.012084222253562,1.0014409513454954,1.0024907331935755
88213,0.9562449098084543,0.9641622580293515,0.965207929993588,0.9503125327016251,0.9426115514855335
88214,0.9541908524449995,0.9593528879967987,0.9654121779676236,0.9484070335949328,0.9437511540795374
88215,1.0783940872523843,1.076733536722716,1.0758088792796288,1.0893627041305582,1.0783833678168337
88216,0.9541908524449995,0.9593528879967987,0.9654121779676236,0.9484070335949328,0.9437511540795374
88217,1.072313176160396,1.0691717312115157,1.0710519902837767,1.0711615192963793,1.065334442211157
88218,1.0215286129909993,1.0204032602137778,1.0252785923195467,1.0087905356880138,1.0133313655466556
88219,1.0394100066109613,1.035624357632901,1.0402164762320962,1.0285893214903363,1.0279987676525373
88220,0.9522225570234774,0.9632273321641655,0.97145548693684,0.9451372707416036,0.9403104672754283
88221,1.0215286129909993,1.0204032602137778,1.0252785923195467,1.0087905356880138,1.0133313655466556
88222,0.9378956050761666,0.9481627355738619,0.9527336694692924,0.935108897161434,0.9252692811709441
88223,1.0215286129909993,1.0204032602137778,1.0252785923195467,1.0087905356880138,1.0133313655466556
88224,0.9374651039071296,0.9466415220660321,0.949135622104424,0.9334380273559629,0.9227022362617101
88225,0.9723687288645413,0.9827305581371573,0.9790049973908495,0.9698455972667409,0.9493668961487236
88227,0.8980884004117614,0.9083974893461508,0.9110241144879658,0.8987598976548439,0.8768566913705683
88228,0.9226258771828795,0.9338451469991776,0.9379019710314657,0.9213323510598134,0.9080441830276718
88229,0.9237692690541922,0.9338451469991776,0.9379019710314657,0.9219136494313915,0.9081446680580171
88230,0.8993246184565684,0.9075029370321207,0.9097634773707551,0.9015284672543783,0.8770121566033516
88231,0.9374651039071296,0.9466415220660321,0.949135622104424,0.9334380273559629,0.9227022362617101
88232,0.9378956050761666,0.9481627355738619,0.9527336694692924,0.935108897161434,0.9252692811709441
88233,0.91008462378851,0.9247372416091655,0.9294624076195087,0.9126573018938282,0.8929806356560338
88234,0.907975460426258,0.9191319665802649,0.9214697212146135,0.908955797610581,0.8873208356025135
88235,0.9118339411843864,0.9218832170668392,0.926043887936938,0.9126163292259708,0.8941648033778768
88237,0.900412629025622,0.9108005855313084,0.9115050445122339,0.9008927597682693,0.8752748440990377
88238,0.9635181891331174,0.9729846635889383,0.9685751118180659,0.9607145403602897,0.9398467284644175
88239,0.9104447706461459,0.9247254432441535,0.9313537648206678,0.9130766507107052,0.89482673460447
88240,0.9237015759663876,0.9354272007256774,0.9429582777669057,0.9236057267359278,0.9115469979331114
88241,0.91008462378851,0.9247372416091655,0.9294624076195087,0.9126573018938282,0.8929806356560338
88242,0.8979877981923837,0.908307852398809,0.9109372410575748,0.8986600155011386,0.876732892138902
88243,0.8979877981923837,0.908307852398809,0.9109372410575748,0.8986600155011386,0.876732892138902
88245,0.8980884004117614,0.9083974893461508,0.9110241144879658,0.8987598976548439,0.8752748440990377
88246,0.8980884004117614,0.9083974893461508,0.9110241144879658,0.8987598976548439,0.8768566913705683
88247,0.8980884004117614,0.9083974893461508,0.9110241144879658,0.8987598976548439,0.8768566913705683
88248,0.9005582484021174,0.9132136153846151,0.916363723827124,0.9026067191120047,0.8797911370674094
88249,0.8975772240086766,0.9132136153846151,0.9152085969098965,0.9005384913848814,0.8744286103772936
88250,0.9675452724574733,0.9745714012744278,0.9652310102240544,0.9683740732143306,0.9489148365926647
88251,1.0067368242116985,1.0138571633672129,1.005452934782661,1.0058710043408106,0.9970245166611927
88252,0.9635181891331174,0.9729846635889383,0.9685751118180659,0.9607145403602897,0.9398467284644175
88253,0.961654057139695,0.9704113807949555,0.9640101149000022,0.9589048322097357,0.9402301982043322
88254,0.9149519189023576,0.926480440132114,0.9290726157563687,0.9162126152340633,0.8949334942729537
88255,0.9149519189023576,0.926480440132114,0.9290726157563687,0.9162126152340633,0.8949334942729537
88256,0.907975460426258,0.9191319665802649,0.9214697212146135,0.908955797610581,0.8873208356025135
88257,0.8867198146167381,0.9011467952377386,0.904448813420542,0.8876918224969609,0.8657100593029359
88258,0.8867198146167381,0.9011467952377386,0.904448813420542,0.8876918224969609,0.8657100593029359
88259,0.8867198146167381,0.9011467952377386,0.904448813420542,0.8876918224969609,0.8657100593029359
88260,0.8867198146167381,0.9011467952377386,0.904448813420542,0.8876918224969609,0.8657100593029359
88261,0.8867231590759682,0.9011496779799386,0.9044515920627644,0.8876951354912122,0.8657140968603522
88262,0.8867231590759682,0.9011496779799386,0.9044515920627644,0.8876951354912122,0.8657140968603522
88263,0.8867231590759682,0.9011496779799386,0.9044515920627644,0.8876951354912122,0.8657140968603522
88264,0.8982655536937282,0.9151870671030781,0.9153353421917633,0.9007719170155012,0.8749838446393383
88265,0.8934685800140367,0.904283530313521,0.9045774012825816,0.8957416516893874,0.8680378078313629
88266,0.8975772240086766,0.9151870671030781,0.9152085969098965,0.9005384913848814,0.8744286103772936
88267,0.9423659082902465,0.9512810302182666,0.9496291272638642,0.9462088066607794,0.9237953343009263
88268,0.9423659082902465,0.9512810302182666,0.9496291272638642,0.9462088066607794,0.9237953343009263
88269,0.9067104038544374,0.9155483182713836,0.9157083337815118,0.9088571616036764,0.8842540682046797
88270,0.8935746307955043,0.9098115233277302,0.9113818902125146,0.8960693929810702,0.8720357893118162
88271,0.8958594207180302,0.9103926880760577,0.9131610103363262,0.8966325571280589,0.8731395993852592
88272,0.9027804750313057,0.9148374024737042,0.9171070595833027,0.9055469841754519,0.8807649826481826
88273,0.902746283357072,0.9148077551350886,0.9170782574687997,0.9055138433722837,0.8807222503558003
88274,0.8893047064288214,0.8993484661310943,0.8994907009659078,0.8904414108225436,0.8632172530395946
88275,0.8893047064288214,0.8993484661310943,0.8994907009659078,0.8904414108225436,0.8632172530395946
88276,0.8893047064288214,0.8993484661310943,0.8994907009659078,0.8904414108225436,0.8632172530395946
88277,0.8909793745862388,0.9019625304472256,0.9033351837710348,0.8934082705178448,0.8650432775566339
88278,0.8909793745862388,0.9019625304472256,0.9033351837710348,0.8934082705178448,0.8650432775566339
88279,0.8909793745862388,0.9019625304472256,0.9033351837710348,0.8934082705178448,0.8650432775566339
88280,0.8909793745862388,0.9019625304472256,0.9033351837710348,0.8934082705178448,0.8650432775566339
88281,0.8993741557944883,0.9113163736657208,0.9131975922544496,0.9011054662940343,0.8749592620686175
88282,0.8993741557944883,0.9113163736657208,0.9131975922544496,0.9011054662940343,0.8749592620686175
88283,0.8993741557944883,0.9113163736657208,0.9131975922544496,0.9011054662940343,0.8749592620686175
88284,0.9675452724574733,0.9745714012744278,0.9652310102240544,0.9683740732143306,0.9489148365926647
88285,0.9675452724574733,0.9745714012744278,0.9652310102240544,0.9683740732143306,0.9489148365926647
88286,0.961654057139695,0.9704113807949555,0.9640101149000022,0.9589048322097357,0.9402301982043322
88287,0.8936986860041198,0.9058051737481116,0.9076275152647133,0.896054231336735,0.8693206506868811
88288,0.8936986860041198,0.9058051737481116,0.9076275152647133,0.896054231336735,0.8693206506868811
88289,0.8936986860041198,0.9058051737481116,0.9076275152647133,0.896054231336735,0.8693206506868811
88291,0.8909809854899272,0.9019639655536584,0.903336597135304,0.8934098422620865,0.8650453169192603
88292,0.8909809854899272,0.9019639655536584,0.903336597135304,0.8934098422620865,0.8650453169192603
88293,0.8909809854899272,0.9019639655536584,0.903336597135304,0.8934098422620865,0.8650453169192603
88294,0.8909809854899272,0.9019639655536584,0.903336597135304,0.8934098422620865,0.8650453169192603
88295,0.8909809854899272,0.9019639655536584,0.903336597135304,0.8934098422620865,0.8650453169192603
88296,0.8909809854899272,0.9019639655536584,0.903336597135304,0.8934098422620865,0.8650453169192603
88297,0.8993290285463171,0.907506960822886,0.9097673953208769,0.9015327727213021,0.8770176482900692
88298,0.8935214875457012,0.9039208362326099,0.9011046811725468,0.8941988523474009,0.8685859460305322
88299,0.8935214875457012,0.9039208362326099,0.9011046811725468,0.8941988523474009,0.8685859460305322
88300,0.8935214875457012,0.9039208362326099,0.9011046811725468,0.8941988523474009,0.8685859460305322
88301,0.8935214875457012,0.9039208362326099,0.9011046811725468,0.8941988523474009,0.8685859460305322
88305,0.896696810785808,0.9099006401892045,0.915747083290888,0.897557890031104,0.8755300242903983
88306,0.886706430327863,0.9011352587242288,0.9044376935106966,0.8876785641300134,0.8656939012481738
88307,0.8924183720595923,0.9028011588352726,0.9011968148635524,0.8939776317073863,0.8684015100546593
88308,0.8924183720595923,0.9028011588352726,0.9011968148635524,0.8939776317073863,0.8684015100546593
88309,0.8969675380483119,0.9088789119946454,0.9095157995377655,0.8988350094937434,0.8721945011263866
88310,0.896273134069532,0.9057228812844913,0.9065756933690503,0.8988350094937434,0.8720170342458149
88311,0.8918654203937675,0.9031494254825692,0.9036798962088686,0.8943663758746928,0.8666419203646308
88312,0.8918654203937675,0.9031494254825692,0.9036798962088686,0.8943663758746928,0.8666419203646308
88313,0.896696810785808,0.9099006401892045,0.915747083290888,0.897557890031104,0.8755300242903983
88314,0.896696810785808,0.9099006401892045,0.915747083290888,0.897557890031104,0.8755300242903983
88315,0.8993246184565684,0.9075029370321207,0.9097634773707551,0.9015284672543783,0.8770121566033516
88316,0.8582628811176186,0.8759992438972294,0.8808567258471389,0.8590508254808789,0.8374332612097145
88317,0.8582628811176186,0.8759992438972294,0.8808567258471389,0.8590508254808789,0.8374332612097145
88318,0.8582628811176186,0.8759992438972294,0.8808567258471389,0.8590508254808789,0.8374332612097145
88319,0.8582628811176186,0.8759992438972294,0.8808567258471389,0.8590508254808789,0.8374332612097145
88321,0.901070849376052,0.9105754304961791,0.908165198349187,0.9035154076998434,0.8780613591834387
88323,0.9144003033902623,0.923185731893971,0.9186492252206643,0.9130190469908842,0.8893081379794976
88324,0.9135375141524767,0.9232100196573735,0.9186750454548687,0.9130467853453964,0.8876933427959741
88326,0.9144288075016092,0.9232111224321967,0.9186762178097282,0.913048044790055,0.8893457918667388
88327,0.9143031681765688,0.9230992076946898,0.9185572412772504,0.9129202292787817,0.8891798193529513
88328,0.9144288075016092,0.9232111224321967,0.9186762178097282,0.913048044790055,0.8893457918667388
88329,1.0370240989781327,1.0410462230689057,1.0276258402907128,1.0426284203595817,1.0319274433480108
88330,1.0370240989781327,1.0410462230689057,1.0276258402907128,1.0426284203595817,1.0319274433480108
88331,0.9521923480798232,0.9648167142105167,0.9533383887319582,0.9561103823458212,0.934714555374831
88332,0.9407928251094352,0.9488411757047148,0.9446597388362359,0.9397999189044983,0.9178732333196735
88333,0.9232061338798058,0.9325844275088736,0.9256031716337804,0.9221836822461714,0.8992789026666976
88334,0.9575433981364473,0.963580842021666,0.9560229419633984,0.9561697086868147,0.9359987326101402
88335,0.9082736968807877,0.9192179691544174,0.9145197048929083,0.909196009938472,0.8847171919169166
88336,0.9082736968807877,0.9192179691544174,0.9145197048929083,0.909196009938472,0.8847171919169166
88337,0.9082736968807877,0.9192179691544174,0.9145197048929083,0.909196009938472,0.8847171919169166
88338,0.9082736968807877,0.9192179691544174,0.9145197048929083,0.909196009938472,0.8847171919169166
88339,0.9027303522170789,0.9134794867219689,0.9094916285802794,0.9041740952787882,0.8788687930480166
88340,0.9028043952737266,0.9135447515455288,0.9095601316138411,0.9042469500741711,0.8789629019768572
88341,0.8768843637152568,0.8935828237218733,0.8979396639120127,0.8772498377036255,0.8529812630220337
88342,0.8768843637152568,0.8935828237218733,0.8979396639120127,0.8772498377036255,0.8529812630220337
88343,0.8768843637152568,0.8935828237218733,0.8979396639120127,0.8772498377036255,0.8529812630220337
88344,0.8483663702364777,0.8622946686484844,0.8687495389961063,0.8483492215822561,0.8282433474936273
88345,0.8582693447356964,0.8760048119211273,0.8808620533426889,0.8590572487229456,0.837440812734529
88346,0.8632166243146641,0.8781481093008444,0.8841763057716365,0.8642317413548761,0.8434913363560471
88347,0.8632166243146641,0.8781481093008444,0.8841763057716365,0.8642317413548761,0.8434913363560471
88348,0.8629699322244886,0.8779311864835999,0.883971185793098,0.8639870976662426,0.8432041079456527
88349,0.8632166243146641,0.8781481093008444,0.8841763057716365,0.8642317413548761,0.8434913363560471
88350,0.8632166243146641,0.8781481093008444,0.8841763057716365,0.8642317413548761,0.8434913363560471
88351,0.9377937182967028,0.9463308578423736,0.943587377853141,0.9410198439914226,0.9186711352625258
88352,0.9377937182967028,0.9463308578423736,0.943587377853141,0.9410198439914226,0.9186711352625258
88353,0.8993290285463171,0.907506960822886,0.9097673953208769,0.9015327727213021,0.8770176482900692
88354,0.9211430114852371,0.9327281540168544,0.9338447163258212,0.9213682432391219,0.8989998507059885
88355,0.8939806590799735,0.9096874419349796,0.9136617199896095,0.8938362396523528,0.8698001136686657
88356,0.8962899309240087,0.9057380257552214,0.9065906900077203,0.8988735262584118,0.872038196072741
88357,0.8962134382066177,0.9056690582254431,0.9065223957230372,0.8987991032656016,0.8719418243652906
88358,0.8485520299149585,0.8624612229013724,0.8689073952265131,0.848534905072462,0.8284574532060041
88359,0.8485520299149585,0.8624612229013724,0.8689073952265131,0.848534905072462,0.8284574532060041
88360,0.8472567620953136,0.8612409411462683,0.8674390035053057,0.8465279754574723,0.8274213930469287
88361,0.8472591045671739,0.8612430431019548,0.8674410007253172,0.8465303306268018,0.8274240870461722
88362,0.8485335288772702,0.8624446255326622,0.8688916645470987,0.8485164016621991,0.828436117894081
88363,0.8484384848024888,0.8623593617117289,0.8688108533557148,0.8484213453980153,0.82832651217363
88364,0.8484384848024888,0.8623593617117289,0.8688108533557148,0.8484213453980153,0.82832651217363
88365,0.8484245441019379,0.8623468556356032,0.8687990004091155,0.8484074029094365,0.8283104354396122
88366,0.8483663702364777,0.8622946686484844,0.8687495389961063,0.8483492215822561,0.8282433474936273
88367,0.8484384848024888,0.8623593617117289,0.8688108533557148,0.8484213453980153,0.82832651217363
88368,0.977111718308473,0.9823324423059812,0.9763578000595327,0.9762584757818952,0.9576098846711608
88369,1.0292884229199208,1.031007029913911,1.0211328849449457,1.0283708788110522,1.0177379814786376
88370,1.0292884229199208,1.031007029913911,1.0211328849449457,1.0283708788110522,1.0177379814786376
88371,0.9787936896333763,0.9824975869975334,0.9763642831804051,0.9779913782840791,0.9618667506246218
88372,0.9575433981364473,0.963580842021666,0.9560229419633984,0.9561697086868147,0.9359987326101402
88373,0.9179800818399914,0.9305581634284074,0.9324614277662544,0.918618985597472,0.8962620022376794
88374,0.9179800818399914,0.9305581634284074,0.9324614277662544,0.918618985597472,0.8962620022376794
88375,0.9143031681765688,0.9230992076946898,0.9185572412772504,0.9129202292787817,0.8891798193529513
88376,0.9082830768750778,0.91922615414332,0.9145284002071157,0.909205288378239,0.8847292200015282
88377,0.9082830768750778,0.91922615414332,0.9145284002071157,0.909205288378239,0.8847292200015282
88378,0.9134987542405049,0.9235957278774166,0.9192625612341622,0.9132165918641586,0.8876418773655183
88379,0.9754067601006453,0.9808618769505699,0.9743345839477807,0.9757327817877706,0.9582746244304536
88380,0.9225117781065053,0.9283329356131379,0.9260145797044497,0.9180981401225088,0.8975562678888819
88381,0.9787838194577474,0.9824894652199578,0.9763532605094181,0.9779811279988057,0.9618487550443464
88383,0.9313073192077933,0.9390089881186143,0.9345633563685438,0.927513470702003,0.9060861391180283
88384,0.9754067601006453,0.9808618769505699,0.9743345839477807,0.9757327817877706,0.9582746244304536
88385,0.9542279376321521,0.9596640837478506,0.9532312877978257,0.9527679817113506,0.9332972123739923
88387,0.9754067601006453,0.9808618769505699,0.9743345839477807,0.9757327817877706,0.9582746244304536
88388,0.9754067601006453,0.9808618769505699,0.9743345839477807,0.9757327817877706,0.9582746244304536
88389,0.9376851440301023,0.945148223177832,0.9412406836659408,0.9364074246470067,0.9159999244908378
88391,0.9232061338798058,0.9325844275088736,0.9256031716337804,0.9221836822461714,0.8992789026666976
88392,0.9144003033902623,0.923185731893971,0.9186492252206643,0.9130190469908842,0.8893081379794976
88393,0.9232061338798058,0.9325844275088736,0.9256031716337804,0.9221836822461714,0.8992789026666976
88394,0.9144003033902623,0.923185731893971,0.9186492252206643,0.9130190469908842,0.8893081379794976
88395,0.9144003033902623,0.923185731893971,0.9186492252206643,0.9130190469908842,0.8893081379794976
88396,0.9144003033902623,0.923185731893971,0.9186492252206643,0.9130190469908842,0.8893081379794976
88398,0.900412629025622,0.9108005855313084,0.9115050445122339,0.9008927597682693,0.8752748440990377
88399,0.901070849376052,0.9105754304961791,0.908165198349187,0.9035154076998434,0.8780613591834387
88400,0.9027303522170789,0.9134794867219689,0.9094916285802794,0.9041740952787882,0.8788687930480166
88401,0.8473526168393206,0.8613269544432449,0.8675207311805474,0.8466243497528052,0.827531631330299
88402,0.8471957777921116,0.8611862187210464,0.8673870078713012,0.8464666605718316,0.8273512565555503
88403,0.8473526168393206,0.8613269544432449,0.8675207311805474,0.8466243497528052,0.827531631330299
88404,0.8571184404349378,0.8712212716709594,0.876975366030757,0.8554132712179929,0.8347589862189453
88405,0.8571010340172307,0.8712057754873841,0.8769606359326244,0.8553956306349462,0.8347384526098283
88406,0.8484245441019379,0.8623468556356032,0.8687990004091155,0.8484074029094365,0.8283104354396122
88407,0.8484082696693191,0.8623322560201084,0.8687851632710782,0.8483911263894236,0.8282916673319494
88408,0.8483430610748595,0.8622737584330613,0.8687297209100262,0.8483259094307024,0.8282164663954803
88409,0.8993290285463171,0.907506960822886,0.9097673953208769,0.9015327727213021,0.8770176482900692
88410,0.9521923480798232,0.9648167142105167,0.9533383887319582,0.9561103823458212,0.934714555374831
88411,0.9304740271557683,0.9430008321167171,0.9364059665371873,0.9319167660539704,0.9084380648136103
88412,0.9521923480798232,0.9648167142105167,0.9533383887319582,0.9561103823458212,0.934714555374831
88413,0.9027303522170789,0.9134794867219689,0.9094916285802794,0.9041740952787882,0.8788687930480166
88414,0.9228341371492346,0.9314851917345157,0.9306056748946784,0.9261122788033588,0.9020660094028408
88415,0.9228341371492346,0.9314851917345157,0.9306056748946784,0.9261122788033588,0.9020660094028408
88416,0.895946500540942,0.9080456999941608,0.9065483860857821,0.8985955675651883,0.870660806578657
88417,0.895946500540942,0.9080456999941608,0.9065483860857821,0.8985955675651883,0.870660806578657
88418,0.9135375141524767,0.9236296742352705,0.9192985634285912,0.9132554874611998,0.8876933427959741
88419,0.9133779903182928,0.9234899627395196,0.919150390262591,0.9130954051488231,0.8874815218374725
88420,0.9133779903182928,0.9234899627395196,0.919150390262591,0.9130954051488231,0.8874815218374725
88421,0.9133779903182928,0.9234899627395196,0.919150390262591,0.9130954051488231,0.8874815218374725
88422,0.9133779903182928,0.9234899627395196,0.919150390262591,0.9130954051488231,0.8874815218374725
88423,0.8712906931742699,0.8870345162363051,0.8924412634891397,0.8705441254414985,0.848103279428026
88424,0.8582067842419235,0.8759509200382473,0.8808104895585556,0.8589950790377184,0.8373677220656598
88425,0.8582628811176186,0.8759992438972294,0.8808567258471389,0.8590508254808789,0.8374332612097145
88426,0.8582067842419235,0.8759509200382473,0.8808104895585556,0.8589950790377184,0.8373677220656598
88430,0.896260907009172,0.9057118570754741,0.906564776774033,0.8988452876445063,0.8720016296847373
88431,0.9228341371492346,0.9314851917345157,0.9306056748946784,0.9261122788033588,0.9020660094028408
88432,0.8962134382066177,0.9056690582254431,0.9065223957230372,0.8987991032656016,0.8719418243652906
88433,0.8962134382066177,0.9056690582254431,0.9065223957230372,0.8987991032656016,0.8719418243652906
88434,0.8896392779217065,0.9003021610389459,0.8977758508286553,0.8922063278430613,0.8654811537508011
88435,0.8896392779217065,0.9003021610389459,0.8977758508286553,0.8922063278430613,0.8654811537508011
88436,0.8896392779217065,0.9003021610389459,0.8977758508286553,0.8922063278430613,0.8654811537508011
88437,0.8896392779217065,0.9003021610389459,0.8977758508286553,0.8922063278430613,0.8654811537508011
88438,0.9010867197225382,0.910589660969816,0.9081798421943819,0.9035308537642832,0.8780813105567233
88439,0.9985812126768552,1.0009436381536687,0.9965216628364448,1.0025303523130573,0.9883481595408883
88440,0.9828447675451234,0.9880223280488856,0.9791688686177532,0.9828539558411165,0.9652523026752028
88441,0.9828447675451234,0.9880223280488856,0.9791688686177532,0.9828539558411165,0.9652523026752028
88442,0.9828424262719401,0.9880207002290528,0.9791660171770432,0.9828516158393515,0.9652474920044253
88443,0.8958726916743467,0.9057118570754741,0.9064826925414529,0.8985238000989115,0.8705670410969409
88444,0.928810850874163,0.9378563234434962,0.9324093594783275,0.931633723260821,0.9084742634665707
88445,0.928715119440191,0.9377733839630791,0.9323187399624624,0.9315420044802627,0.908349059371874
88446,0.9009316299909842,0.910450597772756,0.908036739131292,0.9033799105851841,0.877886335451073
88447,0.8473549499869323,0.8613290480598269,0.867522720488219,0.8466266955456758,0.827534314552121
88448,0.8472591045671739,0.8612430431019548,0.8674410007253172,0.8465303306268018,0.8274240870461722
88449,0.8473409476956749,0.8613164833145216,0.8675107817522342,0.8466126173637984,0.8275182112849244
88450,0.8472918752604417,0.8612724490955065,0.8674689415139696,0.8465632789507276,0.827461775395565
88451,0.8570509152520521,0.871161157128782,0.8769182234550585,0.8553448376002672,0.8346793291465384
88452,0.8570509152520521,0.871161157128782,0.8769182234550585,0.8553448376002672,0.8346793291465384
88453,0.8570443697743975,0.871155330024514,0.8769126844451447,0.8553382040600673,0.8346716076073228
88454,0.8958726916743467,0.9079811409392243,0.9064826925414529,0.8985238000989115,0.8705670410969409
88455,0.8958726916743467,0.9079811409392243,0.9064826925414529,0.8985238000989115,0.8705670410969409
88456,0.9009316299909842,0.910450597772756,0.908036739131292,0.9033799105851841,0.877886335451073
88457,0.8851074238437948,0.8950545712157127,0.8914378371005267,0.8862975109574391,0.8609303224255703
88458,0.8851485680052864,0.895091834510584,0.8914765038729275,0.8863381873400108,0.8609811797465721
88459,0.901070849376052,0.9105754304961791,0.908165198349187,0.9035154076998434,0.8780613591834387
88460,0.8711799190872724,0.8869386060866039,0.8923503662067566,0.8704326364534031,0.8479698617449462
88461,0.8711799190872724,0.8869386060866039,0.8923503662067566,0.8704326364534031,0.8479698617449462
88462,0.8711799190872724,0.8869386060866039,0.8923503662067566,0.8704326364534031,0.8479698617449462
88463,0.8711799190872724,0.8869386060866039,0.8923503662067566,0.8704326364534031,0.8479698617449462
88464,0.8821216228429555,0.8992301458505244,0.90367856707645,0.8813311935201182,0.8572914036234219
88465,0.8821216228429555,0.8992301458505244,0.90367856707645,0.8813311935201182,0.8572914036234219
88466,0.8473549499869323,0.8613290480598269,0.867522720488219,0.8466266955456758,0.827534314552121
88467,0.8473549499869323,0.8613290480598269,0.867522720488219,0.8466266955456758,0.827534314552121
88468,0.8473409476956749,0.8613164833145216,0.8675107817522342,0.8466126173637984,0.8275182112849244
88469,0.8484082696693191,0.8623322560201084,0.8687851632710782,0.8483911263894236,0.8282916673319494
88470,0.9304740271557683,0.9430008321167171,0.9364059665371873,0.9319167660539704,0.9084380648136103
88471,0.9305286182532421,0.9430451241247012,0.9364556540802143,0.9319701601039349,0.908511300483689
88472,0.9564683340398651,0.9626940349664777,0.956209785656137,0.957495443388013,0.937426180540924
88473,0.9564683340398651,0.9626940349664777,0.956209785656137,0.957495443388013,0.937426180540924
88474,0.9408539197283017,0.948893615444312,0.9447166608530506,0.9398620892090159,0.9179596138403323
88475,0.9522084665597695,0.9626940349664777,0.9533541059892368,0.9561251322460973,0.9347368871656307
88476,0.8896867562149766,0.9003446635868065,0.897819524150226,0.8922526000093282,0.865540246065856
88477,0.8898105547503955,0.9004554892137422,0.8979334022809413,0.892373253924439,0.8656943237481307
88478,0.9229216160805815,0.9315623043139956,0.9306838346069193,0.9261958121087774,0.9021789928857952
88479,0.9787936896333763,0.9824975869975334,0.9763642831804051,0.9779913782840791,0.9618667506246218
88480,0.8998434709976753,0.9125173980853419,0.9129901621740183,0.9019291152984783,0.8755182806145437
88481,0.8998434709976753,0.9125173980853419,0.9129901621740183,0.9019291152984783,0.8755182806145437
88482,0.8998434709976753,0.9125173980853419,0.9129901621740183,0.9019291152984783,0.8755182806145437
88483,0.8712984438979078,0.8870412270171971,0.8924476235437798,0.8705519261819854,0.848112614344916
88484,0.8712984438979078,0.8870412270171971,0.8924476235437798,0.8705519261819854,0.848112614344916
88486,0.8582067842419235,0.8759509200382473,0.8808104895585556,0.8589950790377184,0.8373677220656598
88487,0.8582067842419235,0.8759509200382473,0.8808104895585556,0.8589950790377184,0.8373677220656598
88488,0.8582067842419235,0.8759509200382473,0.8808104895585556,0.8589950790377184,0.8373677220656598
88489,0.8473409476956749,0.8613164833145216,0.8675107817522342,0.8466126173637984,0.8275182112849244
88493,0.895946500540942,0.9080456999941608,0.9065483860857821,0.8985955675651883,0.870660806578657
88494,0.895946500540942,0.9080456999941608,0.9065483860857821,0.8985955675651883,0.870660806578657
88495,0.895946500540942,0.9080456999941608,0.9065483860857821,0.8985955675651883,0.870660806578657
88496,0.895946500540942,0.9080456999941608,0.9065483860857821,0.8985955675651883,0.870660806578657
88497,0.8896425565445895,0.900305096052337,0.8977788666918405,0.8922095231743679,0.8654852344105608
88498,0.8896425565445895,0.900305096052337,0.8977788666918405,0.8922095231743679,0.8654852344105608
88499,0.9191742902210062,0.9317173794403258,0.9261351759495009,0.9207890278392515,0.8971569808533364
88500,0.9167379475690007,0.9283087148815306,0.9244045844304825,0.9177098416664284,0.892567054418314
88501,0.8816695480968627,0.8960680984158063,0.9010222627370886,0.8801744066363328,0.8580725386777188
88502,0.8572269249518712,0.8713178516418586,0.8770671717025258,0.8555232150322846,0.8348869587948727
88503,0.9575433981364473,0.963580842021666,0.9560229419633984,0.9561697086868147,0.9359987326101402
88504,0.9575433981364473,0.963580842021666,0.9560229419633984,0.9561697086868147,0.9359987326101402
88505,0.9575433981364473,0.963580842021666,0.9560229419633984,0.9561697086868147,0.9359987326101402
88506,0.884754498107137,0.8954021779002931,0.8929815441373598,0.8866293810188511,0.8608618480312505
88507,0.8846913218813547,0.895345359878052,0.8929232907517967,0.8865673327587552,0.8607839742149102
88508,0.884754498107137,0.8954021779002931,0.8929815441373598,0.8866293810188511,0.8608618480312505
88509,0.8896589401925159,0.9003197626636239,0.8977939373146894,0.89222549060988,0.8655056258641687
88510,0.901070849376052,0.9105754304961791,0.908165198349187,0.9035154076998434,0.8780613591834387
88511,0.8896195929221542,0.9002845391125168,0.8977577434708482,0.8921871429368725,0.8654566531973552
88512,0.8896048142425779,0.900271309332077,0.8977441492424285,0.8921727397144805,0.8654382591005033
88513,0.9304740271557683,0.9430008321167171,0.9364059665371873,0.9319167660539704,0.9084380648136103
88514,0.9408045748817966,0.9488512609234747,0.9446706861092946,0.939811875559555,0.9178898462952274
88515,0.9408045748817966,0.9488512609234747,0.9446706861092946,0.939811875559555,0.9178898462952274
88516,0.9204494160269012,0.9315400165942238,0.9386501145445287,0.9205098796183495,0.8998835123012048
88517,0.9204494160269012,0.9315400165942238,0.9386501145445287,0.9205098796183495,0.8998835123012048
88518,0.9140513934846016,0.92482778038439,0.9293838078092056,0.9137477623414959,0.8928524419810988
88519,0.9407928251094352,0.9488411757047148,0.9446597388362359,0.9397999189044983,0.9178732333196735
88520,0.9542279376321521,0.9596640837478506,0.9532312877978257,0.9527679817113506,0.9332972123739923
88521,0.9407928251094352,0.9488411757047148,0.9446597388362359,0.9397999189044983,0.9178732333196735
88522,0.9345931690790258,0.9414807772075867,0.9408943027897776,0.9321811548921514,0.9110234220409207
88523,0.9407928251094352,0.9488411757047148,0.9446597388362359,0.9397999189044983,0.9178732333196735
88524,0.9828424262719401,0.9880207002290528,0.9791660171770432,0.9828516158393515,0.9652474920044253
88525,1.0211107743782182,1.024588850285276,1.0131708772933115,1.0228494524830074,1.0106285191601345
88526,0.8896589401925159,0.9003197626636239,0.8977939373146894,0.89222549060988,0.8655056258641687
88527,0.8845073495906448,0.8951799055638539,0.8927536560631284,0.8863866456630046,0.8605571933588261
88528,0.884757906619025,0.8954052433843932,0.8929846870601986,0.8866327286767427,0.860866049471904
88529,0.8994865914846628,0.91027032587891,0.9097558308738684,0.9020081939854294,0.8750890953124757
88530,0.9345931690790258,0.9414807772075867,0.9408943027897776,0.9321811548921514,0.9110234220409207
88531,0.9167379475690007,0.9283087148815306,0.9244045844304825,0.9177098416664284,0.892567054418314
88532,0.8959004099256378,0.9080053854221045,0.9065073630805921,0.8985507516996414,0.8706022541526155
88533,0.8959004099256378,0.9080053854221045,0.9065073630805921,0.8985507516996414,0.8706022541526155
88534,0.8846913218813547,0.895345359878052,0.8929232907517967,0.8865673327587552,0.8607839742149102
88535,0.9693127983967769,0.9751114529998293,0.9684866386762939,0.9707058869708456,0.9531869644223153
88536,0.9274606124441422,0.9349763295592921,0.9308229003241832,0.9281867369763614,0.9072826407791517
88537,0.9274606124441422,0.9349763295592921,0.9308229003241832,0.9281867369763614,0.9072826407791517
88538,0.9037973869766347,0.9134475002872545,0.9088497654988843,0.9046239045097626,0.8822068311948544
88539,0.9037973869766347,0.9134475002872545,0.9088497654988843,0.9046239045097626,0.8822068311948544
88540,0.8958988712808473,0.9080040396040892,0.9065059936124074,0.898549255611085,0.87060029947875
88541,0.8958988712808473,0.9080040396040892,0.9065059936124074,0.898549255611085,0.87060029947875
88542,0.8896867562149766,0.9003446635868065,0.897819524150226,0.8922526000093282,0.865540246065856
88543,0.8921610806935726,0.9043769733948201,0.9043641598757182,0.8953557055584207,0.867729112114612
88544,0.8921610806935726,0.9043769733948201,0.9043641598757182,0.8953557055584207,0.867729112114612
88545,0.8851417172511211,0.8950856299318659,0.8914700656108339,0.8863314144722267,0.8609727117364465
88546,0.8851417172511211,0.8950856299318659,0.8914700656108339,0.8863314144722267,0.8609727117364465
88547,0.913384114517251,0.9232211525588504,0.91763365412871,0.9121937978716806,0.8889286512339438
88548,0.913384114517251,0.9232211525588504,0.91763365412871,0.9121937978716806,0.8889286512339438
88549,0.9133626922910442,0.9232023196309791,0.9176133556798642,0.912172059435275,0.8889006033966559
88550,0.9133740378165309,0.9232122938188896,0.9176241060329919,0.9121835724313465,0.888915457971333
88551,0.9828424262719401,0.9880207002290528,0.9791660171770432,0.9828516158393515,0.9652474920044253
88552,0.8820511827404187,0.8963992036196243,0.9013362643476447,0.8805613594093163,0.8585397192529178
88553,0.8771695004353854,0.894024399753239,0.8981597549256998,0.8750083967968855,0.8549329090179543
88554,0.9039716595884209,0.913603019304859,0.9090141817280012,0.9047965589921062,0.8824241837413102
88555,0.9039716595884209,0.913603019304859,0.9090141817280012,0.9047965589921062,0.8824241837413102
88556,0.9039716595884209,0.913603019304859,0.9090141817280012,0.9047965589921062,0.8824241837413102
88557,0.9133979573727282,0.9232333222629544,0.9176467708234658,0.9122078450550648,0.8889467753806194
88558,0.9134029875212129,0.9232377444359028,0.9176515371060514,0.9122129494503673,0.8889533612200702
88559,0.9133954415752438,0.9232311105418436,0.9176443869974295,0.9122052921233265,0.8889434815092743
88560,0.9133954415752438,0.9232311105418436,0.9176443869974295,0.9122052921233265,0.8889434815092743
88561,0.9542356011962201,0.9596708070412895,0.9532391246572357,0.9527758992257352,0.9333085755643509
88562,0.9542356011962201,0.9596708070412895,0.9532391246572357,0.9527758992257352,0.9333085755643509
88563,0.9542356011962201,0.9596708070412895,0.9532391246572357,0.9527758992257352,0.9333085755643509
88564,0.9542279376321521,0.9596640837478506,0.9532312877978257,0.9527679817113506,0.9332972123739923
88565,0.8847476791101293,0.8953960451613905,0.8929752564753431,0.8866226837658374,0.860853442704712
88566,0.8847476791101293,0.8953960451613905,0.8929752564753431,0.8866226837658374,0.860853442704712
88567,0.9133462870281304,0.9231878973063836,0.917597811030357,0.9121554120112436,0.8888791240494218
88568,0.9133740378165309,0.9232122938188896,0.9176241060329919,0.9121835724313465,0.888915457971333
88569,0.9133941834956547,0.9232300045225971,0.9176431949131912,0.9122040154738985,0.8889418343356483
88570,0.8851074238437948,0.8950545712157127,0.8914378371005267,0.8862975109574391,0.8609303224255703
88571,0.9119977571647099,0.9227737220931626,0.9167532556793694,0.9144270164877412,0.8881079471333421
88572,0.9118519489150005,0.9226469246660689,0.9166158792789479,0.9142855238887301,0.887918742375458
88573,0.9118814948350574,0.9226726180893554,0.916643716496141,0.9143141952461581,0.8879570827792485
88574,0.9119276100481456,0.9227127205670125,0.9166871648822701,0.9143589455033841,0.8880169235792887
88575,0.9119276100481456,0.9227127205670125,0.9166871648822701,0.9143589455033841,0.8880169235792887
88576,0.9038171669879753,0.913465151581584,0.9088684267082786,0.904643500845697,0.8822315013815567
88577,0.8851074238437948,0.8950545712157127,0.8914378371005267,0.8862975109574391,0.8609303224255703
88578,0.8851074238437948,0.8950545712157127,0.8914378371005267,0.8862975109574391,0.8609303224255703
88579,0.8851656833413973,0.8951073355193327,0.8914925886888199,0.8863551080943812,0.8610023354185954
88580,0.901070849376052,0.9105754304961791,0.908165198349187,0.9035154076998434,0.8780613591834387
88581,0.9133979573727282,0.9232333222629544,0.9176467708234658,0.9122078450550648,0.8889467753806194
88582,0.9985819770285763,1.0009436381536687,0.9965235398512607,1.0025303523130573,0.9883544888290886
88583,0.9134944497209737,0.9233181524892272,0.9177382017442957,0.91230576158656,0.8890731080587614
88584,0.9985812126768552,1.0009436381536687,0.9965216628364448,1.0025303523130573,0.9883481595408883
88585,0.95423368612599,0.9596691269373653,0.9532371662818703,0.9527739206953318,0.9333057359882009
88586,0.95423368612599,0.9596691269373653,0.9532371662818703,0.9527739206953318,0.9333057359882009
88587,0.9274554069963933,0.9349716925883115,0.9308179500690075,0.9281815867608465,0.907275873477449
88588,0.9274554069963933,0.9349716925883115,0.9308179500690075,0.9281815867608465,0.907275873477449
88589,0.9274554069963933,0.9349716925883115,0.9308179500690075,0.9281815867608465,0.907275873477449
88590,0.9134381446111846,0.9232686523063343,0.9176848500064039,0.9122486254591282,0.8889993911120699
88591,0.8995321833639306,0.9132040089881233,0.917002629422628,0.8977209699217806,0.87533854073036
88592,0.9011950851056512,0.9160590896461772,0.9191227383898978,0.9004396009901934,0.8761787760594023
88593,0.9320123956809304,0.9410080988859069,0.9343828953152103,0.9303075063181445,0.9079122167554512
88594,0.9320123956809304,0.9410080988859069,0.9343828953152103,0.9303075063181445,0.9079122167554512
88595,0.9320123956809304,0.9410080988859069,0.9343828953152103,0.9303075063181445,0.9079122167554512
88596,0.9319909102302317,0.9409895950745433,0.9343621998714826,0.9302854507677181,0.907882520409186
88597,0.9320123956809304,0.9410080988859069,0.9343828953152103,0.9303075063181445,0.9079122167554512
88598,0.9134944497209737,0.9233181524892272,0.9177382017442957,0.91230576158656,0.8890731080587614
88599,0.9133323896845349,0.9231756797900693,0.9175846427481614,0.9121413095226281,0.8888609282070052
88600,0.9133323896845349,0.9231756797900693,0.9175846427481614,0.9121413095226281,0.8888609282070052
88601,0.913377817484596,0.9232156166407561,0.9176276874259897,0.9121874078903425,0.888920406635991
88602,0.9133260678676159,0.9231701221243571,0.9175786525806005,0.9121348943853472,0.8888526509975248
88603,0.9133260678676159,0.9231701221243571,0.9175786525806005,0.9121348943853472,0.8888526509975248
88604,0.9043426860999456,0.9146059038148122,0.9113036340252643,0.9030129732713456,0.8782319531652004
88605,0.907141682884084,0.9165544789386932,0.9128611986885827,0.9048361952959028,0.880799984741306
88609,0.9275414960352257,0.935048380400675,0.9308998188544322,0.927513470702003,0.9060861391180283
88610,0.9080973064084752,0.9193251914692646,0.913734548449323,0.9055818758378542,0.8818908719770504
88611,0.9090084007377137,0.9198388916664144,0.9150642568831039,0.9077397909556713,0.8832435080404065
88612,0.9304901273749826,0.9349606710861789,0.9345633563685438,0.9252736860172146,0.9020335863755475
88613,0.9101363532097884,0.9228402806643082,0.9165627989197412,0.9075753830814755,0.8839902034528958
88614,0.9313073192077933,0.9390089881186143,0.9345633563685438,0.927513470702003,0.9060861391180283
88615,0.9313073192077933,0.9390089881186143,0.9345633563685438,0.927513470702003,0.9060861391180283
88616,0.9313073192077933,0.9390089881186143,0.9345633563685438,0.927513470702003,0.9060861391180283
88617,0.9313073192077933,0.9390089881186143,0.9345633563685438,0.927513470702003,0.9060861391180283
88618,0.908914144599387,0.9197566096809575,0.9149767228264242,0.9076441179661904,0.8831198716760434
88619,0.9103192748748182,0.9229956763917673,0.9167317234004682,0.9077639247404111,0.8842316583745142
88620,0.9314771703962691,0.9391588356126025,0.9347247196126897,0.9276932695410947,0.9063233131110957
88621,0.931333025486863,0.9390316667013912,0.9345877779314453,0.9275406826495329,0.9061220356356546
88622,0.9314771703962691,0.9391588356126025,0.9347247196126897,0.9276932695410947,0.9063233131110957
88623,0.9297614620515773,0.9416590707221917,0.9371433314200036,0.9301354059839302,0.9052678274836795
88624,0.9297614620515773,0.9416590707221917,0.9371433314200036,0.9301354059839302,0.9052678274836795
88625,0.9297614620515773,0.9416590707221917,0.9371433314200036,0.9301354059839302,0.9052678274836795
88626,0.9297614620515773,0.9416590707221917,0.9371433314200036,0.9301354059839302,0.9052678274836795
88627,0.9297614620515773,0.9416590707221917,0.9371433314200036,0.9301354059839302,0.9052678274836795
88628,0.9297614620515773,0.9416590707221917,0.9371433314200036,0.9301354059839302,0.9052678274836795
88629,0.9039786432661646,0.9136092515374157,0.9090207704688368,0.9048034778331396,0.8824328935314991
88630,0.9039786432661646,0.9136092515374157,0.9090207704688368,0.9048034778331396,0.8824328935314991
88631,0.9001722683364338,0.9117741169717323,0.908917975763931,0.8999235192619188,0.8754001735876441
88632,0.9001722683364338,0.9117741169717323,0.908917975763931,0.8999235192619188,0.8754001735876441
88633,0.9001722683364338,0.9117741169717323,0.908917975763931,0.8999235192619188,0.8754001735876441
88634,0.8845073495906448,0.8950887325195578,0.8914732850516833,0.8863348012323774,0.8605571933588261
88635,0.8845073495906448,0.8951799055638539,0.8927536560631284,0.8863866456630046,0.8605571933588261
88636,0.8845073495906448,0.8951799055638539,0.8927536560631284,0.8863866456630046,0.8605571933588261
88637,0.8845073495906448,0.8951799055638539,0.8927536560631284,0.8863866456630046,0.8605571933588261
88638,0.8845073495906448,0.8951799055638539,0.8927536560631284,0.8863866456630046,0.8605571933588261
88639,0.8851451429582982,0.8950887325195578,0.8914732850516833,0.8863348012323774,0.8609769461517474
88640,0.8851108561591506,0.8950576797757159,0.8914410627433096,0.8863009042489707,0.8609345650535513
88641,0.9013054848228553,0.9121903251310917,0.912120515464962,0.9022384602647543,0.877521417398013
88642,0.8995014054067907,0.9102834301509937,0.9097690160118707,0.9020226053483855,0.8751078944967757
88643,0.8845211702463489,0.8951923349498684,0.8927663995209947,0.8864002194970978,0.8605742303843533
88644,0.9133462870281304,0.9231878973063836,0.917597811030357,0.9121554120112436,0.8888791240494218
88645,0.8853138926280832,0.8952415669376143,0.8916318751136632,0.8865016325851623,0.8611855271348561
88646,0.8970598621618716,0.9086823404153307,0.907391597862614,0.8975977551971753,0.8728415704164281
88647,0.884757906619025,0.8954052433843932,0.8929846870601986,0.8866327286767427,0.860866049471904
88648,0.884757906619025,0.8952538537299898,0.8916446245693573,0.886515044504226,0.860866049471904
88649,0.8851108561591506,0.8950576797757159,0.8914410627433096,0.8863009042489707,0.8609345650535513
88650,0.8851108561591506,0.8950576797757159,0.8914410627433096,0.8863009042489707,0.8609345650535513
88651,0.8851108561591506,0.8950576797757159,0.8914410627433096,0.8863009042489707,0.8609345650535513
88652,0.8851485680052864,0.895091834510584,0.8914765038729275,0.8863381873400108,0.8609811797465721
88653,0.9376851440301023,0.945148223177832,0.9412406836659408,0.9364074246470067,0.9159999244908378
88654,0.929330174548163,0.9356013162599123,0.9330760610354193,0.9257468646838902,0.9043101447719604
88655,0.9225117781065053,0.9283329356131379,0.9260145797044497,0.9180981401225088,0.8975562678888819
88656,0.932006540486394,0.9410030562386628,0.9343772554107659,0.9303014957620064,0.9079041239639086
88657,0.932006540486394,0.9410030562386628,0.9343772554107659,0.9303014957620064,0.9079041239639086
88658,0.932006540486394,0.9410030562386628,0.9343772554107659,0.9303014957620064,0.9079041239639086
88659,0.9089114801910961,0.9197542837719717,0.9149742484464293,0.907641413504343,0.8831163766898565
88660,0.908914144599387,0.9197566096809575,0.9149767228264242,0.9076441179661904,0.8831198716760434
88661,0.9089234660055349,0.9197647468579911,0.9149853794248727,0.9076535794982842,0.8831320988225559
88662,0.9274866023935511,0.9349994812424609,0.9308476161606072,0.9282124511651807,0.9073164286230365
88663,0.9101363532097884,0.9228402806643082,0.9165627989197412,0.9075753830814755,0.8839902034528958
88664,0.9089114801910961,0.9197542837719717,0.9149742484464293,0.9075753830814755,0.8831163766898565
88665,0.9133626922910442,0.9232023196309791,0.9176133556798642,0.912172059435275,0.8889006033966559
88666,0.9133626922910442,0.9232023196309791,0.9176133556798642,0.912172059435275,0.8889006033966559
88667,0.9133626922910442,0.9232023196309791,0.9176133556798642,0.912172059435275,0.8889006033966559
88668,0.913319743022297,0.9231645618013176,0.9175726595458714,0.9121284761742473,0.8888443698031324
88669,0.913319743022297,0.9231645618013176,0.9175726595458714,0.9121284761742473,0.8888443698031324
88670,0.911950608031896,0.9227327200634866,0.9167088329520066,0.9143812628011813,0.8880467662344756
88671,0.911950608031896,0.9227327200634866,0.9167088329520066,0.9143812628011813,0.8880467662344756
88672,0.9119263312180882,0.9227116084734632,0.9166859600046586,0.9143577045242047,0.8880152641358441
88673,0.8872943171987543,0.8976808426588214,0.8948260811406723,0.8863104100498376,0.8631774159207981
88674,0.9089234660055349,0.9197647468579911,0.9149853794248727,0.9076535794982842,0.8831320988225559
88675,0.9275414960352257,0.935048380400675,0.9308998188544322,0.9282667623970123,0.9073877912550152
88676,0.9275414960352257,0.935048380400675,0.9308998188544322,0.9282667623970123,0.9073877912550152
88677,0.9133323896845349,0.9231756797900693,0.9175846427481614,0.9121413095226281,0.8888609282070052
88678,0.9133323896845349,0.9231756797900693,0.9175846427481614,0.9121413095226281,0.8888609282070052
88679,0.9133323896845349,0.9231756797900693,0.9175846427481614,0.9121413095226281,0.8888609282070052
88680,0.9275425290919311,0.9350493006489756,0.9309008012710935,0.928267784493557,0.9073891342323116
88681,0.9134381446111846,0.9232686523063343,0.9176848500064039,0.9122486254591282,0.8889993911120699
88682,0.9275414960352257,0.935048380400675,0.9308998188544322,0.9282667623970123,0.9073877912550152
88683,0.9314771703962691,0.9391588356126025,0.9347247196126897,0.9276932695410947,0.9063233131110957
88684,0.9043426860999456,0.9146059038148122,0.9113036340252643,0.9030129732713456,0.8782319531652004
88685,0.9043426860999456,0.9146059038148122,0.9113036340252643,0.9030129732713456,0.8782319531652004
88686,0.9042548007815246,0.9145281265192621,0.9112226233885817,0.9029237655263858,0.8781175459927483
88690,0.9275414960352257,0.935048380400675,0.9308998188544322,0.9282667623970123,0.9073877912550152
88691,0.9039772467990328,0.913608005329989,0.9090194529736558,0.9048020943308145,0.8824311519097154
88692,0.9043287715381058,0.9145935895564288,0.911290807861975,0.9029988493440921,0.8782138397472171
88693,0.9275414960352257,0.935048380400675,0.9308998188544322,0.9282667623970123,0.9073877912550152
88694,0.9275414960352257,0.935048380400675,0.9308998188544322,0.9282667623970123,0.9073877912550152
88695,0.9275414960352257,0.935048380400675,0.9308998188544322,0.9282667623970123,0.9073877912550152
88697,0.9090084007377137,0.9198388916664144,0.9150642568831039,0.9077397909556713,0.8832435080404065
88698,0.9071783886531718,0.9165872031343387,0.9128954776531181,0.904873885894917,0.8808481748024027
88700,0.913377817484596,0.9232156166407561,0.9176276874259897,0.9121874078903425,0.888920406635991
88703,0.9042548007815246,0.9145281265192621,0.9112226233885817,0.9029237655263858,0.8781175459927483
88704,0.9042548007815246,0.9145281265192621,0.9112226233885817,0.9029237655263858,0.8781175459927483
88705,0.9320260447660381,0.9410198538543963,0.9343960425414669,0.9303215175636081,0.9079310818359796
88706,0.9321355467798795,0.9411141609242202,0.9345015185839489,0.9304339248570442,0.908082425837507
88707,0.9321355467798795,0.9411141609242202,0.9345015185839489,0.9304339248570442,0.908082425837507
88708,0.931339935515672,0.9390377628774637,0.9345015185839489,0.9275479974045686,0.9061316847987921
88709,0.9178633560573866,0.9285951017037568,0.9299416084104996,0.9176599418746794,0.895447062865224
88710,0.9178633560573866,0.9285951017037568,0.9299416084104996,0.9176599418746794,0.895447062865224
88711,0.9178633560573866,0.9285951017037568,0.9299416084104996,0.9176599418746794,0.895447062865224
88713,0.9039772467990328,0.913608005329989,0.9090194529736558,0.9048020943308145,0.8824311519097154
88716,0.9039716595884209,0.913603019304859,0.9090141817280012,0.9047965589921062,0.8824241837413102
88717,0.9039772467990328,0.913608005329989,0.9090194529736558,0.9048020943308145,0.8824311519097154
88721,0.9039772467990328,0.913608005329989,0.9090194529736558,0.9048020943308145,0.8824311519097154
88722,0.9039772467990328,0.913608005329989,0.9090194529736558,0.9029988493440921,0.8782138397472171
88723,0.8873311191642589,0.8977139577044837,0.8948602030775956,0.8863475646630221,0.8632230357109736
88724,0.8872053369735805,0.8976007773394873,0.894743581191641,0.8862205771207982,0.8630671137111771
88725,0.9000753320634147,0.9116892853053397,0.9088301860751792,0.8998263208588806,0.8752765804024892
88726,0.9002613158245529,0.9118520460348402,0.9089986218859399,0.9000128075201176,0.8755137049696522
88727,0.9089114801910961,0.9197542837719717,0.9149742484464293,0.907641413504343,0.8831163766898565
88729,0.931339935515672,0.9390377628774637,0.9343621998714826,0.9275479974045686,0.9061316847987921
88730,0.931339935515672,0.9390377628774637,0.9343960425414669,0.9275479974045686,0.9061316847987921
88731,0.9102477055771053,0.9229348761940884,0.9166656302571645,0.907690156735064,0.8841371896317006
88734,0.8845211702463489,0.8951923349498684,0.8916446245693573,0.8864002194970978,0.8605742303843533
88735,0.9118814948350574,0.9226726180893554,0.916643716496141,0.9143141952461581,0.8879570827792485
88736,0.8853274587469053,0.8952538537299898,0.8916446245693573,0.886515044504226,0.8612022949041616
88737,0.8847510889375437,0.8952538537299898,0.8916446245693573,0.886515044504226,0.8608576457755683
88738,0.8994999246549347,0.9102821202890173,0.909767698066848,0.9020211648347262,0.8751060153952115
88739,0.8994880735173788,0.9102716368714793,0.909757149956576,0.9020096357445038,0.8750909760479608
88740,0.8994880735173788,0.9102716368714793,0.909757149956576,0.9020096357445038,0.8750909760479608
88742,0.9080973064084752,0.9193251914692646,0.913734548449323,0.9055818758378542,0.8818908719770504
88743,0.9080973064084752,0.9193251914692646,0.913734548449323,0.9055818758378542,0.8818908719770504
88744,0.9080973064084752,0.9193251914692646,0.913734548449323,0.9055818758378542,0.8818908719770504
88745,0.9080973064084752,0.9193251914692646,0.913734548449323,0.9055818758378542,0.8818908719770504
88746,0.9080973064084752,0.9193251914692646,0.913734548449323,0.9055818758378542,0.8818908719770504
88747,0.8851656833413973,0.8951073355193327,0.8914925886888199,0.8863551080943812,0.8610023354185954
88748,0.8851656833413973,0.8951073355193327,0.8914925886888199,0.8863551080943812,0.8610023354185954
88749,0.8851656833413973,0.8951073355193327,0.8914925886888199,0.8863551080943812,0.8610023354185954
88750,0.9038171669879753,0.913465151581584,0.9088684267082786,0.904643500845697,0.8822315013815567
88751,0.9134694552207525,0.9232961787270235,0.9177145182575136,0.9122803981948274,0.8890403844330349
88752,0.9133323896845349,0.9231756797900693,0.9175846427481614,0.9121413095226281,0.8888609282070052
88753,0.9089354414801694,0.9197752009367429,0.9149965008123107,0.9076657349943494,0.8831478073197646
88754,0.9041734190502481,0.9144561056510319,0.9111476082055601,0.9028411591013292,0.8780116016701132
88755,0.9040604224776713,0.9143561077546275,0.9110434523867114,0.9027264618669391,0.8778644951450768
88756,0.8995321833639306,0.9132040089881233,0.917002629422628,0.8977209699217806,0.87533854073036
88757,0.876882136042038,0.8937800429061731,0.8979257623355811,0.8747154274773473,0.8545868554589883
88758,0.9182623461915586,0.9320912352694201,0.9265025043057458,0.9162500731566532,0.8905406984755833
88759,0.9080546012480649,0.9192880571560966,0.9136946533676716,0.9055379081610119,0.8818347460756025
88760,0.9080546012480649,0.9192880571560966,0.9136946533676716,0.9055379081610119,0.8818347460756025
88761,0.9080546012480649,0.9192880571560966,0.9136946533676716,0.9055379081610119,0.8818347460756025
88762,0.9275414960352257,0.935048380400675,0.9308998188544322,0.9282667623970123,0.9073877912550152
88763,0.9039772467990328,0.913608005329989,0.9090194529736558,0.9048020943308145,0.8824311519097154
88764,0.931333025486863,0.9390316667013912,0.9345877779314453,0.9275406826495329,0.9061220356356546
88765,0.9314771703962691,0.9391588356126025,0.9347247196126897,0.9276932695410947,0.9063233131110957
88766,0.9314771703962691,0.9391588356126025,0.9347247196126897,0.9276932695410947,0.9063233131110957
88767,0.9103257624647819,0.923001187826236,0.916737714611117,0.9077706116284557,0.8842402216140108
88768,0.8954864092761199,0.9060632289620869,0.9043354360746367,0.894767338316075,0.8708431931905888
88769,0.895515868930718,0.9060894704468276,0.9043621993564784,0.8947970188540998,0.8708803792074353
88770,0.9000753320634147,0.9116892853053397,0.9088301860751792,0.8998263208588806,0.8752765804024892
88771,0.9000753320634147,0.9116892853053397,0.9088301860751792,0.8998263208588806,0.8752765804024892
88772,0.8987903047628237,0.9107663751288129,0.9070430214847653,0.8970233549320068,0.8709093150870402
88773,0.9118814948350574,0.9226726180893554,0.916643716496141,0.9143141952461581,0.8879570827792485
88774,0.8853138926280832,0.8952415669376143,0.8916318751136632,0.8865016325851623,0.8611855271348561
88775,0.8954864092761199,0.9060632289620869,0.9043354360746367,0.894767338316075,0.8708431931905888
88776,0.8872053369735805,0.8976007773394873,0.894743581191641,0.8862205771207982,0.8630671137111771
88777,0.907193315620009,0.9166005109775038,0.9129094177510222,0.904889213345182,0.8808677718372471
88778,0.9090017839741685,0.9198331154479569,0.9150581119855042,0.9077330747347623,0.8832348289368399
88779,0.9071729567584151,0.9165823604419892,0.9128904048821798,0.9048683082631622,0.8808410434506316
88780,0.9071729567584151,0.9165823604419892,0.9128904048821798,0.9048683082631622,0.8808410434506316
88781,0.9071729567584151,0.9165823604419892,0.9128904048821798,0.9048683082631622,0.8808410434506316
88782,0.9071729567584151,0.9165823604419892,0.9128904048821798,0.9048683082631622,0.8808410434506316
88783,0.9071729567584151,0.9165823604419892,0.9128904048821798,0.9048683082631622,0.8808410434506316
88784,0.9071729567584151,0.9165823604419892,0.9128904048821798,0.9048683082631622,0.8808410434506316
88785,0.9071729567584151,0.9165823604419892,0.9128904048821798,0.9048683082631622,0.8808410434506316
88786,0.9071729567584151,0.9165823604419892,0.9128904048821798,0.9048683082631622,0.8808410434506316
88787,0.9320260447660381,0.9410198538543963,0.9343960425414669,0.9303215175636081,0.9079310818359796
88788,0.9320260447660381,0.9410198538543963,0.9343960425414669,0.9303215175636081,0.9079310818359796
88789,0.908914144599387,0.9197566096809575,0.9149767228264242,0.9076441179661904,0.8831198716760434
88790,0.908914144599387,0.9197566096809575,0.9149767228264242,0.9076441179661904,0.8831198716760434
88791,0.908914144599387,0.9197566096809575,0.9149767228264242,0.9076441179661904,0.8831198716760434
88792,0.9042939265913941,0.9145627522051152,0.911258688564641,0.9029634800872196,0.8781684795781255
88793,0.9002656817497755,0.911855866859771,0.9090025759202218,0.9000171852494226,0.875519271230273
88794,0.907141682884084,0.9165544789386932,0.9128611986885827,0.9048361952959028,0.880799984741306
88795,0.9000605910594154,0.9116763851458549,0.9088168360686508,0.8998115399902922,0.8752577853452506
88796,0.9089301203230075,0.9197705557910862,0.9149915591570524,0.9076603338471696,0.8831408274481622
88797,0.9089008174470524,0.9197449756838307,0.9149643461857074,0.9076305904679371,0.8831023900051144
88798,0.903288738017669,0.9160393866235425,0.9110387255089205,0.9011835350516194,0.8760067580321351
88799,0.9089008174470524,0.9197449756838307,0.9149643461857074,0.9076305904679371,0.8831023900051144
88801,0.8994880735173788,0.9102716368714793,0.909757149956576,0.9020096357445038,0.8750909760479608
88802,0.901070849376052,0.9105754304961791,0.908165198349187,0.9035154076998434,0.8780613591834387
88803,0.8853138926280832,0.8952415669376143,0.8916318751136632,0.8865016325851623,0.8611855271348561
88804,0.895722115728255,0.9062731897558408,0.904549571346304,0.8950048118275543,0.8711407079967425
88805,0.8872943171987543,0.8976808426588214,0.8948260811406723,0.8863104100498376,0.8631774159207981
88806,0.8872943171987543,0.8976808426588214,0.8948260811406723,0.8863104100498376,0.8631774159207981
88807,0.9071743149275233,0.9165835712889785,0.9128916732572084,0.9048697028718552,0.8808428265465432
88808,0.9071783886531718,0.9165872031343387,0.9128954776531181,0.904873885894917,0.8808481748024027
88809,0.8998008661663784,0.9125078676281176,0.9076325348539861,0.8981045621845036,0.8724301608929308
88810,0.9039716595884209,0.913603019304859,0.9090141817280012,0.9047965589921062,0.8824241837413102
88811,0.9002088263714729,0.9118061102618842,0.9089510845574336,0.8999601761471882,0.8754467837948801
88812,0.9002088263714729,0.9118061102618842,0.9089510845574336,0.8999601761471882,0.8754467837948801
88813,0.9002088263714729,0.9118061102618842,0.9089510845574336,0.8999601761471882,0.8754467837948801
88814,0.9000605910594154,0.9116763851458549,0.9088168360686508,0.8998115399902922,0.8752577853452506
88815,0.9034869788269607,0.9162096501935426,0.9112198903450971,0.9013864528757684,0.8762669211386904
88816,0.908995164035496,0.9198273364634943,0.9150519641426748,0.9077263552901956,0.8832261456463847
88818,0.9090084007377137,0.9198388916664144,0.9150642568831039,0.9077397909556713,0.8832435080404065
88819,0.9090084007377137,0.9198388916664144,0.9150642568831039,0.9077397909556713,0.8832435080404065
88820,0.9089354414801694,0.9197752009367429,0.9149965008123107,0.9076657349943494,0.8831478073197646
88821,0.9042939265913941,0.9145627522051152,0.911258688564641,0.9029634800872196,0.8781684795781255
88823,0.8970048522158839,0.9086340204630918,0.9073425413939017,0.8975430577712769,0.872772188685458
88824,0.8970048522158839,0.9086340204630918,0.9073425413939017,0.8975430577712769,0.872772188685458
88825,0.8970048522158839,0.9086340204630918,0.9073425413939017,0.8975430577712769,0.872772188685458
88826,0.8970048522158839,0.9086340204630918,0.9073425413939017,0.8975430577712769,0.872772188685458
88827,0.8970048522158839,0.9086340204630918,0.9073425413939017,0.8975430577712769,0.872772188685458
88828,0.8970598621618716,0.9086823404153307,0.907391597862614,0.8975977551971753,0.8728415704164281
88829,0.9324317811959488,0.9435422817361648,0.946003509262729,0.9322865841890806,0.9118924924645347
88830,0.9002656817497755,0.911855866859771,0.9090025759202218,0.9000171852494226,0.875519271230273
88831,0.9002656817497755,0.911855866859771,0.9090025759202218,0.9000171852494226,0.875519271230273
88832,0.9002613158245529,0.9118520460348402,0.9089986218859399,0.9000128075201176,0.8755137049696522
88833,0.9079566878461548,0.919202917393689,0.9136031833561221,0.9054370998375793,0.8817060583886542
88834,0.9079566878461548,0.919202917393689,0.9136031833561221,0.9054370998375793,0.8817060583886542
88835,0.908105299030683,0.9193321414889348,0.9137420151570819,0.9055901047429539,0.8819013762977846
88836,0.944143494962915,0.9519031719642472,0.9508150690321905,0.939470006302727,0.9200103931715278
88837,0.944143494962915,0.9519031719642472,0.9508150690321905,0.939470006302727,0.9200103931715278
88838,0.944143494962915,0.9519031719642472,0.9508150690321905,0.939470006302727,0.9200103931715278
88839,0.9182623461915586,0.9320912352694201,0.9265025043057458,0.9162500731566532,0.8905406984755833
88840,0.944143494962915,0.9519031719642472,0.9508150690321905,0.939470006302727,0.9200103931715278
88841,0.9304901273749826,0.9349606710861789,0.9399928557620834,0.9252736860172146,0.9020335863755475
88842,0.9071715984590089,0.9165811494790485,0.9128891363856041,0.9048669135206139,0.8808392601827161
88843,0.9071715984590089,0.9165811494790485,0.9128891363856041,0.9048669135206139,0.8808392601827161
88844,0.9089354414801694,0.9197752009367429,0.9149965008123107,0.9076657349943494,0.8831478073197646
88845,0.8954864092761199,0.9060632289620869,0.9043354360746367,0.894767338316075,0.8708431931905888
88846,0.9041813626291104,0.9155372262196891,0.9147286254339201,0.903138688261991,0.8795553608230723
88847,0.9041517283258251,0.9155113534101222,0.9147024871449309,0.9031087049753872,0.879517317248039
88848,0.9041517283258251,0.9155113534101222,0.9147024871449309,0.9031087049753872,0.879517317248039
88849,0.9041517283258251,0.9155113534101222,0.9147024871449309,0.9031087049753872,0.879517317248039
88850,0.9029439691490156,0.9147761753000904,0.9147286254339201,0.9011351655203066,0.8779157456720988
88851,0.899702530202585,0.9113630474661526,0.9084925696422648,0.8994525105957386,0.8748012215875047
88852,0.9002613158245529,0.9118520460348402,0.9089986218859399,0.9000128075201176,0.8755137049696522
88853,0.9002613158245529,0.9118520460348402,0.9089986218859399,0.9000128075201176,0.8755137049696522
88854,0.9486118096249027,0.9514531889054206,0.9571740692043039,0.9432738475955326,0.9204487498440558
88855,0.9486118096249027,0.9514531889054206,0.9571740692043039,0.9432738475955326,0.9204487498440558
88856,0.9071783886531718,0.9165872031343387,0.9128954776531181,0.904873885894917,0.8808481748024027
88857,0.9071783886531718,0.9165872031343387,0.9128954776531181,0.904873885894917,0.8808481748024027
88858,0.9071783886531718,0.9165872031343387,0.9128954776531181,0.904873885894917,0.8808481748024027
88863,0.9043287715381058,0.9145935895564288,0.911290807861975,0.9029988493440921,0.8782138397472171
88864,0.9071783886531718,0.9165872031343387,0.9128954776531181,0.904873885894917,0.8808481748024027
88865,0.9071783886531718,0.9165872031343387,0.9128954776531181,0.904873885894917,0.8808481748024027
88866,0.8839752600034269,0.898419772389614,0.8957453935194083,0.8875568642154642,0.854579365549885
88870,0.9041517283258251,0.9145935895564288,0.911290807861975,0.9029988493440921,0.8782138397472171
88871,0.9041474899781367,0.915507653047114,0.9146987488120355,0.9031044167144804,0.8795118761596349
88872,0.9040604224776713,0.9143561077546275,0.9110434523867114,0.9027264618669391,0.8778644951450768
88873,0.8987903047628237,0.9107663751288129,0.9070430214847653,0.8970233549320068,0.8709093150870402
88874,0.903288738017669,0.9160393866235425,0.9110387255089205,0.9011835350516194,0.8760067580321351
88876,0.8876718396381074,0.9074542137393232,0.9059766661359981,0.8913933438599767,0.8589311249009143
88877,0.9182623461915586,0.9320912352694201,0.9265025043057458,0.9162500731566532,0.8905406984755833
88878,0.9182623461915586,0.9320912352694201,0.9265025043057458,0.9162500731566532,0.8905406984755833
88879,0.9182623461915586,0.9320912352694201,0.9265025043057458,0.9162500731566532,0.8905406984755833
88880,0.9102477055771053,0.9229348761940884,0.9166656302571645,0.907690156735064,0.8841371896317006
88881,0.8982999586325775,0.9123406203348007,0.9146237259007461,0.8983800291159943,0.871995671243207
88882,0.8997905074248916,0.9124989193643794,0.907623048986452,0.8980940128588716,0.8724166588003541
88883,0.8998008661663784,0.9125078676281176,0.9076325348539861,0.8981045621845036,0.8724301608929308
88884,0.9042323958937364,0.914508298653449,0.911201971192984,0.9029010234851893,0.8780883791974649
88885,0.9042323958937364,0.914508298653449,0.911201971192984,0.9029010234851893,0.8780883791974649
88886,0.8988618331519341,0.9108288029881209,0.9071082590937821,0.8970962416270991,0.8710027600391539
88887,0.9042323958937364,0.914508298653449,0.911201971192984,0.9029010234851893,0.8780883791974649
88888,0.8988618331519341,0.9108288029881209,0.9071082590937821,0.8970962416270991,0.8710027600391539
88889,0.8988618331519341,0.9108288029881209,0.9071082590937821,0.8970962416270991,0.8710027600391539
88890,0.899702530202585,0.9113630474661526,0.9084925696422648,0.8994525105957386,0.8748012215875047
88891,0.899702530202585,0.9113630474661526,0.9084925696422648,0.8994525105957386,0.8748012215875047
88892,0.9026503505557305,0.9133720419621149,0.9115044529397827,0.9014771222496459,0.8763510189297508
88893,0.9026503505557305,0.9133720419621149,0.9115044529397827,0.9014771222496459,0.8763510189297508
88894,0.902866888321788,0.9135630001366792,0.9116998338959824,0.9016964870440933,0.8766322922840731
88895,0.9031859941406382,0.9138444207278643,0.9119877705891042,0.9020197576001084,0.8770467556555105
88896,0.9031859941406382,0.9138444207278643,0.9119877705891042,0.9020197576001084,0.8770467556555105
88897,0.9034869788269607,0.9162096501935426,0.9112198903450971,0.9013864528757684,0.8762669211386904
88898,0.9029439691490156,0.9147761753000904,0.9147392869202643,0.9011351655203066,0.8779157456720988
88899,0.9063940891180734,0.9211234016218194,0.9233360086329411,0.9059971857160658,0.8814824844241036
88900,0.9063940891180734,0.9211234016218194,0.9233360086329411,0.9059971857160658,0.8814824844241036
88901,0.9063940891180734,0.9211234016218194,0.9233360086329411,0.9059971857160658,0.8814824844241036
88902,0.8984656843782989,0.9125925776501737,0.9173078332156708,0.8952579651837488,0.8754386769132643
88903,0.944053079704522,0.949886239426039,0.9534564472992944,0.9393061637851452,0.9192699324805443
88904,0.944053079704522,0.949886239426039,0.9534564472992944,0.9393061637851452,0.9192699324805443
88906,0.9373354012261024,0.9463053859615982,0.9489406154410932,0.9352188953388725,0.9149218629125745
88909,0.9153613673461751,0.9259267590594168,0.9243936028281852,0.9121034879205308,0.890240091623943
88910,0.9153613673461751,0.9259267590594168,0.9243936028281852,0.9121034879205308,0.890240091623943
88911,0.9180481690424568,0.928926419569283,0.9270561265650007,0.9149866374346017,0.8935540180457697
88912,0.9180481690424568,0.928926419569283,0.9270561265650007,0.9149866374346017,0.8935540180457697
88913,0.9160715961678307,0.927018304560039,0.9247107640931396,0.9130491211549641,0.8901734532692264
88914,0.9159675265085041,0.9269286350578364,0.9246180808378683,0.9129410289808281,0.8900342447433801
88915,0.9159675265085041,0.9269286350578364,0.9246180808378683,0.9129410289808281,0.8900342447433801
88916,0.9159675265085041,0.9269286350578364,0.9246180808378683,0.9129410289808281,0.8900342447433801
88917,0.9454910395796275,0.9529620672514163,0.9561460499284143,0.9427052835737798,0.9224957350030293
88918,0.9454910395796275,0.9529620672514163,0.9561460499284143,0.9427052835737798,0.9224957350030293
88919,0.9454910395796275,0.9529620672514163,0.9561460499284143,0.9427052835737798,0.9224957350030293
88920,0.9160715961678307,0.927018304560039,0.9247107640931396,0.9130491211549641,0.8901734532692264
88921,0.9182492776480606,0.9290992559671402,0.927233787599819,0.9151957953801956,0.8938206961446207
88922,0.9182492776480606,0.9290992559671402,0.927233787599819,0.9151957953801956,0.8938206961446207
88923,0.9421632897502956,0.9501482580988879,0.952375463559529,0.9395551983889425,0.9185243246073382
88924,0.95350874137927,0.9586150336478968,0.9636795702644247,0.9494166322987749,0.9285909151321812
88925,0.88563219747617,0.9044152455286314,0.9037155904596413,0.8899513675216632,0.858271972469214
88926,0.9485995262057408,0.9576882059848009,0.9613309561298837,0.9476730444937813,0.927056363651473
88927,0.8605275662502324,0.8777849062183865,0.8793045021156569,0.8610399016582981,0.8290943952612881
88928,0.859089469700536,0.875428945858095,0.8790292762263934,0.8601150544454444,0.8294485552680135
88929,0.9541755328947751,0.9586150336478968,0.9648133288735259,0.9509144682507702,0.9285977246072464
88930,0.9083799800092829,0.9256023984416313,0.926381376634011,0.911353423343903,0.882871984702473
88931,0.9560786052757001,0.9651850887613491,0.9709455631891281,0.9565830514986006,0.9329605316826309
88932,0.8587137934322143,0.8751015390236438,0.878712322858396,0.8597424485055867,0.828981693596522
88933,0.8587137934322143,0.8751015390236438,0.878712322858396,0.8597424485055867,0.828981693596522
88934,0.8587137934322143,0.8751015390236438,0.878712322858396,0.8597424485055867,0.828981693596522
88935,0.8483503138432872,0.8702699796079975,0.8693786484334293,0.850740217758761,0.8165166475238544
88936,0.8770763363745653,0.8975362511811609,0.8934283231576746,0.8799582912327742,0.8497270456379592
88937,0.9428239570222559,0.9603981238757848,0.9577848310204267,0.9433494859514592,0.9163676062433926
88938,0.902729050657034,0.9174789610324356,0.9195980571143547,0.9053008623921384,0.8749802688536099
88939,0.9199590957962387,0.9304982525223324,0.9300903162097643,0.9177527748822903,0.8959278460147064
88940,0.88563219747617,0.9044152455286314,0.9037155904596413,0.8899513675216632,0.858271972469214
88941,0.8857281598637178,0.9059587845594854,0.9049843985484698,0.8889010018386887,0.8576622486594763
88942,0.8638944859022923,0.8856022880943534,0.8841607507999951,0.8664963145393446,0.8336310554298837
88943,0.8770763363745653,0.8975362511811609,0.8934283231576746,0.8799582912327742,0.8497270456379592
88944,0.8414293027252998,0.8604513815419023,0.8591929720132206,0.8448741377201714,0.8119100071367056
88945,0.841413336289897,0.8590850902956055,0.8582354673205372,0.8450752319398069,0.813024807910909
88946,0.8637575730452899,0.8825688747697569,0.8801723613797524,0.8665059392876517,0.8363597634787266
88947,0.8639065552689462,0.8826952170166026,0.8803015474697737,0.866651567857022,0.8365430721983892
88948,0.841413336289897,0.8590850902956055,0.8582354673205372,0.8450752319398069,0.813024807910909
88949,0.8639065552689462,0.8826952170166026,0.8803015474697737,0.866651567857022,0.8365430721983892
88950,0.8280979938179948,0.8469737091718205,0.8441735669042251,0.8308905266874717,0.7987395936449112
88951,0.8280979938179948,0.8469737091718205,0.8441735669042251,0.8308905266874717,0.7987395936449112
88952,0.8278533588998649,0.8467595758483345,0.8439549732506366,0.8306504693998796,0.7984453993358632
88954,0.8331827481373915,0.8506691570063497,0.8503994922874925,0.8377779770150111,0.8046459908014866
88955,0.8278533588998649,0.8467595758483345,0.8439549732506366,0.8306504693998796,0.7984453993358632
88956,0.88563219747617,0.9044152455286314,0.9037155904596413,0.8899513675216632,0.858271972469214
88957,0.88563219747617,0.9044152455286314,0.9037155904596413,0.8899513675216632,0.858271972469214
88958,0.88563219747617,0.9044152455286314,0.9037155904596413,0.8899513675216632,0.858271972469214
88959,0.88563219747617,0.9044152455286314,0.9037155904596413,0.8899513675216632,0.858271972469214
88960,0.88563219747617,0.9044152455286314,0.9037155904596413,0.8899513675216632,0.858271972469214
88961,0.8699710182342241,0.8865690140765218,0.8871027854404275,0.8716219726402767,0.8408535972082115
88962,0.8699710182342241,0.8865690140765218,0.8871027854404275,0.8716219726402767,0.8408535972082115
88963,0.8819564918845314,0.8965525106420913,0.8991685248659976,0.8836634466336403,0.8523988033387406
88964,0.8711641410034318,0.8893578373141124,0.8886684812729687,0.8748378858367125,0.8437461605183892
88965,0.8711641410034318,0.8893578373141124,0.8886684812729687,0.8748378858367125,0.8437461605183892
88966,0.8711641410034318,0.8893578373141124,0.8886684812729687,0.8748378858367125,0.8437461605183892
88967,0.8289259620721305,0.8452683287197528,0.8449097047957197,0.832872690572061,0.797175483024889
88968,0.9576582602668992,0.9714619237940355,0.9699733301702133,0.9589998255963039,0.9334459614940858
88969,0.9576582602668992,0.9714619237940355,0.9699733301702133,0.9589998255963039,0.9334459614940858
88970,0.8804226983188659,0.8955701376904862,0.893356117880135,0.8843452793221911,0.8507811372577307
88971,0.8967198364551585,0.9127552607926398,0.9126017478431195,0.8992480221212934,0.8703073020486537
88972,0.8925068112363538,0.9083101410530638,0.9089705509862793,0.8950432492525072,0.8654769984401163
88973,0.8960373287018331,0.9121865216375975,0.9120319340483203,0.8985836568217329,0.8694304933012327
88974,0.8901611123565497,0.9061648590927033,0.9086522738846742,0.8942447336176337,0.8613570122151085
88975,0.9544038848675187,0.9673379784183838,0.9673074082437979,0.9556334251193339,0.929170388400691
88976,0.9544038848675187,0.9673379784183838,0.9673074082437979,0.9556334251193339,0.929170388400691
88977,0.9544038848675187,0.9673379784183838,0.9673074082437979,0.9556334251193339,0.929170388400691
88978,0.8911998714600653,0.9086727428759577,0.902658365565639,0.8953410104112696,0.8620540770701329
88979,0.8187190837968262,0.8398510411697075,0.8367104359815591,0.8224595738521332,0.7882800624841318
88980,0.8187190837968262,0.8398510411697075,0.8367104359815591,0.8224595738521332,0.7882800624841318
88981,0.9716079422134737,0.9838210659037757,0.9848209066178796,0.9734946192145942,0.9481939134430963
88982,0.8331827481373915,0.8506691570063497,0.8503994922874925,0.8377779770150111,0.8046459908014866
88983,0.8864786369170682,0.9064877000691601,0.9049934835825287,0.8902433736197776,0.857394489869189
88984,0.8596103482459341,0.8776542395058082,0.8754812964427326,0.8628785528880407,0.8302392713448215
88985,0.8645233768254559,0.881317697296648,0.8809764504258848,0.8672213000414936,0.8330823806522334
88986,0.8960373287018331,0.9121865216375975,0.9120319340483203,0.8985836568217329,0.8694304933012327
88987,0.8960373287018331,0.9121865216375975,0.9120319340483203,0.8985836568217329,0.8694304933012327
88988,0.8596103482459341,0.8776542395058082,0.8754812964427326,0.8628785528880407,0.8302392713448215
88989,0.8871847617539654,0.9031545581563721,0.9004652260482375,0.8916169159765516,0.8591220376656545
88990,0.8871847617539654,0.9031545581563721,0.9004652260482375,0.8916169159765516,0.8591220376656545
88991,0.8804226983188659,0.8955701376904862,0.893356117880135,0.8843452793221911,0.8507811372577307
88992,0.8839752600034269,0.898419772389614,0.8957453935194083,0.8875568642154642,0.854579365549885
88993,0.8207023124551838,0.841194440107317,0.8410331764460475,0.8254201521584706,0.7891251218914789
88994,0.8193261513193244,0.8402038070173766,0.8387567377288414,0.8225663473318309,0.7874448153078643
88995,0.8193261513193244,0.8402038070173766,0.8387567377288414,0.8225663473318309,0.7874448153078643
88996,0.8193261513193244,0.8402038070173766,0.8387567377288414,0.8225663473318309,0.7874448153078643
88997,0.8289259620721305,0.8452683287197528,0.8449097047957197,0.832872690572061,0.797175483024889
88998,0.8289259620721305,0.8452683287197528,0.8449097047957197,0.832872690572061,0.797175483024889
88999,0.828528589969454,0.8438904409981635,0.844847732290315,0.8307302744524196,0.7961761660258325
89000,0.8644313575493673,0.8797810134295687,0.875554236545323,0.8678447447721046,0.8346223534940465
89001,0.8644313575493673,0.8797810134295687,0.875554236545323,0.8678447447721046,0.8346223534940465
89002,0.808773742679041,0.8275355561397424,0.828228912280913,0.8128478078616851,0.7783316318777135
89003,0.8086907593428192,0.8275355561397424,0.828228912280913,0.8128478078616851,0.7775179923814497
89004,0.808773742679041,0.8275355561397424,0.828228912280913,0.8128478078616851,0.7783316318777135
89005,0.8351891415801359,0.8584171879678604,0.8563425356119861,0.8406523708405745,0.8045315937461122
89006,0.8351891415801359,0.8584171879678604,0.8563425356119861,0.8406523708405745,0.8045315937461122
89007,0.8071846135918693,0.8265547900392043,0.8259173869078995,0.8111632894524754,0.7750225656545696
89008,0.8331827481373915,0.8506691570063497,0.8503994922874925,0.8377779770150111,0.8038449217663863
89009,0.8086907593428192,0.8303155771884018,0.8303084868761744,0.8144799271775537,0.7775179923814497
89010,0.8645233768254559,0.881317697296648,0.8809764504258848,0.8672213000414936,0.8330823806522334
89011,0.8645233768254559,0.881317697296648,0.8809764504258848,0.8672213000414936,0.8330823806522334
89012,0.8911998714600653,0.9086727428759577,0.902658365565639,0.8953410104112696,0.8620540770701329
89013,0.8055559193451396,0.8248439544012498,0.826904629619647,0.8105447908165252,0.7741494763532455
89014,0.856983630457646,0.8740217721879348,0.8753879464995223,0.8595443752871178,0.8241531323533576
89015,0.7932803169697268,0.8111033244362478,0.8108830436298945,0.7980416413633001,0.7621369113155929
89016,0.7932803169697268,0.8111033244362478,0.8108830436298945,0.7980416413633001,0.7621369113155929
89017,0.7932803169697268,0.8111033244362478,0.8108830436298945,0.7980416413633001,0.7621369113155929
89018,0.828528589969454,0.8438904409981635,0.844847732290315,0.8307302744524196,0.7961761660258325
89019,0.8332865452034051,0.8487156683541686,0.8498115178730395,0.8366595103976865,0.8015282949679754
89021,0.828528589969454,0.8438904409981635,0.844847732290315,0.8307302744524196,0.7961761660258325
89022,0.828528589969454,0.8438904409981635,0.844847732290315,0.8307302744524196,0.7961761660258325
89023,0.8055559193451396,0.8248439544012498,0.826904629619647,0.8105447908165252,0.7741494763532455
89024,0.7945205771542406,0.8127043689980941,0.8131132821741522,0.7989213890918329,0.7631127042286635
89025,0.8055559193451396,0.8248439544012498,0.826904629619647,0.8105447908165252,0.7741494763532455
89026,0.805574580298756,0.8248604714110991,0.8269209219909429,0.8105628899641468,0.77417179670889
89027,0.8429004927829292,0.8623399031250957,0.864067163547624,0.8468679147605309,0.8136333285224777
89028,0.8429004927829292,0.8623399031250957,0.864067163547624,0.8468679147605309,0.8136333285224777
89029,0.8182975994805699,0.8370633709012348,0.8378285559299666,0.8235415047661381,0.7889903292045826
89030,0.815074012135808,0.8327290943769363,0.8338280293191268,0.8182059039578887,0.7827023363133169
89031,0.8134358083588148,0.830888984715553,0.8316509378265124,0.8164564828313419,0.781759629112402
89032,0.8178574840190738,0.8366753398704758,0.8374426115748487,0.8231161221983814,0.7884652023664162
89033,0.8351904130457767,0.8543380579136665,0.8567032539472921,0.8401533234208539,0.8055594705273782
89034,0.9093627740634108,0.9230459896618031,0.9211819161696428,0.9115403299008036,0.8800900494184003
89035,0.8787251762921299,0.8946310751050484,0.8893455564188756,0.8833679055297744,0.8497321128566643
89036,0.8798766801062797,0.8945886289095191,0.895959621373485,0.8836662003426777,0.8508842278133795
89037,0.856983630457646,0.8740217721879348,0.8753879464995223,0.8595443752871178,0.8241531323533576
89038,0.8787251762921299,0.8946310751050484,0.8893455564188756,0.8833679055297744,0.8497321128566643
89039,0.9065924033197955,0.9209018818654697,0.9202043756480324,0.9079031741899204,0.8761662178511294
89040,0.8170659922999945,0.8344968539115459,0.8350350634612894,0.8211139458863794,0.7854734796982815
89041,0.8102613439018003,0.8303155771884018,0.8308792362271817,0.8157556702578369,0.779083694559242
89042,0.8340140107206986,0.8487156683541686,0.8505149070812406,0.8366595103976865,0.8015756070847816
89043,0.834130306492172,0.8497815703123662,0.8523006598456063,0.8370080254674075,0.8018521420064315
89044,0.8091896370886902,0.8261238679755032,0.8271749648388114,0.8137567456861989,0.7783431992052413
89045,0.8182198986459908,0.8369948632935968,0.8377604166470592,0.8234664043127661,0.7888976247881505
89046,0.8092200571069297,0.8261511647988965,0.8272020709525076,0.8137863138687598,0.778379565732566
89047,0.7945205771542406,0.8127043689980941,0.8131132821741522,0.7989213890918329,0.7631127042286635
89048,0.8179274119304345,0.8367369904001402,0.8375039304974372,0.8231837086620829,0.7885486418279697
89049,0.8179274119304345,0.8367369904001402,0.8375039304974372,0.8231837086620829,0.7885486418279697
89050,0.8088099374754492,0.8257831622236919,0.8268366400550303,0.8133876817309157,0.7778892479108322
89051,0.8088099374754492,0.8257831622236919,0.8268366400550303,0.8133876817309157,0.7778892479108322
89052,0.8088099374754492,0.8257831622236919,0.8268366400550303,0.8133876817309157,0.7778892479108322
89053,0.8102613439018003,0.8303155771884018,0.8308792362271817,0.8157556702578369,0.779083694559242
89054,0.8091896370886902,0.8261238679755032,0.8271749648388114,0.8137567456861989,0.7783431992052413
89055,0.8798766801062797,0.8945886289095191,0.895959621373485,0.8836662003426777,0.8508842278133795
89056,0.8798766801062797,0.8945886289095191,0.895959621373485,0.8836662003426777,0.8508842278133795
89057,0.8798766801062797,0.8945886289095191,0.895959621373485,0.8836579493163639,0.8505407935262812
89058,0.8091896370886902,0.8261238679755032,0.8271749648388114,0.8137567456861989,0.7783431992052413
89059,0.8427430209951486,0.8572939939389124,0.8623479616587003,0.8459666070799564,0.8116098022594294
89060,0.9065924033197955,0.9209018818654697,0.9202043756480324,0.9079031741899204,0.8761662178511294
89061,0.8802682383302426,0.8948712574303058,0.8967449014053325,0.8836579493163639,0.8505407935262812
89062,0.8140865825121076,0.8330878449799813,0.8350175104615232,0.8199264971514142,0.7831562383737798
89063,0.8140865825121076,0.8330878449799813,0.8350175104615232,0.8199264971514142,0.7831562383737798
89064,0.8425149110159209,0.8574111369625818,0.8625846935858876,0.8446023521894106,0.8125498706757965
89065,0.8668878788077307,0.8835227423513687,0.8868551120704004,0.8691957234263363,0.8364310472043847
89066,0.8876645315584683,0.9024213014758823,0.9051495815919075,0.8883783693750529,0.8559856543542805
89067,0.8802682383302426,0.8948712574303058,0.8967449014053325,0.8836579493163639,0.8505407935262812
89068,0.8702988767410683,0.8857933870020008,0.888612245279139,0.8712411258672569,0.8386751197038126
89069,0.8659070990990992,0.8807314973063751,0.881577697800145,0.8687687259007615,0.8364532754196915
89070,0.8659070990990992,0.8807314973063751,0.881577697800145,0.8687687259007615,0.8364532754196915
89071,0.8659070990990992,0.8807314973063751,0.881577697800145,0.8687687259007615,0.8364532754196915
89072,0.8659070990990992,0.8807314973063751,0.881577697800145,0.8687687259007615,0.8364532754196915
89073,0.9140332468545327,0.9298620747045911,0.9337934863169287,0.9169580886490104,0.8871390274617673
89074,0.8831568429752501,0.8990766071685856,0.9023424807589837,0.8869938082030806,0.8555605487273967
89075,0.8838415245680694,0.8999544727174064,0.9031908338484311,0.8868365083260732,0.855603506586656
89076,0.8602088753024754,0.8754060419414736,0.8792426431116073,0.8608246000946808,0.8294074596604842
89077,0.8702988767410683,0.8857933870020008,0.888612245279139,0.8712411258672569,0.8386751197038126
89078,0.880607559870175,0.8965376800614931,0.8967909752687118,0.879847656695448,0.8487640430570087
89079,0.8811448871807869,0.8967311915287693,0.8997188981757437,0.8829784667666281,0.8515978242057227
89080,0.8789565532233244,0.8942063612934836,0.8982605614830136,0.8790072239057604,0.8476413736537394
89081,0.8811448871807869,0.8971842696434593,0.8997188981757437,0.8829784667666281,0.8515978242057227
89082,0.8716095560447246,0.8876296815622615,0.8902368119257799,0.8725772597150564,0.8413808231318685
89083,0.8782066103901561,0.8948569976984997,0.8989170803521196,0.8822047695368831,0.8501589503515593
89084,0.8685542987768056,0.8842731589811778,0.887592593057014,0.8682492051990303,0.8364589480783046
89085,0.8370976718455883,0.8529544651178873,0.855186449471966,0.8405279515015182,0.8075227715092457
89086,0.8685542987768056,0.8839626005750499,0.8866885357194668,0.8682492051990303,0.8364589480783046
89087,0.8602088753024754,0.8754060419414736,0.8792426431116073,0.8608246000946808,0.8294074596604842
89088,0.8685964389519124,0.8839626005750499,0.8866885357194668,0.8697534072498877,0.8376119265482107
89089,0.8370976718455883,0.8529544651178873,0.855186449471966,0.8405279515015182,0.8075227715092457
89090,0.8599920159232034,0.8752152941473693,0.8790583798365754,0.8606088120742607,0.8291354973855891
89091,0.8370976718455883,0.8529544651178873,0.855186449471966,0.8405279515015182,0.8075227715092457
89092,0.8327097724855619,0.8475101370864077,0.8501639044719439,0.8362521598432984,0.8032306714071027
89093,0.8684300883629164,0.8848099560870389,0.8877039457859988,0.8707524745112298,0.8391043283021695
89094,0.855121073733907,0.8724251181951588,0.874849481639328,0.8572234308411923,0.8257283165880847
89095,0.8686727580663888,0.8850194443721318,0.8879076672794531,0.8709903828376411,0.8394088031496376
89096,0.8370687708464345,0.8529287405668178,0.8551611649623734,0.8404997452264195,0.807487699904097
89097,0.8326174360055678,0.847427068912003,0.8500824726494982,0.8361620639167222,0.8031191232324267
89098,0.832330351744308,0.8471688076646728,0.8498293000263889,0.8358819475954161,0.8027722877464873
89099,0.832330351744308,0.8471688076646728,0.8498293000263889,0.8358819475954161,0.8027722877464873
89100,0.8326174360055678,0.847427068912003,0.8500824726494982,0.8361620639167222,0.8031191232324267
89101,0.8684300883629164,0.8848099560870389,0.8877039457859988,0.8707524745112298,0.8391043283021695
89102,0.8684300883629164,0.8848099560870389,0.8877039457859988,0.8707524745112298,0.8391043283021695
89103,0.8684113083914596,0.8847937443658027,0.8876881804025999,0.8707340630797139,0.8390807642321739
89104,0.8621586476161057,0.8791250140771758,0.8827354563358815,0.8660666050221885,0.8328341632079731
89105,0.8553692307900439,0.8716752783881058,0.8757894421594037,0.858396305313745,0.8258038232601088
89106,0.8621586476161057,0.8791250140771758,0.8827354563358815,0.8660666050221885,0.8328341632079731
89107,0.8599920159232034,0.8752152941473693,0.8790583798365754,0.8606088120742607,0.8291354973855891
89108,0.855121073733907,0.8724251181951588,0.874849481639328,0.8572234308411923,0.8257283165880847
89109,0.8544794544024952,0.8718685993606407,0.8743046831716876,0.8565922882710305,0.8249360675923488
89110,0.8326636422892163,0.8474686370905379,0.8501232219577834,0.836207148965061,0.8031749436691418
89111,0.8326636422892163,0.8474686370905379,0.8501232219577834,0.836207148965061,0.8031749436691418
89112,0.8326473428826023,0.8474539737589887,0.8501088474806057,0.8361912450694892,0.8031552529301588
89113,0.8326907869069188,0.847493057104346,0.8501471609319663,0.8362336349283439,0.8032077359096877
89114,0.8630420303330291,0.8783186195632516,0.8826049642962116,0.8630652594023153,0.8327144258371806
89115,0.8630420303330291,0.8783186195632516,0.8826049642962116,0.8630652594023153,0.8327144258371806
89116,0.8552117053329563,0.8725037340131913,0.8749264424630274,0.8573125832664348,0.8258402119428396
89117,0.8544794544024952,0.8718685993606407,0.8743046831716876,0.8565922882710305,0.8249360675923488
89118,0.8552117053329563,0.8725037340131913,0.8749264424630274,0.8573125832664348,0.8258402119428396
89119,0.8552117053329563,0.8725037340131913,0.8749264424630274,0.8573125832664348,0.8258402119428396
89120,0.8759043012807808,0.8933572986706219,0.8965248297183379,0.8789491275031627,0.8473468292954593
89121,0.8544794544024952,0.8718685993606407,0.8743046831716876,0.8565922882710305,0.8249360675923488
89122,0.832330351744308,0.8471688076646728,0.8498293000263889,0.8358819475954161,0.8027722877464873
89123,0.8326853600885906,0.8474881749880978,0.8501423749852257,0.8362283397878565,0.8032011800263736
89124,0.864424162578062,0.8802134464144807,0.8841773759330297,0.8642344715743907,0.8334740647490938
89125,0.8789242669132883,0.8986410290067286,0.8983899271579244,0.8845170434943271,0.8512900274582164
89126,0.8327422892230214,0.8475393901998683,0.8501925813743921,0.8362838876265972,0.8032699528923503
89127,0.8326473428826023,0.8474539737589887,0.8501088474806057,0.8361912450694892,0.8031552529301588
89129,0.8544794544024952,0.8718685993606407,0.8743046831716876,0.8565922882710305,0.8249360675923488
89130,0.8544794544024952,0.8718685993606407,0.8743046831716876,0.8565922882710305,0.8249360675923488
89131,0.8544794544024952,0.8718685993606407,0.8743046831716876,0.8565922882710305,0.8249360675923488
89132,0.8544794544024952,0.8718685993606407,0.8743046831716876,0.8565922882710305,0.8249360675923488
89133,0.8544794544024952,0.8718685993606407,0.8743046831716876,0.8565922882710305,0.8249360675923488
89134,0.8682597586927695,0.8850713450336826,0.887879940265084,0.8687342765711753,0.8367992644552334
89135,0.8682597586927695,0.8850713450336826,0.887879940265084,0.8687342765711753,0.8367992644552334
89136,0.8323413418310064,0.8471786941656466,0.8498389916973484,0.8358926708866774,0.8027855657705676
89137,0.8323413418310064,0.8471786941656466,0.8498389916973484,0.8358926708866774,0.8027855657705676
89138,0.8553692307900439,0.8716752783881058,0.8757894421594037,0.858396305313745,0.8258038232601088
89139,0.8680217139267363,0.8844699379184918,0.8886723754879261,0.8723305131268799,0.8388309730047426
89140,0.8553692307900439,0.8716752783881058,0.8757894421594037,0.858396305313745,0.8258038232601088
89141,0.8787005529901368,0.8958597659945411,0.8992736151239002,0.8835974636039617,0.8502090920512895
89142,0.868702964186697,0.884935138861064,0.8910057232876315,0.8731535505740925,0.8414896635743313
89143,0.8707311662188466,0.8867589772214457,0.8906259097891723,0.8708944966540645,0.8397837485825752
89144,0.8707311662188466,0.8867589772214457,0.8906259097891723,0.8708944966540645,0.8397837485825752
89145,0.8670631511043612,0.8837615061740897,0.8871599882630984,0.8694876128982437,0.8382838635903505
89146,0.8788438348643556,0.8946510016796492,0.8987567357586861,0.880358942363259,0.8495473631614329
89147,0.8673279716310678,0.8839897637082091,0.8873809309923554,0.8697470596829082,0.8386142306638075
89148,0.8670631511043612,0.8837615061740897,0.8871599882630984,0.8694876128982437,0.8382838635903505
89149,0.8833070087140085,0.9014563265113203,0.9040615535134201,0.8879792874521335,0.8558579210436065
89150,0.8782066103901561,0.8948569976984997,0.8989170803521196,0.8822047695368831,0.8501589503515593
89151,0.8739684212080248,0.8885629289104429,0.8937987886155754,0.8762682123988008,0.8461241396431763
89152,0.867506245515721,0.8841434298977595,0.887529673900672,0.8699217170580784,0.8388366131828259
89153,0.8670631511043612,0.8837615061740897,0.8871599882630984,0.8694876128982437,0.8382838635903505
89161,0.8102613439018003,0.8303155771884018,0.8308792362271817,0.8157556702578369,0.779083694559242
89162,0.8331827481373915,0.8506691570063497,0.8503994922874925,0.8377779770150111,0.8046459908014866
89163,0.8331827481373915,0.8506691570063497,0.8503994922874925,0.8377779770150111,0.8046459908014866
89166,0.8331827481373915,0.8506691570063497,0.8503994922874925,0.8377779770150111,0.8046459908014866
89168,0.8806555084616011,0.9026439313669901,0.9015623225963266,0.8841357212157617,0.8518507442959647
89169,0.8688156224228171,0.8901442921950097,0.889449877578244,0.8723145560845537,0.839393006410728
89170,0.8806517530114647,0.9026409246232947,0.9015592796697136,0.8841320861333232,0.8518459644617713
89172,0.9140513934846016,0.92482778038439,0.9293838078092056,0.9137477623414959,0.8928524419810988
89177,0.902729050657034,0.9174789610324356,0.9195980571143547,0.9053008623921384,0.8749802688536099
89178,0.902729050657034,0.9174789610324356,0.9195980571143547,0.9053008623921384,0.8749802688536099
89179,0.8596103482459341,0.8776542395058082,0.8754812964427326,0.8628785528880407,0.8302392713448215
89180,0.8901611123565497,0.9061648590927033,0.9086522738846742,0.8942447336176337,0.8613570122151085
89182,0.8857281598637178,0.9059587845594854,0.9049843985484698,0.8889010018386887,0.8576622486594763
89183,0.8857281598637178,0.9059587845594854,0.9049843985484698,0.8889010018386887,0.8576622486594763
89184,0.8857281598637178,0.9059587845594854,0.9049843985484698,0.8889010018386887,0.8576622486594763
89185,0.8857281598637178,0.9059587845594854,0.9049843985484698,0.8889010018386887,0.8576622486594763
89186,0.8605275662502324,0.8777849062183865,0.8793045021156569,0.8610399016582981,0.8290943952612881
89194,0.8876718396381074,0.9074542137393232,0.9059766661359981,0.8913933438599767,0.8589311249009143
89196,0.8596103482459341,0.8776542395058082,0.8754812964427326,0.8628785528880407,0.8302392713448215
89197,0.8839752600034269,0.898419772389614,0.8957453935194083,0.8875568642154642,0.854579365549885
89198,0.8596103482459341,0.8776542395058082,0.8754812964427326,0.8628785528880407,0.8302392713448215
89199,0.8876718396381074,0.9074542137393232,0.9059766661359981,0.8913933438599767,0.8589311249009143
89200,0.8802682383302426,0.8948712574303058,0.8967449014053325,0.8836579493163639,0.8505407935262812
89208,0.8596103482459341,0.8776542395058082,0.8754812964427326,0.8628785528880407,0.8302392713448215
89209,0.8596103482459341,0.8776542395058082,0.8754812964427326,0.8628785528880407,0.8302392713448215
89210,0.8350569805069799,0.8516520816241702,0.8516786468017041,0.8390640795801872,0.8054238664874027
89211,0.8596103482459341,0.8776542395058082,0.8754812964427326,0.8628785528880407,0.8302392713448215
89216,0.8657042148106195,0.8809812813540907,0.8774063681544999,0.8696694191753123,0.836332968631054
89217,0.9182078945845396,0.9290636901427981,0.9271972290552177,0.9151527561289693,0.8937658222674758
89220,0.900412629025622,0.9108005855313084,0.9115050445122339,0.9008927597682693,0.8752748440990377
89227,0.8994880735173788,0.9102716368714793,0.909757149956576,0.9020096357445038,0.8750909760479608
89231,0.8994880735173788,0.9102716368714793,0.908165198349187,0.9020096357445038,0.8750909760479608
89232,0.8994880735173788,0.9102716368714793,0.909757149956576,0.9020096357445038,0.8750909760479608
89237,0.9064295048499599,0.9211528762873377,0.9233646033993289,0.9060327635769971,0.8815282901507595
89239,0.9011950851056512,0.9160590896461772,0.9191227383898978,0.9004396009901934,0.8761787760594023
89240,0.9108741019221415,0.9230430283484573,0.9277756515522035,0.911269265538698,0.8858308429225075
89241,0.9067304403424673,0.9183434462468083,0.923191038575715,0.9064534506864665,0.8827486536147172
89243,0.8350569805069799,0.8516520816241702,0.8516786468017041,0.8390640795801872,0.8054238664874027
89251,0.8657042148106195,0.8809812813540907,0.8774063681544999,0.8696694191753123,0.836332968631054
89252,0.8657042148106195,0.8809812813540907,0.8774063681544999,0.8696694191753123,0.836332968631054
89253,0.8657042148106195,0.8809812813540907,0.8774063681544999,0.8696694191753123,0.836332968631054
89255,0.8657042148106195,0.8809812813540907,0.8774063681544999,0.8696694191753123,0.836332968631054
89257,0.8958594207180302,0.9103926880760577,0.9131610103363262,0.8966325571280589,0.8731395993852592
89258,0.8958594207180302,0.9103926880760577,0.9131610103363262,0.8966325571280589,0.8731395993852592
89260,0.9304901273749826,0.9349606710861789,0.9399928557620834,0.9252736860172146,0.9020335863755475
89261,0.9304901273749826,0.9349606710861789,0.9399928557620834,0.9252736860172146,0.9020335863755475
89263,0.8572269249518712,0.8713178516418586,0.8770671717025258,0.8555232150322846,0.8348869587948727
89264,0.8572269249518712,0.8713178516418586,0.8770671717025258,0.8555232150322846,0.8348869587948727
89265,0.8572269249518712,0.8713178516418586,0.8770671717025258,0.8555232150322846,0.8348869587948727
89266,0.8572269249518712,0.8713178516418586,0.8770671717025258,0.8555232150322846,0.8348869587948727
89267,0.8492321371536176,0.8630707134116204,0.8696425238850511,0.8476289345459265,0.828998083872114
89268,0.8572269249518712,0.8713178516418586,0.8770671717025258,0.8555232150322846,0.8348869587948727
89269,0.8473409476956749,0.8613164833145216,0.8675107817522342,0.8466126173637984,0.8275182112849244
89270,0.8490091347967221,0.8628706328456369,0.869453136122317,0.8474032404525746,0.8287405397010537
89271,0.8572269249518712,0.8713178516418586,0.8770671717025258,0.8555232150322846,0.829565360902294
89272,0.8572269249518712,0.8713178516418586,0.8770671717025258,0.8555232150322846,0.8348869587948727
89275,0.8488340199625315,0.8651910012412546,0.8696559356736357,0.8521459804055643,0.8191540858254942
89276,0.8350680537775858,0.8523030782433918,0.8553015092689273,0.8397264057743855,0.8046721728020981
89277,0.8350680537775858,0.8523030782433918,0.8553015092689273,0.8397264057743855,0.8046721728020981
89283,0.9641117226971309,0.9694519073439241,0.9754021364806578,0.963233305338569,0.9398836964302847
89284,0.9486118096249027,0.9514531889054206,0.9571740692043039,0.9432738475955326,0.9204487498440558
89286,0.9542356011962201,0.9596708070412895,0.9532391246572357,0.9527758992257352,0.9333085755643509
89287,0.9542279376321521,0.9596640837478506,0.9532312877978257,0.9527679817113506,0.9332972123739923
89288,0.8686727580663888,0.8850194443721318,0.8879076672794531,0.8709903828376411,0.8394088031496376
89289,0.8686727580663888,0.8850194443721318,0.8879076672794531,0.8709903828376411,0.8394088031496376
89292,0.886706430327863,0.9011352587242288,0.9044376935106966,0.8876785641300134,0.8656939012481738
89294,0.9408539197283017,0.948893615444312,0.9447166608530506,0.9398620892090159,0.9179596138403323
89295,0.9408539197283017,0.948893615444312,0.9447166608530506,0.9398620892090159,0.9179596138403323
89297,0.9408539197283017,0.948893615444312,0.9447166608530506,0.9398620892090159,0.9179596138403323
89298,0.9408539197283017,0.948893615444312,0.9447166608530506,0.9398620892090159,0.9179596138403323
89301,0.8782066103901561,0.8948569976984997,0.8989170803521196,0.8822047695368831,0.8501589503515593
89302,0.8782066103901561,0.8948569976984997,0.8989170803521196,0.8822047695368831,0.8501589503515593
89303,0.8553692307900439,0.8716752783881058,0.8757894421594037,0.858396305313745,0.8258038232601088
89307,0.9994706436799626,1.0011764636950589,0.9965613874929413,0.9975900404640016,0.9883368129934612
89309,0.9542279376321521,0.9596640837478506,0.9532312877978257,0.9527679817113506,0.9332972123739923
89310,0.8528881722672823,0.8760579737484081,0.8749426210427184,0.8555509575055688,0.8224469133726159
89311,0.8266648698496446,0.8499318471779893,0.8497481461730524,0.8318056389111297,0.7960350581270146
89312,0.8483503138432872,0.8702699796079975,0.8693786484334293,0.850740217758761,0.8165166475238544
89314,0.9261402291540369,0.9361653552648908,0.9377650927387557,0.9239283240306202,0.9029149631073572
89319,0.9640831325531898,0.9694519073439241,0.9742300726839443,0.9627239580761386,0.9389748182357932
89322,0.8102613439018003,0.8303155771884018,0.8308792362271817,0.8157556702578369,0.779083694559242
89324,0.8102613439018003,0.8303155771884018,0.8308792362271817,0.8157556702578369,0.779083694559242
89325,0.8102613439018003,0.8303155771884018,0.8308792362271817,0.8157556702578369,0.779083694559242
89326,0.8102613439018003,0.8303155771884018,0.8308792362271817,0.8157556702578369,0.779083694559242
89328,0.8939806590799735,0.9096874419349796,0.9136617199896095,0.8938362396523528,0.8698001136686657
89332,0.8663672315890026,0.8811355709762255,0.8819786141776158,0.8692179258059582,0.8370291502142798
89333,0.8663672315890026,0.8811355709762255,0.8819786141776158,0.8692179258059582,0.8370291502142798
89334,0.8663672315890026,0.8811355709762255,0.8819786141776158,0.8692179258059582,0.8370291502142798
89336,0.8936721872655584,0.915577500729876,0.9131598963407219,0.8966715597823208,0.8649007356827728
89337,0.8936721872655584,0.915577500729876,0.9131598963407219,0.8966715597823208,0.8649007356827728
89338,0.8207023124551838,0.841194440107317,0.8410331764460475,0.8254201521584706,0.7891251218914789
89339,0.8445347552741124,0.8675118197910558,0.8667320046029646,0.8489561681057323,0.8141725748071041
89347,0.8553692307900439,0.8716752783881058,0.8757894421594037,0.858396305313745,0.8258038232601088
89350,0.8386207739878616,0.8552816467221203,0.8594006300282736,0.8420410515441935,0.8088626547836755
89351,0.8553692307900439,0.8716752783881058,0.8757894421594037,0.858396305313745,0.8258038232601088
89353,0.8425149110159209,0.8574111369625818,0.8625846935858876,0.8446023521894106,0.8125498706757965
89354,0.8553692307900439,0.8716752783881058,0.8757894421594037,0.858396305313745,0.8258038232601088
89355,0.8995014054067907,0.9102834301509937,0.9097690160118707,0.9020226053483855,0.8751078944967757
89360,0.9088617726964799,0.9222261147558464,0.9227171785364588,0.9106202576281649,0.8856649499246394
89361,0.9088617726964799,0.9222261147558464,0.9227171785364588,0.9106202576281649,0.8856649499246394
89370,0.8091896370886902,0.8261238679755032,0.8271749648388114,0.8137567456861989,0.7783431992052413
89372,0.8091896370886902,0.8261238679755032,0.8271749648388114,0.8137567456861989,0.7783431992052413
89373,0.8091896370886902,0.8261238679755032,0.8271749648388114,0.8137567456861989,0.7783431992052413
89374,0.8091896370886902,0.8261238679755032,0.8271749648388114,0.8137567456861989,0.7783431992052413
89375,0.8091896370886902,0.8261238679755032,0.8271749648388114,0.8137567456861989,0.7783431992052413
89376,0.8091896370886902,0.8261238679755032,0.8271749648388114,0.8137567456861989,0.7783431992052413
89377,0.8091896370886902,0.8261238679755032,0.8271749648388114,0.8137567456861989,0.7783431992052413
89381,0.902746283357072,0.9148077551350886,0.9170782574687997,0.9055138433722837,0.8807222503558003
89383,0.8975772240086766,0.9148077551350886,0.9152085969098965,0.9005384913848814,0.8744286103772936
89384,0.902746283357072,0.9148077551350886,0.9170782574687997,0.9055138433722837,0.8807222503558003
89392,0.8326473428826023,0.8474539737589887,0.8501088474806057,0.8361912450694892,0.8031552529301588
89393,0.8326473428826023,0.8474539737589887,0.8501088474806057,0.8361912450694892,0.8031552529301588
89401,0.8425149110159209,0.8574111369625818,0.8625846935858876,0.8446023521894106,0.8125498706757965
89402,0.8425149110159209,0.8574111369625818,0.8625846935858876,0.8446023521894106,0.8125498706757965
89405,0.8425149110159209,0.8574111369625818,0.8625846935858876,0.8446023521894106,0.8125498706757965
89406,0.8386207739878616,0.8552816467221203,0.8594006300282736,0.8420410515441935,0.8088626547836755
89408,0.8425149110159209,0.8574111369625818,0.8625846935858876,0.8446023521894106,0.8125498706757965
89412,0.9167379475690007,0.9283087148815306,0.9244045844304825,0.9177098416664284,0.892567054418314
89413,0.9167379475690007,0.9283087148815306,0.9244045844304825,0.9177098416664284,0.892567054418314
89421,0.9542279376321521,0.9596640837478506,0.9532312877978257,0.9527679817113506,0.9332972123739923
89425,0.856983630457646,0.8740217721879348,0.8753879464995223,0.8595443752871178,0.8241531323533576
89427,0.856983630457646,0.8740217721879348,0.8753879464995223,0.8595443752871178,0.8241531323533576
89429,0.862325724779102,0.8843085421744661,0.8828490617923935,0.8649610682906347,0.8316608788055581
89430,0.8688156224228171,0.8901442921950097,0.889449877578244,0.8723145560845537,0.839393006410728
89440,0.8350569805069799,0.8516520816241702,0.8516786468017041,0.8390640795801872,0.8054238664874027
89441,0.8350569805069799,0.8516520816241702,0.8516786468017041,0.8390640795801872,0.8054238664874027
89448,0.9522084665597695,0.9648284541193718,0.9533541059892368,0.9561251322460973,0.9347368871656307
89450,0.9160715961678307,0.927018304560039,0.9247107640931396,0.9130491211549641,0.8901734532692264
89451,0.9160715961678307,0.927018304560039,0.9247107640931396,0.9130491211549641,0.8901734532692264
89456,0.8615532659329687,0.8840352182174073,0.8821522941987079,0.8649610682906347,0.8316608788055581
89457,0.862325724779102,0.8843085421744661,0.8828490617923935,0.8649610682906347,0.8316608788055581
89458,0.9067304403424673,0.9183434462468083,0.923191038575715,0.9064534506864665,0.8827486536147172
89459,0.9067304403424673,0.9183434462468083,0.923191038575715,0.9064534506864665,0.8827486536147172
89463,0.9226258771828795,0.933981837896625,0.938485650264553,0.9213323510598134,0.9080441830276718
89472,0.8349791915538013,0.8522247097661494,0.8552249340577545,0.8396404115448544,0.8045639936156506
89474,0.9199590957962387,0.9304982525223324,0.9300903162097643,0.9177527748822903,0.8959278460147064
89478,0.8631980662008295,0.8781317903726947,0.884160874654222,0.8642133373148413,0.8434697293292892
89479,0.8867248310637131,0.9011511191431789,0.9044529811836538,0.8876967917487923,0.8657161153457152
89482,0.8615532659329687,0.8840352182174073,0.8821522941987079,0.8650170109223987,0.8318700367873495
89483,0.859089469700536,0.875428945858095,0.8790292762263934,0.8601150544454444,0.8294485552680135
89484,0.859089469700536,0.875428945858095,0.8790292762263934,0.8601150544454444,0.8294485552680135
89485,0.859089469700536,0.875428945858095,0.8790292762263934,0.8601150544454444,0.8294485552680135
89486,0.859089469700536,0.875428945858095,0.8790292762263934,0.8601150544454444,0.8294485552680135
89487,0.8615532659329687,0.8840352182174073,0.8821522941987079,0.8650170109223987,0.8318700367873495
89488,0.8615532659329687,0.8840352182174073,0.8821522941987079,0.8650170109223987,0.8318700367873495
89489,0.8615532659329687,0.8840352182174073,0.8821522941987079,0.8650170109223987,0.8318700367873495
89490,0.8615532659329687,0.8840352182174073,0.8821522941987079,0.8650170109223987,0.8318700367873495
89491,0.8483503138432872,0.8702699796079975,0.8693786484334293,0.850740217758761,0.8165166475238544
89492,0.8615532659329687,0.8840352182174073,0.8821522941987079,0.8650170109223987,0.8318700367873495
89495,0.8386207739878616,0.8552816467221203,0.8594006300282736,0.8420410515441935,0.8088626547836755
89497,0.8386207739878616,0.8552816467221203,0.8594006300282736,0.8420410515441935,0.8088626547836755
89499,0.9560786052757001,0.9651850887613491,0.9709455631891281,0.9565830514986006,0.9329605316826309
89502,0.8685964389519124,0.8839626005750499,0.8866885357194668,0.8697534072498877,0.8376119265482107
89503,0.8685964389519124,0.8839626005750499,0.8866885357194668,0.8697534072498877,0.8376119265482107
89506,0.8685964389519124,0.8839626005750499,0.8866885357194668,0.8697534072498877,0.8376119265482107
89509,0.8351904130457767,0.8543380579136665,0.8567032539472921,0.8401533234208539,0.8055594705273782
89510,0.8134954785243425,0.8309422255656491,0.8317039025785121,0.8165150256366404,0.7818315083325618
89518,0.8688156224228171,0.8901442921950097,0.889449877578244,0.8723145560845537,0.839393006410728
89519,0.8638944859022923,0.8856022880943534,0.8841607507999951,0.8664963145393446,0.8336310554298837
89528,0.9039141280032753,0.916502514103928,0.9184454160277382,0.9038740245326087,0.8753891111446878
89529,0.9039141280032753,0.916502514103928,0.9184454160277382,0.9038740245326087,0.8753891111446878
89530,0.9039141280032753,0.916502514103928,0.9184454160277382,0.9038740245326087,0.8753891111446878
89532,0.9324317811959488,0.9435422817361648,0.946003509262729,0.9322865841890806,0.9120217091076009
89536,0.8218757525058814,0.8392043969488441,0.8404975985839508,0.8251571416670316,0.7904556714129813
89537,0.8591834687418706,0.8755108705072986,0.8791085858457106,0.8602082854895011,0.829565360902294
89538,0.8859981592086492,0.9061772063151096,0.9052052645111216,0.8891627952757903,0.8580068049085641
89540,0.864408744890499,0.8858487924554983,0.8854195356949738,0.8667540722723784,0.833979297734898
89541,0.8638944859022923,0.8856022880943534,0.8841607507999951,0.8664963145393446,0.8336310554298837
89546,0.9211430114852371,0.9327281540168544,0.9338447163258212,0.9213682432391219,0.8989998507059885
89560,0.8802682383302426,0.8948712574303058,0.8967449014053325,0.8836579493163639,0.8505407935262812
89561,0.8802682383302426,0.8948712574303058,0.8957453935194083,0.8836579493163639,0.8505407935262812
89563,0.8802682383302426,0.8948712574303058,0.8967449014053325,0.8836579493163639,0.8505407935262812
89564,0.8802682383302426,0.8948712574303058,0.8957453935194083,0.8836579493163639,0.8505407935262812
89569,0.9522084665597695,0.9648284541193718,0.9533541059892368,0.9561251322460973,0.9347368871656307
89572,0.886709777368103,0.9011381436845072,0.9044404742894885,0.8876818796804671,0.8656979419359082
89573,0.886709777368103,0.9011381436845072,0.9044404742894885,0.8876818796804671,0.8656979419359082
89582,0.9091798772089504,0.9225166588922007,0.9246372199802649,0.9113793591914231,0.8799817997240807
89586,0.8626866082669248,0.877682062685957,0.8837356207061832,0.8637061270993419,0.8428742089222322
89587,0.8473409476956749,0.8613164833145216,0.8675107817522342,0.8466126173637984,0.8275182112849244
89588,0.8631980662008295,0.8781317903726947,0.884160874654222,0.8642133373148413,0.8434697293292892
89589,0.8631980662008295,0.8781317903726947,0.884160874654222,0.8642133373148413,0.8434697293292892
89590,0.8631980662008295,0.8781317903726947,0.884160874654222,0.8642133373148413,0.8434697293292892
89591,0.8485520299149585,0.8624612229013724,0.8689073952265131,0.848534905072462,0.8284574532060041
89592,0.8485520299149585,0.8624612229013724,0.8689073952265131,0.848534905072462,0.8284574532060041
89593,0.8485520299149585,0.8624612229013724,0.8689073952265131,0.848534905072462,0.8284574532060041
89594,0.8631980662008295,0.8781317903726947,0.884160874654222,0.8642133373148413,0.8434697293292892
89597,0.8560767177172454,0.8725921738654487,0.8767816987145262,0.8597674598491725,0.8264772046420823
89598,0.8702988767410683,0.8857933870020008,0.888612245279139,0.8712411258672569,0.8386751197038126
89606,0.8374774996489408,0.8551406330339252,0.8571895725231257,0.8425382154229867,0.808750759640378
89607,0.8332910819510255,0.8494854607936808,0.8522600110617078,0.8373505135602163,0.8030851984856684
89610,0.8386747111313424,0.8621232324453978,0.8610705195147678,0.8432598492730258,0.8081624045343929
89611,0.8428082257577515,0.8659538064035545,0.8645843120992918,0.8458130153574891,0.8100849889878778
89615,0.8867248310637131,0.9011511191431789,0.9044529811836538,0.8876967917487923,0.8657161153457152
89616,0.8867248310637131,0.9011511191431789,0.9044529811836538,0.8876967917487923,0.8657161153457152
89625,0.9498851889600609,0.9623545242778817,0.9689017451512942,0.9457718653740036,0.9410241303348361
89626,0.9538446849142129,0.9627152759989707,0.9632730947081329,0.946858338947792,0.9445612503790357
89627,0.9034868844370852,0.9167479220972758,0.9239885361168106,0.9074948997184976,0.8893485791542005
89628,0.9034868844370852,0.9167479220972758,0.9239885361168106,0.9074948997184976,0.8893485791542005
89629,0.8782840250801066,0.8929804437746873,0.8836528015262801,0.8729128373051636,0.8565297313768824
89630,0.9743256214203173,0.9784527439568064,0.9822016472544922,0.9632441016667552,0.9657612671776608
89631,0.9187049172648514,0.928490045172066,0.9359269949530362,0.9166859540406265,0.9057003705080902
89632,0.8782840250801066,0.8929804437746873,0.8836528015262801,0.8729128373051636,0.8565297313768824
89633,0.8782840250801066,0.8929804437746873,0.8836528015262801,0.8729128373051636,0.8565297313768824
89634,0.8782840250801066,0.8929804437746873,0.8836528015262801,0.8729128373051636,0.8565297313768824
89635,0.9538446849142129,0.9627152759989707,0.9632730947081329,0.946858338947792,0.9445612503790357
89636,0.9538446849142129,0.9627152759989707,0.9632730947081329,0.946858338947792,0.9445612503790357
89637,0.9280066907424974,0.9404608438077584,0.9451646065710386,0.9260234508997269,0.916945895205208
89639,0.8816950959269967,0.897233397338708,0.8990072878232301,0.8792967593184423,0.8610514055251983
89640,0.9636593457471131,0.9698455684741334,0.9725832733431571,0.9544443274214457,0.9554295109182906
89641,0.9743256214203173,0.9784527439568064,0.9822016472544922,0.9632441016667552,0.9657612671776608
89642,0.9824425576913584,0.9880505382634757,0.9946615593463354,0.9694363629280681,0.9756234127520059
89643,0.9187049172648514,0.928490045172066,0.9359269949530362,0.9166859540406265,0.9057003705080902
89644,0.9835208390300774,0.9911793000476969,0.9966493586926589,0.9681801685495581,0.9754359171038838
89645,0.9835208390300774,0.9879623469345186,0.994022712234705,0.9681801685495581,0.9741223511833026
89646,0.9263368875163194,0.9392412426308423,0.9480327196542303,0.9227829232641834,0.9139517764307468
89647,0.8791337182025121,0.8935365101107207,0.8996812322494911,0.8796247007432662,0.8601567069662721
89648,1.0769172123677926,1.0741445322606225,1.0728263619408716,1.069546941295591,1.0675167369273544
89649,1.0110229560345185,1.013088469733247,1.0206856337667205,0.99441086263204,1.0047691382801485
89650,0.9848268445153966,0.9879623469345186,0.994022712234705,0.9683929703827991,0.9741223511833026
89651,0.9716096442092637,0.9749569776770406,0.9821014893937834,0.9645264076975961,0.9602329517228133
89652,0.9824425576913584,0.9880505382634757,0.9946615593463354,0.9694363629280681,0.9756234127520059
89653,1.0110229560345185,1.013088469733247,1.0206856337667205,0.99441086263204,1.0047691382801485
89654,0.9848268445153966,0.9879623469345186,0.994022712234705,0.9683929703827991,0.9741223511833026
89655,0.9263368875163194,0.9392412426308423,0.9480327196542303,0.9227829232641834,0.9139517764307468
89656,0.8681464619601206,0.8855259469519512,0.8889042444468654,0.8693716688375887,0.8486286596139554
89657,0.9187049172648514,0.928490045172066,0.9359269949530362,0.9166859540406265,0.9057003705080902
89658,0.9522225570234774,0.9632273321641655,0.97145548693684,0.9451372707416036,0.9403104672754283
89659,0.9522225570234774,0.9632273321641655,0.97145548693684,0.9451372707416036,0.9403104672754283
89660,0.8947323377814339,0.9116624861859587,0.9159102338653465,0.8960331564935268,0.8744135119349977
89661,0.9417284349383177,0.9504912242350683,0.958335646993851,0.9381530975083485,0.9311243200038767
89662,0.9023045820155008,0.9178073877219421,0.9230813908001008,0.9045383150887757,0.8844332960208974
89663,0.9100807187764984,0.9247340130157371,0.9294593936592751,0.9126535168486487,0.8929759197143604
89664,0.8795017204499164,0.8981333732188722,0.9022712752816296,0.8823394896420487,0.8617012750658183
89665,0.8795017204499164,0.8981333732188722,0.9022712752816296,0.8823394896420487,0.8617012750658183
89666,0.8573590069353755,0.8737353280207296,0.8823124032222103,0.8587806783053479,0.837351324067458
89667,0.8795017204499164,0.8981333732188722,0.9022712752816296,0.8823394896420487,0.8617012750658183
89668,0.8795017204499164,0.8981333732188722,0.9022712752816296,0.8823394896420487,0.8617012750658183
89669,0.8963390789390572,0.914322602212393,0.9189194119879155,0.8953818072000033,0.8781169410799426
89670,0.8645833498196136,0.8791582082803273,0.8891886283849013,0.8654636528348185,0.8441111540949212
89671,0.8822973640794339,0.8956382180087344,0.9023589493869713,0.8822863251915931,0.860528234761494
89672,0.8789050849354705,0.8933376001927887,0.8994947831591719,0.8793970928381222,0.8598877683945505
89673,0.8710695667997478,0.8860450881403732,0.891782853399926,0.871932074499181,0.8510322816099762
89674,0.8791337182025121,0.8935365101107207,0.8996812322494911,0.8796247007432662,0.8601567069662721
89675,0.8854404917005165,0.8984203751538875,0.9066687896498571,0.885276280095626,0.8653822004043572
89676,0.8822973640794339,0.8956382180087344,0.9023589493869713,0.8822863251915931,0.860528234761494
89677,0.9271970482075422,0.9360063182828791,0.94439820743669,0.9214564855907352,0.9130611969407805
89678,0.9271970482075422,0.9360063182828791,0.94439820743669,0.9214564855907352,0.9130611969407805
89679,0.9025493639165716,0.9159520891354341,0.9210790691676237,0.9006963559313539,0.8847449721524216
89680,0.9271970482075422,0.9360063182828791,0.94439820743669,0.9214564855907352,0.9130611969407805
89681,0.8991428659223334,0.9117827007655545,0.9198663286865166,0.8993940055498546,0.8797249051581668
89682,0.8991428659223334,0.9117827007655545,0.9198663286865166,0.8993940055498546,0.8797249051581668
89683,0.8757481940224928,0.8892717725428619,0.8996910202596419,0.8775883746108532,0.8560648026399021
89684,0.8854404917005165,0.8984203751538875,0.9066687896498571,0.885276280095626,0.8653822004043572
89685,0.8963390789390572,0.914322602212393,0.9189194119879155,0.8953818072000033,0.8781169410799426
89686,0.8664796935071826,0.885901102492565,0.8894781117390969,0.8662195725442906,0.8472697805680374
89687,0.8573590069353755,0.8737353280207296,0.8823124032222103,0.8587806783053479,0.837351324067458
89688,0.8550840338787759,0.8715086262888687,0.880655047056109,0.8578648490663099,0.8348010736433765
89689,0.8573590069353755,0.8737353280207296,0.8823124032222103,0.8587806783053479,0.837351324067458
89690,0.8550840338787759,0.8715086262888687,0.880655047056109,0.8578648490663099,0.8348010736433765
89691,0.8550840338787759,0.8715086262888687,0.880655047056109,0.8578648490663099,0.8348010736433765
89692,0.88180348776746,0.8973263093115869,0.8990984583745087,0.8794075772057165,0.8611810111333218
89693,0.88180348776746,0.8973263093115869,0.8990984583745087,0.8794075772057165,0.8611810111333218
89694,0.8816772659069883,0.8972181138668698,0.8989922908236777,0.8792785301906891,0.8610300855836819
89695,0.8810866265086674,0.9028527720254135,0.9012614596121405,0.879379764198799,0.8609434329591813
89696,0.878025880384093,0.8970784921211963,0.8977992215784623,0.877155037091906,0.8560108852309132
89697,0.881430695903066,0.9045352484248567,0.9044770513567891,0.8818506291834264,0.8636960943397711
89698,0.8946423601268894,0.9085926760217309,0.9121094874116985,0.8930807431461883,0.8757337502500021
89699,0.878025880384093,0.8970784921211963,0.8977992215784623,0.877155037091906,0.8560108852309132
89700,0.8708516938329182,0.8915545398061946,0.8914173061263836,0.8695322536140561,0.8495807609278849
89702,0.8645833498196136,0.8791582082803273,0.8881921913059455,0.8654636528348185,0.8441111540949212
89703,0.8645833498196136,0.8791582082803273,0.8891886283849013,0.8654636528348185,0.8441111540949212
89704,0.8645833498196136,0.8791582082803273,0.8891886283849013,0.8654636528348185,0.8441111540949212
89705,0.8645833498196136,0.8791582082803273,0.8891886283849013,0.8654636528348185,0.8441111540949212
89706,0.8638384285426494,0.878501828564957,0.8885919051442281,0.8647241430674671,0.8432380000469677
89707,0.8793373595161483,0.8930879667401045,0.8985102914022352,0.8782109859392278,0.8588410449177796
89708,0.8856092783236659,0.8984164612820537,0.9040724957692328,0.8846923151631425,0.865361169475141
89709,0.9025493639165716,0.9159520891354341,0.9210790691676237,0.9006963559313539,0.8847449721524216
89710,0.8825341959678814,0.9031084932886008,0.9012842957325545,0.8818173740370465,0.8619382053117547
89711,0.8679179991391216,0.8880993777276558,0.8889607017775881,0.8675131966751294,0.8460193660361838
89712,0.8681305710751674,0.885512356602329,0.8888910933806368,0.8693559424023319,0.8486101011025676
89713,0.8679179991391216,0.8880993777276558,0.8889607017775881,0.8675131966751294,0.8460193660361838
89714,0.8662069722951802,0.8868625327834511,0.8872582378817556,0.8644920389873156,0.8442573303631019
89715,0.8796129963499092,0.897804024347944,0.8972571143817092,0.8776060514973647,0.8588060039263731
89716,0.8764224615957767,0.8953131375982006,0.8948952610399903,0.8741813097732483,0.8563031576481399
89717,0.9098787444784225,0.9245670278324817,0.9293035104818265,0.9124577481934779,0.8927319962952722
89718,0.9098787444784225,0.9245670278324817,0.9293035104818265,0.9124577481934779,0.8927319962952722
89719,0.8708419900860396,0.8915465358302186,0.8914092910800012,0.8695224394716684,0.8495692461991908
89721,0.8710695667997478,0.8860450881403732,0.891782853399926,0.871932074499181,0.8510322816099762
89722,0.8710695667997478,0.8860450881403732,0.891782853399926,0.871932074499181,0.8510322816099762
89725,0.8841285909835296,0.9036579332175994,0.9062441270530217,0.8870155017093988,0.865927561673621
89726,0.8763908646579106,0.8952868017444745,0.8948688106285608,0.874149077300202,0.8562657660891377
89728,0.8810850265907031,0.897233397338708,0.8990072878232301,0.8781844095146966,0.8599777828245253
89729,0.8816772659069883,0.8972181138668698,0.8989922908236777,0.8792785301906891,0.8610300855836819
89730,0.8854404917005165,0.8984203751538875,0.9066687896498571,0.885276280095626,0.8653822004043572
89731,0.8822973640794339,0.8956382180087344,0.9023589493869713,0.8822863251915931,0.860528234761494
89732,0.8681464619601206,0.8855259469519512,0.8889042444468654,0.8693716688375887,0.8486286596139554
89733,0.8891234625112768,0.9027145384815027,0.9061450882119351,0.8873960950517,0.8688994282154511
89734,0.8805489418816352,0.8972181138668698,0.8989922908236777,0.8784549438551382,0.8591088089454876
89735,0.8778253263839529,0.8961457665287339,0.9003108122991703,0.8799114613783976,0.8579202381475421
89736,0.8778253263839529,0.8961457665287339,0.9003108122991703,0.8799114613783976,0.8579202381475421
89737,0.8681464619601206,0.8855259469519512,0.8889042444468654,0.8693716688375887,0.8486286596139554
89739,0.8665974651326744,0.8860000683487081,0.8895736816426918,0.8663376003402975,0.8474067862149641
89740,0.8708516938329182,0.8915545398061946,0.8914173061263836,0.8695322536140561,0.8495807609278849
89742,0.8708419900860396,0.8915465358302186,0.8914092910800012,0.8695224394716684,0.8495692461991908
89744,0.8638384285426494,0.878501828564957,0.8885919051442281,0.8647241430674671,0.8432380000469677
89745,0.8526990768451861,0.8686333437389249,0.8777522636401803,0.8529678576566185,0.8319649483052755
89746,0.8707574775542737,0.8917584852316591,0.8932547972288224,0.8704048437605824,0.8501071801374512
89747,0.8811671725271303,0.9018924066930767,0.9001225915843761,0.878817098156059,0.860844078254543
89748,0.8764150316868282,0.8953069447989885,0.8948890413032055,0.8741737304228098,0.8562943651799891
89749,0.8776961102578691,0.9015812336354304,0.8977030330646644,0.8756944521405814,0.8576465087290954
89750,0.8764150316868282,0.8953069447989885,0.8948890413032055,0.8741737304228098,0.8562943651799891
89751,0.8662009240525027,0.8868575089455014,0.887253233316366,0.8644859040389614,0.8442501524865025
89752,0.8642732270699618,0.8832129577812854,0.8856290954960688,0.8636831988683945,0.8435342774018599
89753,0.8662009240525027,0.8868575089455014,0.887253233316366,0.8644859040389614,0.8442501524865025
89754,0.8708419900860396,0.8915465358302186,0.8914092910800012,0.8695224394716684,0.8495692461991908
89755,0.8734508125823934,0.8950366568579958,0.8956163451879903,0.8728198145108516,0.8535675633723719
89756,0.8730609044919946,0.8950567490900412,0.8939891792194263,0.871002347752561,0.8524474137556279
89757,0.8805379554680375,0.8971122608606009,0.8996038740372428,0.8776225843994705,0.859321637523683
89758,0.8805379554680375,0.8971122608606009,0.8996038740372428,0.8776225843994705,0.859321637523683
89759,0.8763908646579106,0.8952868017444745,0.8948688106285608,0.874149077300202,0.8562657660891377
89760,0.8763908646579106,0.8952868017444745,0.8948688106285608,0.874149077300202,0.8562657660891377
89761,0.8679179991391216,0.8876702654805164,0.8889607017775881,0.8675131966751294,0.8460193660361838
89762,0.8665467825020219,0.8859574784252635,0.8895325531163208,0.8662868074723767,0.8473478267195267
89763,0.8664796935071826,0.885901102492565,0.8894781117390969,0.8662195725442906,0.8472697805680374
89764,0.8667769033773451,0.8861508585044484,0.889719298310687,0.8665174288130666,0.8476155228548866
89765,0.8664001632025005,0.8858945049066338,0.8882177367447714,0.8661114990447961,0.8450687634412004
89766,0.8526990768451861,0.8686333437389249,0.8777522636401803,0.8529678576566185,0.8319649483052755
89767,0.8478452823270353,0.8636075016741681,0.8718904527779334,0.8473813875706362,0.8286602176728948
89768,0.8764224615957767,0.8953131375982006,0.8948952610399903,0.8741813097732483,0.8563031576481399
89769,0.8764224615957767,0.8953131375982006,0.8948952610399903,0.8741813097732483,0.8563031576481399
89770,0.8732130666427251,0.8903248391599432,0.8975061145628628,0.8725634874439097,0.8547855977202182
89771,0.8871443226725907,0.9029993949693773,0.8998457988371417,0.8890727336710101,0.8671230115919035
89772,0.8776961102578691,0.9015812336354304,0.8977030330646644,0.8756944521405814,0.8576465087290954
89773,0.8805489418816352,0.8980480679993557,0.8996555154045944,0.8784549438551382,0.8591088089454876
89774,0.8805489418816352,0.8980480679993557,0.8996555154045944,0.8784549438551382,0.8591088089454876
89775,0.8681464619601206,0.8855259469519512,0.8889042444468654,0.8693716688375887,0.8486286596139554
89776,0.8681464619601206,0.8855259469519512,0.8889042444468654,0.8693716688375887,0.8486286596139554
89777,0.8878678047764498,0.9019717033501132,0.9062641427489114,0.8861334329735708,0.8670316639693972
89778,0.8878678047764498,0.9019717033501132,0.9062641427489114,0.8861334329735708,0.8670316639693972
89779,0.8674468860570242,0.8882784399107251,0.8889633644104477,0.8657023679938533,0.8472993653531462
89780,0.8661523789029273,0.8866311206615763,0.8872582378817556,0.8644920389873156,0.8442573303631019
89781,0.8667769033773451,0.8861508585044484,0.889719298310687,0.8665174288130666,0.8476155228548866
89782,0.8667769033773451,0.8861508585044484,0.889719298310687,0.8665174288130666,0.8476155228548866
89783,0.8665974651326744,0.8860000683487081,0.8895736816426918,0.8663376003402975,0.8474067862149641
89784,0.8888979205698873,0.904143336165133,0.9099097095023481,0.8915931371124113,0.8705948903256662
89785,0.8768352209382896,0.894852861982921,0.8983855492125276,0.8790102478188936,0.8575192057933771
89787,0.8674468860570242,0.8882784399107251,0.8889633644104477,0.8657023679938533,0.8472993653531462
89788,0.8674028026095251,0.8882419478301925,0.8889271173548549,0.8656576363496719,0.8472476742407611
89789,0.8708089622233576,0.8915192934709132,0.8913820110405954,0.869489035854091,0.849530054235348
89792,0.9046650179262213,0.9166631045362787,0.9238212748627027,0.9019323526328906,0.8846833565139772
89793,0.8810850265907031,0.897576826283757,0.9000562346768093,0.8781844095146966,0.8599777828245253
89795,0.8806953660744414,0.8972459269034742,0.8997340277911059,0.8777842413076952,0.8595104419693078
89798,0.8810850265907031,0.897576826283757,0.9000562346768093,0.8781844095146966,0.8599777828245253
89799,0.8822741107164838,0.8993184202904927,0.900955868020443,0.8798729132129893,0.8605348248315732
89801,0.8665974651326744,0.8860000683487081,0.8895736816426918,0.8663376003402975,0.8474067862149641
89802,0.8472145586197897,0.8612030710811258,0.8674030204667302,0.8464855432091852,0.8273728560019298
89803,0.8664096361141836,0.8844810674768318,0.8875637606743357,0.8646593360495294,0.8452506511389262
89804,0.8697860220968315,0.8878662826469689,0.8914497117398834,0.8684739345132393,0.8482681005078211
89805,0.8697860220968315,0.8878662826469689,0.8914497117398834,0.8684739345132393,0.8482681005078211
89806,0.8693851910818096,0.8875264695277689,0.8911217689546892,0.8680686008367067,0.8477921076442152
89807,0.8732456660216398,0.8909769624086613,0.8939736460420369,0.8730003748687543,0.8523918806709156
89808,0.8544101026781526,0.8685124499438912,0.8747211787224343,0.8530175416634621,0.8341601402578632
89809,0.9023045820155008,0.9178073877219421,0.9230813908001008,0.9045383150887757,0.8844332960208974
89810,0.8722917842365082,0.890971061783224,0.8943410663835288,0.8723929988098335,0.8511669445093545
89811,0.8681464619601206,0.8855259469519512,0.8889042444468654,0.8693716688375887,0.8486286596139554
89812,0.8693851910818096,0.8875264695277689,0.8911217689546892,0.8680686008367067,0.8477921076442152
89813,0.8969458897815057,0.9111516664111254,0.9175841426468939,0.8988742419573618,0.8788013075891251
89814,0.8664001632025005,0.8858945049066338,0.8882177367447714,0.8661114990447961,0.8450687634412004
89815,0.8642732270699618,0.8832129577812854,0.8856290954960688,0.8636831988683945,0.8435342774018599
89816,0.8495592186964281,0.8651231060694422,0.8733039614913543,0.8491012431193083,0.8306229933912611
89817,0.8495592186964281,0.8651231060694422,0.8733039614913543,0.8491012431193083,0.8306229933912611
89818,0.8495592186964281,0.8651231060694422,0.8733039614913543,0.8491012431193083,0.8306229933912611
89819,0.8478452823270353,0.8636075016741681,0.8718904527779334,0.8473813875706362,0.8286602176728948
89820,0.8399954142845752,0.8549293622953688,0.8624179664996011,0.8415476202078709,0.8228293442665418
89821,0.8681385180555976,0.8855191530874194,0.8888976701807696,0.8693638071415755,0.8486193821626626
89823,0.8681464619601206,0.8855259469519512,0.8889042444468654,0.8693716688375887,0.8486286596139554
89824,0.8681464619601206,0.8855259469519512,0.8889042444468654,0.8693716688375887,0.8486286596139554
89826,0.8629699322244886,0.8779311864835999,0.883971185793098,0.8639870976662426,0.8432041079456527
89828,0.8626866082669248,0.877682062685957,0.8837356207061832,0.8637061270993419,0.8428742089222322
89829,0.8730609044919946,0.895822890790846,0.8939891792194263,0.871002347752561,0.8524474137556279
89830,0.8810866265086674,0.9028527720254135,0.9012614596121405,0.879379764198799,0.8609434329591813
89831,0.8674028026095251,0.8882419478301925,0.8889271173548549,0.8656576363496719,0.8472476742407611
89832,0.8674028026095251,0.8882419478301925,0.8889271173548549,0.8656576363496719,0.8472476742407611
89833,0.8661523789029273,0.8866311206615763,0.8875330518921303,0.8659791928999275,0.8448893819697479
89834,0.8661523789029273,0.8866311206615763,0.8875330518921303,0.8659791928999275,0.8448893819697479
89835,0.8661565165455916,0.8846239984732591,0.8872164889196983,0.8644408598987566,0.844197450628762
89836,0.8661565165455916,0.8868206230425888,0.8872164889196983,0.8644408598987566,0.844197450628762
89837,0.8399954142845752,0.8549293622953688,0.8624179664996011,0.8415476202078709,0.8228293442665418
89838,0.8500651945998275,0.8658019361633903,0.8738978763855483,0.850379410675004,0.8311606731938891
89839,0.866577530078865,0.8846239984732591,0.8877025100323448,0.8648296893666522,0.8454487849327366
89840,0.8664096361141836,0.8844810674768318,0.8875637606743357,0.8646593360495294,0.8452506511389262
89842,0.8661350230848247,0.8801213450677874,0.8881921913059455,0.8669967731829623,0.8489812963833188
89843,0.8661350230848247,0.8801213450677874,0.8881921913059455,0.8669967731829623,0.8489812963833188
89845,0.8545146572239588,0.8686057191221246,0.8748095662396155,0.8531232257505089,0.8342813965536934
89846,0.8472145586197897,0.8612030710811258,0.8674030204667302,0.8464855432091852,0.8273728560019298
89847,0.854492451505691,0.8685859101191215,0.8747907939828057,0.8531007801491619,0.8342556438831981
89848,0.854492451505691,0.8685859101191215,0.8747907939828057,0.8531007801491619,0.8342556438831981
89849,0.8544568774902851,0.8685541758219876,0.8747607206201294,0.8530648218210125,0.8342143873156361
89850,0.8731428524566691,0.8908898734755519,0.8938891679056845,0.8728973403947738,0.852269945882272
89851,0.8545146572239588,0.8686057191221246,0.8748095662396155,0.8531232257505089,0.8342813965536934
89852,0.869866427791678,0.8879344515018481,0.8915154999106104,0.8685552431435968,0.8483635777312187
89854,0.8626866082669248,0.877682062685957,0.8837356207061832,0.8637061270993419,0.8428742089222322
89855,0.8505097975764572,0.8646080836008238,0.8709094455109271,0.8496604896412717,0.8303315037402543
89856,0.8629699322244886,0.8779311864835999,0.883971185793098,0.8639870976662426,0.8432041079456527
89857,0.8664096361141836,0.8844810674768318,0.8875637606743357,0.8646593360495294,0.8452506511389262
89858,0.8806917201215069,0.8972428308783911,0.8997310131126773,0.877780497011621,0.8595060689580123
89859,0.8806917201215069,0.8972428308783911,0.8997310131126773,0.877780497011621,0.8595060689580123
89860,0.8806917201215069,0.8972428308783911,0.8997310131126773,0.877780497011621,0.8595060689580123
89861,0.8806917201215069,0.8972428308783911,0.8997310131126773,0.877780497011621,0.8595060689580123
89862,0.8806917201215069,0.8972428308783911,0.8997310131126773,0.877780497011621,0.8595060689580123
89863,0.8882949946686418,0.903341909270338,0.9089977580433836,0.885827342413479,0.868364942315083
89864,0.9007865780067389,0.9152223764757819,0.9203447028842343,0.8974665537480355,0.8820311868821601
89865,0.9007865780067389,0.9152223764757819,0.9203447028842343,0.8974665537480355,0.8820311868821601
89866,0.8642875792173799,0.8832251059659989,0.8856409676471731,0.8636976208420342,0.8435511276699734
89867,0.8642875792173799,0.8832251059659989,0.8856409676471731,0.8636976208420342,0.8435511276699734
89868,0.8642875792173799,0.8832251059659989,0.8856409676471731,0.8636976208420342,0.8435511276699734
89869,0.8642732270699618,0.8832129577812854,0.8856290954960688,0.8636831988683945,0.8435342774018599
89870,0.8642875792173799,0.8832251059659989,0.8856409676471731,0.8636976208420342,0.8435511276699734
89871,0.8642875792173799,0.8832251059659989,0.8856409676471731,0.8636976208420342,0.8435511276699734
89872,0.8642875792173799,0.8832251059659989,0.8856409676471731,0.8636976208420342,0.8435511276699734
89873,0.8642875792173799,0.8830288230521331,0.8856409676471731,0.8636976208420342,0.8435511276699734
89874,0.8642875792173799,0.8809819256888071,0.8856409676471731,0.8636976208420342,0.8435511276699734
89875,0.8642875792173799,0.8809819256888071,0.8856409676471731,0.8636976208420342,0.8435511276699734
89876,0.8642875792173799,0.8809819256888071,0.8856409676471731,0.8636976208420342,0.8435511276699734
89877,0.8642732270699618,0.8832129577812854,0.8856290954960688,0.8636831988683945,0.8435342774018599
89878,0.8730609044919946,0.895822890790846,0.8939891792194263,0.871002347752561,0.8524474137556279
89879,0.8819621662688605,0.902830105721373,0.9029412791498407,0.8790494760223607,0.8597425949201107
89880,0.8819621662688605,0.902830105721373,0.9029412791498407,0.8790494760223607,0.8597425949201107
89881,0.8730609044919946,0.895822890790846,0.8939891792194263,0.871002347752561,0.8524474137556279
89882,0.8870688558135829,0.9016076510194176,0.9091821915300997,0.8864880140593058,0.8698458412483775
89883,0.8839781298543283,0.8973032040041261,0.8999934310869325,0.8854089982283163,0.8623730913372166
89884,0.8823209863348105,0.8973571295771515,0.9048975645242234,0.8822740896617285,0.8645229922424453
89885,0.8508620579456273,0.8649232087589693,0.8712082644571814,0.8500150164629378,0.8307385419885952
89886,0.8508620579456273,0.8649232087589693,0.8712082644571814,0.8500150164629378,0.8307385419885952
89887,0.8508620579456273,0.8649232087589693,0.8712082644571814,0.8500150164629378,0.8307385419885952
89888,0.8508620579456273,0.8649232087589693,0.8712082644571814,0.8500150164629378,0.8307385419885952
89889,0.8768352209382896,0.894852861982921,0.8983855492125276,0.8790102478188936,0.8575192057933771
89890,0.859726255604163,0.8753450548791976,0.8807879412618498,0.858204939020294,0.8389958963488503
89891,0.859726255604163,0.8753450548791976,0.8807879412618498,0.858204939020294,0.8389958963488503
89892,0.859726255604163,0.8753450548791976,0.8807879412618498,0.858204939020294,0.8389958963488503
89893,0.8545545732305266,0.8686413270588892,0.8748433106230452,0.8531635729419164,0.8343276880869489
89894,0.850903157281896,0.8649599764319064,0.8712431299953896,0.8500563801622999,0.8307860304194061
89895,0.850903157281896,0.8649599764319064,0.8712431299953896,0.8500563801622999,0.8307860304194061
89896,0.8472567620953136,0.8612409411462683,0.8674390035053057,0.8465279754574723,0.8274213930469287
89897,0.8543833313838646,0.86848856850375,0.8746985473147991,0.85299048112313,0.834129092015731
89898,0.8823209863348105,0.8973571295771515,0.9048975645242234,0.8822740896617285,0.8645229922424453
89899,0.8398170493686222,0.8547697666793017,0.8622675990495265,0.8413712292919518,0.8226287795234961
89900,0.8398170493686222,0.8547697666793017,0.8622675990495265,0.8413712292919518,0.8226287795234961
89901,0.8398170493686222,0.8547697666793017,0.8622675990495265,0.8413712292919518,0.8226287795234961
89902,0.8398170493686222,0.8547697666793017,0.8622675990495265,0.8413712292919518,0.8226287795234961
89903,0.8681305710751674,0.885512356602329,0.8888910933806368,0.8693559424023319,0.8486101011025676
89904,0.8681305710751674,0.885512356602329,0.8888910933806368,0.8693559424023319,0.8486101011025676
89905,0.8681305710751674,0.885512356602329,0.8888910933806368,0.8693559424023319,0.8486101011025676
89906,0.8544568774902851,0.8685541758219876,0.8747607206201294,0.8530648218210125,0.8342143873156361
89907,0.8505051581395144,0.8646039333567899,0.8709055100646461,0.849655820346782,0.8303261426460833
89908,0.8544568774902851,0.8685541758219876,0.8747607206201294,0.8530648218210125,0.8342143873156361
89909,0.8445531967834147,0.8589008253429458,0.8676900780759339,0.8450149978703769,0.8246942386191133
89910,0.8445531967834147,0.8589008253429458,0.8676900780759339,0.8450149978703769,0.8246942386191133
89911,0.8445531967834147,0.8589008253429458,0.8676900780759339,0.8450149978703769,0.8246942386191133
89912,0.8445531967834147,0.8589008253429458,0.8676900780759339,0.8450149978703769,0.8246942386191133
89913,0.8664661582830434,0.8878444200838002,0.8877801616443503,0.8665173230680494,0.8455965634860781
89914,0.8664661582830434,0.8878444200838002,0.8877801616443503,0.8665173230680494,0.8455965634860781
89916,0.8545146572239588,0.8686057191221246,0.8748095662396155,0.8531232257505089,0.8342813965536934
89918,0.8544768946720042,0.8685720324085252,0.8747776426066939,0.8530850552543838,0.8342376020585591
89919,0.8544524268524953,0.8685502055797896,0.8747569581801395,0.853060323100838,0.834209225715391
89921,0.8472145586197897,0.8612030710811258,0.8674030204667302,0.8464855432091852,0.8273728560019298
89922,0.8544768946720042,0.8685720324085252,0.8747776426066939,0.8530850552543838,0.8342376020585591
89923,0.8544768946720042,0.8685720324085252,0.8747776426066939,0.8530850552543838,0.8342376020585591
89924,0.8544101026781526,0.8685124499438912,0.8747211787224343,0.8530175416634621,0.8341601402578632
89925,0.8672958189241313,0.8830288230521331,0.8885519654947392,0.8661771236073945,0.8465078347215597
89926,0.859798679077336,0.8754085447150586,0.8808483740398172,0.8582782456830559,0.8390805601642637
89927,0.8671132449083829,0.8828700762099135,0.8884014316651404,0.8659928305437651,0.8462927610045854
89928,0.8882186312877765,0.906448061031678,0.9099004646864506,0.8859964487658243,0.8685512653251056
89929,0.8723727960278732,0.8897333703869578,0.8940364927449186,0.8710505859796431,0.8526001454455926
89930,0.8473386131856856,0.8613143884794875,0.8675087912884605,0.8466102702009224,0.8275155264884293
89931,0.8502720352643358,0.8643953949937119,0.8707077661246717,0.8494211969425871,0.8300567509522156
89932,0.8671736118894791,0.8829225643418639,0.888451204070043,0.8660537659635541,0.846363874850081
89933,0.8671112296565868,0.882868323989666,0.8883997701074136,0.8659907963147988,0.8462903869688232
89934,0.8544101026781526,0.8685124499438912,0.8747211787224343,0.8530175416634621,0.8341601402578632
89935,0.8544101026781526,0.8685124499438912,0.8747211787224343,0.8530175416634621,0.8341601402578632
89936,0.8472918752604417,0.8612724490955065,0.8674689415139696,0.8465632789507276,0.827461775395565
89937,0.8485520299149585,0.8624612229013724,0.8689073952265131,0.848534905072462,0.8284574532060041
89938,0.8485520299149585,0.8624612229013724,0.8689073952265131,0.848534905072462,0.8284574532060041
89939,0.8485520299149585,0.8624612229013724,0.8689073952265131,0.848534905072462,0.8284574532060041
89940,0.8472567620953136,0.8612409411462683,0.8674390035053057,0.8465279754574723,0.8274213930469287
89941,0.8543833313838646,0.86848856850375,0.8746985473147991,0.85299048112313,0.834129092015731
89942,0.8543833313838646,0.86848856850375,0.8746985473147991,0.85299048112313,0.834129092015731
89943,0.8543833313838646,0.86848856850375,0.8746985473147991,0.85299048112313,0.834129092015731
89944,0.8544190195174016,0.8685204042663447,0.8747287166978549,0.8530265548408891,0.8341704815993972
89945,0.8988757906958016,0.9168128190997308,0.9205762173250026,0.8957932092303833,0.8796723991201096
89946,0.8988757906958016,0.9168128190997308,0.9205762173250026,0.8957932092303833,0.8796723991201096
89947,0.8502720352643358,0.8643953949937119,0.8707077661246717,0.8494211969425871,0.8300567509522156
89948,0.8545545732305266,0.8686413270588892,0.8748433106230452,0.8531635729419164,0.8343276880869489
89949,0.8545545732305266,0.8686413270588892,0.8748433106230452,0.8531635729419164,0.8343276880869489
89950,0.854527970310989,0.8686175953266525,0.8748208208899098,0.853136682652161,0.8342968360995291
89951,0.8727992028506327,0.8938221512725891,0.8950265437463537,0.8712463381553074,0.85138033088844
89952,0.8727992028506327,0.8938221512725891,0.8950265437463537,0.8712463381553074,0.85138033088844
89953,0.8666041580358511,0.886333355048308,0.8882260259019868,0.8657292226819131,0.8469336356412801
89954,0.8472567620953136,0.8612409411462683,0.8674390035053057,0.8465279754574723,0.8274213930469287
89955,0.8544190195174016,0.8685204042663447,0.8747287166978549,0.8530265548408891,0.8341704815993972
89959,0.8472145586197897,0.8612030710811258,0.8674030204667302,0.8464855432091852,0.8273728560019298
89960,0.8472145586197897,0.8612030710811258,0.8674030204667302,0.8464855432091852,0.8273728560019298
89962,0.8472145586197897,0.8612030710811258,0.8674030204667302,0.8464855432091852,0.8273728560019298
89963,0.8472145586197897,0.8612030710811258,0.8674030204667302,0.8464855432091852,0.8273728560019298
89964,0.8472145586197897,0.8612030710811258,0.8674030204667302,0.8464855432091852,0.8273728560019298
89965,0.8470709851409242,0.8610742412389688,0.8672806107545628,0.8463411913607479,0.8272077329149004
89966,0.854527970310989,0.8686175953266525,0.8748208208899098,0.853136682652161,0.8342968360995291
89967,0.854527970310989,0.8686175953266525,0.8748208208899098,0.853136682652161,0.8342968360995291
89968,0.854527970310989,0.8686175953266525,0.8748208208899098,0.853136682652161,0.8342968360995291
89969,0.8469408018134789,0.8609574287204409,0.8671696203891568,0.846210302124116,0.8270580054691896
89970,0.8543833313838646,0.86848856850375,0.8746985473147991,0.85299048112313,0.834129092015731
89971,0.8543833313838646,0.86848856850375,0.8746985473147991,0.85299048112313,0.834129092015731
89972,0.8472918752604417,0.8612724490955065,0.8674689415139696,0.8465632789507276,0.827461775395565
89973,0.8472918752604417,0.8612724490955065,0.8674689415139696,0.8465632789507276,0.827461775395565
89974,0.8472918752604417,0.8612724490955065,0.8674689415139696,0.8465632789507276,0.827461775395565
89975,0.8664216463643023,0.8830721913765733,0.8880759330664473,0.8655453735204459,0.846566588303311
89976,0.8496501823760451,0.8633576659009626,0.8699228788540758,0.8481355012093241,0.8299645706572566
89977,0.8623339029931567,0.8781293269495434,0.8841999570636082,0.8606135493446955,0.8415581703665798
89978,0.8541500034543026,0.8682804312708263,0.874501306220509,0.852754631793106,0.8338584801708311
89979,0.8492917452470765,0.863035819524027,0.8696182494659507,0.8477729663531823,0.8295520064746552
89980,0.8492917452470765,0.863035819524027,0.8696182494659507,0.8477729663531823,0.8295520064746552
89981,0.8492917452470765,0.863035819524027,0.8696182494659507,0.8477729663531823,0.8295520064746552
89982,0.859798679077336,0.8754085447150586,0.8808483740398172,0.8582782456830559,0.8390805601642637
89983,0.8496501823760451,0.8633576659009626,0.8699228788540758,0.8481355012093241,0.8299645706572566
89984,0.8702101449503034,0.8850531071433223,0.8920908392642662,0.8710762344902664,0.852519105812019
89985,0.8702101449503034,0.8850531071433223,0.8920908392642662,0.8710762344902664,0.852519105812019
89986,0.8469408018134789,0.8609574287204409,0.8671696203891568,0.846210302124116,0.8270580054691896
89987,0.8469408018134789,0.8609574287204409,0.8671696203891568,0.846210302124116,0.8270580054691896
89988,0.8469408018134789,0.8609574287204409,0.8671696203891568,0.846210302124116,0.8270580054691896
89989,0.8495051459558586,0.8632274334980373,0.8697996123297224,0.8479888069468489,0.829797636244302
89990,0.8495051459558586,0.8632274334980373,0.8697996123297224,0.8479888069468489,0.829797636244302
89991,0.8470709851409242,0.8610742412389688,0.8672806107545628,0.8463411913607479,0.8272077329149004
89992,0.8473549499869323,0.8613290480598269,0.867522720488219,0.8466266955456758,0.827534314552121
89993,0.8473549499869323,0.8613290480598269,0.867522720488219,0.8466266955456758,0.827534314552121
89994,0.8472591045671739,0.8612430431019548,0.8674410007253172,0.8465303306268018,0.8274240870461722
89995,0.8472450463178597,0.8612304283108709,0.8674290145047485,0.8465161961735292,0.8274079190997511
89996,0.8473549499869323,0.8613290480598269,0.867522720488219,0.8466266955456758,0.827534314552121
89997,0.8473549499869323,0.8613290480598269,0.867522720488219,0.8466266955456758,0.827534314552121
89998,0.8473549499869323,0.8613290480598269,0.867522720488219,0.8466266955456758,0.827534314552121
89999,0.8473549499869323,0.8613290480598269,0.867522720488219,0.8466266955456758,0.827534314552121
90000,0.8473549499869323,0.8613290480598269,0.867522720488219,0.8466266955456758,0.827534314552121
90001,0.8473409476956749,0.8613164833145216,0.8675107817522342,0.8466126173637984,0.8275182112849244
90002,0.8473409476956749,0.8613164833145216,0.8675107817522342,0.8466126173637984,0.8275182112849244
90003,0.8473409476956749,0.8613164833145216,0.8675107817522342,0.8466126173637984,0.8275182112849244
90004,0.8671112296565868,0.882868323989666,0.8883997701074136,0.8659907963147988,0.8462903869688232
90005,0.8496501823760451,0.8633576659009626,0.8699228788540758,0.8481355012093241,0.8299645706572566
90006,0.8496501823760451,0.8633576659009626,0.8699228788540758,0.8481355012093241,0.8299645706572566
90007,0.8496501823760451,0.8633576659009626,0.8699228788540758,0.8481355012093241,0.8299645706572566
90008,0.8472450463178597,0.8612304283108709,0.8674290145047485,0.8465161961735292,0.8274079190997511
90009,0.8472169051960617,0.8612051767075013,0.8674050211695473,0.8464879025059133,0.8273755547454011
90010,0.8649903716992189,0.8808674063833999,0.8870549609403575,0.8639015173509632,0.8442845599135538
90011,0.8623339029931567,0.8781293269495434,0.8841999570636082,0.8606135493446955,0.8415581703665798
90012,0.8623339029931567,0.8781293269495434,0.8841999570636082,0.8606135493446955,0.8415581703665798
90013,0.8623339029931567,0.8781293269495434,0.8841999570636082,0.8606135493446955,0.8415581703665798
90014,0.8623863321484001,0.8781751079126696,0.8842432306402098,0.8606667136366436,0.8416196273069647
90015,0.8493865459827237,0.8632092545943764,0.8697736626411064,0.8477852066718716,0.8291764025085929
90016,0.8493865459827237,0.8632092545943764,0.8697736626411064,0.8477852066718716,0.8291764025085929
90017,0.8472614468112053,0.8612451448538865,0.8674429977520022,0.8465326855670264,0.8274267807820741
90023,0.8473409476956749,0.8613164833145216,0.8675107817522342,0.8466126173637984,0.8275182112849244
90024,0.8472918752604417,0.8612724490955065,0.8674689415139696,0.8465632789507276,0.827461775395565
90025,0.8472918752604417,0.8612724490955065,0.8674689415139696,0.8465632789507276,0.827461775395565
90026,0.8472918752604417,0.8612724490955065,0.8674689415139696,0.8465632789507276,0.827461775395565
90027,0.8472918752604417,0.8612724490955065,0.8674689415139696,0.8465632789507276,0.827461775395565
90028,0.8472918752604417,0.8612724490955065,0.8674689415139696,0.8465632789507276,0.827461775395565
90029,0.8471957777921116,0.8611862187210464,0.8673870078713012,0.8464666605718316,0.8273512565555503
90030,0.8471957777921116,0.8611862187210464,0.8673870078713012,0.8464666605718316,0.8273512565555503
90031,0.8471957777921116,0.8611862187210464,0.8673870078713012,0.8464666605718316,0.8273512565555503
90032,0.8473409476956749,0.8613164833145216,0.8675107817522342,0.8466126173637984,0.8275182112849244
90033,0.8473409476956749,0.8613164833145216,0.8675107817522342,0.8466126173637984,0.8275182112849244
90034,0.8470709851409242,0.8610742412389688,0.8672806107545628,0.8463411913607479,0.8272077329149004
90035,0.8472169051960617,0.8612051767075013,0.8674050211695473,0.8464879025059133,0.8273755547454011
90036,0.8649903716992189,0.8808674063833999,0.8870549609403575,0.8639015173509632,0.8442845599135538
90037,0.8649903716992189,0.8808674063833999,0.8870549609403575,0.8639015173509632,0.8442845599135538
90038,0.8471957777921116,0.8611862187210464,0.8673870078713012,0.8464666605718316,0.8273512565555503
90039,0.8471957777921116,0.8611862187210464,0.8673870078713012,0.8464666605718316,0.8273512565555503
90040,0.8471957777921116,0.8611862187210464,0.8673870078713012,0.8464666605718316,0.8273512565555503
90041,0.8471957777921116,0.8611862187210464,0.8673870078713012,0.8464666605718316,0.8273512565555503
90042,0.8571010340172307,0.8712057754873841,0.8769606359326244,0.8553956306349462,0.8347384526098283
90043,0.8666041580358511,0.886333355048308,0.8882260259019868,0.8657292226819131,0.8469336356412801
90044,0.8485335288772702,0.8624446255326622,0.8688916645470987,0.8485164016621991,0.828436117894081
90045,0.8470709851409242,0.8610742412389688,0.8672806107545628,0.8463411913607479,0.8272077329149004
90046,0.8470709851409242,0.8610742412389688,0.8672806107545628,0.8463411913607479,0.8272077329149004
90047,0.8470709851409242,0.8610742412389688,0.8672806107545628,0.8463411913607479,0.8272077329149004
90048,0.8620336866095901,0.8778671866476596,0.883952176637159,0.8603091224703495,0.8412062451950147
90049,0.8490091347967221,0.8628706328456369,0.869453136122317,0.8474032404525746,0.8287405397010537
90050,0.8624093607930966,0.8781952165736167,0.8842622380096512,0.8606900651616601,0.8416466210203922
90051,0.8624093607930966,0.8781952165736167,0.8842622380096512,0.8606900651616601,0.8416466210203922
90052,0.8623863321484001,0.8781751079126696,0.8842432306402098,0.8606667136366436,0.8416196273069647
90056,0.8472169051960617,0.8612051767075013,0.8674050211695473,0.8464879025059133,0.8273755547454011
90057,0.8491927985696358,0.8630354178837915,0.8696091144447523,0.8475891211881648,0.8289526528617553
90058,0.8491927985696358,0.8630354178837915,0.8696091144447523,0.8475891211881648,0.8289526528617553
90059,0.8623339029931567,0.8781293269495434,0.8841999570636082,0.8606135493446955,0.8415581703665798
90060,0.8623339029931567,0.8781293269495434,0.8841999570636082,0.8606135493446955,0.8415581703665798
90061,0.8623339029931567,0.8781293269495434,0.8841999570636082,0.8606135493446955,0.8415581703665798
90062,0.8623339029931567,0.8781293269495434,0.8841999570636082,0.8606135493446955,0.8415581703665798
90063,0.8623339029931567,0.8781293269495434,0.8841999570636082,0.8606135493446955,0.8415581703665798
90064,0.8623339029931567,0.8781293269495434,0.8841999570636082,0.8606135493446955,0.8415581703665798
90065,0.8623339029931567,0.8781293269495434,0.8841999570636082,0.8606135493446955,0.8415581703665798
90066,0.8491997453965323,0.8630416507307663,0.8696150142209923,0.8475961518575564,0.8289606755823177
90067,0.8492321371536176,0.8630707134116204,0.8696425238850511,0.8476289345459265,0.828998083872114
90068,0.8492090046822338,0.8630499583762933,0.86962287792676,0.8476055228939806,0.8289713688863438
90069,0.8570443697743975,0.871155330024514,0.8769126844451447,0.8553382040600673,0.8346716076073228
90070,0.847221597664038,0.8612093873480275,0.8674090219942949,0.8464926204109678,0.8273809514410556
90072,0.8490091347967221,0.8628706328456369,0.869453136122317,0.8474032404525746,0.8287405397010537
90073,0.8490091347967221,0.8628706328456369,0.869453136122317,0.8474032404525746,0.8287405397010537
90074,0.8490091347967221,0.8628706328456369,0.869453136122317,0.8474032404525746,0.8287405397010537
90075,0.8723727960278732,0.8897333703869578,0.8940364927449186,0.8710505859796431,0.8526001454455926
90076,0.8723727960278732,0.8897333703869578,0.8940364927449186,0.8710505859796431,0.8526001454455926
90077,0.8723727960278732,0.8897333703869578,0.8940364927449186,0.8710505859796431,0.8526001454455926
90078,0.8622476439750693,0.8780540067264672,0.8841287623693103,0.8605260807307505,0.8414570567580315
90079,0.8768207909049263,0.8937278805273496,0.8978758127824753,0.8746528855542365,0.8545129781863814
90080,0.8570443697743975,0.871155330024514,0.8769126844451447,0.8553382040600673,0.8346716076073228
90081,0.8771695004353854,0.894024399753239,0.8981597549256998,0.8750083967968855,0.8549329090179543
90082,0.8623863321484001,0.8781751079126696,0.8842432306402098,0.8606667136366436,0.8416196273069647
90083,0.9057597902824631,0.919355023559137,0.9265527488360747,0.9036354900052368,0.8866927631432665
90084,0.9057597902824631,0.919355023559137,0.9265527488360747,0.9036354900052368,0.8866927631432665
90085,0.9057597902824631,0.919355023559137,0.9265527488360747,0.9036354900052368,0.8866927631432665
90086,0.8622476439750693,0.8780540067264672,0.8841287623693103,0.8605260807307505,0.8414570567580315
90087,0.911164646354555,0.924407612418449,0.9339941742031654,0.9098447522847098,0.8936236430747464
90088,0.8985563320818892,0.9115577235616346,0.9190993666484184,0.8960788740658188,0.8783522612005356
90089,0.8768207909049263,0.8937278805273496,0.8978758127824753,0.8746528855542365,0.8545129781863814
90090,0.8985018868053524,0.9136061025026029,0.9194129657157107,0.8956278574270452,0.8793280394521227
90091,0.8985018868053524,0.9136061025026029,0.9194129657157107,0.8956278574270452,0.8793280394521227
90092,0.8953490457769723,0.9086208052186929,0.9166019572239333,0.8923215376616249,0.8747124606351111
90093,0.8953490457769723,0.9086208052186929,0.9166019572239333,0.8923215376616249,0.8747124606351111
90094,0.859089469700536,0.875428945858095,0.8790292762263934,0.8601150544454444,0.8294485552680135
90095,0.859089469700536,0.875428945858095,0.8790292762263934,0.8601150544454444,0.8294485552680135
90096,0.859089469700536,0.875428945858095,0.8790292762263934,0.8601150544454444,0.8294485552680135
90097,0.859089469700536,0.875428945858095,0.8790292762263934,0.8601150544454444,0.8294485552680135
90098,0.859089469700536,0.875428945858095,0.8790292762263934,0.8601150544454444,0.8294485552680135
90099,0.944456534838406,0.9555493052581461,0.9558583118030635,0.9440817881340726,0.9238728930729808
90100,0.9015791040930619,0.9137461056829872,0.9114580848250081,0.9059903773582103,0.8791047941290948
90101,0.8955716188999814,0.909933662957268,0.9068636929797375,0.8973967359534543,0.8743595186727898
90102,0.934010323161873,0.945344201094885,0.9516838498269701,0.9350856726040022,0.9117220214747067
90103,0.9278025732951793,0.9394367212287279,0.945704658668939,0.9280622452049783,0.9055692553121916
90104,0.8944042163647014,0.9054781113683349,0.9023338220872575,0.8967541964696191,0.873021822625864
90105,0.8846238547995109,0.8997351710799846,0.8940303183308289,0.8874378395172531,0.8637941781994888
90106,0.8944042163647014,0.9054781113683349,0.9023338220872575,0.8967541964696191,0.873021822625864
90107,0.8944042163647014,0.9054781113683349,0.9023338220872575,0.8967541964696191,0.873021822625864
90108,0.8919772043793973,0.9043848660573263,0.9003188140870836,0.8940287059475476,0.8704146424848704
90109,0.8846238547995109,0.8997351710799846,0.8940303183308289,0.8874378395172531,0.8637941781994888
90110,0.8919772043793973,0.9043848660573263,0.9003188140870836,0.8940287059475476,0.8704146424848704
90111,0.9015791040930619,0.9137461056829872,0.9114580848250081,0.9059903773582103,0.8791047941290948
90112,0.9015791040930619,0.9137461056829872,0.9114580848250081,0.9059903773582103,0.8791047941290948
90114,0.8605275662502324,0.8777849062183865,0.8793045021156569,0.8610399016582981,0.8290943952612881
90117,0.9152899701222983,0.9305130730912883,0.930505483609817,0.9223983510541701,0.8959899200081641
90118,0.8970793342697306,0.9104810482530554,0.9147292005744476,0.9015928567892453,0.8770501991523157
90119,0.8846238547995109,0.8997351710799846,0.8940303183308289,0.8874378395172531,0.8637941781994888
90120,0.8585716017242685,0.8727249604730682,0.8568465311876101,0.8533436447378728,0.8372441249831295
90121,0.8816566222745438,0.8955688158155626,0.8803872428166514,0.8771565603619383,0.8604748245714642
90122,0.8179086991954855,0.834612562822501,0.8163505521836464,0.8131187696720072,0.7957793785126993
90123,0.9034412900111559,0.9166400515069647,0.9114649113863906,0.904993740250918,0.8828418746289571
90124,0.8602161576263843,0.8793283355029496,0.8778623709086576,0.8636169316376053,0.8353306390982975
90125,0.8602161576263843,0.8793283355029496,0.8778623709086576,0.8636169316376053,0.8353306390982975
90126,0.9131895320554723,0.9291583271642633,0.9283577432808793,0.9172461411894022,0.8936236778742509
90127,0.8970793342697306,0.9104810482530554,0.9147292005744476,0.9015928567892453,0.8770501991523157
90128,0.8933492342916785,0.9078346666289996,0.9105587972641892,0.8978696082409778,0.8718230080537854
90129,0.905041390562741,0.920752476637902,0.9243575037476293,0.9111169119572559,0.8852816347336461
90130,0.8960019925945986,0.9102432353129433,0.9047951293244382,0.9024895151488367,0.8749988673688422
90131,0.8970793342697306,0.9104810482530554,0.9147292005744476,0.9015928567892453,0.8770501991523157
90132,0.8932900498822465,0.9077841423392796,0.9105098782723969,0.8978131489790979,0.8717505560562406
90133,0.8858424370030286,0.9020732044046794,0.9044224122247542,0.8907336070354421,0.8636879046220807
90134,0.8858424370030286,0.9020732044046794,0.9044224122247542,0.8907336070354421,0.8636879046220807
90135,0.8858424370030286,0.9020732044046794,0.9044224122247542,0.8907336070354421,0.8636879046220807
90136,0.8858424370030286,0.9020732044046794,0.9044224122247542,0.8907336070354421,0.8636879046220807
90137,0.8858424370030286,0.9020732044046794,0.9044224122247542,0.8907336070354421,0.8636879046220807
90138,0.8858424370030286,0.9020732044046794,0.9044224122247542,0.8907336070354421,0.8636879046220807
90139,0.8858424370030286,0.9020732044046794,0.9044224122247542,0.8907336070354421,0.8636879046220807
90140,0.8933492342916785,0.9078346666289996,0.9105587972641892,0.8978696082409778,0.8718230080537854
90141,0.8933492342916785,0.9078346666289996,0.9105587972641892,0.8978696082409778,0.8718230080537854
90142,0.893381280890802,0.9078620242540517,0.9105852857004053,0.8979001793330488,0.8718622381480454
90143,0.8933238935633683,0.9078130338005175,0.9105378517595881,0.8978454343038261,0.871791986750118
90145,0.8933238935633683,0.9078130338005175,0.9105378517595881,0.8978454343038261,0.871791986750118
90146,0.8932900498822465,0.9077841423392796,0.9105098782723969,0.8978131489790979,0.8717505560562406
90147,0.8932900498822465,0.9077841423392796,0.9105098782723969,0.8978131489790979,0.8717505560562406
90148,0.8803244022600499,0.8996090565555251,0.8979829749936177,0.8847391253545558,0.8579845070131498
90149,0.859089469700536,0.875428945858095,0.8790292762263934,0.8601150544454444,0.8294485552680135
90150,0.859089469700536,0.875428945858095,0.8790292762263934,0.8601150544454444,0.8294485552680135
90151,0.8952570563585466,0.9127578380119795,0.9141236758479502,0.8993774163546941,0.8723973012563284
90152,0.8642180436516289,0.8856911950099855,0.8852612873445816,0.8665670521718729,0.8337394385680987
90153,0.8642180436516289,0.8856911950099855,0.8852612873445816,0.8665670521718729,0.8337394385680987
90154,0.8642180436516289,0.8856911950099855,0.8852612873445816,0.8665670521718729,0.8337394385680987
90155,0.905041390562741,0.920752476637902,0.9243575037476293,0.9111169119572559,0.8852816347336461
90156,0.8960019925945986,0.9102432353129433,0.9047951293244382,0.9024895151488367,0.8749988673688422
90157,0.8960019925945986,0.9102432353129433,0.9047951293244382,0.9024895151488367,0.8749988673688422
90158,0.9253121785008994,0.9401118050853063,0.9305624751255491,0.929700803192716,0.9052688943790256
90159,0.8967850012785237,0.9115475531577334,0.902731672598381,0.899691758116501,0.8775112260933019
90160,0.8207023124551838,0.841194440107317,0.8410331764460475,0.8254201521584706,0.7891251218914789
90161,0.8071846135918693,0.8265547900392043,0.8259173869078995,0.8111632894524754,0.7750225656545696
90162,0.8070060432739203,0.825537046457018,0.8256645195205671,0.8108995156426914,0.7747528143166653
90163,0.8070060432739203,0.825537046457018,0.8256645195205671,0.8108995156426914,0.7747528143166653
90164,0.9204809845466227,0.9372997290197296,0.9374599439750415,0.9226506670235899,0.894582517887057
90165,0.8198098419046584,0.8388118312749048,0.8391327734632247,0.8238573723944097,0.7884498810075626
90166,0.8071846135918693,0.8265547900392043,0.8259173869078995,0.8111632894524754,0.7750225656545696
90167,0.8229947842642116,0.8419150805277582,0.8427277036133326,0.827401582480029,0.7921535645802623
90168,0.8229947842642116,0.8419150805277582,0.8427277036133326,0.827401582480029,0.7921535645802623
90169,0.8134954785243425,0.8309422255656491,0.8317039025785121,0.8165150256366404,0.7818315083325618
90170,0.8134358083588148,0.830888984715553,0.8316509378265124,0.8164564828313419,0.781759629112402
90171,0.8134358083588148,0.830888984715553,0.8316509378265124,0.8164564828313419,0.781759629112402
90172,0.902716814641911,0.919712283691403,0.9196858451493206,0.907494736007228,0.8848358585119402
90173,0.9017884552915306,0.9192363187863065,0.9133975707284759,0.907384024486143,0.8805710663962676
90174,0.902716814641911,0.919712283691403,0.9196858451493206,0.907494736007228,0.8848358585119402
90175,0.9017884552915306,0.9192363187863065,0.9133975707284759,0.907384024486143,0.8805710663962676
90176,0.9017884552915306,0.9192363187863065,0.9133975707284759,0.907384024486143,0.8805710663962676
90177,0.9017884552915306,0.9192363187863065,0.9133975707284759,0.907384024486143,0.8805710663962676
90178,0.8495206741178467,0.8647227673591901,0.8586280328449055,0.859190827205976,0.8243194010344564
90179,0.8602314345814656,0.8771741009835902,0.8784779620026614,0.8633801016255003,0.83203483860103
90180,0.8198098419046584,0.8388118312749048,0.8391327734632247,0.8238573723944097,0.7884498810075626
90181,0.8372036778914255,0.8550384553047514,0.857698229458187,0.8418896857627525,0.8069109330291436
90182,0.8918601638535026,0.9086752434441001,0.911090072576552,0.895475290746348,0.8642950627267995
90183,0.8349791915538013,0.8522247097661494,0.8552249340577545,0.8396404115448544,0.8045639936156506
90184,0.8349791915538013,0.8522247097661494,0.8552249340577545,0.8396404115448544,0.8045639936156506
90185,0.8349791915538013,0.8522247097661494,0.8552249340577545,0.8396404115448544,0.8045639936156506
90187,0.8350680537775858,0.8523030782433918,0.8553015092689273,0.8397264057743855,0.8046721728020981
90193,0.8350680537775858,0.8523030782433918,0.8553015092689273,0.8397264057743855,0.8046721728020981
90194,0.8852550688322492,0.9029829105120747,0.9036895495548868,0.8935087178220577,0.8617214792785897
90195,0.8852550688322492,0.9029829105120747,0.9036895495548868,0.8935087178220577,0.8617214792785897
90196,0.8369980854100649,0.8548582504227824,0.8575217429754266,0.8416908414627464,0.8066603183245526
90197,0.8726387797691761,0.890656525824502,0.8887606457060154,0.8793593602303238,0.8484560221269366
90198,0.8198813412233225,0.8395714178808038,0.8324866730084054,0.8302642922346278,0.7933903325645949
90199,0.8726387797691761,0.890656525824502,0.8887606457060154,0.8793593602303238,0.8484560221269366
90200,0.8198813412233225,0.8395714178808038,0.8324866730084054,0.8302642922346278,0.7933903325645949
90201,0.8198813412233225,0.8395714178808038,0.8324866730084054,0.8302642922346278,0.7933903325645949
90202,0.8198813412233225,0.8395714178808038,0.8324866730084054,0.8302642922346278,0.7933903325645949
90203,0.8198813412233225,0.8395714178808038,0.8324866730084054,0.8302642922346278,0.7933903325645949
90204,0.9053722614595833,0.9223661797328482,0.9250129248118841,0.9126519168778372,0.8784635152340846
90205,0.8922166283708561,0.9111582142267037,0.9125592924148439,0.8975116178374252,0.8658243520795744
90207,0.8067908300326817,0.8252780522821036,0.8191921509831854,0.8164494931146231,0.7793555304364718
90208,0.8067908300326817,0.8252780522821036,0.8191921509831854,0.8164494931146231,0.7793555304364718
90209,0.8067908300326817,0.8252780522821036,0.8191921509831854,0.8164494931146231,0.7793555304364718
90210,0.8067908300326817,0.8252780522821036,0.8191921509831854,0.8164494931146231,0.7793555304364718
90211,0.8067908300326817,0.8252780522821036,0.8191921509831854,0.8164494931146231,0.7793555304364718
90212,0.799827211418536,0.8149034849413916,0.8095997324966981,0.8073955171433026,0.7719186551960617
90213,0.8067908300326817,0.8252780522821036,0.8191921509831854,0.8164494931146231,0.7793555304364718
90214,0.8067908300326817,0.8252780522821036,0.8191921509831854,0.8164494931146231,0.7793555304364718
90216,0.8589129381481821,0.8803136305499076,0.882244137384732,0.8677397469024536,0.8313988674784726
90217,0.8986424739315145,0.916043083726861,0.9110439655293601,0.9084062897328522,0.8728831892974406
90221,0.9278025732951793,0.9394367212287279,0.945704658668939,0.9280622452049783,0.9055692553121916
90223,0.8985563320818892,0.9115577235616346,0.9190993666484184,0.8960788740658188,0.8783522612005356
90225,0.8803244022600499,0.8996090565555251,0.8979829749936177,0.8847391253545558,0.8579845070131498
90226,0.9104366667031979,0.9252395840971495,0.9319979560383472,0.9075557398543921,0.8905209922818691
90227,0.8266648698496446,0.8499318471779893,0.8497481461730524,0.8318056389111297,0.7960350581270146
90229,0.8955716188999814,0.909933662957268,0.9068636929797375,0.8973967359534543,0.8743595186727898
90230,0.8955716188999814,0.909933662957268,0.9068636929797375,0.8973967359534543,0.8743595186727898
90231,0.870334370229961,0.8850710082451927,0.8685031769854065,0.8653069032755556,0.8492986179389889
90232,0.8839781298543283,0.8973032040041261,0.8999934310869325,0.8854089982283163,0.8623730913372166
90233,0.8912705932192909,0.9056446452022044,0.9037831162559916,0.892072894295159,0.8711666088620252
90234,0.91008462378851,0.9247372416091655,0.9294624076195087,0.9126573018938282,0.8929806356560338
90235,0.9100807187764984,0.9247340130157371,0.9294593936592751,0.9126535168486487,0.8929759197143604
90236,0.91008462378851,0.9247372416091655,0.9294624076195087,0.9126573018938282,0.8929806356560338
90239,0.8332910819510255,0.8494854607936808,0.8522600110617078,0.8373505135602163,0.8030851984856684
90241,0.8386747111313424,0.8621232324453978,0.8610705195147678,0.8432598492730258,0.8081624045343929
90242,0.8386747111313424,0.8621232324453978,0.8610705195147678,0.8432598492730258,0.8081624045343929
90243,0.8385347152054761,0.8620060363200108,0.8609523197844097,0.8431243861373772,0.8079912743427677
90251,0.8134954785243425,0.8309422255656491,0.8317039025785121,0.8165150256366404,0.7818315083325618
90252,0.8198633685413322,0.8389088035194077,0.8384620846396978,0.8229006222324612,0.789979697918731
90254,0.8144784016221202,0.8322997280893151,0.8327064065729464,0.8165870146740676,0.7836104899612736
90259,0.8376696513634068,0.8554469112308852,0.8580982604460281,0.8423403714468621,0.8074788886769408
90260,0.8986424739315145,0.916043083726861,0.9110439655293601,0.9084062897328522,0.8728831892974406
90264,0.8638944859022923,0.8856022880943534,0.8841607507999951,0.8664963145393446,0.8336310554298837
90265,0.8385347152054761,0.8620060363200108,0.8609523197844097,0.8431243861373772,0.8079912743427677
90266,0.8642180436516289,0.8856911950099855,0.8852612873445816,0.8665670521718729,0.8337394385680987
90267,0.8445347552741124,0.8675118197910558,0.8667320046029646,0.8489561681057323,0.8141725748071041
90268,0.8445347552741124,0.8675118197910558,0.8667320046029646,0.8489561681057323,0.8141725748071041
90269,0.8445347552741124,0.8675118197910558,0.8667320046029646,0.8489561681057323,0.8141725748071041
90271,0.9132676582648324,0.9248519031385107,0.9336686354332946,0.9120205170561744,0.8922700506789896
90272,0.9132676582648324,0.9248519031385107,0.9336686354332946,0.9120205170561744,0.8922700506789896
90273,0.8987823055550592,0.9138417706716281,0.9196317273896651,0.8959169205202098,0.8796669316650975
90274,0.9104366667031979,0.9248519031385107,0.9319979560383472,0.9075557398543921,0.8905209922818691
90285,0.8638944859022923,0.8856022880943534,0.8841607507999951,0.8664963145393446,0.8336310554298837
90286,0.8591834687418706,0.8755108705072986,0.8791085858457106,0.8602082854895011,0.829565360902294
90287,0.8198633685413322,0.8389088035194077,0.8384620846396978,0.8229006222324612,0.789979697918731
90289,0.8638944859022923,0.8856022880943534,0.8841607507999951,0.8664963145393446,0.8336310554298837
90290,0.8483503138432872,0.8702699796079975,0.8693786484334293,0.850740217758761,0.8165166475238544
90291,0.8591834687418706,0.8755108705072986,0.8791085858457106,0.8602082854895011,0.829565360902294
90296,0.8134954785243425,0.8309422255656491,0.8317039025785121,0.8165150256366404,0.7818315083325618
90298,0.8134954785243425,0.8309422255656491,0.8317039025785121,0.8165150256366404,0.7818315083325618
90299,0.9100807187764984,0.9247340130157371,0.9294593936592751,0.9126535168486487,0.8929759197143604
90300,0.901282820798401,0.9156413084164416,0.9207366449451811,0.89798084211775,0.8826307097300635
90302,0.8642371882876646,0.8857070160281137,0.8852771737121392,0.8665858272148311,0.8337635189301461
90303,0.8972912707379331,0.9171682251515321,0.9167151841934688,0.9003471074968727,0.8709451823472093
90309,0.8385347152054761,0.8620060363200108,0.8609523197844097,0.8431243861373772,0.8079912743427677
90310,0.8483503138432872,0.8702699796079975,0.8693786484334293,0.850740217758761,0.8165166475238544
90311,0.8995938129900708,0.9136196814930997,0.9090584967635539,0.9030627277912242,0.8787704142223476
90316,0.8803244022600499,0.8996090565555251,0.8979829749936177,0.8847391253545558,0.8579845070131498
90317,0.8803244022600499,0.8996090565555251,0.8979829749936177,0.8847391253545558,0.8579845070131498
90318,0.8803244022600499,0.8996090565555251,0.8979829749936177,0.8847391253545558,0.8579845070131498
90319,0.8803244022600499,0.8996090565555251,0.8979829749936177,0.8847391253545558,0.8579845070131498
90320,0.8198633685413322,0.8389088035194077,0.8384620846396978,0.8229006222324612,0.789979697918731
90322,0.864728231388039,0.8826993060568219,0.8821844350174648,0.8682680059729878,0.8408667953257224
90324,0.8642180436516289,0.8856911950099855,0.8852612873445816,0.8665670521718729,0.8337394385680987
90325,0.8343891319392042,0.8575995392518766,0.8569901841973555,0.8396429948183184,0.8037429689588691
90326,0.8642180436516289,0.8856911950099855,0.8852612873445816,0.8665670521718729,0.8337394385680987
90327,0.8642180436516289,0.8856911950099855,0.8852612873445816,0.8665670521718729,0.8337394385680987
90329,0.8985563320818892,0.9115577235616346,0.9190993666484184,0.8960788740658188,0.8783522612005356
90337,0.8071846135918693,0.8265547900392043,0.8259173869078995,0.8111632894524754,0.7750225656545696
90339,0.8808003829351841,0.8996972947640657,0.8941235561958748,0.892291308525904,0.853772621144186
90341,0.8808003829351841,0.8996972947640657,0.8941235561958748,0.892291308525904,0.853772621144186
90342,0.8808003829351841,0.8996972947640657,0.8941235561958748,0.892291308525904,0.853772621144186
90344,0.8808003829351841,0.8996972947640657,0.8941235561958748,0.892291308525904,0.853772621144186
90345,0.8808003829351841,0.8996972947640657,0.8941235561958748,0.892291308525904,0.853772621144186
90346,0.8104117060225012,0.8291692681345149,0.8241341877473404,0.8211037899146828,0.7841750758444389
90348,0.8822973640794339,0.8956382180087344,0.9023589493869713,0.8822863251915931,0.860528234761494
90351,0.8071846135918693,0.8265547900392043,0.8259173869078995,0.8111632894524754,0.7750225656545696
90352,0.8071846135918693,0.8265547900392043,0.8259173869078995,0.8111632894524754,0.7750225656545696
90353,0.8071846135918693,0.8265547900392043,0.8259173869078995,0.8111632894524754,0.7750225656545696
90358,0.8175888492611756,0.8343263959267093,0.8160275080031055,0.8127890712078141,0.7954132939717903
90359,0.8175888492611756,0.8343263959267093,0.8160275080031055,0.8127890712078141,0.7954132939717903
90360,0.8011460644724578,0.8172500541035865,0.7997039521924265,0.7977763568272784,0.7788738483793161
90363,0.8957263574520798,0.9093759551758048,0.9011194672487014,0.8979907822341635,0.8735736911503513
90367,0.8810850265907031,0.897576826283757,0.9000562346768093,0.8781844095146966,0.8599777828245253
90368,0.8810850265907031,0.897576826283757,0.9000562346768093,0.8781844095146966,0.8599777828245253
90374,0.8385347152054761,0.8620060363200108,0.8609523197844097,0.8431243861373772,0.8079912743427677
90376,0.8372036778914255,0.8550384553047514,0.857698229458187,0.8418896857627525,0.8069109330291436
90377,0.8343891319392042,0.8575995392518766,0.8569901841973555,0.8396429948183184,0.8037429689588691
90378,0.8343891319392042,0.8575995392518766,0.8569901841973555,0.8396429948183184,0.8037429689588691
90381,0.9324351512194374,0.9441530375888857,0.9498816891541879,0.9317703394570487,0.9110114442228958
90382,0.8984656843782989,0.9125925776501737,0.9173078332156708,0.8952579651837488,0.8754386769132643
90389,0.8591834687418706,0.8755108705072986,0.8791085858457106,0.8602082854895011,0.829565360902294
90390,0.8175888492611756,0.8343263959267093,0.8160275080031055,0.8127890712078141,0.7954132939717903
90393,0.901282820798401,0.9156413084164416,0.9207366449451811,0.89798084211775,0.8826307097300635
90394,0.901282820798401,0.9156413084164416,0.9207366449451811,0.89798084211775,0.8826307097300635
90396,0.8445347552741124,0.8675118197910558,0.8667320046029646,0.8489561681057323,0.8141725748071041
90398,0.8987823055550592,0.9138417706716281,0.9196317273896651,0.8959169205202098,0.8796669316650975
90404,0.8986424739315145,0.916043083726861,0.9110439655293601,0.9084062897328522,0.8728831892974406
90405,0.8888975084524524,0.9086245353848584,0.9093577105961008,0.896224846039168,0.8644459339483318
90406,0.907045842349863,0.917992281869285,0.9278342213324265,0.9065102675973967,0.8896433623443327
90407,0.9068729641282595,0.9178411587939596,0.9277023229047974,0.9063363147154251,0.8894350646219459
90409,0.9069145789873903,0.9178775364441414,0.9277340726155398,0.9063781882850384,0.8894852064132064
90410,0.8697363713137954,0.8842453792213569,0.8928414466207784,0.8701665587190388,0.8499626111309129
90411,0.9069145789873903,0.9178775364441414,0.9277340726155398,0.9063781882850384,0.8894852064132064
90412,0.9068729641282595,0.9178411587939596,0.9277023229047974,0.9063363147154251,0.8894350646219459
90416,0.8369980854100649,0.8548582504227824,0.8575217429754266,0.8416908414627464,0.8066603183245526
90417,0.8369980854100649,0.8548582504227824,0.8575217429754266,0.8416908414627464,0.8066603183245526
90418,0.8369980854100649,0.8548582504227824,0.8575217429754266,0.8416908414627464,0.8066603183245526
90419,0.8369980854100649,0.8548582504227824,0.8575217429754266,0.8416908414627464,0.8066603183245526
90420,0.8369980854100649,0.8548582504227824,0.8575217429754266,0.8416908414627464,0.8066603183245526
90423,0.8894453249361368,0.9008794684968493,0.9087894328206695,0.8890088350669398,0.8685369501172365
90424,0.8697363713137954,0.8842453792213569,0.8928414466207784,0.8701665587190388,0.8499626111309129
90425,0.8198098419046584,0.8388118312749048,0.8391327734632247,0.8238573723944097,0.7884498810075626
90428,0.8385347152054761,0.8620060363200108,0.8609523197844097,0.8431243861373772,0.8079912743427677
90429,0.8071846135918693,0.8265547900392043,0.8259173869078995,0.8111632894524754,0.7750225656545696
90437,0.8591834687418706,0.8755108705072986,0.8791085858457106,0.8602082854895011,0.829565360902294
90441,0.8591834687418706,0.8755108705072986,0.8791085858457106,0.8602082854895011,0.829565360902294
90442,0.8642371882876646,0.8857070160281137,0.8852771737121392,0.8665858272148311,0.8337635189301461
90443,0.8642371882876646,0.8857070160281137,0.8852771737121392,0.8665858272148311,0.8337635189301461
90447,0.8376696513634068,0.8554469112308852,0.8580982604460281,0.8423403714468621,0.8074788886769408
90448,0.8376696513634068,0.8554469112308852,0.8580982604460281,0.8423403714468621,0.8074788886769408
90452,0.9100807187764984,0.9247340130157371,0.9294593936592751,0.9126535168486487,0.8929759197143604
90454,0.9100807187764984,0.9247340130157371,0.9294593936592751,0.9126535168486487,0.8929759197143604
90455,0.9100807187764984,0.9247340130157371,0.9294593936592751,0.9126535168486487,0.8929759197143604
90477,0.8071846135918693,0.8265547900392043,0.8259173869078995,0.8111632894524754,0.7750225656545696
90483,0.8198633685413322,0.8389088035194077,0.8384620846396978,0.8229006222324612,0.789979697918731
90485,0.8198633685413322,0.8389088035194077,0.8384620846396978,0.8229006222324612,0.789979697918731
90486,0.8227103364250719,0.8424385371637068,0.8341651174403195,0.8336111953998095,0.7964578846880226
90495,0.8198633685413322,0.8389088035194077,0.8384620846396978,0.8229006222324612,0.789979697918731
90496,1.0265435396535192,1.0260381803933358,1.023090713071872,1.0182797903739067,1.0191526487678513
90497,1.0265435396535192,1.0260381803933358,1.023090713071872,1.0182797903739067,1.0191526487678513
90498,1.0355402069337627,1.0339306956417977,1.0349799620580744,1.0306807060531478,1.0267199185701148
90499,0.8662358086284404,0.8834160443141145,0.87910217317359,0.8683059881974622,0.8537238279810148
90500,1.0355402069337627,1.0339306956417977,1.0349799620580744,1.0306807060531478,1.0267199185701148
90501,1.0355402069337627,1.0339306956417977,1.0349799620580744,1.0306807060531478,1.0267199185701148
90502,0.8914248884025017,0.9023211216041659,0.9041052624603917,0.8885878258560677,0.8753038625351947
90503,1.0265519271602526,1.0260464115229455,1.0230980296181642,1.0182856048064053,1.0191587365937038
90505,0.9063175979444139,0.9150456842844905,0.9046257348594093,0.8964357506427271,0.8855497654922816
90506,0.8871443226725907,0.9029993949693773,0.8998457988371417,0.8890727336710101,0.8671230115919035
90507,1.0150146523449028,1.0161406614782889,1.0168126437522964,1.006606795689222,1.011386516320891
90508,1.0150146523449028,1.0161406614782889,1.0168126437522964,1.006606795689222,1.011386516320891
90509,0.8662358086284404,0.8834160443141145,0.87910217317359,0.8683059881974622,0.8537238279810148
90510,0.8662358086284404,0.8834160443141145,0.87910217317359,0.8683059881974622,0.8537238279810148
90511,0.8662358086284404,0.8834160443141145,0.8747306562293409,0.8670356514491662,0.8454299004699882
90512,1.029242621208117,1.0323504710764126,1.0240002898804155,1.0237509966618907,1.026966475933833
90513,0.9225569076857062,0.9339142988392638,0.9286325493745979,0.9286464829766635,0.9187101245712697
90514,0.8646146019797,0.8829670361403312,0.8750280446491606,0.868662752264533,0.8552378171179064
90515,0.8786777379218291,0.8940359492696522,0.885958434236191,0.8808931299136491,0.8674196023746787
90516,0.8908833607123715,0.9070758247665436,0.9009735717153,0.8972561290830997,0.8859510154287641
90517,0.8914248884025017,0.9023211216041659,0.9041052624603917,0.8885878258560677,0.8753038625351947
90518,0.8786777379218291,0.8940359492696522,0.885958434236191,0.8808931299136491,0.8674196023746787
90519,0.8908833607123715,0.9070758247665436,0.9009735717153,0.8972561290830997,0.8859510154287641
90520,0.8614926891872773,0.8803146063230453,0.8716366404788659,0.8654514795681719,0.853019890072477
90521,0.8648158435566949,0.883138259288005,0.8752121371957909,0.8688572906393583,0.8554547675294897
90522,0.8614926891872773,0.8803146063230453,0.8716366404788659,0.8654514795681719,0.853019890072477
90523,0.8614926891872773,0.8803146063230453,0.8716366404788659,0.8654514795681719,0.853019890072477
90525,0.8648158435566949,0.883138259288005,0.8752121371957909,0.8688572906393583,0.8554547675294897
90526,0.8646146019797,0.8829670361403312,0.8750280446491606,0.868662752264533,0.8552378171179064
90527,0.8318591537480364,0.8494238554428637,0.8377997729831079,0.8342635596709521,0.8192377463539022
90528,0.8648158435566949,0.883138259288005,0.8752121371957909,0.8688572906393583,0.8554547675294897
90529,0.8604406508061557,0.8697130423500283,0.8564251745530512,0.8567789457244592,0.8554547675294897
90530,0.8299436995542205,0.8463541513253885,0.8299607647310506,0.8269934383298659,0.8087065947903214
90531,0.8188486541086606,0.8405974587828374,0.82542048654116,0.8206254271547768,0.8179030062421778
90532,0.8318591537480364,0.8494238554428637,0.8377997729831079,0.8342635596709521,0.8192377463539022
90533,0.8179243180278856,0.8355781084109485,0.8228359059702768,0.8200209550582114,0.8032219346072654
90534,0.8388540697021893,0.8561015955611984,0.8413108802180798,0.8362710218778892,0.8161440137196793
90535,0.7792535874956262,0.795521623962736,0.7790660151257861,0.77638019926546,0.7575840184339517
90536,0.8739456729989639,0.8877801026275546,0.8776465774614645,0.8761991525591358,0.860072615496327
90537,0.8179243180278856,0.8355781084109485,0.8228359059702768,0.8200209550582114,0.8032219346072654
90538,0.8650989449498457,0.8805446324113989,0.8790270810152662,0.8683419019280909,0.8448436558412212
90539,0.8650989449498457,0.8805446324113989,0.8790270810152662,0.8683419019280909,0.8448436558412212
90540,0.8650989449498457,0.8805446324113989,0.8790270810152662,0.8683419019280909,0.8448436558412212
90541,0.8179243180278856,0.8355781084109485,0.8228359059702768,0.8200209550582114,0.8032219346072654
90542,0.836710537565103,0.8535139746778225,0.8403204398740344,0.8354862225729373,0.8292749643960634
90543,0.836710537565103,0.8535139746778225,0.8403204398740344,0.8354862225729373,0.8333073282036709
90544,0.836710537565103,0.8516571120071419,0.8357472961665964,0.8336092817644897,0.8333073282036709
90545,0.836710537565103,0.8535139746778225,0.8403204398740344,0.8354862225729373,0.8333073282036709
90546,0.9236521948651347,0.9402085353090144,0.9289310971619111,0.9235345343664502,0.9032122560661546
90547,0.9013181994921431,0.9173552501993992,0.9017605263705237,0.8987471778601529,0.8792733795586564
90548,0.7673477342553581,0.7844948055015101,0.767923592660852,0.7652282316924506,0.747522469851882
90549,0.7673088669675225,0.7844593829105526,0.7678848429090535,0.7651889306703836,0.747479474412095
90550,0.7673477342553581,0.7844948055015101,0.767923592660852,0.7652282316924506,0.747522469851882
90551,0.7673088669675225,0.7844593829105526,0.7678848429090535,0.7651889306703836,0.747479474412095
90552,0.749515536471084,0.7677430528333862,0.7507349783834748,0.7475956251401893,0.7300963653791335
90553,0.7479295070683183,0.7671947090892491,0.7498292343085328,0.7479290126711305,0.7300866789756958
90554,0.7373204878757674,0.7569712096268169,0.739285469498391,0.7361271694038743,0.7191353601774145
90555,0.7568443686710248,0.7755577986110348,0.7578568333040825,0.7566083520599339,0.740828107372895
90556,0.7541772510913188,0.7725766334644718,0.7566124741700723,0.7550279963837432,0.740828107372895
90557,0.7370496440036473,0.756725402910591,0.7390171737764492,0.7358547731107552,0.7188404432375988
90558,0.7390050507301649,0.7571307103911566,0.7393366264999063,0.7385857027002707,0.7238935461889572
90559,0.870334370229961,0.8850710082451927,0.8685031769854065,0.8653069032755556,0.8492986179389889
90560,0.8912705932192909,0.9056446452022044,0.9037831162559916,0.892072894295159,0.8711666088620252
90561,0.7673088669675225,0.7844593829105526,0.7678848429090535,0.7651889306703836,0.747479474412095
90562,0.7673088669675225,0.7844593829105526,0.7678848429090535,0.7651889306703836,0.747479474412095
90563,0.7370496440036473,0.756725402910591,0.7390171737764492,0.7358547731107552,0.7188404432375988
90564,0.7370496440036473,0.756725402910591,0.7390171737764492,0.7358547731107552,0.7188404432375988
90565,0.7706468809673648,0.7877998644255823,0.7773245249378117,0.7731324362555293,0.7638140454123118
90566,0.763594874036543,0.7803859769945921,0.7659248184260204,0.7644285845889275,0.7521717155044944
90567,0.740943107548354,0.7598017058145127,0.7424046639355226,0.7389737923678475,0.7217218581240605
90568,0.7373204878757674,0.7569712096268169,0.739285469498391,0.7361271694038743,0.7191353601774145
90569,0.740943107548354,0.7598017058145127,0.7424046639355226,0.7389737923678475,0.7217218581240605
90570,0.7464848228632722,0.7651544481468888,0.7498719935009981,0.7470863517966008,0.7347196192338866
90571,0.7390050507301649,0.7571307103911566,0.7393366264999063,0.7385857027002707,0.7238935461889572
90572,0.7370897721551065,0.756275057487244,0.7389566086212648,0.7368927861846283,0.7242698358167922
90573,0.7370897721551065,0.756275057487244,0.7389566086212648,0.7368927861846283,0.7242698358167922
90574,0.749515536471084,0.7677430528333862,0.7507349783834748,0.7475956251401893,0.7300963653791335
90575,0.7732914828800498,0.7894353447072181,0.7724353107777843,0.7709244257199178,0.7518279963277388
90576,0.7732914828800498,0.7894353447072181,0.7724353107777843,0.7709244257199178,0.7518279963277388
90577,0.7373204878757674,0.7569712096268169,0.739285469498391,0.7361271694038743,0.7191353601774145
90578,0.7457144195097996,0.7648489893432944,0.7466920519898673,0.7436947631593819,0.7266642469353582
90579,0.7718437834762939,0.7902242758306177,0.7734126191436788,0.7726726652340894,0.7582849753354621
90580,0.7718437834762939,0.7902242758306177,0.7734126191436788,0.7726726652340894,0.7582849753354621
90581,0.7570551669894188,0.7766850265469356,0.7591765406392409,0.7579911195689327,0.7464630685371227
90582,0.7675028176332845,0.7846361462204983,0.7680782071349065,0.7653850454257105,0.7476940219258453
90583,0.7390050507301649,0.7571307103911566,0.7393366264999063,0.7385857027002707,0.7238935461889572
90584,0.7603797496222969,0.778554720199568,0.7666430424419498,0.7617514539706197,0.7540693819394462
90585,0.7774138762641423,0.7941119068465817,0.782040314433571,0.7779286624129457,0.7707222523136618
90586,0.7478410547361015,0.7664764094927664,0.7516193584448936,0.7485791374809226,0.738196768462096
90587,0.7478410547361015,0.7664764094927664,0.7516193584448936,0.7485791374809226,0.738196768462096
90588,0.7478410547361015,0.7664764094927664,0.7516193584448936,0.7485791374809226,0.738196768462096
90589,0.7866447363419197,0.8046750411377543,0.7869160310146647,0.784999226398539,0.7688605428607782
90590,0.7866447363419197,0.8046750411377543,0.7869160310146647,0.784999226398539,0.7688605428607782
90591,0.7656890558797927,0.7820028796003318,0.7701714688800055,0.766360290112194,0.7606528486548381
90592,0.7706468809673648,0.7877998644255823,0.7773245249378117,0.7731324362555293,0.7654825860534518
90593,0.7656890558797927,0.7820028796003318,0.7701714688800055,0.766360290112194,0.7606528486548381
90594,0.7656890558797927,0.7820028796003318,0.7701714688800055,0.766360290112194,0.7606528486548381
90596,0.7473644590105608,0.7651754615071534,0.7502569735617173,0.7488272023796492,0.7360239361130372
90597,0.7473644590105608,0.7651754615071534,0.7502569735617173,0.7488272023796492,0.7360239361130372
90598,0.7473644590105608,0.7651754615071534,0.7502569735617173,0.7488272023796492,0.7360239361130372
90599,0.7473644590105608,0.7651754615071534,0.7502569735617173,0.7488272023796492,0.7360239361130372
90600,0.7414833206863529,0.7624349754555264,0.7454032451497095,0.7432136157418485,0.7326638407286177
90601,0.7414833206863529,0.7624349754555264,0.7454032451497095,0.7432136157418485,0.7326638407286177
90602,0.7414964568438436,0.7624468033228884,0.7454161323792796,0.7432266417790121,0.7326775441859975
90603,0.7414964568438436,0.7624468033228884,0.7454161323792796,0.7432266417790121,0.7326775441859975
90604,0.7414964568438436,0.7624468033228884,0.7454161323792796,0.7432266417790121,0.7326775441859975
90605,0.7473687071746337,0.7651793426313489,0.7502611612379081,0.7488314199115648,0.7360284248326063
90606,0.7390050507301649,0.7571307103911566,0.7393366264999063,0.7385857027002707,0.7238935461889572
90607,0.7570551669894188,0.7766850265469356,0.7591765406392409,0.7579911195689327,0.7464630685371227
90608,0.7570551669894188,0.7766850265469356,0.7591765406392409,0.7579911195689327,0.7464630685371227
90609,0.7603757799917209,0.7785511147807349,0.7666391997715507,0.7617475122779086,0.75406528281169
90610,0.7885240516107546,0.8036470153783958,0.7943727753146006,0.7896149843989283,0.7862349952522513
90611,0.7982823712449769,0.8122850785690419,0.8041867965312084,0.7992888008148518,0.7972290900241978
90612,0.7946014618168123,0.8089683498669724,0.8008919119212186,0.7963751862086691,0.7920056459986246
90613,0.7885411013728756,0.8036626250810043,0.7943892633090031,0.7896319289082316,0.7862522665669721
90614,0.7982823712449769,0.8122850785690419,0.8041867965312084,0.7992888008148518,0.7972290900241978
90615,0.75524600271269,0.7735740565129701,0.7607334693271771,0.7573244923898351,0.7469842194401929
90616,0.75524600271269,0.7735740565129701,0.7607334693271771,0.7573244923898351,0.7469842194401929
90617,0.75524600271269,0.7735740565129701,0.7607334693271771,0.7573244923898351,0.7469842194401929
90618,0.7379784485303049,0.7574414465791802,0.7410360390247364,0.7379999141929138,0.726384777193921
90619,0.7379784485303049,0.7574414465791802,0.7410360390247364,0.7379999141929138,0.726384777193921
90620,0.7379784485303049,0.7574414465791802,0.7410360390247364,0.7379999141929138,0.726384777193921
90621,0.8545362901027418,0.8612199825653261,0.8546952002853805,0.8551823435055321,0.8510515774574495
90622,0.8240882845814355,0.834700351747244,0.8277628368681417,0.8273478418147977,0.8202715730567418
90623,0.8439496565295873,0.8513033841582099,0.8435356015533547,0.8427013755202762,0.8406791978677042
90624,0.8438103882814669,0.8511715412849484,0.8433959123346222,0.842560837201753,0.8405365960856772
90625,0.8084635538278828,0.819561329700991,0.8153814883569059,0.8125686998288958,0.8042585496556944
90626,0.7780169186125335,0.7943738243154576,0.7835105987133779,0.7792296772637041,0.7746132736360964
90627,0.7780349947401484,0.7943903135218364,0.7835281363636495,0.7792476340344522,0.7746316862248104
90628,0.7603757799917209,0.7785511147807349,0.7666391997715507,0.7617475122779086,0.75406528281169
90629,0.7603757799917209,0.7785511147807349,0.7666391997715507,0.7617475122779086,0.75406528281169
90630,0.7603757799917209,0.7785511147807349,0.7666391997715507,0.7617475122779086,0.75406528281169
90631,0.7584074817639596,0.776696612814345,0.7642894129060299,0.7594943879194527,0.7514077366827319
90632,0.7584074817639596,0.776696612814345,0.7642894129060299,0.7594943879194527,0.7514077366827319
90633,0.752228881816946,0.7713975149463373,0.7573234264206904,0.7548493863871371,0.7437638705256826
90634,0.7584074817639596,0.776696612814345,0.7642894129060299,0.7594943879194527,0.7514077366827319
90635,0.7938364056927875,0.8124056596663516,0.7952761086452684,0.794235618878307,0.7833919795051777
90636,0.7938364056927875,0.8124056596663516,0.7952761086452684,0.794235618878307,0.7833919795051777
90637,0.7941369514195173,0.8126745118699549,0.7955741579833011,0.7945354717134661,0.7837108383838204
90638,0.7603757799917209,0.7785511147807349,0.7666391997715507,0.7617475122779086,0.75406528281169
90639,0.7603757799917209,0.7785511147807349,0.7666391997715507,0.7617475122779086,0.75406528281169
90640,0.7603757799917209,0.7785511147807349,0.7666391997715507,0.7617475122779086,0.75406528281169
90641,0.7681083218276066,0.7849898163012744,0.7735346870357006,0.7698450083855247,0.763605481196721
90642,0.7681083218276066,0.7849898163012744,0.7735346870357006,0.7698450083855247,0.763605481196721
90643,0.7681083218276066,0.7849898163012744,0.7735346870357006,0.7698450083855247,0.763605481196721
90644,0.7636850704926429,0.7817623918424838,0.7693670478097011,0.7647719622119096,0.7583562786833371
90645,0.7681083218276066,0.7849898163012744,0.7735346870357006,0.7698450083855247,0.763605481196721
90646,0.7700060345426152,0.784069872792691,0.7734209048590873,0.7713844463871066,0.7667104695469958
90647,0.7700098078037043,0.7840733684460903,0.7734246100243798,0.7713881921074034,0.7667143089518923
90648,0.7780602862629044,0.7944133847451581,0.7835526744916553,0.7792727585627149,0.7746574484962836
90649,0.7700211253358559,0.784083853330058,0.773435723312204,0.7713994270346074,0.7667258248735322
90650,0.7780386088900466,0.794393610386815,0.7835316428519101,0.7792512243204872,0.7746353676457225
90651,0.8349100314778456,0.8540897798007583,0.8365179624157845,0.8360127673563849,0.8235437325075827
90652,0.8349100314778456,0.8540897798007583,0.8365179624157845,0.8360127673563849,0.8235437325075827
90653,0.7651144422510038,0.7835843991241412,0.7724832562152806,0.7682516720360314,0.7590589515538555
90654,0.7705290712785787,0.7915959460755764,0.7773652055115707,0.7746798445314944,0.7632643706293536
90655,0.7636850704926429,0.7817623918424838,0.7693670478097011,0.7647719622119096,0.7583562786833371
90656,0.7636850704926429,0.7817623918424838,0.7693670478097011,0.7647719622119096,0.7583562786833371
90657,0.7700060345426152,0.784069872792691,0.7734209048590873,0.7713844463871066,0.7667104695469958
90658,0.7692822421882686,0.784069872792691,0.7734209048590873,0.7712564810809486,0.7650056587780383
90659,0.7701122398223448,0.7830523208651337,0.7723293078409342,0.7704847634628366,0.7675690565079342
90660,0.7701122398223448,0.7830523208651337,0.7723293078409342,0.7704847634628366,0.7675690565079342
90661,0.7701122398223448,0.7830523208651337,0.7723293078409342,0.7704847634628366,0.7666480278530845
90662,0.7933412082464995,0.8066018245415858,0.7970762516858301,0.7944537946123184,0.7901854658517001
90663,0.7933213077405862,0.8065834281390902,0.7970567785958527,0.794434021736587,0.7901652018824004
90664,0.7699871626077768,0.7840523893336573,0.7734023735109258,0.771365712199818,0.7666912667882562
90665,0.7699871626077768,0.7840523893336573,0.7734023735109258,0.771365712199818,0.7666912667882562
90666,0.7699682812873542,0.7840348972182482,0.7733838329567383,0.7713469686996204,0.7666720544690865
90667,0.7699871626077768,0.7840523893336573,0.7734023735109258,0.771365712199818,0.7664303855606751
90668,0.7700248970963197,0.7830699004242205,0.7723479444802399,0.7705035841391089,0.7667296627498502
90669,0.7700248970963197,0.7830699004242205,0.7723479444802399,0.7705035841391089,0.7667296627498502
90671,0.7621018316579766,0.7754843696117257,0.7648495746022314,0.7641048260636498,0.7587335204460083
90672,0.7701122398223448,0.7830523208651337,0.7723293078409342,0.7704847634628366,0.7675690565079342
90673,0.7699871626077768,0.7830523208651337,0.7723293078409342,0.7704847634628366,0.7666912667882562
90674,0.7701122398223448,0.7830523208651337,0.7723293078409342,0.7704847634628366,0.7675690565079342
90675,0.7701084671123262,0.783048803908643,0.772325579401823,0.7704809982046882,0.7675652327811401
90676,0.7699682812873542,0.7840348972182482,0.7733838329567383,0.7713469686996204,0.7666720544690865
90677,0.7699871626077768,0.7840523893336573,0.7734023735109258,0.771365712199818,0.7666912667882562
90679,0.8056211304487829,0.8189477463643975,0.8106148326669228,0.8073018774113311,0.8031283180830475
90680,0.7933146716186428,0.8065772935922874,0.7970502850049891,0.7944274281757012,0.7901584445556198
90683,0.7651144422510038,0.7835843991241412,0.7724832562152806,0.7682516720360314,0.7590589515538555
90684,0.7651144422510038,0.7835843991241412,0.7724832562152806,0.7682516720360314,0.7590589515538555
90685,0.7652736681833923,0.7837285558000079,0.7726364059609497,0.7684083004878925,0.7592232361683401
90686,0.7652736681833923,0.7837285558000079,0.7726364059609497,0.7684083004878925,0.7592232361683401
90687,0.770119784117023,0.7830593537333433,0.7723367636078013,0.7704922928561329,0.7675767028199968
90688,0.7701386382907838,0.7830769298108945,0.7723553965436999,0.7705111097901945,0.7675958119429434
90689,0.7701386382907838,0.7830769298108945,0.7723553965436999,0.7705111097901945,0.7675958119429434
90690,0.7933146716186428,0.8065772935922874,0.7970502850049891,0.7944274281757012,0.7901584445556198
90691,0.7933213077405862,0.8065834281390902,0.7970567785958527,0.794434021736587,0.7901652018824004
90692,0.7701310977461763,0.7830699004242205,0.7723479444802399,0.7705035841391089,0.7675881694348201
90693,0.7692822421882686,0.7840348972182482,0.7733838329567383,0.7712564810809486,0.7650056587780383
90694,0.7692746577278277,0.7859745220870185,0.7749701795770318,0.7712489756692033,0.7649979020439491
90695,0.7692822421882686,0.7859814472527445,0.7749775368121135,0.7712564810809486,0.7650056587780383
90696,0.7603638687237043,0.778540296378732,0.7666276694648698,0.761735684841302,0.7540529829693142
90697,0.7621411901208337,0.7755210421810189,0.7648883758953358,0.7641437780778059,0.7587735660019196
90698,0.7621411901208337,0.7755210421810189,0.7648883758953358,0.7641437780778059,0.7587735660019196
90699,0.7621018316579766,0.7754843696117257,0.7648495746022314,0.7641048260636498,0.7587335204460083
90700,0.770119784117023,0.7830593537333433,0.7723367636078013,0.7704922928561329,0.7675767028199968
90701,0.770119784117023,0.7830593537333433,0.7723367636078013,0.7704922928561329,0.7675767028199968
90702,0.7701310977461763,0.7830699004242205,0.7723479444802399,0.7705035841391089,0.7675881694348201
90703,0.7701310977461763,0.7830699004242205,0.7723479444802399,0.7705035841391089,0.7675881694348201
90704,0.7621136433171999,0.7754953752049273,0.7648612190484754,0.7641165157429827,0.7587455383098507
90705,0.7620545496789853,0.7754403144527133,0.7648029620074673,0.7640580323926444,0.7586854129905597
90706,0.8056211304487829,0.8189477463643975,0.8106148326669228,0.8073018774113311,0.8031283180830475
90707,0.8056149599215876,0.818942068505404,0.8106088481629731,0.8072957696857809,0.8031220540512274
90708,0.8056211304487829,0.8189477463643975,0.8106148326669228,0.8073018774113311,0.8031283180830475
90709,0.8028366202557871,0.8165532613487712,0.8090581659329642,0.8073018774113311,0.8001554668000731
90710,0.7933146716186428,0.8065772935922874,0.7970502850049891,0.7944274281757012,0.7901584445556198
90711,0.7701235557017536,0.7830628696451283,0.7723404909356275,0.7704960569913519,0.7675805254053379
90712,0.7839964034819047,0.7969005743027111,0.7874441497101388,0.7852790127505399,0.7795746945661097
90713,0.7701084671123262,0.783048803908643,0.772325579401823,0.7704809982046882,0.766644184672866
90714,0.79333457605427,0.8065956936135164,0.7970697619360347,0.7944472049546529,0.7901787125301908
90715,0.79333457605427,0.8065956936135164,0.7970697619360347,0.7944472049546529,0.7901787125301908
90716,0.7840138965664251,0.7969168252824994,0.787461307967761,0.7852963810196053,0.7795926202808482
90717,0.7946014618168123,0.8089683498669724,0.8008919119212186,0.7963751862086691,0.7920056459986246
90718,0.7933213077405862,0.8065834281390902,0.7970567785958527,0.794434021736587,0.7901652018824004
90719,0.7709987072428751,0.7833048857716377,0.7728504742041805,0.7721582136103047,0.766628808125608
90720,0.7709987072428751,0.7833048857716377,0.7728504742041805,0.7721582136103047,0.766628808125608
90721,0.7709987072428751,0.7833048857716377,0.7728504742041805,0.7721582136103047,0.766628808125608
90722,0.770931017355605,0.7832415757919783,0.7727834500039791,0.7720909408289537,0.7665595378453768
90723,0.7709987072428751,0.7833048857716377,0.7728504742041805,0.7721582136103047,0.766628808125608
90724,0.8957263574520798,0.9093759551758048,0.9011194672487014,0.8979907822341635,0.8735736911503513
90725,0.8584141423436518,0.8711267018715418,0.8594781422387336,0.853483099908093,0.8368683641999239
90726,0.7840138965664251,0.7969168252824994,0.787461307967761,0.7852963810196053,0.7795926202808482
90727,0.7840138965664251,0.7969168252824994,0.787461307967761,0.7852963810196053,0.7795926202808482
90728,0.7840138965664251,0.7969168252824994,0.787461307967761,0.7852963810196053,0.7795926202808482
90729,0.7710174885053565,0.7833224518614628,0.7728690707775989,0.7721768791504275,0.7666480278530845
90730,0.7933412082464995,0.8066018245415858,0.7970762516858301,0.7944537946123184,0.7901854658517001
90731,0.8056303839636303,0.8189562610663866,0.8106238072186173,0.8073110367479477,0.8031377118186972
90732,0.7933213077405862,0.8065834281390902,0.7970567785958527,0.794434021736587,0.7901652018824004
90733,0.752228881816946,0.7713975149463373,0.7573234264206904,0.7548493863871371,0.7437638705256826
90734,0.752228881816946,0.7713975149463373,0.7573234264206904,0.7548493863871371,0.7437638705256826
90735,0.752228881816946,0.7713975149463373,0.7573234264206904,0.7548493863871371,0.7437638705256826
90736,0.7710960919620325,0.7921008251835796,0.7779117885147201,0.775234424000931,0.7638534064699846
90737,0.7710960919620325,0.7921008251835796,0.7779117885147201,0.775234424000931,0.7638534064699846
90738,0.7708059593747615,0.791842482954088,0.7776321112240613,0.7749506559369613,0.7635520118247091
90739,0.7558258992007545,0.7751100381797932,0.7618481486866144,0.758810239967862,0.7467893447850101
90740,0.770119784117023,0.7830593537333433,0.7723367636078013,0.7704922928561329,0.7675767028199968
90741,0.7699909377454487,0.7830593537333433,0.7723367636078013,0.7704922928561329,0.766695108104693
90742,0.7709874340038929,0.7832943419425245,0.7728393118253614,0.7721470098340222,0.7666172716964433
90743,0.7620072111042121,0.775396206791302,0.7647562936694471,0.764011182747941,0.7586372478855291
90744,0.7710024642421927,0.7833083996853857,0.7728541942578991,0.7721619474602704,0.7666326528364528
90745,0.7699569479881692,0.7840243977922525,0.7733727042035221,0.7713357181274709,0.7666605224866883
90746,0.7692746577278277,0.7840348972182482,0.7733838329567383,0.7712489756692033,0.7649979020439491
90747,0.7699682812873542,0.7840348972182482,0.7733838329567383,0.7713469686996204,0.7666720544690865
90748,0.7699682812873542,0.7840348972182482,0.7733838329567383,0.7713469686996204,0.7666720544690865
90749,0.7701235557017536,0.7830628696451283,0.7723404909356275,0.7704960569913519,0.7675805254053379
90750,0.7709460700208073,0.7832556544288768,0.772798354629564,0.7721059007355384,0.7665749419687639
90751,0.7709460700208073,0.7832556544288768,0.772798354629564,0.7721059007355384,0.7665749419687639
90752,0.7709159587045268,0.7832274915783802,0.772768539454943,0.7720759749756174,0.7665441275875694
90753,0.7709874340038929,0.7832943419425245,0.7728393118253614,0.7721470098340222,0.7666172716964433
90754,0.7707527565727699,0.7868070176915382,0.7766024326305421,0.7732215726453553,0.766418827040382
90755,0.7620663754770659,0.7754513331622505,0.76481462037961,0.7640697360554396,0.7586974452564946
90756,0.7620663754770659,0.7754513331622505,0.76481462037961,0.7640697360554396,0.7586974452564946
90757,0.7620545496789853,0.7754403144527133,0.7648029620074673,0.7640580323926444,0.7586854129905597
90761,0.7710024642421927,0.7833083996853857,0.7728541942578991,0.7721619474602704,0.7666326528364528
90762,0.7621018316579766,0.7754843696117257,0.7648495746022314,0.7641048260636498,0.7587335204460083
90763,0.7876979193349453,0.8018245046937377,0.7929224586054169,0.7907621924763347,0.784345930592079
90764,0.7876979193349453,0.8018245046937377,0.7929224586054169,0.7907621924763347,0.784345930592079
90765,0.7767393057591736,0.7915243061679601,0.7817993424481717,0.7797731473006985,0.7725618182073785
90766,0.770931017355605,0.7832415757919783,0.7727834500039791,0.7720909408289537,0.7665595378453768
90767,0.7875980755586686,0.8017325212905463,0.7928255461537034,0.7906640714604266,0.7842441908481236
90768,0.7767028076995248,0.7914906955945304,0.7817638417383682,0.7797372483762812,0.7725244894437604
90769,0.7709498322520795,0.7832591732169863,0.7728020798606824,0.7721096397832673,0.7665787920413792
90770,0.7709498322520795,0.7832591732169863,0.7728020798606824,0.7721096397832673,0.7665787920413792
90771,0.7710174885053565,0.7833224518614628,0.7728690707775989,0.7721768791504275,0.7666480278530845
90772,0.771013732999611,0.783318939339215,0.7728653522018801,0.772173146784274,0.766644184672866
90773,0.7621018316579766,0.7754843696117257,0.7648495746022314,0.7641048260636498,0.7587335204460083
90774,0.8028366202557871,0.8165532613487712,0.8090581659329642,0.8074147221826191,0.8001554668000731
90775,0.7767393057591736,0.7915243061679601,0.7817993424481717,0.7797731473006985,0.7725618182073785
90776,0.7707414560251121,0.7872743444178877,0.7765914814931192,0.7732104200431118,0.7664072650677836
90777,0.7707414560251121,0.7872743444178877,0.7765914814931192,0.7732104200431118,0.7664072650677836
90778,0.7707414560251121,0.7872743444178877,0.7765914814931192,0.7732104200431118,0.7664072650677836
90779,0.7707075341558521,0.7872433568605941,0.7765586085168149,0.7731769422908474,0.7663725584263411
90780,0.7709159587045268,0.7832274915783802,0.772768539454943,0.7720759749756174,0.7665441275875694
90781,0.793107145528196,0.8059608941240404,0.7976585107561832,0.7962638554139143,0.7894661231381468
90782,0.7931171603871857,0.8059701757380574,0.7976682639733172,0.79627368856855,0.7894763489188177
90783,0.7931638572105415,0.806013453756665,0.7977137408765854,0.7963195381853311,0.7895240291741507
90784,0.7931638572105415,0.806013453756665,0.7977137408765854,0.7963195381853311,0.7895240291741507
90785,0.7718794851287669,0.7868726895155748,0.7771035668803242,0.7744502094359199,0.7690072600034026
90786,0.7719206995167803,0.7869106536872419,0.7771436382234541,0.7744908599098692,0.769049107753076
90787,0.7719206995167803,0.7869106536872419,0.7771436382234541,0.7744908599098692,0.769049107753076
90788,0.79320716080991,0.8060535871790232,0.7977559132771362,0.7963620561935277,0.7895682446797887
90789,0.7876807253051723,0.8018086642146242,0.7929057693457735,0.7907452951032964,0.7843284100804424
90790,0.793107145528196,0.8059608941240404,0.7976585107561832,0.7962638554139143,0.7894661231381468
90791,0.7764397812872343,0.7935423310987225,0.7829129922663878,0.780068991180979,0.7718481058345177
90792,0.7764397812872343,0.7935423310987225,0.7829129922663878,0.780068991180979,0.7718481058345177
90793,0.7719206995167803,0.7869106536872419,0.7771436382234541,0.7744908599098692,0.769049107753076
90794,0.7904444956439364,0.8058839896117187,0.7969493607326363,0.7947533505875448,0.7875844773615427
90795,0.7904444956439364,0.8058839896117187,0.7969493607326363,0.7947533505875448,0.7875844773615427
90796,0.7876807253051723,0.8018086642146242,0.7929057693457735,0.7907452951032964,0.7843284100804424
90797,0.7876290921940272,0.8017610959693549,0.7928556521211705,0.7906945528893546,0.7842757965012372
90798,0.7875980755586686,0.8017325212905463,0.7928255461537034,0.7906640714604266,0.7842441908481236
90799,0.7985921249829814,0.8097325257111997,0.8029319742441228,0.8016816440300605,0.7937303784340185
90800,0.7813057633547122,0.7938735244661486,0.7850701116271139,0.7829240627949471,0.7762725731875892
90801,0.788340838104068,0.7981245300840061,0.7902453247319309,0.7893625915743349,0.7829913867019452
90803,0.8058277196659063,0.8170346276873315,0.8091665825963472,0.8075123267852691,0.8010456269221876
90804,0.8058277196659063,0.8170346276873315,0.8091665825963472,0.8075123267852691,0.8010456269221876
90807,0.7813057633547122,0.7938735244661486,0.7850701116271139,0.7829240627949471,0.7762725731875892
90808,0.8058277196659063,0.8170346276873315,0.8091665825963472,0.8075123267852691,0.8010456269221876
90809,0.7718794851287669,0.7868726895155748,0.7771035668803242,0.7744502094359199,0.7690072600034026
90810,0.7707075341558521,0.7868864994473912,0.7765586085168149,0.7731769422908474,0.7663725584263411
90811,0.7931371812122003,0.8059887307551473,0.7976877617586493,0.7962933461544083,0.7894967913899267
90812,0.7620072111042121,0.775396206791302,0.7647562936694471,0.764011182747941,0.7586372478855291
90813,0.7929900861797425,0.8058524061233359,0.7975445099154279,0.7961489201318698,0.7893465981707357
90814,0.7929900861797425,0.8058524061233359,0.7975445099154279,0.7961489201318698,0.7893465981707357
90815,0.7719469034103186,0.7869347912117517,0.7771691154131263,0.7745167052889153,0.7690757143124034
90816,0.7719469034103186,0.7869347912117517,0.7771691154131263,0.7745167052889153,0.7690757143124034
90817,0.7719469034103186,0.7869347912117517,0.7771691154131263,0.7745167052889153,0.7690757143124034
90818,0.7719206995167803,0.7869106536872419,0.7771436382234541,0.7744908599098692,0.769049107753076
90819,0.7930436491904788,0.8059020469555264,0.7975966733743232,0.7962015111841498,0.7894012894346383
90820,0.7767028076995248,0.7914906955945304,0.7817638417383682,0.7797372483762812,0.7725244894437604
90821,0.8534854538392838,0.873200895155351,0.8553838558061223,0.8545839378214617,0.8393324783122552
90822,0.8076498029037071,0.8277158272335511,0.812767960306966,0.8109399811782863,0.7989123153939822
90823,0.7895798539941294,0.8095456078936014,0.7969761456062696,0.795598275195181,0.787167089084058
90824,0.7975471194058479,0.8160365749947541,0.8041016145347742,0.8022957197092472,0.7927565627441016
90825,0.7975471194058479,0.8160365749947541,0.8041016145347742,0.8022957197092472,0.7927565627441016
90826,0.7975471194058479,0.8160365749947541,0.8041016145347742,0.8022957197092472,0.7927565627441016
90827,0.7975471194058479,0.8160365749947541,0.8041016145347742,0.8022957197092472,0.7927565627441016
90829,0.7876290921940272,0.8017610959693549,0.7928556521211705,0.7906945528893546,0.7842757965012372
90832,0.7876290921940272,0.8017610959693549,0.7928556521211705,0.7906945528893546,0.7842757965012372
90833,0.7929900861797425,0.8058524061233359,0.7975445099154279,0.7961489201318698,0.7893465981707357
90834,0.7929900861797425,0.8058524061233359,0.7975445099154279,0.7961489201318698,0.7893465981707357
90835,0.8240626310890323,0.8438452480829679,0.8281632708008642,0.8277747384569473,0.8137213338614141
90836,0.8234396231222253,0.8433019936491852,0.8275570278655613,0.8271669123619122,0.8130554887695048
90837,0.8240626310890323,0.8438452480829679,0.8281632708008642,0.8277747384569473,0.8137213338614141
90838,0.8066051843888943,0.8264774667541163,0.8124372289764903,0.8111023872990699,0.7992399097848087
90839,0.8066051843888943,0.8264774667541163,0.8124372289764903,0.8111023872990699,0.7992399097848087
90840,0.8061274498652089,0.8240678057172647,0.8127169091611941,0.8109797705247704,0.8020892602388158
90841,0.7892934379807819,0.8092911112140775,0.7967016926725708,0.7953216061745532,0.7868767344579555
90842,0.8061337996937626,0.8240734747156254,0.8127230063284466,0.810985934003494,0.8020957664256053
90843,0.9194953828484325,0.9317855836450306,0.9163095952309546,0.9151657427529366,0.8997533834429897
90844,0.884793878505642,0.8989405884524816,0.882356329540937,0.8809459824016336,0.8648952496369585
90845,0.8931047728400168,0.9056808299173865,0.8912623750627048,0.89124812700327,0.8746984835290831
90846,0.9148039685925644,0.9249718681964656,0.912186804626022,0.9136810954594811,0.8973558699382818
90847,0.8234396231222253,0.8433019936491852,0.8275570278655613,0.8271669123619122,0.8130554887695048
90848,0.7895798539941294,0.8095456078936014,0.7969761456062696,0.795598275195181,0.787167089084058
90849,0.7892934379807819,0.8092911112140775,0.7967016926725708,0.7953216061745532,0.7868767344579555
90850,0.7892934379807819,0.8092911112140775,0.7967016926725708,0.7953216061745532,0.7868767344579555
90851,0.884793878505642,0.8989405884524816,0.882356329540937,0.8809459824016336,0.8648952496369585
90852,0.884793878505642,0.8989405884524816,0.882356329540937,0.8809459824016336,0.8648952496369585
90853,0.884793878505642,0.8989405884524816,0.882356329540937,0.8809459824016336,0.8648952496369585
90854,0.884793878505642,0.8989405884524816,0.882356329540937,0.8809459824016336,0.8648952496369585
90855,0.8152455838586062,0.8350336446912556,0.8194656485554583,0.8177965061178426,0.8050550228550468
90856,0.7761869766467058,0.7974622036537593,0.7839447326278227,0.7800154202007651,0.7706324972723817
90857,0.8161145297366036,0.835795902007105,0.8203115227479121,0.8186514847319126,0.8059804158374303
90858,0.8096411848400078,0.8301553795475948,0.8169761374603494,0.8154610793165672,0.8041870606604261
90859,0.8003542293812321,0.8147630780191173,0.8080937323328126,0.8068950804985121,0.796510086037605
90860,0.8261657643456279,0.845826206342988,0.8328198698175305,0.8314572470022211,0.8195856838369165
90861,0.8155278009690184,0.834310809686178,0.821929731591458,0.8220000956785644,0.8102913761815443
90862,0.8261657643456279,0.845826206342988,0.8328198698175305,0.8314572470022211,0.8195856838369165
90863,0.9064144915571195,0.9200627267218355,0.9052158321042892,0.9047673303930736,0.888849142293768
90864,0.8931047728400168,0.9056808299173865,0.8912623750627048,0.89124812700327,0.8746984835290831
90865,0.9064144915571195,0.9200627267218355,0.9052158321042892,0.9047673303930736,0.888849142293768
90866,0.8584141423436518,0.8711267018715418,0.8594781422387336,0.853483099908093,0.8368683641999239
90867,0.8108071442183516,0.8311766935843866,0.8180897634166782,0.8165854580382105,0.8053923890354752
90868,0.9162706068006783,0.9310296831616873,0.914157675481311,0.9171609339379552,0.9009002380891302
90869,0.8931047728400168,0.9056808299173865,0.8912623750627048,0.89124812700327,0.8746984835290831
90871,0.9083496589857096,0.9214091952961756,0.9036350381822927,0.9103838378137545,0.8920886904435217
90874,0.8432222862119181,0.8630918368400153,0.84517287253112,0.8449962674605686,0.8304766992792655
90875,0.9570000157726121,0.9701661647058037,0.9521380724998233,0.9574396739531396,0.9406275252047384
90876,0.951644488396641,0.9632960097624651,0.947157709967628,0.9548836430857882,0.936757634886395
90877,0.921037478085105,0.9358568976183167,0.922076856371051,0.9271803853724068,0.9108538676830797
90878,0.951644488396641,0.9632960097624651,0.947157709967628,0.9548836430857882,0.936757634886395
90879,0.9518719183452868,0.9634670398593319,0.9474071391632372,0.9550952886494302,0.9370586687370326
90880,0.9330233072510881,0.9468239906188914,0.9304628329525764,0.932758337655253,0.9171945863724864
90881,0.9518719183452868,0.9634670398593319,0.9474071391632372,0.9550952886494302,0.9370586687370326
90883,0.9437520780137616,0.9570205454046282,0.9403125247620505,0.9431775713797796,0.927091110677108
90884,0.8921580836929948,0.9097497075995427,0.892432501188245,0.8928402785707762,0.878394909853107
90886,0.9330946107813861,0.9468799668066964,0.9305370182748977,0.9328299388480206,0.9172839001402523
90889,0.7621018316579766,0.7754843696117257,0.7648495746022314,0.7641048260636498,0.7587335204460083
90890,0.7621018316579766,0.7754843696117257,0.7648495746022314,0.7641048260636498,0.7587335204460083
90891,0.7621018316579766,0.7754843696117257,0.7648495746022314,0.7641048260636498,0.7587335204460083
90892,0.7621018316579766,0.7754843696117257,0.7648495746022314,0.7641048260636498,0.7587335204460083
90895,0.8175888492611756,0.8343263959267093,0.8160275080031055,0.8127890712078141,0.7954132939717903
90896,0.870334370229961,0.8850710082451927,0.8685031769854065,0.8653069032755556,0.8492986179389889
90897,0.806012151916296,0.8229737149073739,0.8047797372042831,0.8018734605123473,0.7847140548368919
90898,0.8584141423436518,0.8711267018715418,0.8594781422387336,0.853483099908093,0.8368683641999239
90899,0.8506926504565522,0.8657541361188247,0.8487021597906897,0.8456473566262419,0.8286677531958888
90900,0.870334370229961,0.8850710082451927,0.8685031769854065,0.8653069032755556,0.8492986179389889
90902,0.9017930153323843,0.915912927263431,0.8994284009461975,0.8973752314408926,0.8825531470727822
90903,0.8972302072950092,0.9104959437977099,0.8937437830909993,0.8929561402197892,0.8778600262453131
90909,0.763594874036543,0.7803859769945921,0.7659248184260204,0.7644285845889275,0.7521717155044944
90911,0.763594874036543,0.7803859769945921,0.7659248184260204,0.7644285845889275,0.7521717155044944
90912,0.763594874036543,0.7803859769945921,0.7659248184260204,0.7644285845889275,0.7476940219258453
90913,0.763594874036543,0.7803859769945921,0.7659248184260204,0.7644285845889275,0.7521717155044944
90914,0.8343385074416406,0.855667330466694,0.8374255946151191,0.83465177218581,0.8277414426989363
90915,0.8137561302605109,0.8316710032621445,0.8178471239229552,0.8147215145006558,0.8098796976722251
90918,0.8404857684404653,0.8603894663408829,0.844527641136032,0.8412465060981706,0.8292749643960634
90919,0.8404857684404653,0.8603894663408829,0.844527641136032,0.8412465060981706,0.8292749643960634
90923,0.7708059593747615,0.791842482954088,0.7776321112240613,0.7749506559369613,0.7635520118247091
90924,0.8048767132109904,0.8187006428013202,0.81376819726089,0.8134392828876825,0.7979141686211475
90927,0.7930436491904788,0.8059020469555264,0.7975966733743232,0.7962015111841498,0.7894012894346383
90928,0.8108071442183516,0.8311766935843866,0.8180897634166782,0.8165854580382105,0.8053923890354752
90934,0.8175888492611756,0.8343263959267093,0.8160275080031055,0.8127890712078141,0.7954132939717903
90936,0.8175888492611756,0.8343263959267093,0.8160275080031055,0.8127890712078141,0.7954132939717903
90937,0.8175888492611756,0.8343263959267093,0.8160275080031055,0.8127890712078141,0.7954132939717903
90938,0.8175888492611756,0.8343263959267093,0.8160275080031055,0.8127890712078141,0.7954132939717903
90939,0.8011460644724578,0.8172500541035865,0.7997039521924265,0.7977763568272784,0.7788738483793161
90940,0.7708059593747615,0.791842482954088,0.7776321112240613,0.7749506559369613,0.7635520118247091
90941,0.806012151916296,0.8229737149073739,0.8047797372042831,0.8018734605123473,0.7847140548368919
90942,0.8506926504565522,0.8657541361188247,0.8487021597906897,0.8456473566262419,0.8286677531958888
90946,0.8972302072950092,0.9104959437977099,0.8937437830909993,0.8929561402197892,0.8778600262453131
90947,0.8058450192581078,0.824938473799794,0.8082436069763319,0.8075760260717071,0.7952372192175569
90949,0.9143582284148485,0.9285836764184117,0.9129851563618582,0.9123523893374531,0.8979343904715362
90951,0.875806027035276,0.8928026537625354,0.8761185074778035,0.8753141502141317,0.8617030590241108
90952,0.8058450192581078,0.824938473799794,0.8082436069763319,0.8075760260717071,0.7952372192175569
90954,0.7603797496222969,0.778554720199568,0.7666430424419498,0.7617514539706197,0.7540693819394462
90955,0.7603797496222969,0.778554720199568,0.7666430424419498,0.7617514539706197,0.7540693819394462
90956,0.7603797496222969,0.778554720199568,0.7666430424419498,0.7617514539706197,0.7540693819394462
90958,0.8715634377698844,0.8896140439581179,0.872824795752532,0.874035052812186,0.8579880391854022
90959,0.8715634377698844,0.8896140439581179,0.872824795752532,0.874035052812186,0.8579880391854022
90961,0.8715634377698844,0.8896140439581179,0.872824795752532,0.874035052812186,0.8579880391854022
90962,0.8715634377698844,0.8896140439581179,0.872824795752532,0.874035052812186,0.8579880391854022
90965,0.7603797496222969,0.778554720199568,0.7666430424419498,0.7617514539706197,0.7540693819394462
90970,0.8008357801796876,0.820587794349903,0.8070673738841526,0.805978199031002,0.7950962260515734
90971,0.9330233072510881,0.9468239906188914,0.9304628329525764,0.932758337655253,0.9171945863724864
90975,0.8299436995542205,0.8463541513253885,0.8299607647310506,0.8269934383298659,0.8087065947903214
90976,0.8506926504565522,0.8657541361188247,0.8487021597906897,0.8456473566262419,0.8286677531958888
90978,0.7813057633547122,0.7938735244661486,0.7850701116271139,0.7829240627949471,0.7762725731875892
90979,0.7710174885053565,0.7833224518614628,0.7728690707775989,0.7721768791504275,0.7666480278530845
90981,0.9148039685925644,0.9249718681964656,0.912186804626022,0.9136810954594811,0.8973558699382818
90984,0.8438705141305867,0.8512284612358446,0.8434562199380209,0.8426215114046337,0.8405981611916671
90985,0.8438705141305867,0.8512284612358446,0.8434562199380209,0.8426215114046337,0.8405981611916671
90986,0.8438705141305867,0.8512284612358446,0.8434562199380209,0.8426215114046337,0.8405981611916671
90987,0.8438705141305867,0.8512284612358446,0.8434562199380209,0.8426215114046337,0.8405981611916671
90988,0.8403042105950523,0.8496017421742652,0.8431305412356036,0.841920673859101,0.8377205782602308
90989,0.8437911170907134,0.8511532976830144,0.8433765828858371,0.8425413902460982,0.8405168635666794
90990,0.8438488856777742,0.8512079859790749,0.8434345261063521,0.8425996857034526,0.8405760150239019
90991,0.8438705141305867,0.8512284612358446,0.8434562199380209,0.8426215114046337,0.8405981611916671
90992,0.8438705141305867,0.8512284612358446,0.8434562199380209,0.8426215114046337,0.8405981611916671
90997,0.7792535874956262,0.795521623962736,0.7790660151257861,0.77638019926546,0.7575840184339517
91000,0.806012151916296,0.8229737149073739,0.8047797372042831,0.8018734605123473,0.7847140548368919
91001,0.7761869766467058,0.7974622036537593,0.7839447326278227,0.7800154202007651,0.7706324972723817
91005,0.8972302072950092,0.9104959437977099,0.8937437830909993,0.8929561402197892,0.8778600262453131
91006,0.8293585207277373,0.8512575688885595,0.8330142199387697,0.8327580974216038,0.8187591946291518
91007,0.8972302072950092,0.9104959437977099,0.8937437830909993,0.8929561402197892,0.8778600262453131
91008,0.8966664027622807,0.9100103944419986,0.8931591199774632,0.8923667477218633,0.8771787534143832
91009,0.8011460644724578,0.8172500541035865,0.7997039521924265,0.7977763568272784,0.7788738483793161
91010,0.7780169186125335,0.7943738243154576,0.7835105987133779,0.7792296772637041,0.7746132736360964
91012,0.8058450192581078,0.824938473799794,0.8082436069763319,0.8075760260717071,0.7952372192175569
91013,0.7708059593747615,0.791842482954088,0.7776321112240613,0.7749506559369613,0.7635520118247091
91016,0.8043644055728814,0.8236653567115204,0.8080268730990094,0.807626903926571,0.7945503218882694
91017,0.8972302072950092,0.9104959437977099,0.8937437830909993,0.8929561402197892,0.8778600262453131
91025,0.7603797496222969,0.778554720199568,0.7666430424419498,0.7617514539706197,0.7540693819394462
91026,0.8011460644724578,0.8172500541035865,0.7997039521924265,0.7977763568272784,0.7788738483793161
91027,0.8011460644724578,0.8172500541035865,0.7997039521924265,0.7977763568272784,0.7788738483793161
91029,0.7792535874956262,0.795521623962736,0.7790660151257861,0.77638019926546,0.7575840184339517
91034,0.7780169186125335,0.7943738243154576,0.7835105987133779,0.7792296772637041,0.7746132736360964
91037,0.7603797496222969,0.778554720199568,0.7666430424419498,0.7617514539706197,0.7540693819394462
91038,0.7780169186125335,0.7943738243154576,0.7835105987133779,0.7792296772637041,0.7746132736360964
91040,0.9330233072510881,0.9468239906188914,0.9304628329525764,0.932758337655253,0.9171945863724864
91045,0.8921580836929948,0.9097497075995427,0.892432501188245,0.8928402785707762,0.878394909853107
91046,0.8076498029037071,0.8277158272335511,0.812767960306966,0.8109399811782863,0.7989123153939822
91047,0.9031359791103154,0.919534492013872,0.9024564896825141,0.901969160534734,0.8867041720628549
91051,0.8839781298543283,0.8973032040041261,0.8999934310869325,0.8854089982283163,0.8623730913372166
91053,0.8921580836929948,0.9097497075995427,0.892432501188245,0.8928402785707762,0.878394909853107
91055,0.8489013270713938,0.8686595938550893,0.851244793510963,0.8516291525752813,0.8365348884912033
91061,0.7603797496222969,0.778554720199568,0.7666430424419498,0.7617514539706197,0.7540693819394462
91062,0.7603797496222969,0.778554720199568,0.7666430424419498,0.7617514539706197,0.7540693819394462
91063,0.7603797496222969,0.778554720199568,0.7666430424419498,0.7617514539706197,0.7540693819394462
91066,0.7603797496222969,0.778554720199568,0.7666430424419498,0.7617514539706197,0.7540693819394462
91068,0.7603479814869335,0.7785258668352966,0.7666122903651427,0.7617199094213227,0.7540365774400958
91069,1.0806913405793908,1.0756369558500947,1.0760147319648552,1.0799616583444953,1.071281930325286
91071,0.8432222862119181,0.8630918368400153,0.84517287253112,0.8449962674605686,0.8304766992792655
91072,0.8432222862119181,0.8630918368400153,0.84517287253112,0.8449962674605686,0.8304766992792655
91080,0.7708059593747615,0.791842482954088,0.7776321112240613,0.7749506559369613,0.7635520118247091
91083,0.7603479814869335,0.7785258668352966,0.7666122903651427,0.7617199094213227,0.7540365774400958
91084,0.7708059593747615,0.791842482954088,0.7776321112240613,0.7749506559369613,0.7635520118247091
91088,0.8343385074416406,0.855667330466694,0.8374255946151191,0.83465177218581,0.8277414426989363
91089,0.8343385074416406,0.8518844658354944,0.8360026108199654,0.8338684144276283,0.8277414426989363
91090,0.8343385074416406,0.8543320063899704,0.8374255946151191,0.83465177218581,0.8277414426989363
91091,0.8452220929501023,0.8651356947277693,0.8493970853255152,0.8454363323313733,0.839472722042547
91092,0.8444408524435942,0.8644667800051548,0.8486397212455851,0.8446563213375085,0.8386583108998512
91094,0.7603479814869335,0.7785258668352966,0.7666122903651427,0.7617199094213227,0.7540365774400958
91095,0.7603479814869335,0.7785258668352966,0.7666122903651427,0.7617199094213227,0.7540365774400958
91096,0.7603479814869335,0.7785258668352966,0.7666122903651427,0.7617199094213227,0.7540365774400958
91097,0.7603479814869335,0.7785258668352966,0.7666122903651427,0.7617199094213227,0.7540365774400958
91099,0.7603638687237043,0.778540296378732,0.7666276694648698,0.761735684841302,0.7540529829693142
91100,0.7603638687237043,0.778540296378732,0.7666276694648698,0.761735684841302,0.7540529829693142
91101,0.7603559258977425,0.7785330823224739,0.7666199806804825,0.7617277979177952,0.7540447810247483
91103,0.7603559258977425,0.7785330823224739,0.7666199806804825,0.7617277979177952,0.7540447810247483
91104,0.7603479814869335,0.7785258668352966,0.7666122903651427,0.7617199094213227,0.7540365774400958
91105,0.7792535874956262,0.795521623962736,0.7790660151257861,0.77638019926546,0.7575840184339517
91106,0.8444408524435942,0.8644667800051548,0.8486397212455851,0.8446563213375085,0.8386583108998512
91107,0.8443084041851114,0.8643533850265477,0.8485113233523506,0.8445240816562479,0.838520235322635
91108,0.8188486541086606,0.8405974587828374,0.82542048654116,0.8206254271547768,0.8179030062421778
91113,0.7813057633547122,0.7938735244661486,0.7850701116271139,0.7829240627949471,0.7762725731875892
91115,0.767528785609227,0.778859045216389,0.7717676375625919,0.7717575461344107,0.7605275870492557
91116,0.7810461799465387,0.7923568724602811,0.7847914166881923,0.7829240627949471,0.7753249800252762
91118,0.8443084041851114,0.8643533850265477,0.8485113233523506,0.8445240816562479,0.838520235322635
91122,0.7675028176332845,0.7846361462204983,0.7680782071349065,0.7653850454257105,0.7476940219258453
91126,0.7675028176332845,0.7846361462204983,0.7680782071349065,0.7653850454257105,0.7476940219258453
91136,0.8450605897818975,0.8649974039899901,0.849240516019943,0.8452750832280331,0.8393043646859826
91138,0.8450605897818975,0.8649974039899901,0.849240516019943,0.8452750832280331,0.8393043646859826
91139,0.8188486541086606,0.8405974587828374,0.82542048654116,0.8206254271547768,0.8179030062421778
91140,0.8450605897818975,0.8612332016829125,0.8451680072806868,0.8452750832280331,0.8393043646859826
91141,0.8450605897818975,0.8649974039899901,0.849240516019943,0.8452750832280331,0.8393043646859826
91142,0.8179086991954855,0.834612562822501,0.8163505521836464,0.8131187696720072,0.7957793785126993
91143,0.8954388752801697,0.9087793303791071,0.8939538284262792,0.8920836891787022,0.8763740127727029
91154,0.7710174885053565,0.7833224518614628,0.7728690707775989,0.7721768791504275,0.7666480278530845
91158,0.7710174885053565,0.7833224518614628,0.7728690707775989,0.7721768791504275,0.7666480278530845
91162,0.7707075341558521,0.7872433568605941,0.7765586085168149,0.7731769422908474,0.7663725584263411
91164,0.8043644055728814,0.8236653567115204,0.8080268730990094,0.807626903926571,0.7945503218882694
91165,0.7933213077405862,0.8065834281390902,0.7970567785958527,0.794434021736587,0.7901652018824004
91167,0.8584141423436518,0.8711267018715418,0.8594781422387336,0.853483099908093,0.8368683641999239
91168,0.7390050507301649,0.7571307103911566,0.7393366264999063,0.7385857027002707,0.7238935461889572
91171,1.0806811653455863,1.075627380172129,1.0760051113070281,1.0799515693673216,1.0712728751437288
91180,0.8333890799245234,0.8524287919594645,0.83529481144468,0.8301409601367513,0.8342739191345883
91181,0.8188486541086606,0.8405974587828374,0.82542048654116,0.8206254271547768,0.8179030062421778
91182,0.8333890799245234,0.8524287919594645,0.83529481144468,0.8301409601367513,0.8342739191345883
91183,0.8188486541086606,0.8405974587828374,0.82542048654116,0.8206254271547768,0.8179030062421778
91184,0.8893170760755537,0.8994563797350761,0.882662487928933,0.8856312852480952,0.8909762222105078
91185,0.8893170760755537,0.8994563797350761,0.882662487928933,0.8856312852480952,0.8909762222105078
91186,0.8893170760755537,0.8994563797350761,0.882662487928933,0.8856312852480952,0.8909762222105078
91187,0.88934157535946,0.8994784427711671,0.8826886091588729,0.8856566806051979,0.8910003199631955
91188,0.8532731618217799,0.8612332016829125,0.8451680072806868,0.8464660708263309,0.8508292054380946
91189,0.8532530446101376,0.861214308508501,0.8451466260005966,0.8464448932087322,0.8508087089706261
91190,0.8532530446101376,0.861214308508501,0.8451466260005966,0.8464448932087322,0.8508087089706261
91191,0.8372361612576138,0.8516571120071419,0.8357472961665964,0.8336092817644897,0.8366368904907483
91192,0.8374888257205189,0.8518844658354944,0.8360026108199654,0.8338684144276283,0.8368906208146702
91193,0.8532530446101376,0.861214308508501,0.8451466260005966,0.8464448932087322,0.8508087089706261
91194,0.8372361612576138,0.8516571120071419,0.8357472961665964,0.8336092817644897,0.8366368904907483
91195,0.8532798636515913,0.8612394957449374,0.8451751302129501,0.8464731259120465,0.8508360336105139
91196,0.8532731618217799,0.8612332016829125,0.8451680072806868,0.8464660708263309,0.8508292054380946
91197,0.8532463349637716,0.8612080071192859,0.8451394947442622,0.846437829880864,0.8508018728296143
91198,0.8995834157140442,0.9102133493850133,0.9040341329537162,0.9032517555294057,0.9051123597888058
91199,0.8995834157140442,0.9102133493850133,0.9040341329537162,0.9032517555294057,0.9051123597888058
91200,0.8995834157140442,0.9102133493850133,0.9040341329537162,0.9032517555294057,0.9051123597888058
91202,0.8532731618217799,0.8612332016829125,0.8451680072806868,0.8464660708263309,0.8508292054380946
91204,0.93649322790853,0.9499274424352482,0.9343934131032114,0.9355081763984974,0.9458379979628153
91206,0.8611076515395605,0.8703307401542592,0.8571137729097282,0.857465635233164,0.8608681253583735
91207,0.8611076515395605,0.8703307401542592,0.8571137729097282,0.857465635233164,0.8608681253583735
91208,0.8611076515395605,0.8703307401542592,0.8571137729097282,0.857465635233164,0.8608681253583735
91209,0.8611076515395605,0.8703307401542592,0.8571137729097282,0.857465635233164,0.8608681253583735
91211,0.8532731618217799,0.8612332016829125,0.8451680072806868,0.8464660708263309,0.8508292054380946
91214,0.882724085749816,0.8909927939321666,0.8765635292941754,0.8802581668266745,0.8841604216690936
91215,0.8610674756116926,0.87029353279031,0.8570722966385917,0.8574242738877683,0.8608278716999384
91216,0.8532731618217799,0.8612332016829125,0.8451680072806868,0.8464660708263309,0.8508292054380946
91217,0.900717366360391,0.9119280381016459,0.8995198070583806,0.9018200175006666,0.9052852256109666
91218,0.9006984600119918,0.9119114251875857,0.8995006531471307,0.9018013386530641,0.9052672589627898
91219,0.9356461392231106,0.9487094166869856,0.9344419456540152,0.9355558401069562,0.945877686099941
91221,0.8604406508061557,0.8697130423500283,0.8564251745530512,0.8567789457244592,0.8601998336032939
91222,0.8604406508061557,0.8697130423500283,0.8564251745530512,0.8567789457244592,0.8601998336032939
91223,0.8483872212414808,0.8610175714839187,0.8521062067665787,0.8486612010238549,0.8503063487112151
91225,0.8604406508061557,0.8697130423500283,0.8564251745530512,0.8567789457244592,0.8601998336032939
91226,0.8463409084262665,0.861806570263165,0.8496469520113588,0.8448251832226744,0.8453562545490763
91228,0.8532463349637716,0.8612080071192859,0.8451394947442622,0.846437829880864,0.8508018728296143
91229,0.8610674756116926,0.87029353279031,0.8570722966385917,0.8574242738877683,0.8608278716999384
91230,0.8995982984230828,0.9102265373622399,0.9040483023951772,0.9032660499667855,0.905126357237603
91231,1.0454299150985278,1.048467640913951,1.0424571694836255,1.0378225137429558,1.0490285462044349
91232,1.0454299150985278,1.048467640913951,1.0424571694836255,1.0378225137429558,1.0490285462044349
91233,0.8376359788241161,0.8543320063899704,0.8412225380652654,0.8364196146166958,0.834254912854104
91234,0.8376359788241161,0.8543320063899704,0.8412225380652654,0.8364196146166958,0.834254912854104
91235,0.8463409084262665,0.861806570263165,0.8496469520113588,0.8448251832226744,0.8453562545490763
91236,0.8463409084262665,0.861806570263165,0.8496469520113588,0.8448251832226744,0.8453562545490763
91237,0.8461864977257992,0.8603250070185591,0.8469920199036034,0.8432273355216516,0.8449332740467255
91238,0.9356793537623882,0.948735604438941,0.9431900050084722,0.937329023509,0.9499538465049707
91239,1.013358169959805,1.0135692873454427,1.0041613992180176,1.0049960205276618,1.0048059212762728
91240,0.8978846558440631,0.9075118132103067,0.8978808503568825,0.8972622980492391,0.9018418593503787
91241,0.9356461392231106,0.9487094166869856,0.9431608510763527,0.9372967051704169,0.9499283067476872
91242,0.9356526065392049,0.9487145157771723,0.9431665277273074,0.9373029979816401,0.9499332796635881
91243,1.0533636342995498,1.0524027584122042,1.0496171121439264,1.0427014158008794,1.054737353453368
91244,1.0533636342995498,1.0524027584122042,1.0496171121439264,1.0427014158008794,1.054737353453368
91245,1.022804793538177,1.0219810272095469,1.0192204095996567,1.0152463979129482,1.0272449084466935
91246,1.0533636342995498,1.0524027584122042,1.0496171121439262,1.0427014158008794,1.054737353453368
91247,0.9356461392231106,0.9487094166869856,0.9431608510763527,0.9372967051704169,0.9499283067476872
91248,0.9357243795509583,0.9487711050110541,0.9432295264320765,0.9373728344561737,0.9499884686734926
91249,0.9006984600119918,0.9119114251875857,0.8995006531471307,0.9018013386530641,0.9052672589627898
91250,0.8997006005557469,0.9103171908250495,0.9041457019373669,0.9033643086615699,0.9052225745958122
91251,0.8997006005557469,0.9103171908250495,0.9041457019373669,0.9033643086615699,0.9052225745958122
91252,0.8997006005557469,0.9103171908250495,0.9041457019373669,0.9033643086615699,0.9052225745958122
91253,0.8998330229797787,0.9104345368222023,0.9042717791914484,0.9034914978794066,0.9053471217959507
91254,0.9356793537623882,0.948735604438941,0.9431900050084722,0.937329023509,0.9499538465049707
91255,1.053417425402403,1.0524556210112344,1.0496672748708142,1.0427448235636487,1.0547924695200934
91256,1.0228359479797642,1.022011076018826,1.0192467425321532,1.015267352725098,1.0272819971915266
91257,1.0533636342995498,1.0524027584122042,1.0496171121439262,1.0427014158008794,1.054737353453368
91258,1.013358169959805,1.0135692873454427,1.0041613992180176,1.0049960205276618,1.0048059212762728
91259,1.013358169959805,1.0135692873454427,1.0041613992180176,1.0049960205276618,1.0048059212762728
91260,1.013358169959805,1.0135692873454427,1.0041613992180176,1.0049960205276618,1.0048059212762728
91261,1.013358169959805,1.0135692873454427,1.0041613992180176,1.0049960205276618,1.0048059212762728
91262,0.9047761896263732,0.9169103228815451,0.9124230663987377,0.9089791674572724,0.9122911271650079
91263,0.9047761896263732,0.9169103228815451,0.9124230663987377,0.9089791674572724,0.9122911271650079
91264,1.013358169959805,1.0135692873454427,1.0041613992180176,1.0049960205276618,1.0048059212762728
91265,1.0533636342995498,1.0524027584122042,1.0496171121439262,1.0427014158008794,1.054737353453368
91266,1.053378077800499,1.0524169525953575,1.049630581370012,1.0427130712209371,1.0547521527280848
91267,1.013918185656406,1.0113260366791084,1.0108756198814954,1.0058146402028014,1.0228927608960512
91268,1.013918185656406,1.0113260366791084,1.0108756198814954,1.0058146402028014,1.0228927608960512
91269,0.8137561302605109,0.8316710032621445,0.8178471239229552,0.8147215145006558,0.8098796976722251
91270,0.8417353062614599,0.853322120626455,0.8486976368140414,0.8438603185745053,0.8432993551861518
91271,0.8582316293672047,0.8719231173565571,0.8596860405447654,0.8574055696341765,0.8606135554932546
91272,1.0228050945574747,1.0219813175458932,1.0192206640321646,1.015246600380778,1.0272452668051997
91273,1.0228026871972902,1.02197899562122,1.019218629243705,1.0152449811728625,1.0272424008820857
91274,1.0228050945574747,1.0219813175458932,1.0192206640321646,1.015246600380778,1.0272452668051997
91275,1.0533884120339547,1.052427108445464,1.049640218523241,1.0427214106182956,1.0547627415125167
91276,1.0533636342995498,1.0524027584122042,1.0496171121439262,1.0427014158008794,1.054737353453368
91277,1.0228359479797642,1.022011076018826,1.0192467425321532,1.015267352725098,1.0272819971915266
91278,1.0228026871972902,1.02197899562122,1.019218629243705,1.0152449811728625,1.0272424008820857
91280,1.022806901269148,1.0219830601387703,1.019222191131115,1.0152478155889564,1.0272474176652155
91281,1.0139483714227226,1.011350651678953,1.0108992645253772,1.005827333266019,1.0229420557046545
91282,0.9297390433612329,0.9323184021206635,0.9252438755110909,0.9243588634370226,0.9351624404941564
91283,1.022804793538177,1.0219810272095469,1.0192204095996567,1.0152463979129482,1.0272449084466935
91284,1.022804793538177,1.0219810272095469,1.0192204095996567,1.0152463979129482,1.0272449084466935
91285,1.022804793538177,1.0219810272095469,1.0192204095996567,1.0152463979129482,1.0272449084466935
91286,1.022804793538177,1.0219810272095469,1.0192204095996567,1.0152463979129482,1.0272449084466935
91287,1.022834124856662,1.0220093175952156,1.0192452015550209,1.015266126467243,1.0272798268053984
91288,1.022834124856662,1.0220093175952156,1.0192452015550209,1.015266126467243,1.0272798268053984
91289,1.0228271457511202,1.0220025861670876,1.0192393025375548,1.0152614322306817,1.0272715183341183
91290,1.0036970679858523,1.0105080210419592,1.007626524615298,0.9998325093775989,1.0159620098634279
91291,1.0139229992731396,1.0113299619365763,1.0108793903986006,1.0058166643058324,1.0229006218246086
91292,1.0228493490551263,1.0220240015164952,1.0192580696740166,1.0152763664956637,1.027297950841568
91293,1.0228493490551263,1.0220240015164952,1.0192580696740166,1.0152763664956637,1.027297950841568
91294,1.0228493490551263,1.0220240015164952,1.0192580696740166,1.0152763664956637,1.027297950841568
91295,1.0228426415808536,1.0220175320765004,1.0192524002371761,1.0152718549399633,1.0272899657635481
91296,1.01394368299453,1.0113468284888185,1.010895592049,1.005825361775685,1.0229343993354207
91297,1.0139321032432747,1.011337385766409,1.0108865215699243,1.0058204924972785,1.0229154890977796
91298,1.0036860917648753,1.010476993108993,1.007603953257886,0.9998330081817043,1.0159150819018843
91299,0.8643921377137325,0.8741973523553784,0.8651655647190984,0.8635189877423936,0.8670908487909088
91300,0.8643921377137325,0.8741973523553784,0.8651655647190984,0.8635189877423936,0.8670908487909088
91301,0.8978846558440631,0.9075118132103067,0.8978808503568825,0.8972622980492391,0.9018418593503787
91302,0.9297460456447779,0.9323251328436976,0.9252513538403763,0.9243664359099957,0.9351688731313211
91303,0.9297350399516016,0.9323145539710362,0.9252395999303801,0.924354534031225,0.9351587627698535
91304,1.022812327537524,1.0219882938337335,1.0192267776145663,1.015251465342995,1.0272538775426905
91305,1.0228359479797642,1.022011076018826,1.0192467425321532,1.015267352725098,1.0272819971915266
91306,1.01394368299453,1.0113468284888185,1.010895592049,1.005825361775685,1.0229343993354207
91308,1.022806901269148,1.0219830601387703,1.019222191131115,1.0152478155889564,1.0272474176652155
91311,0.9794095740003509,0.981039007757537,0.9761265559286039,0.9725343254825182,0.9892461926773468
91312,1.022812327537524,1.0219882938337335,1.0192267776145663,1.015251465342995,1.0272538775426905
91313,1.022812327537524,1.0219882938337335,1.0192267776145663,1.015251465342995,1.0272538775426905
91315,1.0036970679858523,1.0105080210419592,1.007626524615298,0.9998325093775989,1.0159620098634279
91316,1.0139483714227226,1.011350651678953,1.0108992645253772,1.005827333266019,1.0229420557046545
91317,1.013918185656406,1.0113260366791084,1.0108756198814954,1.0058146402028014,1.0228927608960512
91318,1.0139229992731396,1.0113299619365763,1.0108793903986006,1.0058166643058324,1.0229006218246086
91319,1.0228359479797642,1.022011076018826,1.0192467425321532,1.015267352725098,1.0272819971915266
91320,1.0228359479797642,1.022011076018826,1.0192467425321532,1.015267352725098,1.0272819971915266
91321,1.0228359479797642,1.022011076018826,1.0192467425321532,1.015267352725098,1.0272819971915266
91322,1.049373370410203,1.0459923550917518,1.0430115323570932,1.0398002830888164,1.0445959635380762
91323,1.049373370410203,1.0459923550917518,1.0430115323570932,1.0398002830888164,1.0445959635380762
91324,1.013918185656406,1.0113260366791084,1.0108756198814954,1.0058146402028014,1.0228927608960512
91325,1.0533636342995498,1.0524027584122042,1.0496171121439262,1.0427014158008794,1.054737353453368
91326,1.013358169959805,1.0135692873454427,1.0041613992180176,1.0049960205276618,1.0048059212762728
91327,1.013358169959805,1.0135692873454427,1.0041613992180176,1.0049960205276618,1.0048059212762728
91328,1.013358169959805,1.0135692873454427,1.0041613992180176,1.0049960205276618,1.0048059212762728
91329,1.0533801434832826,1.0524189826214314,1.0496325077147748,1.0427147381599633,1.054754269292588
91330,1.0533801434832826,1.0524189826214314,1.0496325077147748,1.0427147381599633,1.054754269292588
91331,1.053378077800499,1.0524169525953575,1.049630581370012,1.0427130712209371,1.0547521527280848
91332,1.0533629472238708,1.0524020831966232,1.0496164714146856,1.0427008613546236,1.054736649453454
91334,0.9794304398905715,0.9810581970382908,0.9761508133404199,0.9725623145651813,0.989257003924715
91335,0.921688422395313,0.9307299247389743,0.9286526050023509,0.9219438192362114,0.9350223958254557
91337,0.9794095740003509,0.981039007757537,0.9761265559286039,0.9725343254825182,0.9892461926773468
91339,0.9794095740003509,0.981039007757537,0.9761265559286039,0.9725343254825182,0.9892461926773468
91340,0.9794095740003509,0.981039007757537,0.9761265559286039,0.9725343254825182,0.9892461926773468
91341,0.9794304398905715,0.9810581970382908,0.9761508133404199,0.9725623145651813,0.989257003924715
91342,1.049372732653805,1.0459917594189487,1.0430109739757512,1.0397997650809816,1.0445953853126553
91343,1.0451151062609811,1.0408899620394436,1.038611003590011,1.0360569933254395,1.0380239191185907
91344,1.0451151062609811,1.0408899620394436,1.038611003590011,1.0360569933254395,1.0380239191185907
91345,1.0451151062609811,1.0408899620394436,1.038611003590011,1.0360569933254395,1.0380239191185907
91346,0.979429034640052,0.9810569047009692,0.9761491796845428,0.9725604295971575,0.9892562758184936
91347,0.9794295968202195,0.9810574217094143,0.9761498332398966,0.9725611836917368,0.9892565671023507
91348,1.049372732653805,1.0459917594189487,1.0430109739757512,1.0397997650809816,1.0445953853126553
91349,1.049372732653805,1.0459917594189487,1.0430109739757512,1.0397997650809816,1.0445953853126553
91351,1.0036970679858523,1.0075618932130952,1.0031535399214704,0.9998325093775989,1.0030164898195262
91353,1.0036970679858523,1.0105080210419592,1.007626524615298,0.9998325093775989,1.0159620098634279
91354,1.0036970679858523,1.0105080210419592,1.007626524615298,0.9998325093775989,1.0159620098634279
91356,1.013920961301747,1.0113283000750555,1.0108777940504337,1.0058158073478414,1.0228972936963348
91357,1.013920961301747,1.0113283000750555,1.0108777940504337,1.0058158073478414,1.0228972936963348
91358,0.8137561302605109,0.8316710032621445,0.8178471239229552,0.8147215145006558,0.8098796976722251
91359,1.049372732653805,1.0459917594189487,1.0430109739757512,1.0397997650809816,1.0445953853126553
91360,1.049373370410203,1.0459923550917518,1.0430115323570932,1.0398002830888164,1.0445959635380762
91361,1.013918185656406,1.0113260366791084,1.0108756198814954,1.0058146402028014,1.0228927608960512
91362,1.0037090982338552,1.010542027827708,1.0076512631628807,0.9998319626676684,1.016013442333569
91363,1.0037090982338552,1.010542027827708,1.0076512631628807,0.9998319626676684,1.016013442333569
91364,1.0037090982338552,1.007561994170775,1.0031535821731894,0.9998319626676684,1.003016530239474
91365,0.9394730082646747,0.9408111616616303,0.9397415755212928,0.935839073882008,0.9521701312599525
91366,0.9794304398905715,0.9810581970382908,0.9761508133404199,0.9725623145651813,0.989257003924715
91367,0.943796249484086,0.9467281504067713,0.9379333614319209,0.9389931664320227,0.9448296704821784
91368,0.943796249484086,0.9467281504067713,0.9379333614319209,0.9389931664320227,0.9448296704821784
91369,0.9297390433612329,0.9323184021206635,0.9252438755110909,0.9243588634370226,0.9351624404941564
91370,0.979429034640052,0.9810569047009692,0.9761491796845428,0.9725604295971575,0.9892562758184936
91371,0.9297350399516016,0.9323145539710362,0.9252395999303801,0.924354534031225,0.9351587627698535
91372,1.0139528827121282,1.011354330423879,1.0109027982512235,1.0058292302742136,1.0229494227793006
91373,1.0451151062609811,1.0408899620394436,1.038611003590011,1.0360569933254395,1.0380239191185907
91374,1.0451151062609811,1.0408899620394436,1.038611003590011,1.0360569933254395,1.0380239191185907
91375,1.0434106104760386,1.0444027005926322,1.0426670182833049,1.0362098169167318,1.047862952636416
91377,0.9794007892965033,0.9810309289294712,0.9761163433417667,0.9725225417960615,0.9892416410907525
91379,0.9794007892965033,0.9810309289294712,0.9761163433417667,0.9725225417960615,0.9892416410907525
91380,0.9794007892965033,0.9810309289294712,0.9761163433417667,0.9725225417960615,0.9892416410907525
91381,0.979374852460444,0.9810070762261125,0.9760861905925455,0.9724877502481543,0.9892282026484115
91383,0.9309651880123988,0.9332410797320723,0.92793477973459,0.9319276246396808,0.9264177652921354
91384,0.9794007892965033,0.9810309289294712,0.9761163433417667,0.9725225417960615,0.9892416410907525
91385,0.9295573663703302,0.9321437716080986,0.9250498458859628,0.9241623909087445,0.9349955446700013
91389,0.9297390433612329,0.9323184021206635,0.9252438755110909,0.9243588634370226,0.9351624404941564
91390,0.9980520334552838,0.9971073629741048,0.9912028785378457,0.9938221038342179,0.9943609057346237
91391,0.9980520334552838,0.9971073629741048,0.9912028785378457,0.9938221038342179,0.9943609057346237
91392,0.8764719274861329,0.8828806180309039,0.8757630893089415,0.8748813358143656,0.8784497589134734
91393,0.8765622510538226,0.8829657832481733,0.8758539869136549,0.874972948465584,0.8785384844713132
91394,0.9980520334552838,0.9971073629741048,0.9912028785378457,0.9938221038342179,0.9943609057346237
91395,0.9980540043208599,0.9971102918401838,0.9912118283175467,0.9938283756763845,0.9943666280965208
91396,0.9980540043208599,0.9971102918401838,0.9912118283175467,0.9938283756763845,0.9943666280965208
91397,0.9980540043208599,0.9971102918401838,0.9912118283175467,0.9938283756763845,0.9943666280965208
91398,0.9980540043208599,0.9971102918401838,0.9912118283175467,0.9938283756763845,0.9943666280965208
91399,0.9297029575000757,0.9322837157641207,0.9252053363105366,0.9243198390584667,0.9351292903390876
91400,0.998053873364177,0.9971100972280202,0.9912112336399501,0.9938279589366565,0.9943662478675389
91401,0.9092534811777383,0.916856661733559,0.9061637563942153,0.904538786852502,0.9133704880928648
91402,0.9092534811777383,0.916856661733559,0.9061637563942153,0.904538786852502,0.9133704880928648
91403,1.0104206088867982,1.007562196114743,1.0031536666886083,1.004103224355038,1.0030166110908316
91404,1.0104206088867982,1.007562196114743,1.0031536666886083,1.004103224355038,1.0030166110908316
91405,1.010420192447561,1.0075618932130952,1.0031535399214704,1.004103059544562,1.0030164898195262
91407,0.9794304398905715,0.9810581970382908,0.9761508133404199,0.9725623145651813,0.989257003924715
91408,0.9471622763261814,0.9514866256066752,0.9519733542677218,0.947905325120837,0.9555200264771543
91409,0.947137049995441,0.9514635464153619,0.9519505157961913,0.9478804688162757,0.9554989362886265
91410,0.9471570893513449,0.9514818801167791,0.9519686582735757,0.9479002142290203,0.9555156899576452
91411,0.9295573663703302,0.9321437716080986,0.9250498458859628,0.9241623909087445,0.9349955446700013
91412,0.896854135800267,0.9020599846047055,0.8988466878363147,0.8951986582853526,0.9035542162146112
91413,0.8994580877765025,0.9016974565668199,0.8996946643459897,0.899550202798243,0.8994309437190909
91414,0.8902938205764755,0.9017133233132848,0.898374832178352,0.8947323765783638,0.8920160199426367
91415,0.8994580877765025,0.9016974565668199,0.8996946643459897,0.899550202798243,0.8994309437190909
91416,0.8994580877765025,0.9016974565668199,0.8996946643459897,0.899550202798243,0.8994309437190909
91417,0.8968341878309753,0.9020411270878685,0.8988271583733798,0.8951783615327592,0.9035356699249609
91418,0.8965163116043221,0.9017406309165674,0.8985159525148708,0.8948549261707323,0.903240134134778
91419,0.8765548937209576,0.8829588460692686,0.8758465828249468,0.8749654861357306,0.8785312572980045
91420,0.979374852460444,0.9810070762261125,0.9760861905925455,0.9724877502481543,0.9892282026484115
91421,0.9297029575000757,0.9322837157641207,0.9252053363105366,0.9243198390584667,0.9351292903390876
91422,0.8762750649212127,0.882695000170047,0.8755649753826438,0.8746816631310864,0.878256379883269
91423,0.929619284927095,0.932203288448304,0.9251159747387989,0.9242293524105261,0.9350524252403104
91424,0.929619284927095,0.932203288448304,0.9251159747387989,0.9242293524105261,0.9350524252403104
91425,0.8764719274861329,0.8828806180309039,0.8757630893089415,0.8748813358143656,0.8784497589134734
91426,0.9394644631133806,0.9408028147051003,0.939733070182745,0.93582998829377,0.952163449233636
91427,0.9394644631133806,0.9408028147051003,0.939733070182745,0.93582998829377,0.952163449233636
91428,0.9394687367086502,0.9408069891791055,0.939737323866843,0.9358345321726935,0.9521667910423696
91429,0.9394627531040868,0.9408011443576909,0.9397313681406078,0.9358281701344997,0.9521621120644668
91430,0.9295390263268327,0.9321261429755564,0.9250302587067164,0.9241425570887711,0.9349786969221965
91431,0.9295390263268327,0.9321261429755564,0.9250302587067164,0.9241425570887711,0.9349786969221965
91432,1.0104204700606134,1.0075620951379909,1.0031536244289023,1.0041031694130214,1.0030165706632428
91433,1.010420192447561,1.0075618932130952,1.0031535399214704,1.004103059544562,1.0030164898195262
91434,1.0104204700606134,1.0075620951379909,1.0031536244289023,1.0041031694130214,1.0030165706632428
91435,0.9447622025582947,0.9556140820201916,0.9561775075825489,0.9485707598640707,0.961367435930109
91436,0.9447622025582947,0.9556140820201916,0.9561775075825489,0.9485707598640707,0.961367435930109
91437,0.947137049995441,0.9514635464153619,0.9519505157961913,0.9478804688162757,0.9554989362886265
91438,0.947137049995441,0.9514635464153619,0.9519505157961913,0.9478804688162757,0.9554989362886265
91439,0.8644984598871334,0.87429514919368,0.865271209149045,0.8636260761403285,0.8671948100666017
91440,0.8644984598871334,0.87429514919368,0.865271209149045,0.8636260761403285,0.8671948100666017
91441,0.9296566667256871,0.9322392203494229,0.9251558982435307,0.9242697785730913,0.9350867656380915
91442,0.8762750649212127,0.882695000170047,0.8755649753826438,0.8746816631310864,0.878256379883269
91443,0.8762750649212127,0.882695000170047,0.8755649753826438,0.8746816631310864,0.878256379883269
91444,0.8762750649212127,0.882695000170047,0.8755649753826438,0.8746816631310864,0.878256379883269
91445,0.9213426292600635,0.9304263668760905,0.9283393996139698,0.9215992278880295,0.9347386679996608
91446,0.9213774273617988,0.9304569140539848,0.9283709177847823,0.9216339050287113,0.9347672193794672
91447,0.8723285701107235,0.8788995014229056,0.8721337642852732,0.8707074582104483,0.8750320340112533
91448,0.8723285701107235,0.8788995014229056,0.8721337642852732,0.8707074582104483,0.8750320340112533
91449,0.8724632089181767,0.87902648706923,0.8722686313064523,0.8708439984777631,0.8751635136225085
91450,0.8897486796596764,0.9014954185484564,0.8978733277655349,0.8942112775627629,0.8914802290886958
91451,0.9471281270485972,0.9514553829583783,0.9519424374868648,0.9478716767559132,0.9554914763828625
91452,1.0133928970486832,1.0110304610509901,1.0076442913313952,1.0054147999325191,1.0106000974582736
91453,0.9394695911829665,0.9408078238349014,0.9397381743600769,0.9358354406880951,0.9521674592131564
91454,1.0133923630999824,1.0110300204555012,1.0076439851616084,1.0054145826701455,1.0105996739070355
91455,0.896955026740097,0.9021553607441873,0.8989454622485705,0.8953013131342404,0.9036480183601595
91456,0.9215110466513623,0.9305742118594974,0.9284919437684825,0.9217670598923446,0.9348768541462462
91457,0.9217188542421236,0.9307566403438854,0.9286801695026274,0.9219741453418554,0.9350473665314133
91458,0.9394464917248287,0.9407852601479229,0.9397151825260044,0.9358108802889982,0.9521493962461658
91459,0.9393066386068486,0.9406486510885576,0.939575981065731,0.9356621811963063,0.952040038174703
91460,0.939293579671251,0.940635895095959,0.9395629829846057,0.9356482961821255,0.9520298269368538
91461,0.9394687367086502,0.9408069891791055,0.939737323866843,0.9358345321726935,0.9521667910423696
91462,0.9394687367086502,0.9408069891791055,0.939737323866843,0.9358345321726935,0.9521667910423696
91464,0.8483872212414808,0.8610175714839187,0.8521062067665787,0.8486612010238549,0.8503063487112151
91465,0.8483872212414808,0.8610175714839187,0.8521062067665787,0.8486612010238549,0.8503063487112151
91466,0.7853534312705425,0.8033302283328849,0.7915783141468432,0.7875322355022851,0.780831490210757
91467,0.9295726256921999,0.9321584390313068,0.9250661428308012,0.9241788930595106,0.9350095623908127
91468,0.9213426292600635,0.9304263668760905,0.9283393996139698,0.9215992278880295,0.9347386679996608
91469,0.9213426292600635,0.9304263668760905,0.9283393996139698,0.9215992278880295,0.9347386679996608
91470,0.9213426292600635,0.9304263668760905,0.9283393996139698,0.9215992278880295,0.9347386679996608
91471,1.0104206088867982,1.007562196114743,1.0031536666886083,1.004103224355038,1.0030166110908316
91472,1.0104206088867982,1.007562196114743,1.0031536666886083,1.004103224355038,1.0030166110908316
91473,1.0104206088867982,1.007562196114743,1.0031536666886083,1.004103224355038,1.0030166110908316
91474,1.0104203312475344,1.007561994170775,1.0031535821731894,1.0041031144761958,1.003016530239474
91475,1.0104206088867982,1.007562196114743,1.0031536666886083,1.004103224355038,1.0030166110908316
91477,1.010420192447561,1.0075618932130952,1.0031535399214704,1.004103059544562,1.0030164898195262
91478,0.8995495059043336,0.9017866686174045,0.8997858490203203,0.899641530015987,0.8995223886386116
91479,0.9471570893513449,0.9514818801167791,0.9519686582735757,0.9479002142290203,0.9555156899576452
91480,0.9092679370056255,0.9168698216873077,0.9061787435704936,0.9045540545891892,0.9133842401767279
91481,0.9092600539008222,0.9168626452507965,0.9061705707100373,0.9045457287331727,0.9133767408387475
91482,0.8724305946167041,0.8789957265203084,0.8722359617271742,0.8708109236061342,0.8751316645412568
91483,0.9092679370056255,0.9168698216873077,0.9061787435704936,0.9045540545891892,0.9133842401767279
91484,1.0493740082265148,1.0459929508205377,1.043012090790933,1.039800801145372,1.04459654181785
91485,0.9794304398905715,0.9810581970382908,0.9761508133404199,0.9725623145651813,0.989257003924715
91486,0.9394721541165671,0.9408103273244025,0.9397407253527327,0.935838165713669,0.9521694633436951
91487,1.0493765600909988,1.045995334295604,1.0430143250513517,1.0398028738588831,1.0445988554805588
91488,1.0493765600909988,1.045995334295604,1.0430143250513517,1.0398028738588831,1.0445988554805588
91489,1.0493765600909988,1.045995334295604,1.0430143250513517,1.0398028738588831,1.0445988554805588
91490,1.049373370410203,1.0459923550917518,1.0430115323570932,1.0398002830888164,1.0445959635380762
91491,0.9393066386068486,0.9406486510885576,0.939575981065731,0.9356621811963063,0.952040038174703
91492,0.939293579671251,0.940635895095959,0.9395629829846057,0.9356482961821255,0.9520298269368538
91493,0.9215841363909534,0.9306383746892987,0.9285581457212293,0.9218398956216473,0.9349368256402356
91494,0.9215841363909534,0.9306383746892987,0.9285581457212293,0.9218398956216473,0.9349368256402356
91495,0.9215841363909534,0.9306383746892987,0.9285581457212293,0.9218398956216473,0.9349368256402356
91496,0.9215110466513623,0.9305742118594974,0.9284919437684825,0.9217670598923446,0.9348768541462462
91497,0.9215407932840308,0.9306003252684953,0.9285188870918802,0.9217967031433079,0.9349012617031851
91498,0.9215407932840308,0.9306003252684953,0.9285188870918802,0.9217967031433079,0.9349012617031851
91499,0.9215407932840308,0.9306003252684953,0.9285188870918802,0.9217967031433079,0.9349012617031851
91500,0.88637834323377,0.8965339075897649,0.8943511393652758,0.8898736992504395,0.8925997924551243
91501,0.9215407932840308,0.9306003252684953,0.9285188870918802,0.9217967031433079,0.9349012617031851
91502,0.8068228332744829,0.8189125816458451,0.8112085663365032,0.8066448452430071,0.8061850269425062
91503,0.8439903277253995,0.8513418871374706,0.843576395672011,0.8427424175745913,0.8407208424479682
91505,0.8724305946167041,0.8789957265203084,0.8722359617271742,0.8708109236061342,0.8751316645412568
91506,0.8566588623199989,0.864912200474869,0.8583355613073681,0.8545925277246124,0.8582561021303726
91507,1.0133925410660856,1.0110301673067994,1.007644087208565,1.0054146550840946,1.0105998150774524
91508,1.0133925410660856,1.0110301673067994,1.007644087208565,1.0054146550840946,1.0105998150774524
91509,1.0133923630999824,1.0110300204555012,1.0076439851616084,1.0054145826701455,1.0105996739070355
91510,1.0104204700606134,1.0075620951379909,1.0031536244289023,1.0041031694130214,1.0030165706632428
91511,1.0104204700606134,1.0075620951379909,1.0031536244289023,1.0041031694130214,1.0030165706632428
91512,1.0104204700606134,1.0075620951379909,1.0031536244289023,1.0041031694130214,1.0030165706632428
91513,0.9214570860474266,0.93052684223041,0.9284430686118913,0.9217132868327242,0.9348325790483168
91514,0.939293579671251,0.940635895095959,0.9395629829846057,0.9356482961821255,0.9520298269368538
91515,0.8983900269860166,0.9048025479845312,0.9052068533292604,0.9006583178491322,0.9073332839960662
91517,0.939293579671251,0.940635895095959,0.9395629829846057,0.9356482961821255,0.9520298269368538
91518,0.9394695911829665,0.9408078238349014,0.9397381743600769,0.9358354406880951,0.9521674592131564
91519,0.9394695911829665,0.9408078238349014,0.9397381743600769,0.9358354406880951,0.9521674592131564
91520,0.8906452156940078,0.9018224911137014,0.8986981137979687,0.8950682826664978,0.8923613913685501
91521,0.8995862141666308,0.9018224911137014,0.8998224635484608,0.8996782017768856,0.8995591076580651
91522,0.8897486796596764,0.9014954185484564,0.8978733277655349,0.8942112775627629,0.8914802290886958
91523,0.8897486796596764,0.9014954185484564,0.8978733277655349,0.8942112775627629,0.8914802290886958
91524,0.8897486796596764,0.9014954185484564,0.8978733277655349,0.8942112775627629,0.8914802290886958
91525,0.9394627531040868,0.9408011443576909,0.9397313681406078,0.9358281701344997,0.9521621120644668
91526,0.9215681861915008,0.93062437253134,0.9285436985818077,0.921824000852405,0.9349237381266382
91527,0.8902938205764755,0.9019776602356049,0.898374832178352,0.8947323765783638,0.8920160199426367
91528,0.8893295724673572,0.9078625357881772,0.9045473225412575,0.8960470596465235,0.8997673966060659
91529,0.8827809905457248,0.8980385199952969,0.8961263639650384,0.8894966479701178,0.8869125594372443
91531,0.890187808866716,0.8900013096705568,0.8833385037195353,0.8871975678522017,0.8856957301557132
91532,0.890187808866716,0.9018838773914566,0.8982773041867143,0.8946310389945848,0.8919118260182679
91533,0.890187808866716,0.9017866686174045,0.8982773041867143,0.8946310389945848,0.8919118260182679
91534,0.890187808866716,0.9018838773914566,0.8982773041867143,0.8946310389945848,0.8919118260182679
91535,0.890187808866716,0.9018838773914566,0.8982773041867143,0.8946310389945848,0.8919118260182679
91536,0.8894549743594037,0.9012356169778384,0.8976031437383887,0.8939305317737344,0.8911915639108878
91537,0.8658941021009321,0.8683111309584034,0.8619693837813832,0.8633440250310153,0.8630426194517957
91538,0.8658941021009321,0.8683111309584034,0.8619693837813832,0.8633440250310153,0.8630426194517957
91539,0.8647511959378862,0.8681658915346148,0.8651224473704877,0.8633991516745461,0.8648662101268451
91540,0.8647511959378862,0.8681658915346148,0.8651224473704877,0.8633991516745461,0.8648662101268451
91541,0.8647511959378862,0.8681658915346148,0.861956892071939,0.8633316725991552,0.8630302365102959
91542,0.8647511959378862,0.8681658915346148,0.8651224473704877,0.8633991516745461,0.8648662101268451
91543,0.876442341352227,0.8828527216737974,0.875733315130479,0.8748513273988022,0.8784206962587495
91544,0.876442341352227,0.8828527216737974,0.875733315130479,0.8748513273988022,0.8784206962587495
91545,0.876442341352227,0.8828527216737974,0.875733315130479,0.8748513273988022,0.8784206962587495
91546,0.8969413065288027,0.9021423904555682,0.8989320298498513,0.8952873530611735,0.9036352621098563
91547,0.8765548937209576,0.8829588460692686,0.8758465828249468,0.8749654861357306,0.8785312572980045
91548,0.8068228332744829,0.8189125816458451,0.8112085663365032,0.8066448452430071,0.8061850269425062
91549,0.8068228332744829,0.8189125816458451,0.8112085663365032,0.8066448452430071,0.8061850269425062
91550,0.939311856958345,0.9406537483852321,0.9395811751000267,0.9356677296452188,0.9520441185950701
91551,0.9392874791130094,0.9406299360608079,0.9395569108551935,0.9356418097119771,0.9520250567084103
91552,0.9097211187094673,0.9137338150046397,0.9134939806310183,0.9117816201948703,0.9160907333478793
91553,0.9097211187094673,0.9137338150046397,0.9134939806310183,0.9117816201948703,0.9160907333478793
91554,0.9214570860474266,0.93052684223041,0.9284430686118913,0.9217132868327242,0.9348325790483168
91555,0.9214570860474266,0.93052684223041,0.9284430686118913,0.9217132868327242,0.9348325790483168
91556,0.8906047282918093,0.9017651337679156,0.8986608650316654,0.895029579565387,0.8923215978779927
91557,0.8902999873691534,0.8899065246444402,0.8832374000921684,0.8871001326838573,0.8855968702030994
91558,0.9394644631133806,0.9408028147051003,0.939733070182745,0.93582998829377,0.952163449233636
91559,1.0133923630999824,1.0110300204555012,1.0076439851616084,1.0054145826701455,1.0105996739070355
91560,1.0104206088867982,1.007562196114743,1.0031536666886083,1.004103224355038,1.0030166110908316
91561,0.9393066386068486,0.9406486510885576,0.939575981065731,0.9356621811963063,0.952040038174703
91562,0.921688422395313,0.9307299247389743,0.9286526050023509,0.9219438192362114,0.9350223958254557
91564,0.9384670658322884,0.9480089066140496,0.9491503476564713,0.9372835644617719,0.9516578037887877
91565,0.8616760337380394,0.871578146566005,0.869084443754047,0.8667845568365181,0.8561252081133436
91567,0.9384670658322884,0.9480089066140496,0.9491503476564713,0.9372835644617719,0.9516578037887877
91568,0.9381392752084068,0.9477341302057078,0.9488818574480621,0.9369491399388514,0.9514030814331879
91570,0.9385481328956938,0.9480768650627981,0.9492167516738907,0.9373662717904463,0.9517208032863397
91571,0.8647539137203134,0.8806796323133084,0.8779931098024745,0.8701406477529686,0.867831697805923
91572,0.8995979421836153,0.9018339361432125,0.8998341616189657,0.8996899181322906,0.8995708391117794
91573,0.8995495059043336,0.9017866686174045,0.8997858490203203,0.899641530015987,0.8995223886386116
91574,0.9345149259590457,0.9331435808421207,0.9310970006534794,0.9317072947685039,0.9338794188288148
91575,0.9345149259590457,0.9331435808421207,0.9310970006534794,0.9317072947685039,0.9338794188288148
91576,0.9345149259590457,0.9331435808421207,0.9310970006534794,0.9317072947685039,0.9338794188288148
91577,0.8658820071601064,0.8682992790234988,0.861956892071939,0.8633316725991552,0.8630302365102959
91578,0.9580904963954816,0.9562652085376963,0.9489724550339189,0.9512783434068189,0.952430448220684
91579,0.9580904963954816,0.9562652085376963,0.9489724550339189,0.9512783434068189,0.952430448220684
91580,0.8995979421836153,0.9018339361432125,0.8998341616189657,0.8996899181322906,0.8995708391117794
91581,0.9580904963954816,0.9562652085376963,0.9489724550339189,0.9512783434068189,0.952430448220684
91582,1.0104203312475344,1.007561994170775,1.0031535821731894,1.0041031144761958,1.003016530239474
91583,1.010420192447561,1.0075618932130952,1.0031535399214704,1.004103059544562,1.0030164898195262
91584,0.9345177101241511,0.933146426560017,0.9310999384922306,0.9317102051039723,0.9338822315012859
91585,0.8903195646688947,0.8899261787823036,0.8832583644889618,0.8871203363682651,0.8856173693384543
91586,0.8903927784756207,0.8899996799260947,0.8833367653391254,0.8871958925436305,0.8856940303507796
91587,0.8894549743594037,0.9012356169778384,0.8976031437383887,0.8939305317737344,0.8911915639108878
91588,0.8983356461460803,0.9047518758160845,0.9051564136499055,0.9006052534596881,0.907284064487091
91589,0.8984862410892872,0.9048922010280919,0.9052960950703121,0.900752203012761,0.9074203670961841
91590,0.958084668041289,0.9562591172085375,0.9489653051402079,0.9512715295878618,0.9524238018414288
91591,0.958084668041289,0.9562591172085375,0.9489653051402079,0.9512715295878618,0.9524238018414288
91592,0.958084668041289,0.9562591172085375,0.9489653051402079,0.9512715295878618,0.9524238018414288
91593,0.7853534312705425,0.8033302283328849,0.7915783141468432,0.7875322355022851,0.780831490210757
91594,0.8980347141943313,0.9044714710096119,0.9048772956264672,0.9003116080128238,0.907011699833013
91595,0.886460339764318,0.8966079303374,0.8944268643798524,0.8899529358274287,0.8926768878408046
91597,0.921688422395313,0.9307299247389743,0.9286526050023509,0.9219438192362114,0.9350223958254557
91598,0.9309612613389768,0.9332372897099221,0.9279306703047766,0.9319237558166391,0.9264135640292548
91601,0.8642418985694965,0.8676709342889545,0.8646147132223422,0.8628841527140251,0.8643573971544187
91602,0.8642418985694965,0.8676709342889545,0.8646147132223422,0.8628841527140251,0.8643573971544187
91603,0.8438777194051597,0.8512352823433583,0.8434634469923868,0.8426287823889522,0.8406055389336052
91604,0.8658820071601064,0.8682992790234988,0.861956892071939,0.8633316725991552,0.8630302365102959
91605,0.8995274385536187,0.9017651337679156,0.8997638380203751,0.8996194846090553,0.8995003148209466
91606,0.9216171082498299,0.9306673197052397,0.9285880105715734,0.9218727528998322,0.9349638799628154
91607,0.9580893311682702,0.9562639907356479,0.9489710256002231,0.9512769811622521,0.9524291194512003
91608,0.9381392752084068,0.9477341302057078,0.9488818574480621,0.9369491399388514,0.9514030814331879
91609,0.865031217149755,0.8809209380696627,0.8782404192526203,0.8704056647593182,0.868101967230726
91611,0.9580922438205524,0.9562670348061337,0.948974598673672,0.9512803862870777,0.952432440900367
91612,0.9309612613389768,0.9332372897099221,0.9279306703047766,0.9319237558166391,0.9264135640292548
91613,1.010420192447561,1.0075618932130952,1.0031535399214704,1.004103059544562,1.0030164898195262
91614,1.010420192447561,1.0075618932130952,1.0031535399214704,1.004103059544562,1.0030164898195262
91615,1.0133927190489858,1.011030314171962,1.0076441892651604,1.0054147275048857,1.0105999562611983
91616,1.0133923630999824,1.0110300204555012,1.0076439851616084,1.0054145826701455,1.0105996739070355
91617,0.8904138701449441,0.8900208543675074,0.8833593512136609,0.8872176589688926,0.8857161150406336
91618,0.8904138701449441,0.8900208543675074,0.8833593512136609,0.8872176589688926,0.8857161150406336
91619,0.8903944018492419,0.8900013096705568,0.8833385037195353,0.8871975678522017,0.8856957301557132
91620,0.8732093558491074,0.8817658512171468,0.8750879106702758,0.8751179168416943,0.8689439683822865
91621,0.8805182447582071,0.8805357581068454,0.8770687267691799,0.8798515512061774,0.8747934789678907
91622,0.8904810465972696,0.9021432924607884,0.8985470777098198,0.8949113491199033,0.892200036171312
91623,0.8902999873691534,0.8899065246444402,0.8832374000921684,0.8871001326838573,0.8855968702030994
91624,0.8903195646688947,0.8899261787823036,0.8832583644889618,0.8871203363682651,0.8856173693384543
91625,0.8969413065288027,0.9021423904555682,0.8989320298498513,0.8952873530611735,0.9036352621098563
91626,0.8969413065288027,0.9021423904555682,0.8989320298498513,0.8952873530611735,0.9036352621098563
91627,0.8969413065288027,0.9021423904555682,0.8989320298498513,0.8952873530611735,0.9036352621098563
91628,0.8647634166434455,0.8681777682602445,0.8651346305790751,0.8634115091434683,0.8648784192132055
91629,0.8965163116043221,0.9017406309165674,0.8985159525148708,0.8948549261707323,0.903240134134778
91630,0.896955026740097,0.9021553607441873,0.8989454622485705,0.8953013131342404,0.9036480183601595
91631,0.8965163116043221,0.9017406309165674,0.8985159525148708,0.8948549261707323,0.903240134134778
91632,1.0104207477260905,1.0075622971010327,1.0031537089523084,1.0041032793022466,1.003016651522242
91633,0.8904689082927378,0.8900761084965411,0.8834182882500203,0.8872744577875841,0.8857737443193143
91634,0.8904689082927378,0.8900761084965411,0.8834182882500203,0.8872744577875841,0.8857737443193143
91635,0.8904689082927378,0.8900761084965411,0.8834182882500203,0.8872744577875841,0.8857737443193143
91636,0.8902999873691534,0.8899065246444402,0.8832374000921684,0.8871001326838573,0.8855968702030994
91637,0.8827809905457248,0.8899065246444402,0.8832374000921684,0.8871001326838573,0.8855968702030994
91638,0.9345177101241511,0.933146426560017,0.9310999384922306,0.9317102051039723,0.9338822315012859
91639,0.934508426469608,0.9331369376600966,0.9310901424188514,0.9317005007392433,0.9338728527900501
91640,1.0104203312475344,1.007561994170775,1.0031535821731894,1.0041031144761958,1.003016530239474
91641,0.8904284566102091,0.8900354980745752,0.8833749710086286,0.8872327120675362,0.8857313882376862
91642,0.880507581667449,0.8805250967402383,0.8770577230680593,0.8798408224423506,0.8747822494970746
91643,0.9580858341558307,0.9562603359382321,0.9489667356640901,0.9512728928709667,0.952425131623734
91644,0.9580858341558307,0.9562603359382321,0.9489667356640901,0.9512728928709667,0.952425131623734
91645,0.8076051726546715,0.8196379475138629,0.8119700925317097,0.8074280328266485,0.8069704070761567
91646,0.8075898989912802,0.8196237855665165,0.8119552249806082,0.8074127426131974,0.8069550740820041
91647,0.8075837874237471,0.8196181188448941,0.8119492759163929,0.807406624423257,0.8069489387736208
91648,0.8075898989912802,0.8196237855665165,0.8119552249806082,0.8074127426131974,0.8069550740820041
91649,0.8641205321611932,0.8675529865325088,0.8644937194864729,0.8627614270344005,0.8642361462264533
91650,0.8641205321611932,0.8675529865325088,0.861956892071939,0.8627614270344005,0.8630302365102959
91651,0.8647634166434455,0.8681777682602445,0.8651346305790751,0.8634115091434683,0.8648784192132055
91652,0.8647634166434455,0.8681777682602445,0.8651346305790751,0.8634115091434683,0.8648784192132055
91653,0.8983280783789777,0.9047448241747202,0.9051493943633201,0.9005978688997587,0.9072772150076105
91654,0.886460339764318,0.8966079303374,0.8944268643798524,0.8899529358274287,0.8926768878408046
91655,0.8864586353630938,0.8966063916738143,0.8944252903339523,0.8899512887925238,0.8926752853112396
91656,0.8575358521657218,0.867420070655495,0.8647241286411502,0.8605731435680849,0.8573097806017566
91658,0.8985102023302752,0.9049145284089416,0.9053183200264474,0.9007755842943561,0.9074420544950609
91659,0.9091528873581552,0.9131926862301827,0.9129512371084131,0.911227328786706,0.9155654385380743
91660,0.9091528873581552,0.9131926862301827,0.9129512371084131,0.911227328786706,0.9155654385380743
91661,0.909094233517589,0.9131368309646931,0.9128952151092726,0.9111701143792,0.9155112182160973
91662,0.8724305617238386,0.8815574115129641,0.8793478859627,0.8759802651076366,0.875027406879448
91663,0.909094233517589,0.9131368309646931,0.9128952151092726,0.9111701143792,0.9155112182160973
91664,0.8985191783021212,0.9049228923420408,0.9053266455915177,0.9007843430154913,0.9074501786924764
91665,0.8903195646688947,0.8899261787823036,0.8832583644889618,0.8871203363682651,0.8856173693384543
91666,0.8903195646688947,0.8899261787823036,0.8832583644889618,0.8871203363682651,0.8856173693384543
91667,0.8903195646688947,0.8899261787823036,0.8832583644889618,0.8871203363682651,0.8856173693384543
91668,0.8877599085568483,0.8999743411007399,0.8964695606878863,0.8944841458294734,0.8915724348687795
91669,0.8650187838035917,0.8809101184961196,0.8782293305284284,0.8703937822033817,0.8680898492120315
91670,0.8647098025978225,0.8806412484393211,0.8779537707616655,0.8700984914458721,0.8677887058246269
91671,0.8650187838035917,0.8809101184961196,0.8782293305284284,0.8703937822033817,0.8680898492120315
91673,0.921688422395313,0.9307299247389743,0.9286526050023509,0.9219438192362114,0.9350223958254557
91674,0.8985102023302752,0.9049145284089416,0.9053183200264474,0.9007755842943561,0.9074420544950609
91675,0.921688422395313,0.9307299247389743,0.92793477973459,0.9219438192362114,0.9264177652921354
91676,0.921688422395313,0.9307299247389743,0.9279337525245374,0.9219438192362114,0.9264167151271516
91677,0.8641875770397744,0.8676181428238131,0.8645605584870768,0.8628292228249512,0.8643031273094375
91679,0.8075837874237471,0.8196181188448941,0.8119492759163929,0.807406624423257,0.8069489387736208
91680,0.8075837874237471,0.8196181188448941,0.8119492759163929,0.807406624423257,0.8069489387736208
91681,0.8075837874237471,0.8196181188448941,0.8119492759163929,0.807406624423257,0.8069489387736208
91683,0.8330393059456186,0.841131811468051,0.8347338660699407,0.8329777572397582,0.8305369895128789
91684,0.9225685022118971,0.9244012602642158,0.9190072134513744,0.9209331207683605,0.9179992028114441
91685,0.8411563342854712,0.8498208775471696,0.8441438458532813,0.8414697826050146,0.840619426149523
91686,0.8905028125054929,0.8901101457491173,0.883454594084752,0.8873094465340535,0.8858092446089899
91687,0.9580852511262987,0.9562597266023838,0.9489660204362295,0.9512722112618798,0.9524244667642431
91688,0.8905173218974055,0.8901247120740218,0.8834701312232186,0.8873244200403262,0.885824437024245
91689,0.9580852511262987,0.9562597266023838,0.9489660204362295,0.9512722112618798,0.9524244667642431
91690,0.8904446489726081,0.8900517539795876,0.8833923104413892,0.8872494224270109,0.8857483429221975
91691,0.8904478855740771,0.890055003282082,0.8833957763213858,0.8872527625667396,0.8857517318980573
91692,0.886460339764318,0.8966079303374,0.8944268643798524,0.8899529358274287,0.8926768878408046
91693,0.886460339764318,0.8966079303374,0.8944268643798524,0.8899529358274287,0.8926768878408046
91694,0.8567177371482488,0.866665299886524,0.863952189047289,0.8597746102287097,0.856490203899814
91695,0.8983356461460803,0.9047518758160845,0.9051564136499055,0.9006052534596881,0.907284064487091
91696,0.8567177371482488,0.866665299886524,0.863952189047289,0.8597746102287097,0.856490203899814
91697,0.8241267221496774,0.8347361272331153,0.827800346899101,0.8273854562917832,0.8203109805965353
91698,0.9146408236916614,0.9176833935662247,0.9178727372319296,0.9129797886314324,0.9229784933627215
91699,0.9146408236916614,0.9176833935662247,0.9178727372319296,0.9129797886314324,0.9229784933627215
91701,1.0092634787412347,1.0087271401870965,1.0085424950833264,1.0014405334560375,1.0140730257326742
91702,0.9530171014771738,0.9594619450490491,0.9586398353116266,0.9492554085938355,0.9658196430644342
91703,1.0092634787412347,1.0087271401870965,1.0085424950833264,1.0014405334560375,1.0140730257326742
91704,1.0092589023502299,1.00872282690792,1.0085382724379988,1.0014398173153667,1.014066100011207
91705,0.8827809905457248,0.8980385199952969,0.8961263639650384,0.8894966479701178,0.8869125594372443
91706,0.8827809905457248,0.8980385199952969,0.8961263639650384,0.8894966479701178,0.8869125594372443
91707,0.865031217149755,0.8809209380696627,0.8750879106702758,0.8704056647593182,0.868101967230726
91709,0.8905173218974055,0.8901247120740218,0.8834701312232186,0.8873244200403262,0.885824437024245
91711,0.9580922438205524,0.9562670348061337,0.948974598673672,0.9512803862870777,0.952432440900367
91712,0.9580904963954816,0.9562652085376963,0.9489724550339189,0.9512783434068189,0.952430448220684
91715,0.8644389951261933,0.8804056080008321,0.8777122654552153,0.8698396873657321,0.8675247703824543
91716,0.8903944018492419,0.8900013096705568,0.8833385037195353,0.8871975678522017,0.8856957301557132
91719,0.8647098025978225,0.8806412484393211,0.8779537707616655,0.8700984914458721,0.8677887058246269
91720,0.8647098025978225,0.8806412484393211,0.8779537707616655,0.8700984914458721,0.8677887058246269
91721,0.8721428156755973,0.8780820454724696,0.8723178759731129,0.8741996937092973,0.8656179963532887
91722,0.8721428156755973,0.8780820454724696,0.8723178759731129,0.8744789590940404,0.8656179963532887
91723,0.934508426469608,0.9331369376600966,0.9310901424188514,0.9317005007392433,0.9338728527900501
91724,0.934508426469608,0.9331369376600966,0.9310901424188514,0.9317005007392433,0.9338728527900501
91725,0.8869828745269267,0.8992890865352373,0.8957581662793666,0.8937578742273125,0.8908242538353653
91726,0.8985057124032185,0.9049103446359614,0.9053141554459139,0.9007712030405124,0.9074379906425842
91727,0.8985057124032185,0.9049103446359614,0.9053141554459139,0.9007712030405124,0.9074379906425842
91728,0.8983900269860166,0.9048025479845312,0.9052068533292604,0.9006583178491322,0.9073332839960662
91729,0.8905028125054929,0.8901101457491173,0.883454594084752,0.8873094465340535,0.8858092446089899
91730,0.8905028125054929,0.8901101457491173,0.883454594084752,0.8873094465340535,0.8858092446089899
91731,0.8905028125054929,0.8901101457491173,0.883454594084752,0.8873094465340535,0.8858092446089899
91732,0.8905028125054929,0.8901101457491173,0.883454594084752,0.8873094465340535,0.8858092446089899
91733,0.9580910789259334,0.9562658173517886,0.948973169648603,0.9512790244317786,0.9524311125105119
91734,0.9580910789259334,0.9562658173517886,0.948973169648603,0.9512790244317786,0.9524311125105119
91735,0.9580910789259334,0.9562658173517886,0.948973169648603,0.9512790244317786,0.9524311125105119
91736,0.9580881657192835,0.9562627727017476,0.9489695958940512,0.9512756186581175,0.9524277904285764
91737,0.9580881657192835,0.9562627727017476,0.9489695958940512,0.9512756186581175,0.9524277904285764
91738,0.8903862834178317,0.8899931593786771,0.8833298101409138,0.887189189694938,0.8856872294925061
91739,0.8720425102076809,0.877986890552257,0.872217723074807,0.8743806858423153,0.8655119712337028
91740,0.8721812606577906,0.8781185165253333,0.8723562624838305,0.8745166252389347,0.8656586333479281
91741,0.840461500763689,0.8497486601458824,0.8432846603363778,0.8420761484549226,0.8378807811434376
91742,0.8641875770397744,0.8676181428238131,0.8645605584870768,0.8628292228249512,0.8643031273094375
91743,0.840461500763689,0.8497486601458824,0.8432846603363778,0.8420761484549226,0.8378807811434376
91744,0.8732093558491074,0.8817658512171468,0.8750879106702758,0.8751179168416943,0.8689439683822865
91745,0.8642379846641202,0.8802307076908445,0.8741694429113487,0.8696475892162341,0.8673288623181857
91746,0.8722755477287172,0.8809015138505057,0.8741694429113487,0.8741996937092973,0.8679751425037446
91747,0.9110724794127154,0.9228016794487066,0.9238057378134431,0.9138103712378745,0.9274900831361158
91748,0.9303905367844121,0.939302393829843,0.9412648849820324,0.9307677372237978,0.9467257655095942
91749,0.9303826038115474,0.9392955276132893,0.9412582515759812,0.9307598497215542,0.9467197759841531
91750,0.8665986352211702,0.8790291752903371,0.8781746361956467,0.8729852118686896,0.8648156752302071
91751,0.9580881657192835,0.9562627727017476,0.9489695958940512,0.9512756186581175,0.9524277904285764
91752,0.9580881657192835,0.9562627727017476,0.9489695958940512,0.9512756186581175,0.9524277904285764
91753,0.9580881657192835,0.9562627727017476,0.9489695958940512,0.9512756186581175,0.9524277904285764
91754,0.9580881657192835,0.9562627727017476,0.9489695958940512,0.9512756186581175,0.9524277904285764
91755,0.9580840849007976,0.9562585077566886,0.9489645897760206,0.9512708478489069,0.9524231368552861
91756,0.9580881657192835,0.9562627727017476,0.9489695958940512,0.9512756186581175,0.9524277904285764
91757,0.8720425102076809,0.877986890552257,0.872217723074807,0.8743806858423153,0.8655119712337028
91758,0.8716953183072966,0.8776575313617503,0.8718710594237743,0.8740405301423052,0.8651449755190017
91759,0.8616760337380394,0.871578146566005,0.869084443754047,0.8667845568365181,0.8561252081133436
91760,0.8619536934540898,0.8778949308794906,0.8745477423691788,0.8678224653287627,0.862205592111895
91761,0.8619536934540898,0.876842124971182,0.8710127784137314,0.8678224653287627,0.862205592111895
91762,0.8619536934540898,0.8778949308794906,0.8745477423691788,0.8678224653287627,0.862205592111895
91763,0.8330393059456186,0.841131811468051,0.8347338660699407,0.8329777572397582,0.8305369895128789
91764,0.8438488856777742,0.8512079859790749,0.8434345261063521,0.8425996857034526,0.8405760150239019
91765,0.9225729361916518,0.9244055826487766,0.9190118652515995,0.9209376546130655,0.9180039165002684
91766,0.8330393059456186,0.841131811468051,0.8347338660699407,0.8329777572397582,0.8305369895128789
91767,0.8642379846641202,0.8802307076908445,0.8775330108699697,0.8696475892162341,0.8673288623181857
91768,0.8647539137203134,0.8806796323133084,0.8779931098024745,0.8701406477529686,0.867831697805923
91769,0.8647539137203134,0.8806796323133084,0.8779931098024745,0.8701406477529686,0.867831697805923
91770,0.8644389951261933,0.8804056080008321,0.8777122654552153,0.8698396873657321,0.8675247703824543
91771,0.8730415018706866,0.8816104790677047,0.8749228128107959,0.8749528629333331,0.8687698231435925
91772,0.8730415018706866,0.8816104790677047,0.8749228128107959,0.8749528629333331,0.8687698231435925
91773,0.8721831809562594,0.8781203382299247,0.8723581798617686,0.8745185066360514,0.8656606631327477
91774,0.8705072995712568,0.8765305898949179,0.8706848500491673,0.872876611318646,0.8638891202173365
91778,0.8410928236628701,0.849761291528885,0.8440816952344432,0.841406415012545,0.840555670344113
91779,0.8411563342854712,0.8498208775471696,0.8441438458532813,0.8414697826050146,0.840619426149523
91780,0.8411563342854712,0.8498208775471696,0.8441438458532813,0.8414697826050146,0.840619426149523
91781,0.9580922438205524,0.9562670348061337,0.948974598673672,0.9512803862870777,0.952432440900367
91782,0.9580840849007976,0.9562585077566886,0.9489645897760206,0.9512708478489069,0.9524231368552861
91783,0.8980670643862707,0.9045016141956514,0.9049073004639493,0.9003431747793945,0.9070409785850104
91784,0.8980670643862707,0.9045016141956514,0.9049073004639493,0.9003431747793945,0.9070409785850104
91785,0.8864586353630938,0.8966063916738143,0.8944252903339523,0.8899512887925238,0.8926752853112396
91786,0.8724305617238386,0.8815574115129641,0.8793478859627,0.8759802651076366,0.875027406879448
91787,0.8514245859057035,0.86123988436045,0.8584909543649311,0.8555713473258328,0.8505590977218476
91788,0.909094233517589,0.9131368309646931,0.9128952151092726,0.9111701143792,0.9155112182160973
91789,0.8985102023302752,0.9049145284089416,0.9053183200264474,0.9007755842943561,0.9074420544950609
91792,0.8985102023302752,0.9049145284089416,0.9053183200264474,0.9007755842943561,0.9074420544950609
91793,0.8514245859057035,0.86123988436045,0.8584909543649311,0.8555713473258328,0.8505590977218476
91794,0.8912735793978234,0.8967288601933107,0.8928732708915113,0.893048107477251,0.8893483081793304
91795,0.8869828745269267,0.8967288601933107,0.8928732708915113,0.893048107477251,0.8893483081793304
91796,0.8877599085568483,0.8999743411007399,0.8964695606878863,0.8944841458294734,0.8915724348687795
91797,0.8869828745269267,0.8992890865352373,0.8957581662793666,0.8937578742273125,0.8908242538353653
91798,0.9309642064848113,0.9332401323623483,0.9279337525245374,0.9319266575725902,0.9264167151271516
91799,0.8439903277253995,0.8513418871374706,0.843576395672011,0.8427424175745913,0.8407208424479682
91800,0.8437911170907134,0.8511532976830144,0.8433765828858371,0.8425413902460982,0.8405168635666794
91801,0.8805182447582071,0.8805357581068454,0.8770687267691799,0.8798515512061774,0.8747934789678907
91803,0.8917939595651285,0.8972208458824922,0.8933852976470823,0.8935592226224655,0.8898787718900788
91804,0.8804719933944397,0.8804895142217861,0.8770209979666069,0.8798050149776866,0.8747447708605225
91805,0.8917939595651285,0.8972208458824922,0.8933852976470823,0.8935592226224655,0.8898787718900788
91806,0.8804595212592816,0.8804770441034112,0.8770081274100903,0.8797924660230576,0.8747316362140031
91809,0.880507581667449,0.8805250967402383,0.8770577230680593,0.8798408224423506,0.8747822494970746
91810,0.880507581667449,0.8805250967402383,0.8770577230680593,0.8798408224423506,0.8747822494970746
91811,0.8804880166197634,0.8805055348561521,0.8770375330429464,0.8798211368928622,0.8747616452123222
91812,0.8905076503674779,0.8901150025943672,0.8834597746301807,0.8873144391465115,0.8858143102126808
91813,0.880507581667449,0.8805250967402383,0.8770577230680593,0.8798408224423506,0.8747822494970746
91814,0.880507581667449,0.8805250967402383,0.8770577230680593,0.8798408224423506,0.8747822494970746
91815,0.8804969123987041,0.8805144291966669,0.877046712986807,0.8798300874615873,0.874771013511954
91817,0.8805217977494725,0.8805393105236208,0.8770723932523311,0.879855126079814,0.8747972206778043
91818,0.8616760337380394,0.871578146566005,0.869084443754047,0.8667845568365181,0.8561252081133436
91819,0.8804969123987041,0.8805144291966669,0.877046712986807,0.8798300874615873,0.874771013511954
91820,0.8914450420402599,0.8968909650853181,0.8930419805388385,0.8932165166906657,0.8895230940365961
91821,0.8914450420402599,0.8968909650853181,0.8930419805388385,0.8932165166906657,0.8895230940365961
91822,0.8769585175872716,0.8863769851173371,0.8831805595653803,0.8811499827557949,0.8786448068370368
91823,0.8913929698602118,0.8968417345992895,0.8929907443658223,0.8931653717510951,0.8894700126927944
91824,0.8869828745269267,0.8992890865352373,0.8957581662793666,0.8937578742273125,0.8908242538353653
91825,0.8869828745269267,0.8992890865352373,0.8957581662793666,0.8937578742273125,0.8908242538353653
91827,0.8904828667150466,0.895981325831116,0.8920952613385984,0.8922714841985484,0.8885422608448239
91828,0.8744045150244355,0.8859360528667657,0.8833290221814384,0.8796747068999795,0.8709647302408334
91829,0.8907487110280086,0.8962326487551993,0.892356833376982,0.8925325900127725,0.8888132625232149
91830,0.8496738979288678,0.8657570358499481,0.8554947852848747,0.8549960949506652,0.8388837304828269
91833,0.8724344057826879,0.8815609524898058,0.8793514998774395,0.87598399072324,0.8750311642180588
91834,0.8724344057826879,0.8815609524898058,0.8793514998774395,0.87598399072324,0.8750311642180588
91835,0.8514199400444696,0.8612355826253377,0.858486556846011,0.8555668475716776,0.850554421231667
91836,0.8904828667150466,0.895981325831116,0.8920952613385984,0.8922714841985484,0.8885422608448239
91837,0.8813576146662953,0.8955435022714661,0.8917803040820302,0.8878395173023307,0.877696060547431
91838,0.8804719933944397,0.8804895142217861,0.8770209979666069,0.8798050149776866,0.8747447708605225
91839,0.8804719933944397,0.8804895142217861,0.8770209979666069,0.8798050149776866,0.8747447708605225
91840,0.8804719933944397,0.8804895142217861,0.8770209979666069,0.8798050149776866,0.8747447708605225
91841,0.8708357284146665,0.876842124971182,0.8710127784137314,0.873198374078339,0.8642363137039678
91842,0.8705072995712568,0.8765305898949179,0.8706848500491673,0.872876611318646,0.8638891202173365
91843,0.8716953183072966,0.8776575313617503,0.8718710594237743,0.8740405301423052,0.8651449755190017
91844,0.8985191783021212,0.9049228923420408,0.9053266455915177,0.9007843430154913,0.9074501786924764
91845,0.8804826770911941,0.8805001961909793,0.8770320229479784,0.8798157644774266,0.8747560220591243
91846,0.8804773360162221,0.8804948559796603,0.8770265112560061,0.8798103905058382,0.874750397275335
91847,0.8804826770911941,0.8805001961909793,0.8770320229479784,0.8798157644774266,0.8747560220591243
91848,0.8804773360162221,0.8804948559796603,0.8770265112560061,0.8798103905058382,0.874750397275335
91849,0.8722004552899432,0.8781367256579707,0.8723754279237065,0.8745354310310323,0.8656789223543097
91850,0.8616760337380394,0.871578146566005,0.869084443754047,0.8667845568365181,0.8561252081133436
91852,0.8269212449380037,0.8372309403755219,0.833347111168554,0.8306084171491096,0.8232297491570834
91853,0.7999986237921836,0.8090914501219835,0.8013072189503752,0.7998131111911477,0.7949973967684358
91854,0.8722138804937322,0.8781494615926092,0.8723888327101216,0.8745485842760287,0.8656931129734482
91855,0.8917317868602713,0.8971620647127743,0.8933241226907319,0.8934981565513206,0.8898153947997032
91856,0.8804897961190453,0.8805073140676919,0.877039369386452,0.8798229273522667,0.8747635192344422
91857,0.9580840849007976,0.9562585077566886,0.9489645897760206,0.9512708478489069,0.9524231368552861
91858,0.8614630086071837,0.8713820738040539,0.8688841292036746,0.866580313889251,0.8559025512317174
91859,0.8614630086071837,0.8713820738040539,0.8688841292036746,0.866580313889251,0.8559025512317174
91861,0.8616760337380394,0.871578146566005,0.869084443754047,0.8667845568365181,0.8561252081133436
91862,0.8804095483776677,0.8804270793028882,0.876956558082927,0.8797421853317358,0.8746790086947971
91863,0.8721831809562594,0.8781203382299247,0.8723581798617686,0.8745185066360514,0.8656606631327477
91864,0.8608527300585688,0.8708203849176043,0.868310282748273,0.8659952078284967,0.8552646635944242
91865,0.8721831809562594,0.8781203382299247,0.8723581798617686,0.8745185066360514,0.8656606631327477
91866,0.840758446298359,0.8500260298859781,0.8435756211065374,0.8423696674650009,0.8381832237748708
91867,0.840758446298359,0.8500260298859781,0.8435756211065374,0.8423696674650009,0.8381832237748708
91868,0.840758446298359,0.8500260298859781,0.8435756211065374,0.8423696674650009,0.8381832237748708
91869,0.824082789199793,0.8346952369719776,0.8277574740996689,0.8273424641133319,0.8202659389947069
91870,0.840758446298359,0.8500260298859781,0.8435756211065374,0.8423696674650009,0.8381832237748708
91871,0.8403042105950523,0.8496017421742652,0.8431305412356036,0.841920673859101,0.8377205782602308
91872,0.8722138804937322,0.8781494615926092,0.8723888327101216,0.8745485842760287,0.8656931129734482
91873,0.8722138804937322,0.8781494615926092,0.8723888327101216,0.8745485842760287,0.8656931129734482
91874,0.8722138804937322,0.8781494615926092,0.8723888327101216,0.8745485842760287,0.8656931129734482
91875,0.8722138804937322,0.8781494615926092,0.8723888327101216,0.8745485842760287,0.8656931129734482
91876,0.8917397707756622,0.8971696130899485,0.8933319784758793,0.8935059983535064,0.8898235333817387
91877,0.8804880166197634,0.8805055348561521,0.8770375330429464,0.8798211368928622,0.8747616452123222
91878,0.8804095483776677,0.8804270793028882,0.876956558082927,0.8797421853317358,0.8746790086947971
91879,0.8804595212592816,0.8804770441034112,0.8770081274100903,0.8797924660230576,0.8747316362140031
91880,0.8813576146662953,0.8955435022714661,0.8917803040820302,0.8878395173023307,0.877696060547431
91881,0.8813576146662953,0.8955435022714661,0.8917803040820302,0.8878395173023307,0.877696060547431
91882,0.7729103063509886,0.7843494812549724,0.7783730402176583,0.7774729207677773,0.7634709689968574
91883,0.8804595212592816,0.8804770441034112,0.8770081274100903,0.8797924660230576,0.8747316362140031
91884,0.8575358521657218,0.867420070655495,0.8647241286411502,0.8605731435680849,0.8573097806017566
91885,0.8575358521657218,0.867420070655495,0.8647241286411502,0.8605731435680849,0.8573097806017566
91886,0.8575358521657218,0.867420070655495,0.8647241286411502,0.8605731435680849,0.8573097806017566
91887,0.886908666806486,0.8934004489704211,0.8861951506391847,0.8881577550420634,0.8826230342195427
91888,0.886908666806486,0.8934004489704211,0.8861951506391847,0.8881577550420634,0.8826230342195427
91889,0.7780386088900466,0.794393610386815,0.7835316428519101,0.7792512243204872,0.7746353676457225
91890,0.8348828094670828,0.8452834119322349,0.842111139204568,0.8395964466065328,0.8325554676275833
91891,0.8348828094670828,0.8452834119322349,0.842111139204568,0.8395964466065328,0.8325554676275833
91892,0.8744045150244355,0.8803482899597558,0.8768752383513292,0.8796628978201577,0.8709647302408334
91893,0.8803307462904401,0.8803482899597558,0.8768752383513292,0.8796628978201577,0.874596020153202
91894,0.822117117527181,0.8301993428550273,0.8223725429548091,0.8225935983505241,0.8171702522976613
91895,0.8240882845814355,0.834700351747244,0.8277628368681417,0.8273478418147977,0.8202715730567418
91896,0.8240882845814355,0.834700351747244,0.8277628368681417,0.8273478418147977,0.8202715730567418
91897,0.8240882845814355,0.834700351747244,0.8277628368681417,0.8273478418147977,0.8202715730567418
91898,0.8803307462904401,0.8803482899597558,0.8768752383513292,0.8796628978201577,0.874596020153202
91899,0.824082789199793,0.8346952369719776,0.8277574740996689,0.8273424641133319,0.8202659389947069
91900,0.824082789199793,0.8346952369719776,0.8277574740996689,0.8273424641133319,0.8202659389947069
91901,0.8241267221496774,0.8347361272331153,0.827800346899101,0.8273854562917832,0.8203109805965353
91902,0.8353921159385208,0.8457562512482075,0.8425950302301699,0.8400891425748406,0.8330730269977434
91903,0.8353921159385208,0.8457562512482075,0.8425950302301699,0.8400891425748406,0.8330730269977434
91904,0.8942272680164451,0.9051601424715664,0.9089215253547879,0.8991462772969608,0.907504647737789
91905,0.8764520430144537,0.886264072627544,0.8921837370347155,0.881900299088428,0.8871883284126402
91906,0.8941756019857899,0.9051142458430829,0.9088775891850746,0.8990972202809039,0.9074599745365819
91907,0.8516820250190881,0.8660356079634044,0.8640095440858391,0.8587905056621751,0.8499528081642115
91908,0.8516820250190881,0.8660356079634044,0.8640095440858391,0.8587905056621751,0.8499528081642115
91909,0.8496738979288678,0.8657570358499481,0.8554947852848747,0.8549960949506652,0.8388837304828269
91910,0.8241267221496774,0.8347361272331153,0.827800346899101,0.8273854562917832,0.8203109805965353
91911,0.8393502530888549,0.8532578004576872,0.8470997678552233,0.8445700212778384,0.8331283555118697
91912,0.796207092620409,0.8104113368615286,0.8029168801906384,0.8014054245188026,0.7892442398057378
91913,0.7643223621652874,0.7774160958712624,0.7702160819669459,0.7693619395093334,0.7532460080530111
91914,0.7729103063509886,0.7843494812549724,0.7783730402176583,0.7774729207677773,0.7634709689968574
91915,0.8606931309036393,0.8725459414505184,0.8763374334879387,0.8694977740169614,0.8647163867830786
91916,0.7588107255673266,0.7726082932215158,0.7676293135000224,0.766514933881577,0.7489254560465877
91917,0.8764335581847218,0.8862471992535104,0.8921678228730229,0.8818827123851084,0.8871716054417034
91918,0.8751481557559029,0.8850721869125586,0.8899587162194357,0.8818827123851084,0.8850945389105157
91919,0.7909966598547246,0.8055074493845336,0.8020766101824944,0.798547044260595,0.787016548320056
91920,0.8269212449380037,0.8372309403755219,0.833347111168554,0.8306084171491096,0.8232297491570834
91922,0.8514199400444696,0.8612355826253377,0.858486556846011,0.8555668475716776,0.850554421231667
91923,0.7975247368541495,0.8091334268027929,0.8046026583375154,0.8014855214661762,0.7926793569268397
91926,0.8221504586933883,0.8302309378021175,0.8224058285433824,0.8226268358607516,0.8172046749449784
91927,0.8221504586933883,0.8302309378021175,0.8224058285433824,0.8226268358607516,0.8172046749449784
91928,0.8221504586933883,0.8302309378021175,0.8224058285433824,0.8226268358607516,0.8172046749449784
91929,0.822117117527181,0.8301993428550273,0.8223725429548091,0.8225935983505241,0.8171702522976613
91930,0.8087894470717594,0.8181243195425828,0.8109325185335683,0.8101186640775316,0.8043123941832221
91931,0.788340838104068,0.7981245300840061,0.7902453247319309,0.7893625915743349,0.7829913867019452
91932,0.8221337930079473,0.8302151449598577,0.822389190638261,0.822610221987453,0.8171874686845978
91938,0.9309612613389768,0.9332372897099221,0.9279306703047766,0.9319237558166391,0.9264135640292548
91939,0.9309612613389768,0.9332372897099221,0.9279306703047766,0.9319237558166391,0.9264135640292548
91940,0.7999986237921836,0.8090914501219835,0.8013072189503752,0.7998131111911477,0.7949973967684358
91942,0.9309612613389768,0.9332372897099221,0.9279306703047766,0.9319237558166391,0.9264135640292548
91943,0.9309612613389768,0.9332372897099221,0.9279306703047766,0.9319237558166391,0.9264135640292548
91944,0.852102333032259,0.8618674509757527,0.8591324885728379,0.8562277895726782,0.851241310977042
91945,0.8514245859057035,0.86123988436045,0.8584909543649311,0.8555713473258328,0.8505590977218476
91946,0.9309612613389768,0.9332372897099221,0.9279306703047766,0.9319237558166391,0.9264135640292548
91952,0.8439496565295873,0.8513033841582099,0.8435356015533547,0.8427013755202762,0.8406791978677042
91953,0.8439496565295873,0.8513033841582099,0.8435356015533547,0.8427013755202762,0.8406791978677042
91954,0.8438103882814669,0.8511715412849484,0.8433959123346222,0.842560837201753,0.8405365960856772
91960,0.9309612613389768,0.9332372897099221,0.9279306703047766,0.9319237558166391,0.9264135640292548
91961,0.9309612613389768,0.9332372897099221,0.9279306703047766,0.9319237558166391,0.9264135640292548
91968,0.8514199400444696,0.8612355826253377,0.858486556846011,0.8555668475716776,0.850554421231667
91969,0.8514199400444696,0.8612355826253377,0.858486556846011,0.8555668475716776,0.850554421231667
91970,0.8514199400444696,0.8612355826253377,0.858486556846011,0.8555668475716776,0.850554421231667
91976,0.9309632248633836,0.9332391849020866,0.9279327252162232,0.9319256904130583,0.9264156648616827
91978,0.8905173218974055,0.8901247120740218,0.8834701312232186,0.8873244200403262,0.885824437024245
91979,0.8905076503674779,0.8901150025943672,0.8834597746301807,0.8873144391465115,0.8858143102126808
91980,0.8905173218974055,0.8901247120740218,0.8834701312232186,0.8873244200403262,0.885824437024245
91982,0.8616760337380394,0.871578146566005,0.869084443754047,0.8667845568365181,0.8561252081133436
91985,0.8995495059043336,0.9017866686174045,0.8997858490203203,0.899641530015987,0.8995223886386116
91989,0.8764520430144537,0.886264072627544,0.8921837370347155,0.881900299088428,0.8871883284126402
91990,0.8764520430144537,0.886264072627544,0.8921837370347155,0.881900299088428,0.8871883284126402
91998,0.9309642064848113,0.9332401323623483,0.9279337525245374,0.9319266575725902,0.9264167151271516
91999,0.8658820071601064,0.8682992790234988,0.861956892071939,0.8633316725991552,0.8630302365102959
92006,0.9309642064848113,0.9332401323623483,0.9279337525245374,0.9319266575725902,0.9264167151271516
92008,0.8330393059456186,0.841131811468051,0.8347338660699407,0.8329777572397582,0.8305369895128789
92009,0.8330393059456186,0.841131811468051,0.8347338660699407,0.8329777572397582,0.8305369895128789
92010,0.8330393059456186,0.841131811468051,0.8347338660699407,0.8329777572397582,0.8305369895128789
92011,0.8330393059456186,0.841131811468051,0.8347338660699407,0.8329777572397582,0.8305369895128789
92015,0.8269212449380037,0.8372309403755219,0.833347111168554,0.8306084171491096,0.8232297491570834
92020,0.9794304398905715,0.9810581970382908,0.9761508133404199,0.9725623145651813,0.989257003924715
92021,0.9794304398905715,0.9810581970382908,0.9761508133404199,0.9725623145651813,0.989257003924715
92023,0.9794304398905715,0.9810581970382908,0.9761508133404199,0.9725623145651813,0.989257003924715
92025,0.8076326463384683,0.81966342154344,0.8119968357387135,0.807455536279114,0.8069979874784553
92027,0.8438103882814669,0.8511715412849484,0.8433959123346222,0.842560837201753,0.8405365960856772
92028,0.8438103882814669,0.8511715412849484,0.8433959123346222,0.842560837201753,0.8405365960856772
92031,0.8438705141305867,0.8512284612358446,0.8434562199380209,0.8426215114046337,0.8405981611916671
92032,0.8438705141305867,0.8512284612358446,0.8434562199380209,0.8426215114046337,0.8405981611916671
92033,0.8438705141305867,0.8512284612358446,0.8434562199380209,0.8426215114046337,0.8405981611916671
92038,0.8616760337380394,0.871578146566005,0.869084443754047,0.8667845568365181,0.8561252081133436
92041,0.8616760337380394,0.871578146566005,0.869084443754047,0.8667845568365181,0.8561252081133436
92044,0.8765199075276461,0.8829258578775195,0.875811374288315,0.8749300006383087,0.878496890066624
92045,0.8765199075276461,0.8829258578775195,0.875811374288315,0.8749300006383087,0.878496890066624
92046,0.8765199075276461,0.8829258578775195,0.875811374288315,0.8749300006383087,0.878496890066624
92048,0.8658820071601064,0.8682992790234988,0.861956892071939,0.8633316725991552,0.8630302365102959
92053,0.7975862618773963,0.8091908069532598,0.8046616456096589,0.8015456222643704,0.7927426386257425
92057,1.049373370410203,1.0459923550917518,1.0430115323570932,1.0398002830888164,1.0445959635380762
92066,0.8905076503674779,0.8901150025943672,0.8834597746301807,0.8873144391465115,0.8858143102126808
92069,0.8765622510538226,0.8829657832481733,0.8758539869136549,0.874972948465584,0.8785384844713132
92088,0.9580881657192835,0.9562627727017476,0.9489695958940512,0.9512756186581175,0.9524277904285764
92092,0.8764520430144537,0.886264072627544,0.8921837370347155,0.881900299088428,0.8871883284126402
92093,0.8764520430144537,0.886264072627544,0.8921837370347155,0.881900299088428,0.8871883284126402
92095,0.8751912062393323,0.8851114776004391,0.8899961789219275,0.881900299088428,0.8851338212020788
92099,0.7898091868578514,0.8030083868278464,0.8015637388099005,0.7974585841592003,0.7842760143645128
92104,0.9360269298433394,0.9503777972913701,0.9488052448954638,0.9422382757904209,0.9542481325153185
92105,0.9530184138228325,0.9594630713901212,0.9586409852707296,0.9492568304159353,0.9658205878236018
92106,0.9360269298433394,0.9503777972913701,0.9488052448954638,0.9422382757904209,0.9542481325153185
92107,0.9364718843639596,0.9507188978784242,0.9491576076842618,0.9426379819538303,0.9545616369087714
92108,0.9530171014771738,0.9594619450490491,0.9586398353116266,0.9492554085938355,0.9658196430644342
92109,0.9530171014771738,0.9594619450490491,0.9586398353116266,0.9492554085938355,0.9658196430644342
92110,1.028424169729959,1.0288711457192856,1.0280420163193678,1.0181418705387861,1.0329044897396757
92111,1.028424169729959,1.0288711457192856,1.0280420163193678,1.0181418705387861,1.0329044897396757
92112,0.9526734751391395,0.9587758082849458,0.9613471157558808,0.950918757566207,0.9684837888449807
92113,1.028424169729959,1.0288711457192856,1.0280420163193678,1.0181418705387861,1.0329044897396757
92114,0.9303826038115474,0.9392955276132893,0.9412582515759812,0.9307598497215542,0.9467197759841531
92115,0.9303826038115474,0.9392955276132893,0.9412582515759812,0.9307598497215542,0.9467197759841531
92116,0.9069209039878801,0.9189145116968253,0.9219041496791395,0.9132761537958911,0.9224690811275772
92117,0.9526734751391395,0.9587758082849458,0.9586329309601158,0.9492468719686717,0.965813970737208
92118,0.8665986352211702,0.8790291752903371,0.8781746361956467,0.8729852118686896,0.8648156752302071
92119,0.9069209039878801,0.9189145116968253,0.9219041496791395,0.9132761537958911,0.9224690811275772
92120,0.9530092221522999,0.9594551825007425,0.9586329309601158,0.9492468719686717,0.965813970737208
92121,0.9199623317904893,0.9309169231569598,0.9321072258954968,0.9254508615463223,0.9324185696358018
92122,0.9208782524767247,0.9323795651190812,0.9328157678535168,0.9266132718126817,0.9347563238928243
92124,0.9530171014771738,0.9594619450490491,0.9586398353116266,0.9492554085938355,0.9658196430644342
92125,0.9530171014771738,0.9594619450490491,0.9586398353116266,0.9492554085938355,0.9658196430644342
92126,0.7975765550610336,0.8091817540506353,0.8046523391598233,0.8015361401396884,0.7927326546695767
92127,0.7975247368541495,0.8091334268027929,0.8046026583375154,0.8014855214661762,0.7926793569268397
92128,0.7975765550610336,0.8091817540506353,0.8046523391598233,0.8015361401396884,0.7927326546695767
92129,0.7920249181908355,0.8029317660389961,0.7975686382251139,0.7955447953657274,0.7853582839165897
92130,0.8084635538278828,0.819561329700991,0.8153814883569059,0.8125686998288958,0.8042585496556944
92131,0.799377463175728,0.8107483363782692,0.8050492398648361,0.8035426089601756,0.7947570221197421
92132,0.8334824741793996,0.8455942348980843,0.8448944147147799,0.8405542551163242,0.8315513115809889
92133,0.8334824741793996,0.8455942348980843,0.8448944147147799,0.8405542551163242,0.8315513115809889
92134,0.7977243596435633,0.8107309348853333,0.8084491051409116,0.8054006436351532,0.7929046433507458
92136,0.8221337930079473,0.8302151449598577,0.822389190638261,0.822610221987453,0.8171874686845978
92139,0.7999986237921836,0.8090914501219835,0.8013072189503752,0.7998131111911477,0.7949973967684358
92140,0.7999731023188259,0.809067292191227,0.8012818951288418,0.799787561658807,0.7949711154493938
92141,0.7999731023188259,0.809067292191227,0.8012818951288418,0.799787561658807,0.7949711154493938
92142,0.7883579150687671,0.798140669941395,0.7902622179288413,0.7893795698660145,0.7830089833953923
92143,0.8751912062393323,0.8851114776004391,0.8899961789219275,0.8824803599935847,0.8851338212020788
92144,0.8751481557559029,0.8850721869125586,0.8899587162194357,0.8824400783328863,0.8850945389105157
92145,0.8402095463742268,0.8529552630254087,0.8516443319443268,0.8486327254395413,0.8383373789891923
92146,0.8402095463742268,0.8529552630254087,0.8516443319443268,0.8486327254395413,0.8383373789891923
92147,0.7804274932839699,0.793818624487489,0.7859324841722823,0.7873951194359332,0.7693515104405177
92148,0.7867368007551041,0.7962620302359408,0.7880915712524266,0.787561160053079,0.7802386008901795
92149,0.799976293603269,0.8090703129713592,0.8012850616978718,0.799790756451892,0.7949744017489685
92150,0.7883545003511295,0.7981374426063033,0.7902588399571097,0.7893761748788708,0.7830054647537
92151,0.7869146430239677,0.7981236676922497,0.7904810444016973,0.7888185066436066,0.7826093243733447
92152,0.7867368007551041,0.7962620302359408,0.7880915712524266,0.787561160053079,0.7802386008901795
92153,0.7869146430239677,0.7981236676922497,0.7904810444016973,0.7888185066436066,0.7826093243733447
92154,0.7868871272853293,0.7980978704014557,0.7904540793547485,0.7887912853431917,0.7825811388812505
92155,0.7920215751795917,0.8029286302322173,0.7975654010581775,0.795541519685409,0.7853548121533905
92156,0.7920215751795917,0.8029286302322173,0.7975654010581775,0.795541519685409,0.7853548121533905
92157,0.7732191421517854,0.784921400403438,0.777748612885245,0.7773558065493557,0.7666333628581131
92158,0.7920215751795917,0.8029286302322173,0.7975654010581775,0.795541519685409,0.7853548121533905
92160,0.7867368007551041,0.7962620302359408,0.7880915712524266,0.787561160053079,0.7802386008901795
92161,0.7867230142968031,0.7962489760906295,0.7880778897529849,0.7875474374927824,0.7802243072327415
92162,0.7867402465174522,0.7962652929676131,0.7880949907818969,0.787564589845089,0.7802421734191813
92165,0.7868871272853293,0.7980978704014557,0.7904540793547485,0.7887912853431917,0.7825811388812505
92166,0.7868871272853293,0.7980978704014557,0.7904540793547485,0.7887912853431917,0.7825811388812505
92167,0.7868871272853293,0.7980978704014557,0.7904540793547485,0.7887912853431917,0.7825811388812505
92168,0.7920215751795917,0.8029286302322173,0.7975654010581775,0.795541519685409,0.7853548121533905
92169,0.7920215751795917,0.8029286302322173,0.7975654010581775,0.795541519685409,0.7853548121533905
92170,0.7920215751795917,0.8029286302322173,0.7975654010581775,0.795541519685409,0.7853548121533905
92171,0.7675326143223259,0.7788626482939738,0.7717713812851159,0.7717612900584474,0.7605315576781074
92172,0.788297910808225,0.7981374426063033,0.7902588399571097,0.7893761748788708,0.7828140642847694
92173,0.7883545003511295,0.7981374426063033,0.7902588399571097,0.7893761748788708,0.7830054647537
92174,0.7675249565151019,0.7788554417815385,0.7717638934680147,0.7717538018382999,0.7605236160243313
92175,0.7732451399196315,0.7849457855002976,0.7777739821768083,0.7773812301282418,0.7666602842471463
92176,0.796207092620409,0.8104113368615286,0.8029168801906384,0.8014054245188026,0.7892442398057378
92177,0.788297910808225,0.7984557806564597,0.7919029413102275,0.7906738531453376,0.7828140642847694
92178,0.788297910808225,0.7984557806564597,0.7919029413102275,0.7906738531453376,0.7828140642847694
92179,0.788297910808225,0.7984557806564597,0.7919029413102275,0.7906738531453376,0.7828140642847694
92180,0.7867368007551041,0.7962620302359408,0.7880915712524266,0.787561160053079,0.7802386008901795
92181,0.7867368007551041,0.7962620302359408,0.7880915712524266,0.787561160053079,0.7802386008901795
92182,0.7867368007551041,0.7962620302359408,0.7880915712524266,0.787561160053079,0.7802386008901795
92183,0.8029995731456152,0.8173196928433512,0.8136703378995475,0.8102239156716581,0.7959123175244499
92184,0.7898091868578514,0.8030083868278464,0.8015637388099005,0.7974585841592003,0.7842760143645128
92185,0.7867230142968031,0.7962489760906295,0.7880778897529849,0.7875474374927824,0.7802243072327415
92186,0.7810461799465387,0.7923568724602811,0.7847914166881923,0.7839367112682942,0.7753249800252762
92187,0.7810461799465387,0.7923568724602811,0.7847914166881923,0.7839367112682942,0.7753249800252762
92188,0.7674981421844627,0.7788302077313216,0.7717376743855358,0.7717275813444902,0.7604958077566549
92189,0.767528785609227,0.778859045216389,0.7717676375625919,0.7717575461344107,0.7605275870492557
92190,0.7729103063509886,0.7843494812549724,0.7783730402176583,0.7774729207677773,0.7634709689968574
92191,0.7728879871908774,0.7843285144114118,0.7783513705366708,0.7774511445361928,0.7634475113283352
92192,0.7675326143223259,0.7788626482939738,0.7717713812851159,0.7717612900584474,0.7605315576781074
92193,0.7728954283891187,0.7843355047429069,0.7783585951963582,0.7774584047202002,0.7634553321096019
92194,0.7675249565151019,0.7788554417815385,0.7717638934680147,0.7717538018382999,0.7605236160243313
92195,0.7795243149065756,0.7892806305859594,0.7843222429407605,0.7837794050636091,0.7694297045964403
92196,0.7674981421844627,0.7788302077313216,0.7717376743855358,0.7717275813444902,0.7604958077566549
92197,0.7795243149065756,0.7892806305859594,0.7843222429407605,0.7837794050636091,0.7694297045964403
92198,0.7909966598547246,0.8055074493845336,0.8020766101824944,0.798547044260595,0.787016548320056
92199,0.7909966598547246,0.8055074493845336,0.8020766101824944,0.798547044260595,0.787016548320056
92200,0.7732451399196315,0.7849457855002976,0.7777739821768083,0.7773812301282418,0.7666602842471463
92201,0.7732191421517854,0.784921400403438,0.777748612885245,0.7773558065493557,0.7666333628581131
92202,0.7732191421517854,0.784921400403438,0.777748612885245,0.7773558065493557,0.7666333628581131
92203,0.7732191421517854,0.784921400403438,0.777748612885245,0.7773558065493557,0.7666333628581131
92204,0.7885880384974536,0.7986325596135019,0.7930467477415739,0.7917822266831508,0.7812226053907902
92205,0.7721460477019895,0.7848264512837873,0.7773842886050583,0.7791399301427616,0.7647396608232299
92206,0.7674981421844627,0.7788302077313216,0.7717376743855358,0.7717275813444902,0.7604958077566549
92207,0.7728879871908774,0.7843285144114118,0.7783513705366708,0.7774511445361928,0.7634475113283352
92208,0.7947282400179508,0.8074548426758454,0.8020994363868394,0.801067221518718,0.7904180555551973
92209,0.8003542293812321,0.8147630780191173,0.8080937323328126,0.8068950804985121,0.796510086037605
92210,0.7736248900351946,0.7844487671251205,0.778416223244641,0.7789328575325682,0.7633427703698266
92211,0.7728954283891187,0.7843355047429069,0.7783585951963582,0.7774584047202002,0.7633701815913582
92212,0.7736248900351946,0.7844487671251205,0.778416223244641,0.7789328575325682,0.7633427703698266
92213,0.7736545616076439,0.7844767325067739,0.7784451352004307,0.7789616879962971,0.763374095919563
92214,0.7795530498918856,0.7893078433985515,0.784350225840625,0.7838074727110689,0.769460044628126
92215,0.7795530498918856,0.7893078433985515,0.784350225840625,0.7838074727110689,0.769460044628126
92216,0.7795530498918856,0.7893078433985515,0.784350225840625,0.7838074727110689,0.769460044628126
92217,0.7736730943728265,0.7844941996292423,0.7784631935293572,0.7789796954273948,0.763393661710798
92218,0.7675326143223259,0.7788626482939738,0.7717713812851159,0.7717612900584474,0.7605315576781074
92219,0.7675326143223259,0.7788626482939738,0.7717713812851159,0.7717612900584474,0.7605315576781074
92220,0.767528785609227,0.778859045216389,0.7717676375625919,0.7717575461344107,0.7605275870492557
92221,0.7795279080260143,0.7892840333642408,0.7843257420150864,0.7837829147352587,0.7694334984205539
92222,0.7795279080260143,0.7892840333642408,0.7843257420150864,0.7837829147352587,0.7694334984205539
92223,0.7795279080260143,0.7892840333642408,0.7843257420150864,0.7837829147352587,0.7694334984205539
92224,0.7643223621652874,0.7774160958712624,0.7702160819669459,0.7693619395093334,0.7532460080530111
92225,0.7735803384537615,0.7844067775148286,0.7783728122861417,0.7788895689404295,0.7632957351994946
92226,0.7735803384537615,0.7844067775148286,0.7783728122861417,0.7788895689404295,0.7632957351994946
92227,0.7663099952696577,0.7783748053457016,0.7716725334489113,0.7718431870951167,0.7558963634967688
92228,0.7663099952696577,0.7783748053457016,0.7716725334489113,0.7718431870951167,0.7558963634967688
92229,0.7663099952696577,0.7783748053457016,0.7716725334489113,0.7718431870951167,0.7558963634967688
92230,0.7736174684580088,0.7844417723193003,0.7784089916714136,0.7789256463430413,0.7633349350798163
92231,0.768020275859668,0.7825615037289374,0.7784789642306721,0.7752307152450381,0.7612069348054867
92232,0.7588107255673266,0.7726082932215158,0.7676293135000224,0.766514933881577,0.7489254560465877
92233,0.768020275859668,0.7825615037289374,0.7784595825798223,0.7752307152450381,0.7612069348054867
92234,0.768031736645321,0.7825720989311814,0.7784898000227515,0.7752417438046625,0.7612188095930321
92235,0.7706381309662772,0.7816599775167067,0.7758957336484805,0.7768068322505957,0.7601853309319825
92236,0.7683855233297109,0.7789108572511386,0.7731922314278235,0.7741049570757323,0.756406374009568
92237,0.7973643555723952,0.8140608947520482,0.8050930944139287,0.8036390463469085,0.7937813751680292
92238,0.7973643555723952,0.8140608947520482,0.8050930944139287,0.8036390463469085,0.7937813751680292
92239,0.7973643555723952,0.8140608947520482,0.8050930944139287,0.8036390463469085,0.7937813751680292
92240,0.762807931662726,0.7752266660408179,0.7673784728932884,0.7691868371488567,0.7538631416771429
92241,0.762807931662726,0.7752266660408179,0.7673784728932884,0.7691868371488567,0.7538631416771429
92242,0.762807931662726,0.7752266660408179,0.7673784728932884,0.7691868371488567,0.7536866283033284
92243,0.762807931662726,0.7752266660408179,0.7673784728932884,0.7691868371488567,0.7538631416771429
92244,0.7721460477019895,0.7848264512837873,0.7773842886050583,0.7791399301427616,0.7647396608232299
92245,0.7675718428404614,0.7789108572511386,0.7731922314278235,0.7741049570757323,0.756406374009568
92246,0.7677106512685697,0.7799461228922235,0.773817379314409,0.7750854095908071,0.7574957868065011
92247,0.7632695571362053,0.7758884072566143,0.7694652609295811,0.7705399197298587,0.7520623937533422
92248,0.7676453499016666,0.7798849763031438,0.7737541638070998,0.7750226241349969,0.7574269406441142
92250,0.7595353563946862,0.7700653252811066,0.7662055775007387,0.7670273722667232,0.7470874009196038
92251,0.7675718428404614,0.7795491289997774,0.7745834017419282,0.7748368160617153,0.7566414983838448
92252,0.7675718428404614,0.7795491289997774,0.7745834017419282,0.7748368160617153,0.7566414983838448
92254,0.7675449840198045,0.7795239426239732,0.7745575266444537,0.7748109762703372,0.7566130790872115
92256,0.7676453499016666,0.7798849763031438,0.7737541638070998,0.7750226241349969,0.7574269406441142
92257,0.7677375079847539,0.7799712709769526,0.7738433782337618,0.775111231653536,0.7575010568138298
92258,0.7677375079847539,0.7799712709769526,0.7738433782337618,0.775111231653536,0.757524101286414
92259,0.7677375079847539,0.7799712709769526,0.7738433782337618,0.775111231653536,0.757524101286414
92260,0.7552836614274668,0.7688759978101026,0.763530214102774,0.7629004643698919,0.745313653775611
92261,0.7552836614274668,0.7688759978101026,0.763530214102774,0.7629004643698919,0.745313653775611
92262,0.7624264703623049,0.7748125200890066,0.7694652609295811,0.7698929405010333,0.751494610180303
92263,0.7632695571362053,0.7758884072566143,0.7694652609295811,0.7705399197298587,0.7520623937533422
92264,0.7624264703623049,0.7748125200890066,0.7698113107721299,0.7698929405010333,0.751494610180303
92265,0.7590412297481968,0.7705682616381844,0.7656312974818856,0.7661149139823886,0.7476215682860379
92266,0.7676453499016666,0.7798849763031438,0.7737541638070998,0.7750226241349969,0.7574269406441142
92267,0.8036221401467315,0.8227914133767252,0.8115542602043493,0.8129304782606137,0.7961899542271299
92268,0.8036221401467315,0.8187006428013202,0.8115542602043493,0.8129304782606137,0.7961899542271299
92269,0.7403383302293675,0.7535142783629428,0.7469342775053445,0.7486656410620123,0.7268743224844856
92270,0.7526604109595837,0.7646210039271584,0.759184460673853,0.7602196382302535,0.7404730083869063
92271,0.7762728587250732,0.7910621061427136,0.781618448271309,0.7838265634116376,0.7647611754184447
92272,0.758124445515326,0.7717364441205659,0.7644508708961989,0.7650126806650662,0.7470422068454712
92273,0.7931540657535999,0.808777347177275,0.7982381467058016,0.8001145490346059,0.7821737558769608
92274,0.764564716154817,0.7768928961036337,0.7719850090560167,0.7729299791691437,0.7536866283033284
92278,0.8471334654217677,0.8664662388050864,0.8515475174645314,0.8515053931536736,0.8362048596858355
92279,0.9061201048697376,0.922503695926853,0.9063498129054982,0.9079804749496652,0.8928350337788099
92280,0.8145592261204398,0.833112771407314,0.8197529816407647,0.8215073343226845,0.8053195047400465
92281,0.8270167383529836,0.8441081507925943,0.8319965520639909,0.8348808122030357,0.8173267162001128
92282,0.8576098388017654,0.8751808667346581,0.8608444845775676,0.8635977180749733,0.8471376115733332
92283,0.8145592261204398,0.833112771407314,0.8197529816407647,0.8215073343226845,0.8053195047400465
92284,0.8145592261204398,0.833112771407314,0.8197529816407647,0.8215073343226845,0.8053195047400465
92285,0.7615452386752121,0.7726690207882394,0.767261635455898,0.7690079802235498,0.7494537614420448
92286,0.7590412297481968,0.7705682616381844,0.7656312974818856,0.7661149139823886,0.7476215682860379
92287,0.7590412297481968,0.7705682616381844,0.7656312974818856,0.7661149139823886,0.7476215682860379
92288,0.758124445515326,0.7705682616381844,0.7644508708961989,0.7650126806650662,0.7470422068454712
92289,0.760031897496402,0.771855127995724,0.7695684656839606,0.7689165212467399,0.7493198637083978
92290,0.760031897496402,0.771855127995724,0.767261635455898,0.7689165212467399,0.7493198637083978
92291,0.7600917850934097,0.7719114237421567,0.7696254497080965,0.7689737020608969,0.749383078045339
92292,0.7493582642254749,0.7602495410657096,0.7556435422080352,0.7573842009208158,0.7354392126633048
92293,0.7403383302293675,0.7535142783629428,0.7469342775053445,0.7486656410620123,0.7268743224844856
92294,0.7377423907810685,0.7519071793008532,0.7429512457847554,0.7469698104446381,0.7222598965302358
92295,0.7578187308874459,0.7732530426862597,0.7642760316155877,0.7672825610064963,0.7469896521896635
92296,0.7578187308874459,0.7732530426862597,0.7642760316155877,0.7672825610064963,0.7469896521896635
92297,0.7578187308874459,0.7732530426862597,0.7642760316155877,0.7672825610064963,0.7469896521896635
92298,0.7597982886543292,0.7701164170420234,0.767252962869452,0.7678199207613111,0.7470503893703675
92299,0.7595353563946862,0.7700653252811066,0.7662055775007387,0.7670273722667232,0.7470503893703675
92300,0.7597982886543292,0.7701164170420234,0.767252962869452,0.7678199207613111,0.7470503893703675
92302,0.7595353563946862,0.7700653252811066,0.7662055775007387,0.7670273722667232,0.7470874009196038
92303,0.7347874915485195,0.7469202411854537,0.7397782083011153,0.7436138941170742,0.7212885399578507
92304,0.7288660423301379,0.7405473835407002,0.7329905169319212,0.7369850148574795,0.7152634100090746
92305,0.7701574995409832,0.7837164696509776,0.777531145052459,0.7790666826312488,0.7589330152739648
92306,0.7408754751752501,0.7536969183180217,0.7477062081652566,0.7494702631944408,0.7268958630830203
92307,0.7403383302293675,0.7535142783629428,0.7469342775053445,0.7486656410620123,0.7268743224844856
92308,0.7493582642254749,0.7602495410657096,0.7556435422080352,0.7573842009208158,0.7352770448603011
92309,0.7493582642254749,0.7602495410657096,0.7556435422080352,0.7573842009208158,0.7354392126633048
92310,0.7503707156857405,0.7609637490097926,0.7560684227770273,0.7580393869717239,0.7352770448603011
92311,0.7490981894406525,0.7599284363224609,0.7551131080818473,0.7567430824453018,0.7343615015778838
92312,0.7493034077513091,0.7601976198869433,0.7555903873544004,0.757331513598459,0.7353805111027498
92313,0.7347874915485195,0.7469202411854537,0.7397782083011153,0.7436138941170742,0.7212885399578507
92314,0.734764826013969,0.7468988696788711,0.7397560788815355,0.7435921730882151,0.7212643967236084
92315,0.7608003011406275,0.772571567870789,0.7699094277904732,0.7697758651680136,0.7489998695868939
92316,0.7347013018169112,0.7468389724800447,0.7396940573521724,0.7435312962259849,0.7211967306721069
92317,0.7495289323470928,0.7593363419168662,0.7548144584471017,0.7575966671356008,0.7354313418409785
92318,0.7288800440185386,0.7405606275147536,0.7330042490304657,0.7369984880083927,0.7152783171906452
92319,0.7494993930913141,0.7593082281566462,0.7547856908598595,0.7575683025198048,0.7353997041654308
92320,0.7623128803998241,0.7746784498946352,0.7719233685107435,0.7720152375068041,0.7512229840364448
92321,0.7608003011406275,0.772571567870789,0.7699094277904732,0.7697758651680136,0.7489998695868939
92322,0.7623128803998241,0.7746784498946352,0.7719233685107435,0.7720152375068041,0.7512229840364448
92323,0.7526479875657868,0.7646093171133667,0.7591724411963148,0.7602076823681156,0.7404598163107738
92324,0.7287819431895922,0.7404678358727149,0.7329080371818417,0.736904090565156,0.7151738716414585
92325,0.7600692538506919,0.7715870078514973,0.7686942340640412,0.7698023091768803,0.7479404066540043
92326,0.7345928715217871,0.7483119058591157,0.7389752993317493,0.7428733579525466,0.7183490207584408
92327,0.7357685977968469,0.7501294014635306,0.7408200902886056,0.7444316310302292,0.7206405809792747
92328,0.7357685977968469,0.7501294014635306,0.7408200902886056,0.7444316310302292,0.7206405809792747
92329,0.7357685977968469,0.7501294014635306,0.7408200902886056,0.7444316310302292,0.7206405809792747
92330,0.7345928715217871,0.7483119058591157,0.7389752993317493,0.7428733579525466,0.7183490207584408
92331,0.7345928715217871,0.7483119058591157,0.7389752993317493,0.7428733579525466,0.7183490207584408
92332,0.7345928715217871,0.7483119058591157,0.7389752993317493,0.7428733579525466,0.7183490207584408
92333,0.7347874915485195,0.7469202411854537,0.7397782083011153,0.7436138941170742,0.7212885399578507
92334,0.7288800440185386,0.7405606275147536,0.7330042490304657,0.7369984880083927,0.7152783171906452
92335,0.734764826013969,0.7468988696788711,0.7397560788815355,0.7435921730882151,0.7212643967236084
92336,0.7494909495020989,0.7593001920476744,0.7547774678535506,0.7575601947034656,0.7353906607366493
92337,0.7494909495020989,0.7593001920476744,0.7547774678535506,0.7575601947034656,0.7353906607366493
92338,0.7494993930913141,0.7593082281566462,0.7547856908598595,0.7575683025198048,0.7353997041654308
92339,0.7288660423301379,0.7405473835407002,0.7329905169319212,0.7369850148574795,0.7152634100090746
92340,0.7288800440185386,0.7405606275147536,0.7330042490304657,0.7369984880083927,0.7152783171906452
92342,0.7288660423301379,0.7405473835407002,0.7329905169319212,0.7369850148574795,0.7152634100090746
92343,0.7288660423301379,0.7405473835407002,0.7329905169319212,0.7369850148574795,0.7152634100090746
92344,0.7288660423301379,0.7405473835407002,0.7329905169319212,0.7369850148574795,0.7152634100090746
92346,0.7288660423301379,0.7405473835407002,0.7329905169319212,0.7369850148574795,0.7152634100090746
92348,0.7288987063483653,0.7405782799426074,0.7330225520441569,0.7370164458897098,0.7152981863808427
92349,0.7671361159003429,0.7791145055452341,0.7750620867465396,0.7764072967871758,0.7545751611830634
92350,0.7494782809488625,0.7592881348780401,0.7547651302631977,0.7575480299441463,0.7353770921814048
92351,0.7288613741592794,0.7405429679961394,0.7329859386439269,0.7369805229041009,0.7152584399408746
92352,0.7494782809488625,0.7592881348780401,0.7547651302631977,0.7575480299441463,0.7353770921814048
92353,0.7494782809488625,0.7592881348780401,0.7547651302631977,0.7575480299441463,0.7353770921814048
92354,0.7288193394313915,0.740503208139619,0.7329447133025374,0.7369400749960906,0.7152136866447446
92355,0.7530177518698266,0.7632352619493206,0.7588198368061371,0.7611650963996345,0.7388026026525104
92356,0.7530177518698266,0.7632352619493206,0.7588198368061371,0.7611650963996345,0.7388026026525104
92357,0.7486255648783351,0.7592108994383321,0.7549195969243438,0.7571642846098963,0.7343224865976669
92358,0.7573841584078068,0.7672339751213176,0.7643922596322492,0.7657244250699777,0.7439258100830801
92359,0.7573841584078068,0.7672339751213176,0.7643922596322492,0.7657244250699777,0.7439258100830801
92360,0.7573841584078068,0.7672339751213176,0.7643922596322492,0.7657244250699777,0.7439258100830801
92361,0.7494698331332946,0.759280094760392,0.7547569031485828,0.7575399180809476,0.7353680442026839
92362,0.7573841584078068,0.7672339751213176,0.7643922596322492,0.7657244250699777,0.7439258100830801
92363,0.7573841584078068,0.7672339751213176,0.7643922596322492,0.7657244250699777,0.7439258100830801
92364,0.7573841584078068,0.7672339751213176,0.7643922596322492,0.7657244250699777,0.7439258100830801
92365,0.7494698331332946,0.759280094760392,0.7547569031485828,0.7575399180809476,0.7353680442026839
92366,0.7494698331332946,0.759280094760392,0.7547569031485828,0.7575399180809476,0.7353680442026839
92367,0.7579930833559543,0.7695596770629172,0.7667209182620272,0.7679287537419125,0.7457640018673454
92368,0.7287819431895922,0.7404678358727149,0.7329080371818417,0.736904090565156,0.7151738716414585
92369,0.7576114747400264,0.7695318684993456,0.7647504738564147,0.7670932928925795,0.7450153371247885
92370,0.7579930833559543,0.7695596770629172,0.7667209182620272,0.7679287537419125,0.7457640018673454
92371,0.7288193394313915,0.740503208139619,0.7329447133025374,0.7369400749960906,0.7152136866447446
92372,0.7287819431895922,0.7404678358727149,0.7329080371818417,0.736904090565156,0.7151738716414585
92373,0.7486255648783351,0.7592108994383321,0.7549195969243438,0.7571642846098963,0.7343224865976669
92374,0.7486255648783351,0.7592108994383321,0.7549195969243438,0.7571642846098963,0.7343224865976669
92375,0.7485704694267165,0.75915866381666,0.7548662091179777,0.757111500698126,0.7342634298435778
92376,0.7485704694267165,0.75915866381666,0.7548662091179777,0.757111500698126,0.7342634298435778
92377,0.921037478085105,0.9358568976183167,0.922076856371051,0.9271803853724068,0.9108538676830797
92378,0.8820929574320824,0.8973459470493301,0.881257318108823,0.886696336755523,0.8701686907951521
92379,0.7377423907810685,0.7519071793008532,0.7429512457847554,0.7469698104446381,0.7222598965302358
92380,0.7431696510742457,0.7551544265907111,0.7493985102315603,0.7515808531762019,0.7289988947367086
92381,0.7400074543292353,0.7520769816739742,0.7466728026444822,0.7488888863679382,0.7261976391791432
92382,0.7576114747400264,0.7695318684993456,0.7647504738564147,0.7670932928925795,0.7450153371247885
92383,0.7576114747400264,0.7695318684993456,0.7647504738564147,0.7670932928925795,0.7450153371247885
92384,0.7400074543292353,0.7520769816739742,0.7466728026444822,0.7488888863679382,0.7261976391791432
92385,0.7437794467988815,0.7549221279065169,0.750167265368514,0.7523462238388378,0.7292744648521907
92386,0.7462649842812821,0.7569886019007773,0.7531902109573357,0.7552551272440993,0.7316329003641777
92387,0.7699151137912755,0.7813441880283274,0.777731534073173,0.7798590791416415,0.7577274378615654
92388,0.7699151137912755,0.7813441880283274,0.777731534073173,0.7798590791416415,0.7577274378615654
92389,0.7659482305597246,0.7772147601407057,0.775718279462582,0.7762257016311571,0.7541335175562033
92390,0.7566958254415248,0.7671074456266553,0.76439617768583,0.7657283159973625,0.7439301539193323
92391,0.7659482305597246,0.7772147601407057,0.775718279462582,0.7762257016311571,0.7541335175562033
92392,0.7573882203296358,0.7672378353951589,0.76439617768583,0.7657283159973625,0.7439301539193323
92393,0.7659482305597246,0.7772147601407057,0.775718279462582,0.7762257016311571,0.7541335175562033
92394,0.7510523622389287,0.7616803067174496,0.7598963512365675,0.760778270590539,0.7377154900112384
92395,0.7510523622389287,0.7616803067174496,0.7598963512365675,0.760778270590539,0.7377154900112384
92396,0.7457105284985887,0.7570854031407066,0.7535568406315123,0.7557514226785876,0.731681437718043
92397,0.7437924749879102,0.7549344547458151,0.7501798895952714,0.7523587114381222,0.7292884298141136
92398,0.7418438834739517,0.7535332182666656,0.7486136239689035,0.7504357861432236,0.727755695113175
92399,0.7457105284985887,0.7570854031407066,0.7535568406315123,0.7557514226785876,0.731681437718043
92400,0.7437794467988815,0.7549221279065169,0.750167265368514,0.7523462238388378,0.7292744648521907
92401,0.7437794467988815,0.7549221279065169,0.750167265368514,0.7523462238388378,0.7292744648521907
92402,0.7377646934758444,0.7519279862161908,0.7429729934993888,0.7469911339426676,0.7222838838824548
92403,0.7510714288867786,0.761173845578959,0.7600548719555057,0.7614522546617988,0.7375942189500496
92404,0.7554536229753338,0.7670778402878091,0.7649347401660895,0.7662514941423226,0.742439039316415
92406,0.7437924749879102,0.7549344547458151,0.7501798895952714,0.7523587114381222,0.7292884298141136
92407,0.7377423907810685,0.7519071793008532,0.7429512457847554,0.7469698104446381,0.7222598965302358
92408,0.7437924749879102,0.7549344547458151,0.7501798895952714,0.7523587114381222,0.7292884298141136
92409,0.741992054693244,0.7529577226018692,0.7484198638342467,0.7509738708682083,0.7271905604473827
92410,0.7437924749879102,0.7549344547458151,0.7501798895952714,0.7523587114381222,0.7292884298141136
92411,0.7418438834739517,0.7535332182666656,0.7486136239689035,0.7504357861432236,0.727755695113175
92412,0.7418438834739517,0.7535332182666656,0.7486136239689035,0.7504357861432236,0.727755695113175
92413,0.741992054693244,0.7529577226018692,0.7484198638342467,0.7509738708682083,0.7271905604473827
92414,0.7633833424984854,0.7750248558692392,0.7713156005130116,0.7737333761825205,0.7509511651340558
92415,0.7633833424984854,0.7750248558692392,0.7713156005130116,0.7737333761825205,0.7509511651340558
92416,0.7487521452811694,0.7611290754987082,0.7551456279919749,0.7576730862990596,0.7334566361563185
92417,0.7487521452811694,0.7611290754987082,0.7551456279919749,0.7576730862990596,0.7334566361563185
92418,0.7406824189700715,0.7517768394290777,0.7468161735323788,0.7492290595466775,0.7255383817111218
92419,0.744347059291196,0.7557250514552462,0.7530254102184843,0.7552632635407451,0.730832091164415
92420,0.7510714288867786,0.761173845578959,0.7600548719555057,0.7614522546617988,0.7375942189500496
92421,0.744347059291196,0.7557250514552462,0.7530254102184843,0.7552632635407451,0.730832091164415
92422,0.744347059291196,0.7557250514552462,0.7530254102184843,0.7552632635407451,0.730832091164415
92423,0.744347059291196,0.7557250514552462,0.7530254102184843,0.7552632635407451,0.730832091164415
92424,0.8346545430721035,0.8494569652329784,0.8427329945483724,0.8460421150850395,0.826588044219466
92425,0.766300338545381,0.778450734715846,0.7741212029887224,0.777130474808538,0.7535279696222335
92426,0.7545114122930558,0.7658214527747927,0.7650347851798515,0.7654757219755788,0.7418900446902764
92427,0.7637180540899707,0.7754441850976515,0.7737027680066718,0.7747699178977273,0.751473203663124
92429,0.7536236498018296,0.7643243306853583,0.7602796653972338,0.7629177353798647,0.7391070177107617
92430,0.7646591719882891,0.7778189122219725,0.7729493913824468,0.7755538311911969,0.7521016054833219
92431,0.7646591719882891,0.7778189122219725,0.7729493913824468,0.7755538311911969,0.7521016054833219
92432,0.7646591719882891,0.7778189122219725,0.7729493913824468,0.7755538311911969,0.7521016054833219
92433,0.7603705187327872,0.7711515311768227,0.7687869294321099,0.7700594231899628,0.7471697510196529
92436,0.7649922645714732,0.7772989815375978,0.7729180508068374,0.77529571820426,0.7511610956845687
92437,0.764120740537981,0.7764827517157343,0.7720822880553048,0.7744705770144826,0.7502258213677945
92439,0.764120740537981,0.7764827517157343,0.7720822880553048,0.7744705770144826,0.7502258213677945
92440,1.027544922013087,1.0382467607453056,1.02073886347581,1.0341784979559865,1.01737352436302
92441,0.9264621140701661,0.9378834014681691,0.9184644202630844,0.9320882272906496,0.9146521795646337
92442,0.9262417071777398,0.9376989668644993,0.9182184198392839,0.9318856242717868,0.9143938602731165
92443,0.9497886095424334,0.962035850513549,0.9413956529500899,0.9557270930973757,0.9387388632518386
92444,0.9264621140701661,0.9378834014681691,0.9184644202630844,0.9320882272906496,0.9146521795646337
92445,0.9262417071777398,0.9376989668644993,0.9182184198392839,0.9318856242717868,0.9143938602731165
92446,0.7686714834334519,0.7887902077608364,0.7679824402117251,0.7793800759858261,0.756535053533178
92447,0.8144594763586924,0.8327771667419542,0.8130144432251772,0.8237019766095582,0.8033470027778202
92448,0.7686714834334519,0.7887902077608364,0.7679824402117251,0.7793800759858261,0.756535053533178
92451,0.7377423907810685,0.7519071793008532,0.7429512457847554,0.7469698104446381,0.7222598965302358
92452,0.7377423907810685,0.7519071793008532,0.7429512457847554,0.7469698104446381,0.7222598965302358
92453,0.7377423907810685,0.7519071793008532,0.7429512457847554,0.7469698104446381,0.7222598965302358
92454,0.7377423907810685,0.7519071793008532,0.7429512457847554,0.7469698104446381,0.7222598965302358
92457,0.8000018125620666,0.8090944685280728,0.8013103830252649,0.7998163034667725,0.7950006804747859
92458,0.7999986237921836,0.8090914501219835,0.8013072189503752,0.7998131111911477,0.7949973967684358
92460,0.9331947549896313,0.9468514398625665,0.9303084745704412,0.9347729125900467,0.9195443706140388
92463,0.8820929574320824,0.8973459470493301,0.881257318108823,0.886696336755523,0.8701686907951521
92465,0.8155278009690184,0.834310809686178,0.821929731591458,0.8220000956785644,0.8102913761815443
92466,0.8155278009690184,0.834310809686178,0.821929731591458,0.8220000956785644,0.8102913761815443
92467,0.7961546490181481,0.8097141348311235,0.8036272164952415,0.8048273828991818,0.7876879136356987
92468,0.7377646934758444,0.7519279862161908,0.7429729934993888,0.7469911339426676,0.7222838838824548
92474,0.7804274932839699,0.793818624487489,0.7859324841722823,0.7873951194359332,0.7693515104405177
92475,0.7736730943728265,0.7844941996292423,0.7784631935293572,0.7789796954273948,0.763393661710798
92476,0.7804274932839699,0.793818624487489,0.7859324841722823,0.7873951194359332,0.7693515104405177
92478,0.7804274932839699,0.793818624487489,0.7859324841722823,0.7873951194359332,0.7693515104405177
92479,0.7403383302293675,0.7535142783629428,0.7469342775053445,0.7486656410620123,0.7268743224844856
92480,0.7526479875657868,0.7646093171133667,0.7591724411963148,0.7602076823681156,0.7404598163107738
92481,0.758124445515326,0.7717364441205659,0.7644508708961989,0.7650126806650662,0.7470422068454712
92486,0.7987192032111138,0.8123883092628598,0.8053296024232631,0.8081001542108792,0.7885476578089612
92487,0.7431826922833722,0.7551667146276689,0.7494111577567704,0.751593363920274,0.7290128501713915
92490,0.7987192032111138,0.8123883092628598,0.8053296024232631,0.8081001542108792,0.7885476578089612
92491,0.7987192032111138,0.8123883092628598,0.8053296024232631,0.8081001542108792,0.7885476578089612
92492,0.8061061355135327,0.8231361716775079,0.798921571412133,0.813467574244052,0.7934619788539464
92493,0.8061061355135327,0.8231361716775079,0.798921571412133,0.813467574244052,0.7934619788539464
92494,0.8060046468904827,0.8230450122590556,0.7988156277652414,0.8133705898073649,0.7933526099957044
92499,0.7431826922833722,0.7551667146276689,0.7494111577567704,0.751593363920274,0.7290128501713915
92500,0.7442767558353443,0.755520563097491,0.75140138500591,0.7534099682996304,0.7295438817924613
92502,0.8455573307811316,0.8601605619371119,0.8507983118570998,0.8542919212281394,0.8358222400817615
92503,0.87452376292403,0.8890879815032746,0.8793861406950263,0.884374463829691,0.8653744481001391
92504,0.7904030426617265,0.8040297843902476,0.7980548522381672,0.8014932618505868,0.7795899321439047
92505,0.8740740251877027,0.8886954101475731,0.8789556475716925,0.8839635473328159,0.8648880572174767
92507,0.7728954283891187,0.7843355047429069,0.7783585951963582,0.7774584047202002,0.763393661710798
92508,0.767528785609227,0.778859045216389,0.7717676375625919,0.7717575461344107,0.7605275870492557
92509,0.8455573307811316,0.8601605619371119,0.8507983118570998,0.8542919212281394,0.8358222400817615
92511,0.7762728587250732,0.7910621061427136,0.781618448271309,0.7838265634116376,0.7647611754184447
92512,0.793659016508887,0.8121569889273996,0.8056568585867171,0.8013074496546276,0.7890459659235276
92513,0.793659016508887,0.8121569889273996,0.8056568585867171,0.8013074496546276,0.7890459659235276
92514,0.793659016508887,0.8121569889273996,0.8056568585867171,0.8013074496546276,0.7890459659235276
92515,0.793659016508887,0.8121569889273996,0.8056568585867171,0.8013074496546276,0.7890459659235276
92516,0.793659016508887,0.8121569889273996,0.8056568585867171,0.8013074496546276,0.7890459659235276
92517,0.872201925169787,0.8870615812045384,0.8771637708114358,0.8822532661764304,0.8628631324719992
92522,0.9501891513626873,0.9641125025078942,0.9482460006853002,0.9563365815160283,0.9394538959995722
92523,0.9501891513626873,0.9641125025078942,0.9482460006853002,0.9563365815160283,0.9394538959995722
92526,0.9501891513626873,0.9641125025078942,0.9482460006853002,0.9563365815160283,0.9394538959995722
92528,0.7977243596435633,0.8107309348853333,0.8084491051409116,0.8054006436351532,0.7929046433507458
92529,0.7977243596435633,0.8107309348853333,0.8084491051409116,0.8054006436351532,0.7929046433507458
92530,0.7940923420783332,0.8107309348853333,0.8060604981885694,0.8017217747521557,0.7894908830457799
92534,0.8562054926141841,0.8722962520526537,0.849413301388065,0.8623199044397374,0.844660104442319
92535,0.7457440438491181,0.7641792400221072,0.7403611092806298,0.7547233809722875,0.7324949456445726
92536,0.7501689563627701,0.7698869861676728,0.7496068567558134,0.7611902439496955,0.7376621391116455
92537,0.731637508323883,0.7505724901780154,0.7267141095474663,0.7411323227461162,0.718694151463792
92539,0.9264621140701661,0.9378834014681691,0.9184644202630844,0.9320882272906496,0.9146521795646337
92541,0.7961546490181481,0.8097141348311235,0.8036272164952415,0.8048273828991818,0.7876879136356987
92542,0.8820670435988149,0.897323676989232,0.8812312019101936,0.8866715325663103,0.8701398617093795
92544,0.7919881269025568,0.802897255180152,0.7975330118282143,0.7955087451021107,0.785320075619026
92546,0.7919881269025568,0.802897255180152,0.7975330118282143,0.7955087451021107,0.785320075619026
92548,0.7869008878764711,0.7981107715901615,0.7904675645426916,0.788804898684539,0.7825952344190643
92550,0.7573882203296358,0.7672378353951589,0.76439617768583,0.7657283159973625,0.7439301539193323
92551,0.7795566401630969,0.7893112434875922,0.7843537221454127,0.7838109796043263,0.7694638354351754
92554,0.7736693885559799,0.7844907068962478,0.7784595825798223,0.7789760946552906,0.7633897493323992
92555,0.9506331943806063,0.9644288607866485,0.9487080911385462,0.9567238982132177,0.9399983542287488
92556,0.8759989576293483,0.8907312802736628,0.8795627487215307,0.883759438541091,0.8667904156304511
92558,0.7898091868578514,0.8030083868278464,0.8015637388099005,0.7974585841592003,0.7842760143645128
92563,0.7408886563651107,0.753709291117458,0.7477189561102553,0.7494829002088367,0.7269099497723619
92564,0.9446069399839926,0.9553155031335459,0.9357344649677921,0.9509051604050013,0.9330590127709002
92565,0.9446069399839926,0.9553155031335459,0.9357344649677921,0.9509051604050013,0.9330590127709002
92568,0.7403383302293675,0.7535142783629428,0.7469342775053445,0.7486656410620123,0.7268743224844856
92571,0.8471334654217677,0.8664662388050864,0.8515475174645314,0.8515053931536736,0.8362048596858355
92572,0.9506331943806063,0.9644288607866485,0.9487080911385462,0.9567238982132177,0.9399983542287488
92573,0.9506331943806063,0.9644288607866485,0.9487080911385462,0.9567238982132177,0.9399983542287488
92584,0.7763936707059255,0.7953728765377707,0.7761433148909342,0.7866772298503011,0.7665312996318266
92585,0.7457440438491181,0.7641792400221072,0.7403611092806298,0.7547233809722875,0.7324949456445726
92586,0.7778106314795498,0.7961629630291654,0.7719115674715158,0.7866529569787253,0.7649069022021479
92587,0.758124445515326,0.7717364441205659,0.7644508708961989,0.7650126806650662,0.7470422068454712
92588,0.758124445515326,0.7717364441205659,0.7644508708961989,0.7650126806650662,0.7470422068454712
92589,0.758124445515326,0.7717364441205659,0.7644508708961989,0.7650126806650662,0.7470422068454712
92590,0.758124445515326,0.7717364441205659,0.7644508708961989,0.7650126806650662,0.7470422068454712
92592,0.7869008878764711,0.7981107715901615,0.7904675645426916,0.788804898684539,0.7825952344190643
92595,0.9262417071777398,0.9376989668644993,0.9182184198392839,0.9318856242717868,0.9143938602731165
92596,0.8759989576293483,0.8907312802736628,0.8795627487215307,0.883759438541091,0.8667904156304511
92598,0.7867715405129856,0.8072514118947454,0.7857711572704441,0.7977249041698402,0.7761244326049782
92599,0.7771452027666731,0.7983154115238934,0.7758586267211359,0.7886515088544528,0.7670983853838451
92600,0.7579897377160977,0.7784894647838145,0.7565859796110612,0.7695787896482393,0.7464060921056673
92605,0.7993614584275427,0.8107333960109315,0.8050337688251497,0.8035269966949202,0.7947405784112135
92607,0.7494993930913141,0.7593082281566462,0.7547856908598595,0.7575683025198048,0.7353997041654308
92610,0.8759989576293483,0.8907312802736628,0.8795627487215307,0.883759438541091,0.8667904156304511
92611,0.9264063626742641,0.9410805728485991,0.9274338640866479,0.9346944650653192,0.9163572022697078
92616,1.0089603371698963,1.0248522177245614,1.0029062353180036,1.0222835543700726,0.9969645502754674
92617,1.0089603371698963,1.0248522177245614,1.0029062353180036,1.0222835543700726,0.9969645502754674
92620,0.8740740251877027,0.8886954101475731,0.8789556475716925,0.8839635473328159,0.8648880572174767
92622,0.8515122428319954,0.865917083051116,0.8519596629303902,0.8616352361029675,0.8411873600709563
92623,0.8949624190335458,0.9060303605406534,0.8891252694747952,0.8965785492980182,0.8767483104895073
92624,0.8342613442339111,0.8521113233028013,0.8385838107540302,0.8404706177628583,0.824079929267069
92626,0.7431826922833722,0.7551667146276689,0.7494111577567704,0.751593363920274,0.7290128501713915
92627,0.7431826922833722,0.7551667146276689,0.7494111577567704,0.751593363920274,0.7290128501713915
92635,0.7904030426617265,0.8040297843902476,0.7980548522381672,0.8014932618505868,0.7795899321439047
92636,0.7453519247191823,0.758517849920042,0.7498995681331135,0.7537714172669899,0.7310852146960695
92637,0.7453519247191823,0.758517849920042,0.7498995681331135,0.7537714172669899,0.7310852146960695
92642,0.7736730943728265,0.7844941996292423,0.7784631935293572,0.7789796954273948,0.763393661710798
92644,0.7736730943728265,0.7844941996292423,0.7784631935293572,0.7789796954273948,0.763393661710798
92645,0.758124445515326,0.7717364441205659,0.7644508708961989,0.7650126806650662,0.7470422068454712
92650,0.8048767132109904,0.8187006428013202,0.81376819726089,0.8134392828876825,0.7979141686211475
92653,0.7961546490181481,0.8097141348311235,0.8036272164952415,0.8048273828991818,0.7876879136356987
92657,0.9506331943806063,0.9644288607866485,0.9487080911385462,0.9567238982132177,0.9399983542287488
92664,0.7821825233457051,0.7975624449025228,0.7883268648368185,0.7907170540569759,0.7722806847477044
92666,0.7940923420783332,0.8125448176483065,0.8060604981885694,0.8017217747521557,0.7894908830457799
92667,0.7940923420783332,0.8125448176483065,0.8060604981885694,0.8017217747521557,0.7894908830457799
92668,0.7940923420783332,0.8125448176483065,0.8060604981885694,0.8017217747521557,0.7894908830457799
92669,0.7940923420783332,0.8125448176483065,0.8060604981885694,0.8017217747521557,0.7894908830457799
92680,0.8740740251877027,0.8886954101475731,0.8789556475716925,0.8839635473328159,0.8648880572174767
92684,0.8740740251877027,0.8886954101475731,0.8789556475716925,0.883759438541091,0.8648880572174767
92686,0.9382901394616942,0.952021090196359,0.9359969575438986,0.9399000146672555,0.9242473903417773
92690,0.7615452386752121,0.7726690207882394,0.767261635455898,0.7690079802235498,0.7494537614420448
92691,0.7615452386752121,0.7726690207882394,0.767261635455898,0.7690079802235498,0.7494537614420448
92692,0.7615452386752121,0.7726690207882394,0.767261635455898,0.7690079802235498,0.7494537614420448
92702,0.7778965492603773,0.798327200365419,0.7764643407905978,0.7890050207450359,0.7674037091233109
92703,0.7778965492603773,0.798327200365419,0.7764643407905978,0.7890050207450359,0.7674037091233109
92706,0.7771452027666731,0.7983154115238934,0.7758586267211359,0.7886515088544528,0.7670983853838451
92707,0.7778965492603773,0.798327200365419,0.7764643407905978,0.7890050207450359,0.7674037091233109
92708,0.7410342613372367,0.7611051368964153,0.7385932537932564,0.7524205615797082,0.7294265137513313
92709,0.704008112225387,0.7214196370515509,0.7133709697681789,0.7197792288276166,0.6952997055050462
92710,0.7772854199496925,0.798327200365419,0.7759998242690987,0.788783063732768,0.7672463227145926
92711,0.7581353626886772,0.778620183182773,0.7567326471555661,0.7697159153018521,0.7465604069556188
92713,0.7771452027666731,0.7983154115238934,0.7758586267211359,0.7886515088544528,0.7670983853838451
92714,0.6884241217139568,0.7093962355346405,0.6843573450614796,0.6988126234730929,0.6752903878634229
92715,0.8519953969061991,0.8673242872960519,0.8708698886035323,0.8610947913450645,0.8554961343519919
92716,0.8850516470673717,0.8985008080644554,0.9069574332043304,0.8958491801636548,0.9005268584088757
92717,0.8578633689336845,0.8722797217218065,0.8787465793380086,0.8687664823242242,0.8633732765915624
92718,0.8578633689336845,0.8722797217218065,0.8787465793380086,0.8687664823242242,0.8633732765915624
92720,0.8073590669607202,0.822961759996161,0.8199495743491005,0.8138501994131122,0.801487631762264
92721,0.88511370655069,0.8985549803434845,0.9070067371931653,0.8959048932779298,0.9005798580114371
92722,0.88511370655069,0.8985549803434845,0.9070067371931653,0.8959048932779298,0.9005798580114371
92723,0.8848239960925388,0.8983020940481367,0.906776579487453,0.8956448131707178,0.9003324466409965
92724,0.8473296990829254,0.8611720769959438,0.8645310624090723,0.8562340313628287,0.8479638012769551
92725,1.0160671851198646,1.0161488233180263,1.0196739244434065,1.0139400561061234,1.025305466225908
92726,0.9014066701181446,0.9109917114066496,0.9199339598139228,0.9099005055326773,0.9170534093958865
92727,1.0160250026103392,1.0161064292323054,1.0196224208515212,1.0139033960700539,1.0252395156275775
92728,0.8073590669607202,0.822961759996161,0.8199495743491005,0.8138501994131122,0.801487631762264
92731,0.8073590669607202,0.822961759996161,0.8199495743491005,0.8138501994131122,0.801487631762264
92733,0.8579691712721048,0.8723736070008731,0.8788352144885498,0.8688632444186692,0.8634744890434951
92734,0.8579691712721048,0.8723736070008731,0.8788352144885498,0.8688632444186692,0.8634744890434951
92735,0.8848239960925388,0.8983020940481367,0.906776579487453,0.8956448131707178,0.9003324466409965
92736,0.8848239960925388,0.8983020940481367,0.906776579487453,0.8956448131707178,0.9003324466409965
92737,0.9012262264098828,0.9108301293471928,0.9197897028860994,0.9097367914901779,0.9169035998314781
92738,0.9012262264098828,0.9108301293471928,0.9197897028860994,0.9097367914901779,0.9169035998314781
92740,0.9673417966613751,0.9710415902145962,0.9773559624171291,0.972872060125838,0.9745444834023781
92741,0.9014066701181446,0.9109917114066496,0.9199339598139228,0.9099005055326773,0.9170534093958865
92742,0.8819710303018014,0.890888520424654,0.8969734803004634,0.8924265632007533,0.8890092449735781
92745,0.8473296990829254,0.8611720769959438,0.8645310624090723,0.8562340313628287,0.8479638012769551
92746,0.8473296990829254,0.8611720769959438,0.8645310624090723,0.8562340313628287,0.8479638012769551
92747,0.943661348130497,0.9503529070003714,0.953411982555397,0.9522465216821343,0.9534671743116832
92748,0.8598634013695181,0.8631963485257501,0.8823212080509856,0.8720478955513496,0.8589636049494019
92749,0.9057659369889556,0.9145423476659885,0.9202194790457122,0.9132345378453055,0.9191444469460095
92750,0.9057659369889556,0.9145423476659885,0.9202194790457122,0.9132345378453055,0.9191444469460095
92751,0.8648177833960448,0.8773326533370502,0.8823777940373072,0.8740942860779746,0.8665083531540617
92753,0.8592792452437124,0.862627748335309,0.8818401516858859,0.8715201730947821,0.8583752336343022
92754,0.9057810837072597,0.91455598223925,0.9202321472306239,0.9132483963419773,0.9191572974261779
92755,0.9057810837072597,0.91455598223925,0.9202321472306239,0.9131883048584052,0.9191572974261779
92756,0.9057810837072597,0.91455598223925,0.9202321472306239,0.9129395327228483,0.9190273388094093
92757,0.943661348130497,0.9503529070003714,0.953411982555397,0.9522465216821343,0.9534671743116832
92758,0.943661348130497,0.9503529070003714,0.953411982555397,0.9522465216821343,0.9534671743116832
92759,0.8458335880574922,0.8582458695356152,0.8566514215293436,0.8505974052154891,0.8391915011859923
92760,0.835349062430663,0.851905630777779,0.8443698588543354,0.8433828910229051,0.8281793368350403
92761,0.8819710303018014,0.890888520424654,0.8969734803004634,0.8924265632007533,0.8890092449735781
92762,0.8819710303018014,0.890888520424654,0.8969734803004634,0.8924265632007533,0.8890092449735781
92763,0.8819710303018014,0.890888520424654,0.8969734803004634,0.8924265632007533,0.8890092449735781
92764,0.9011365824220863,0.9126872987251156,0.9151171203577426,0.9065185338875107,0.9100383425363977
92765,0.8648885417548761,0.8772973293943324,0.8831414615030347,0.874514813382118,0.8715603398822845
92766,0.9011365824220863,0.9126872987251156,0.9151171203577426,0.9065185338875107,0.9100383425363977
92767,0.8947722225620637,0.8987538989496965,0.9127832867776561,0.9044308381491909,0.8971905113638479
92768,0.8947722225620637,0.8987538989496965,0.9127832867776561,0.9044308381491909,0.8971905113638479
92769,0.8400886415185421,0.8498940598857871,0.8629599435072629,0.8531534129203727,0.8406929620899418
92770,0.7972747884208702,0.811184125864699,0.8028056407938579,0.8059619023971338,0.7855976765896814
92771,0.8103139913581329,0.8242779249008612,0.8156664083615194,0.8185135151180122,0.7996947111495546
92772,0.8400886415185421,0.8498940598857871,0.8629599435072629,0.8531534129203727,0.8406929620899418
92773,0.8592792452437124,0.862627748335309,0.8818401516858859,0.8715201730947821,0.8583752336343022
92774,0.8400886415185421,0.8498940598857871,0.8629599435072629,0.8531534129203727,0.8406929620899418
92776,0.8473713250435334,0.8554928677436608,0.8671327033063712,0.8582884733372999,0.8372101368684259
92778,0.8592792452437124,0.862627748335309,0.8818401516858859,0.8715201730947821,0.8583752336343022
92780,0.8798395091074983,0.8834823296665566,0.8996405932876106,0.8907571945242202,0.8776378875285509
92781,0.8700778923730117,0.8750526949431466,0.8924983352662548,0.8819035665551731,0.8638031025341135
92782,0.8700778923730117,0.8750526949431466,0.8924983352662548,0.8819035665551731,0.8638031025341135
92783,0.8468847781497643,0.855035506712745,0.8667164530907052,0.8578410626023849,0.8366864780784656
92784,0.8460256309493185,0.8542279403388283,0.8659815320113388,0.8570510801454289,0.8357617327580803
92785,0.8700778923730117,0.864066637316785,0.8900579481906735,0.8757032183109297,0.8638031025341135
92786,0.8469741742481426,0.8551195389643291,0.8667929302295463,0.8579232662099114,0.8367826949779253
92787,0.8469741742481426,0.8551195389643291,0.8667929302295463,0.8579232662099114,0.8367826949779253
92788,0.9831243538941723,0.9856669304033362,0.99237192021054,0.9870945402207554,0.994905343348133
92789,0.8468847781497643,0.855035506712745,0.8667164530907052,0.8578410626023849,0.8366864780784656
92791,0.8473713250435334,0.8554928677436608,0.8671327033063712,0.8582884733372999,0.8372101368684259
92792,0.8341031731814097,0.8495120396473657,0.8406000098654064,0.8418745208799558,0.8249189663440923
92794,0.8460256309493185,0.8542279403388283,0.8659815320113388,0.8570510801454289,0.8357617327580803
92795,0.8473713250435334,0.8554928677436608,0.8671327033063712,0.8582884733372999,0.8372101368684259
92798,0.87145142112604,0.8640912336041494,0.8900773990764723,0.8757254824775972,0.8731880338440735
92799,0.8629512447017963,0.8790753775304123,0.8775476042370599,0.8740672154193827,0.8538510236776014
92800,0.866903313760598,0.8723429767229625,0.8903822609013803,0.88139970154734,0.8648148822742305
92801,0.7374263950169964,0.7500346187651049,0.744032972043452,0.7465834408873636,0.7229156359581007
92802,0.7374263950169964,0.7500346187651049,0.744032972043452,0.7465834408873636,0.7229156359581007
92803,0.7183033473856778,0.7307616395496307,0.7241733757664569,0.7275220989920288,0.7031177404670742
92804,0.7469557690639231,0.7604098403895185,0.7535731368852464,0.7553717981551084,0.7337471286841304
92805,0.7469557690639231,0.7604098403895185,0.7535731368852464,0.7553717981551084,0.7337471286841304
92806,0.7469557690639231,0.7604098403895185,0.7535731368852464,0.7553717981551084,0.7337471286841304
92807,0.8132660921316518,0.827427398775351,0.8194525301983554,0.8229036565329786,0.8029495352970287
92808,0.7980971752635372,0.8119404075930928,0.8036015393558263,0.8067428054832654,0.7864768884616706
92809,0.8129630613850205,0.8271509224556935,0.819161183996665,0.8226187716431381,0.802626721963448
92810,0.8629512447017963,0.8790753775304123,0.8775476042370599,0.8740672154193827,0.8538510236776014
92811,0.866903313760598,0.8723429767229625,0.8903822609013803,0.88139970154734,0.8648148822742305
92812,0.866903313760598,0.8723429767229625,0.8903822609013803,0.88139970154734,0.8648148822742305
92813,0.7406824189700715,0.7517768394290777,0.7468161735323788,0.7492290595466775,0.7255383817111218
92814,0.7406824189700715,0.7517768394290777,0.7468161735323788,0.7492290595466775,0.7255383817111218
92815,0.7406824189700715,0.7517768394290777,0.7468161735323788,0.7492290595466775,0.7255383817111218
92816,0.7183670967750527,0.7308218115902662,0.7242354281631521,0.7275831924567013,0.7031859777247711
92817,0.747918114726638,0.7588370363291409,0.7540712129725284,0.756045082488694,0.7340846778535659
92818,0.7975632397733429,0.8100140437033735,0.8034653376069092,0.8070157536233034,0.7862441008905882
92819,0.9412407123353884,0.9380788674570151,0.9551139599416797,0.9441240182074896,0.9526569417235041
92820,0.9412407123353884,0.9380788674570151,0.9551139599416797,0.9441240182074896,0.9526569417235041
92821,0.87145142112604,0.8640912336041494,0.8900773990764723,0.8757254824775972,0.8731880338440735
92822,0.8907008196125735,0.8871902828131235,0.9084141241142891,0.8963310684926209,0.8970272519887764
92823,0.8907008196125735,0.8871902828131235,0.9084141241142891,0.8963310684926209,0.8970272519887764
92824,0.8907008196125735,0.8871902828131235,0.9084141241142891,0.8963310684926209,0.8970272519887764
92825,0.8635573676524674,0.8636685465315654,0.8847553996449707,0.8729981242391507,0.8641126317220543
92826,0.8635573676524674,0.8636685465315654,0.8847553996449707,0.8729981242391507,0.8641126317220543
92827,0.7536236498018296,0.7643243306853583,0.7602796653972338,0.7629177353798647,0.7391070177107617
92828,0.7442767558353443,0.755520563097491,0.75140138500591,0.7534099682996304,0.7295438817924613
92829,0.7458530745689697,0.7566851457511288,0.7534193661443642,0.7559347548095781,0.7318246849752801
92830,0.7442290570286938,0.7554754589788367,0.7513553370297184,0.7533643815239528,0.7294926934234679
92831,0.9412423699429906,0.9380806188508234,0.9551152117567774,0.9441255907156128,0.9526582647352615
92832,0.8714225226012624,0.8640604837750228,0.8900530819544981,0.8756976482337513,0.8731595686990598
92833,0.85606630741287,0.856305041681771,0.878897070887133,0.8667600168899164,0.8521176399095295
92834,0.7218971808629039,0.7340793730120543,0.7284729201874505,0.7308897008568584,0.7066537777965495
92835,0.7218971808629039,0.7340793730120543,0.7284729201874505,0.7308897008568584,0.7066537777965495
92836,0.7218971808629039,0.7340793730120543,0.7284729201874505,0.7308897008568584,0.7066537777965495
92837,0.7218971808629039,0.7340793730120543,0.7284729201874505,0.7308897008568584,0.7066537777965495
92838,0.7346933902174294,0.7450861217983492,0.741937532847957,0.7436716714668505,0.7206378214528301
92839,0.7346933902174294,0.7450861217983492,0.741937532847957,0.7436716714668505,0.7206378214528301
92840,0.7264470828947449,0.7365248818408406,0.7335817423215387,0.7354635737937892,0.71133268573147
92841,0.7346933902174294,0.7450861217983492,0.741937532847957,0.7436716714668505,0.7206378214528301
92842,0.9739935751941838,0.9781627613324791,0.9879436365375441,0.980294171029269,0.9872993732160581
92843,0.828973268066151,0.8340686065094627,0.8579807556379458,0.8403550143107049,0.8196471090639084
92844,0.9739932182349333,0.9781624626139586,0.9879434729178608,0.9802939019334297,0.9872992007630357
92845,0.8714283056612552,0.864066637316785,0.8900579481906735,0.8757032183109297,0.8731652650315047
92846,0.8908627940991839,0.8873579627673717,0.9085478214423205,0.8964839631384828,0.8971790299066231
92847,0.8714225226012624,0.8640604837750228,0.8900530819544981,0.8756976482337513,0.8731595686990598
92848,0.8714225226012624,0.8640604837750228,0.8900530819544981,0.8756976482337513,0.8731595686990598
92849,0.8714225226012624,0.8640604837750228,0.8900530819544981,0.8756976482337513,0.8731595686990598
92850,0.8714225226012624,0.8640604837750228,0.8900530819544981,0.8756976482337513,0.8731595686990598
92851,0.8554534688078628,0.8639171228866666,0.880178382669557,0.8687160403580367,0.851980174528988
92852,0.8714225226012624,0.8640604837750228,0.8900530819544981,0.8756976482337513,0.8731595686990598
92853,0.8636733740195005,0.8637844471215173,0.8848516007121295,0.873105220751464,0.8642281100071032
92854,0.8636733740195005,0.8637844471215173,0.8848516007121295,0.873105220751464,0.8642281100071032
92856,0.828973268066151,0.8340686065094627,0.8579807556379458,0.8403550143107049,0.8196471090639084
92857,0.8713935821162059,0.8640296892228116,0.8900287296667406,0.8756697736133671,0.8731310622390701
92858,0.8713935821162059,0.8640296892228116,0.8900287296667406,0.8756697736133671,0.8731310622390701
92859,0.8713935821162059,0.8640296892228116,0.8900287296667406,0.8756697736133671,0.8731310622390701
92860,0.8714340870432831,0.864072789070101,0.8900628130205883,0.875708786773475,0.8731709597117893
92861,0.855909742207965,0.8561487689990309,0.8787679372777015,0.8666164357750132,0.851956218560683
92863,0.7183180662321744,0.7307755324018712,0.7241877027840957,0.7275362045965857,0.703133495550168
92864,0.7183180662321744,0.7307755324018712,0.7241877027840957,0.7275362045965857,0.703133495550168
92865,0.7183180662321744,0.7307755324018712,0.7241877027840957,0.7275362045965857,0.703133495550168
92866,0.7183180662321744,0.7307755324018712,0.7241877027840957,0.7275362045965857,0.703133495550168
92867,0.7182984401098679,0.7307570076655698,0.7241685991289697,0.7275173961750544,0.7031124877023992
92868,0.8796451833061676,0.8840560660165796,0.9030653588203641,0.8888519639332838,0.8766131861133156
92869,0.8293759311019451,0.834457497852845,0.858306651527855,0.8407270860708002,0.8200753072944946
92870,0.8635573676524674,0.8636685465315654,0.8847553996449707,0.8729981242391507,0.8641126317220543
92871,0.8479475536273202,0.849667874837229,0.8706447099437944,0.8588500778883803,0.8443299544593035
92872,0.8556940938314429,0.8559335236345653,0.8785900799925938,0.86641867536173,0.8517338797411291
92873,0.8485370335141226,0.8502498042482913,0.8711363688511738,0.8593920883969337,0.8449353865565098
92874,0.7609794320411748,0.7717270969801325,0.7693697500473246,0.770638335581682,0.7478204627143002
92875,0.7183033473856778,0.7307616395496307,0.7241733757664569,0.7275220989920288,0.7031177404670742
92876,0.7609794320411748,0.7717270969801325,0.7693697500473246,0.770638335581682,0.7478204627143002
92877,0.7609794320411748,0.7717270969801325,0.7693697500473246,0.770638335581682,0.7478204627143002
92878,0.7444073434800356,0.7546646126495825,0.7526049771344032,0.7546758003903878,0.7308266846545837
92879,0.7183033473856778,0.7307616395496307,0.7241733757664569,0.7275220989920288,0.7031177404670742
92880,0.7444030059998469,0.7546604906938372,0.7526008122527329,0.7546716786673361,0.7308220549209496
92881,0.7264517976975676,0.7365293775631412,0.7335863015604832,0.7354680923767796,0.7113377377470833
92882,0.7263196031522328,0.7364033262978108,0.7334584692206273,0.7353414000740633,0.711196087192771
92883,0.7264470828947449,0.7365248818408406,0.7335817423215387,0.7354635737937892,0.71133268573147
92884,0.7219405343875109,0.7341203251373368,0.7285149700383687,0.7309312759708168,0.7067002227754987
92885,0.9005121530092011,0.9129107570590683,0.9102077060640468,0.9121414051399815,0.8933869335433008
92886,0.9005121530092011,0.9129107570590683,0.9102077060640468,0.9121414051399815,0.8933869335433008
92887,0.7263196031522328,0.7364033262978108,0.7334584692206273,0.7353414000740633,0.711196087192771
92888,0.8479475536273202,0.849667874837229,0.8706447099437944,0.8588500778883803,0.8443299544593035
92889,0.8354785347604615,0.8471204808587107,0.8440017456030287,0.8472227466196517,0.8246814877703621
92890,0.7182984401098679,0.7307570076655698,0.7241685991289697,0.7275173961750544,0.7031124877023992
92891,0.7444030059998469,0.7546604906938372,0.7526008122527329,0.7546716786673361,0.7308220549209496
92892,0.855909742207965,0.8561487689990309,0.8787679372777015,0.8666164357750132,0.851956218560683
92893,0.855909742207965,0.8561487689990309,0.8787679372777015,0.8666164357750132,0.851956218560683
92894,0.8554534688078628,0.8639171228866666,0.880178382669557,0.8687160403580367,0.851980174528988
92895,0.8291208588838552,0.8342111486161352,0.8581002044671986,0.8404913904444798,0.8198040612926639
92896,0.7444420276716867,0.75469757347739,0.7526382812045123,0.7547087593575408,0.7308637057347097
92897,0.7442596249520707,0.7545242349333358,0.7524631373599882,0.754535430599679,0.7306690117309246
92898,0.8556940938314429,0.8559335236345653,0.8785900799925938,0.86641867536173,0.8517338797411291
92899,0.8556940938314429,0.8559335236345653,0.8785900799925938,0.86641867536173,0.8517338797411291
92900,0.8286788021637693,0.8338938916711552,0.8541588164765791,0.8408032230764547,0.8227204078214208
92901,0.8286788021637693,0.8338938916711552,0.8541588164765791,0.8408032230764547,0.8227204078214208
92902,0.8286788021637693,0.8338938916711552,0.8541588164765791,0.8408032230764547,0.8227204078214208
92903,0.8556940938314429,0.8559335236345653,0.8785900799925938,0.86641867536173,0.8517338797411291
92904,0.8556940938314429,0.8559335236345653,0.8785900799925938,0.86641867536173,0.8517338797411291
92905,0.8556940938314429,0.8559335236345653,0.8785900799925938,0.86641867536173,0.8517338797411291
92906,0.8794738325646972,0.8838916216387253,0.9029300914810899,0.8886949698679998,0.8764370575959427
92907,0.8794738325646972,0.8838916216387253,0.9029300914810899,0.8886949698679998,0.8764370575959427
92909,0.7264470828947449,0.7365248818408406,0.7335817423215387,0.7354635737937892,0.71133268573147
92910,0.7444420276716867,0.75469757347739,0.7526382812045123,0.7547087593575408,0.7308637057347097
92911,0.7444420276716867,0.75469757347739,0.7526382812045123,0.7547087593575408,0.7308637057347097
92912,0.7263196031522328,0.7364033262978108,0.7334584692206273,0.7353414000740633,0.711196087192771
92913,0.7263196031522328,0.7364033262978108,0.7334584692206273,0.7353414000740633,0.711196087192771
92915,0.7264470828947449,0.7365248818408406,0.7335817423215387,0.7354635737937892,0.71133268573147
92916,0.7264470828947449,0.7365248818408406,0.7335817423215387,0.7354635737937892,0.71133268573147
92917,0.7442596249520707,0.7545242349333358,0.7524631373599882,0.754535430599679,0.7306690117309246
92918,0.7442596249520707,0.7545242349333358,0.7524631373599882,0.754535430599679,0.7306690117309246
92919,0.7442596249520707,0.7545242349333358,0.7524631373599882,0.754535430599679,0.7306690117309246
92920,0.8479475536273202,0.849667874837229,0.8706447099437944,0.8588500778883803,0.8443299544593035
92921,0.8561605367446842,0.8645779030464971,0.8807521019845437,0.8693508744898435,0.8527064357784057
92922,0.8227687588959793,0.8258521917369777,0.8469892013122359,0.8330989948550273,0.815488073347175
92923,0.8554534688078628,0.8639171228866666,0.880178382669557,0.8687160403580367,0.851980174528988
92924,0.8554534688078628,0.8639171228866666,0.880178382669557,0.8687160403580367,0.851980174528988
92925,0.8796451833061676,0.8840560660165796,0.9030653588203641,0.8888519639332838,0.8766131861133156
92926,0.8281987791879438,0.8334306579352698,0.8537593599169474,0.8403619926596196,0.8222210083587886
92927,0.8281987791879438,0.8334306579352698,0.8537593599169474,0.8403619926596196,0.8198040612926639
92928,0.8281987791879438,0.8334306579352698,0.8537593599169474,0.8400877840486946,0.8193395464641239
92930,0.7880329251293131,0.7933399857849681,0.8141286236200731,0.8000877084277228,0.779306662126866
92932,0.8278982484590142,0.8330303913649361,0.8571108562107231,0.8393617449345507,0.8185038392070223
92933,0.8278982484590142,0.8330303913649361,0.8571108562107231,0.8393617449345507,0.8185038392070223
92935,0.9000258689243623,0.8926530575321551,0.9163743342599149,0.8994650440527728,0.9046848402781049
92936,0.9000360826751441,0.8926640937429179,0.9163827603601691,0.89947532000515,0.9046945395686806
92937,0.7934756073763397,0.8047726087035304,0.8023792982486626,0.803905193314196,0.7814334893354601
92938,0.7262770326412694,0.7363627343934331,0.7334173036774788,0.7353006017081968,0.7111504710526869
92939,0.8258276044328633,0.8284943704300628,0.858136564630857,0.8390257347030298,0.819151148617512
92940,0.8277498805953704,0.8329974699501436,0.8533858442519487,0.8399493931247246,0.8217539770818285
92941,0.8284302115240012,0.8336539943403719,0.8539519433899433,0.8405747190282381,0.8224617843652937
92942,0.8279682365832195,0.833208182683888,0.8535675271380456,0.8401500896720225,0.8219811547977032
92943,0.8253415164542445,0.8382878910061173,0.835237813777716,0.8376658813521329,0.8164372819000182
92944,0.8267674550211274,0.8399844771459154,0.836497188486486,0.8384966800667076,0.8171648267367967
92945,0.8267674550211274,0.8399844771459154,0.836497188486486,0.8384966800667076,0.8171648267367967
92947,0.7652827776275055,0.7756346917827581,0.7742692817359177,0.7757563597695555,0.7525752616254476
92948,0.7727990002492113,0.7831597781187679,0.7811974236690942,0.7830494124067694,0.7598963673852759
92949,0.8277498805953704,0.8329974699501436,0.8533858442519487,0.8399493931247246,0.8217539770818285
92950,0.7877673516422325,0.7930823412145505,0.8139012936605413,0.7998400319724622,0.7790278771818268
92951,0.8286379773066446,0.8338544942722131,0.854124841873969,0.8407656965020658,0.8226779355776875
92952,0.8286379773066446,0.8338544942722131,0.854124841873969,0.8407656965020658,0.8226779355776875
92953,0.8227687588959793,0.8258521917369777,0.8469892013122359,0.8330989948550273,0.815488073347175
92954,0.8286379773066446,0.8338544942722131,0.854124841873969,0.8407656965020658,0.8226779355776875
92955,0.8278982484590142,0.8330303913649361,0.8571108562107231,0.8393617449345507,0.8185038392070223
92956,0.8278982484590142,0.8330303913649361,0.8571108562107231,0.8393617449345507,0.8185038392070223
92957,0.8286840557851366,0.8337892904061154,0.8577467025710502,0.8400877840486946,0.8193395464641239
92958,0.8286840557851366,0.8285510575045911,0.8577467025710502,0.8400877840486946,0.8193395464641239
92959,0.8074472714015078,0.8173663487710556,0.8298704535376334,0.8199991179526462,0.7991504203633422
92960,0.8072696463843283,0.8171993910878214,0.8297166719730859,0.8198349593669173,0.798963721895772
92961,0.7957903216428208,0.8020441962600023,0.8184385343503147,0.8070339105680736,0.7868830237927372
92962,0.8417544264550869,0.8556943293382119,0.8595979035931701,0.8542267123514973,0.8315041061417314
92963,0.8227687588959793,0.8258521917369777,0.8469892013122359,0.8330989948550273,0.815488073347175
92965,0.8066402493855139,0.816607813900124,0.8291718048979501,0.8192533055372037,0.7983021534872475
92966,0.7880329251293131,0.7933399857849681,0.8141286236200731,0.8000877084277228,0.779306662126866
92967,0.8066402493855139,0.816607813900124,0.8291718048979501,0.8192533055372037,0.7983021534872475
92968,0.8066402493855139,0.816607813900124,0.8291718048979501,0.8192533055372037,0.7983021534872475
92969,0.8066402493855139,0.816607813900124,0.8291718048979501,0.8192533055372037,0.7983021534872475
92970,0.7951698231054397,0.8014461655691192,0.8178981856469317,0.8064536200968795,0.7862300675979627
92971,0.8066402493855139,0.816607813900124,0.8291718048979501,0.8192533055372037,0.7983021534872475
92972,0.8291753254443746,0.8290209428719951,0.8581442867469898,0.8405417189076556,0.819861982032846
92973,0.7876126861370918,0.7929322948314352,0.8137689065944808,0.7996957925301722,0.7788655148826906
92974,0.8286788021637693,0.8338938916711552,0.8541588164765791,0.8407270860708002,0.8200753072944946
92975,0.7876126861370918,0.7929322948314352,0.8137689065944808,0.7996957925301722,0.7788655148826906
92976,0.7876126861370918,0.7929322948314352,0.8137689065944808,0.7996957925301722,0.7788655148826906
92977,0.7876126861370918,0.7929322948314352,0.8137689065944808,0.7996957925301722,0.7788655148826906
92978,0.7876126861370918,0.7929322948314352,0.8137689065944808,0.7996957925301722,0.7788655148826906
92979,0.8077526491780568,0.8176533931095976,0.8301348514617121,0.820281351464709,0.7994713915135497
92980,0.8077526491780568,0.8176533931095976,0.8301348514617121,0.820281351464709,0.7994713915135497
92981,0.8075956001603231,0.817505771604091,0.8299988755057582,0.8201362038303229,0.7993063241088533
92982,0.8072696463843283,0.8171993910878214,0.8297166719730859,0.8198349593669173,0.798963721895772
92983,0.7951698231054397,0.8014461655691192,0.8178981856469317,0.8064536200968795,0.7862300675979627
92985,0.7880329251293131,0.7933399857849681,0.8141286236200731,0.8000877084277228,0.779306662126866
92986,0.7880329251293131,0.7933399857849681,0.8141286236200731,0.8000877084277228,0.779306662126866
92987,0.7880085476007479,0.7933163359361602,0.8141077559948102,0.8000649734205654,0.7792810721327047
92988,0.7880259618396542,0.7933332303498007,0.814122662901207,0.8000812143082615,0.7792993525089049
92989,0.7880329251293131,0.7933399857849681,0.8141286236200731,0.8000877084277228,0.779306662126866
92990,0.7880329251293131,0.7933399857849681,0.8141286236200731,0.8000877084277228,0.779306662126866
92992,0.8279682365832195,0.833208182683888,0.8535675271380456,0.8401500896720225,0.8219811547977032
92993,0.7971837064361976,0.8033872017045173,0.8196521706096004,0.8083371327348209,0.7883491761746007
92994,0.7880015794986327,0.7933095758397897,0.8141017911880182,0.8000584748292726,0.779273757449018
92995,0.787858429916521,0.7931706999157451,0.8139792548587557,0.7999249717038243,0.7791234869692872
92996,0.7880015794986327,0.7933095758397897,0.8141017911880182,0.8000584748292726,0.779273757449018
92997,0.7880015794986327,0.7933095758397897,0.8141017911880182,0.8000584748292726,0.779273757449018
92998,0.8182808487574794,0.8277039023444928,0.8401977975099866,0.8298281220266724,0.8106048470144436
92999,0.7965841531983316,0.8028093134043934,0.8191299207458057,0.80777635346211,0.7877183322415952
93000,0.8179619864624957,0.8274041399048655,0.8399228649103851,0.8295326205031769,0.8102701821716765
93001,0.7957903216428208,0.8020441962600023,0.8184385343503147,0.8070339105680736,0.7868830237927372
93002,0.8256591930065216,0.828328935144709,0.858003275265477,0.8388719144026624,0.8189752230078722
93003,0.8256591930065216,0.828328935144709,0.858003275265477,0.8388719144026624,0.8189752230078722
93004,0.8256591930065216,0.828328935144709,0.858003275265477,0.8388719144026624,0.8189752230078722
93005,0.838871741534678,0.8285510575045911,0.8634821062820213,0.8459974480167795,0.8346205673114536
93006,0.8260172842379135,0.8286806990841118,0.8582866946295751,0.8391989844883639,0.8193492892764924
93007,0.8260172842379135,0.8286806990841118,0.8582866946295751,0.8391989844883639,0.8193492892764924
93008,0.8257266756974507,0.8283952252074245,0.8580566837200642,0.8389335500287618,0.8190457168713479
93009,0.7877673516422325,0.7930823412145505,0.8139012936605413,0.7998400319724622,0.7790278771818268
93010,0.7971837064361976,0.8033872017045173,0.8196521706096004,0.8083371327348209,0.7883491761746007
93011,0.7957903216428208,0.8020441962600023,0.8184385343503147,0.8070339105680736,0.7868830237927372
93012,0.787858429916521,0.7931706999157451,0.8139792548587557,0.7999249717038243,0.7791234869692872
93013,0.7965841531983316,0.8028093134043934,0.8191299207458057,0.80777635346211,0.7877183322415952
93014,0.787858429916521,0.7931706999157451,0.8139792548587557,0.7999249717038243,0.7791234869692872
93015,0.7880085476007479,0.7933163359361602,0.8141077559948102,0.8000649734205654,0.7792810721327047
93016,0.7983222408301486,0.7968885112989601,0.8289202099254609,0.808738606360817,0.7925226163943876
93017,0.7983812889887499,0.7969480582058227,0.8289689216777802,0.8087940705257005,0.7925836902976571
93018,0.7983812889887499,0.7969480582058227,0.8289689216777802,0.8087940705257005,0.7925836902976571
93019,0.7983812889887499,0.7969480582058227,0.8289689216777802,0.8087940705257005,0.7925836902976571
93020,0.7983747332454345,0.7969414470918743,0.8289635134836962,0.8087879126757878,0.7925769096580668
93021,0.7983583382417488,0.7969249136114873,0.8289499883812351,0.8087725127643612,0.7925599522098218
93022,0.7984500464520775,0.7970173963697844,0.8290256440496347,0.8088586550545078,0.7926548063610648
93023,0.7983747332454345,0.7969414470918743,0.8289635134836962,0.8087879126757878,0.7925769096580668
93024,0.7984500464520775,0.7970173963697844,0.8290256440496347,0.8088586550545078,0.7926548063610648
93025,0.7982861043324017,0.7968520695532235,0.8288903995028429,0.8087046633553294,0.7924852400810551
93026,0.8257266756974507,0.8283952252074245,0.8580566837200642,0.8389335500287618,0.8190457168713479
93027,0.7982137139254177,0.7967790676075494,0.8288306826345428,0.8086366673962755,0.7924103658014351
93028,0.7982137139254177,0.7967790676075494,0.8288306826345428,0.8086366673962755,0.7924103658014351
93029,0.7982137139254177,0.7967790676075494,0.8277091828573849,0.8086366673962755,0.7924103658014351
93030,0.8075956001603231,0.817505771604091,0.8299988755057582,0.8201362038303229,0.7993063241088533
93031,0.8075956001603231,0.817505771604091,0.8299988755057582,0.8201362038303229,0.7993063241088533
93032,0.8076459395428812,0.8175530889352443,0.8300424598243803,0.820182728151224,0.799359233865053
93033,0.8002325172612527,0.8043348095739508,0.8257521686376829,0.8114357555358824,0.7915924769328183
93034,0.8175947243148827,0.8270588869941191,0.8396062218070856,0.8291922773459457,0.8098847091946338
93035,0.8175947243148827,0.8270588869941191,0.8396062218070856,0.8291922773459457,0.8098847091946338
93036,0.8175947243148827,0.8270588869941191,0.8396062218070856,0.8291922773459457,0.8098847091946338
93037,0.8821672221907922,0.8948955221589283,0.8937992359938495,0.8942677904690484,0.8748238333082892
93038,0.8509467302599161,0.865412815411129,0.8513960759230388,0.8611129235034312,0.8405769882962758
93039,0.8509617697442686,0.8654262255872024,0.8514110641790453,0.8611268137170814,0.8405932212717611
93040,0.8999820177542234,0.8926056751291142,0.9163381582989044,0.8994209258207383,0.9046431979329573
93041,0.8999629762660338,0.8925851002097867,0.9163224497199768,0.8994017683617975,0.904625115617487
93042,0.8388564338746061,0.8285346182947202,0.8634694149105959,0.8459829095684186,0.8346047960831491
93043,0.8260284027615437,0.8286916211998677,0.8582954951040601,0.8392091400527565,0.8193609036778063
93044,0.7981609678861167,0.7967258759381847,0.828787171654786,0.8085871235795178,0.7923558097514378
93045,0.7981906477453196,0.7967558065550157,0.8288116549322865,0.8086150015392292,0.792386508110673
93046,0.7981906477453196,0.7967558065550157,0.8277091828573849,0.8086150015392292,0.792386508110673
93047,0.80237663195699,0.8064270935601229,0.8275800029312876,0.8134392296601609,0.7938470358311872
93048,0.80237663195699,0.8064270935601229,0.8275800029312876,0.8134392296601609,0.7938470358311872
93049,0.80237663195699,0.8064270935601229,0.8275800029312876,0.8134392296601609,0.7938470358311872
93050,0.8002325172612527,0.8043348095739508,0.8257521686376829,0.8114357555358824,0.7915924769328183
93051,0.7982696657202134,0.7968354920771146,0.8276817473154142,0.8086892226070322,0.7924682374492134
93052,0.8002325172612527,0.8043348095739508,0.8257521686376829,0.8114357555358824,0.7915924769328183
93053,0.7960776185877626,0.7967258759381847,0.818688743004504,0.8073026027094565,0.7871853378790987
93054,0.7983681762118577,0.7969348346762105,0.8289581042343329,0.8087817536176062,0.7925701276816208
93055,0.8389684830813113,0.828654949628522,0.8635623144161012,0.8460893286467689,0.834720238286061
93056,0.9000156482959127,0.8926420138786875,0.9163659025039109,0.899454761180059,0.9046751344623735
93057,0.8999834814986328,0.8926072567487936,0.916339365840776,0.8994223984798598,0.9046445879453646
93058,0.9901318650985398,0.9942702717518902,1.0043823828564868,0.9925810703419438,1.001537786270934
93059,0.8696824887654211,0.8649301356649333,0.8894299037224465,0.8718358074332211,0.8690217932113589
93060,0.9901318650985398,0.9942702717518902,1.0043823828564868,0.9925810703419438,1.001537786270934
93061,0.9901318650985398,0.9942702717518902,1.0043808541209525,0.9925810703419438,1.0015372486077434
93062,0.9000258689243623,0.8926530575321551,0.9163743342599149,0.8994650440527728,0.9046848402781049
93063,0.839309293882503,0.8290209428719951,0.8638448939858808,0.8464130198386327,0.8350713659176865
93064,0.8204117421889822,0.8187475232841245,0.8466999152462411,0.8304298014704434,0.8141789952194929
93065,0.7983681762118577,0.7969348346762105,0.8289581042343329,0.8087817536176062,0.7925701276816208
93067,0.8391103998183654,0.8288073541407042,0.863679980423827,0.8462241156918684,0.834866451661025
93068,0.8391103998183654,0.8288073541407042,0.863679980423827,0.8462241156918684,0.834866451661025
93069,0.8387772020165597,0.828449529159944,0.8634037255818539,0.8459076593675404,0.834523164650355
93073,0.839516617481924,0.8292435792305254,0.8640168050065966,0.8466099329005697,0.8352849630230658
93074,0.8025281269704663,0.8065749325679265,0.8277091828573849,0.8135808034186566,0.7940063200842701
93075,0.8152697216511048,0.810157247258581,0.8391232859934689,0.8197647055836019,0.8096440477730685
93076,0.8205687438151306,0.8189062189091231,0.846830819535348,0.8305767127131455,0.8143423675538534
93077,0.839516617481924,0.8292435792305254,0.8640168050065966,0.8466099329005697,0.8352849630230658
93078,0.83938942440688,0.8291069923426471,0.8639113365782563,0.8464891263571506,0.8351539213726428
93079,0.839516617481924,0.8292435792305254,0.8640168050065966,0.8466099329005697,0.8352849630230658
93080,0.8217464292331421,0.8142814735429623,0.847798579714502,0.8286859049571722,0.8164123911307275
93081,0.8629299933020828,0.878130530044734,0.8704048010961101,0.8748493894111223,0.855425813546932
93082,0.8176936903856958,0.8271519211608366,0.8396915453270158,0.8292839882632698,0.8099885835497012
93083,0.8176936903856958,0.8271519211608366,0.8396915453270158,0.8292839882632698,0.8099885835497012
93084,0.8180508966528356,0.8274877235441567,0.839999524206467,0.8296150158785622,0.8103634994569571
93085,0.8180508966528356,0.8274877235441567,0.839999524206467,0.8296150158785622,0.8103634994569571
93086,0.7981609678861167,0.7967258759381847,0.828787171654786,0.8085871235795178,0.7923558097514378
93087,0.8180508966528356,0.8274877235441567,0.839999524206467,0.8296150158785622,0.8103634994569571
93088,0.7983747332454345,0.7969414470918743,0.8289635134836962,0.8087879126757878,0.7925769096580668
93089,0.7981939438861992,0.7967591305434514,0.828814373970607,0.8086180975721395,0.7923899173596374
93090,0.7981939438861992,0.7967591305434514,0.828814373970607,0.8086180975721395,0.7923899173596374
93091,0.8205060444914625,0.818842843125973,0.8467785417265297,0.8305180427759334,0.8142771242404557
93092,0.8205060444914625,0.818842843125973,0.8467785417265297,0.8305180427759334,0.8142771242404557
93093,0.8205060444914625,0.818842843125973,0.8467785417265297,0.8305180427759334,0.8142771242404557
93094,0.8205003378597775,0.8188370749226717,0.8467737836558824,0.8305127028990618,0.8142711860533921
93095,0.7984827381901192,0.7970503641889208,0.8290526138800617,0.8088893628519911,0.7926886194399592
93096,0.8521153135042226,0.8486148175499098,0.8745251624348137,0.8550125437402457,0.8497787206324198
93097,0.8521153135042226,0.8486148175499098,0.8745251624348137,0.8550125437402457,0.8497787206324198
93098,0.8519841274198507,0.8484801097727155,0.8744160178844234,0.854884256060029,0.8496451862193896
93099,0.8520724201324281,0.8485707727757001,0.8744894755421876,0.8549705979924576,0.8497350594841381
93100,0.8521153135042226,0.8486148175499098,0.8745251624348137,0.8550125437402457,0.8497787206324198
93101,0.7983681762118577,0.7969348346762105,0.8289581042343329,0.8087817536176062,0.7925701276816208
93102,0.7983681762118577,0.7969348346762105,0.8289581042343329,0.8087817536176062,0.7925701276816208
93103,0.7983681762118577,0.7969348346762105,0.826758389785511,0.8087817536176062,0.7925701276816208
93104,0.7981939438861992,0.7967591305434514,0.828814373970607,0.8086180975721395,0.7923899173596374
93106,0.8205003378597775,0.8188370749226717,0.8467737836558824,0.8305127028990618,0.8142711860533921
93107,0.8205003378597775,0.8135984955035472,0.8467737836558824,0.8280640976610549,0.8142711860533921
93108,0.7981939438861992,0.7967591305434514,0.828814373970607,0.8086180975721395,0.7923899173596374
93109,0.818177881634827,0.8188370749226717,0.8401090143022157,0.8297326974875102,0.8104967777761087
93110,0.8205003378597775,0.8188370749226717,0.8467737836558824,0.8305127028990618,0.8142711860533921
93111,0.8205003378597775,0.8140219770536564,0.8467737836558824,0.828449643721588,0.8142711860533921
93112,0.7983681762118577,0.7969348346762105,0.8289581042343329,0.8087817536176062,0.7925701276816208
93113,0.7980651539171024,0.796629252383184,0.8287081348216887,0.8084971271055957,0.792256707484521
93114,0.8486174565542892,0.8580970710856501,0.8710333416664511,0.8606601545077902,0.8415120722272712
93115,0.8486174565542892,0.8580970710856501,0.8710333416664511,0.8606601545077902,0.8415120722272712
93116,0.8486174565542892,0.8580970710856501,0.8710333416664511,0.8606601545077902,0.8415120722272712
93117,0.8487131373687044,0.8581860187643728,0.8711132781159769,0.8607473007147476,0.8416128737155305
93118,0.83914071013082,0.8288399041211714,0.8637051118122328,0.8462529034300073,0.8348976795275878
93119,0.8211668331312851,0.8136734799858028,0.8473151390816047,0.8281323634894686,0.8158125433708817
93120,0.9000156482959127,0.8926420138786875,0.9163659025039109,0.899454761180059,0.9046751344623735
93121,0.8999629762660338,0.8925851002097867,0.9163224497199768,0.8994017683617975,0.904625115617487
93122,0.8390724621471481,0.8287666130615687,0.8636485251621084,0.8461880838244786,0.8348273654837681
93123,0.8390724621471481,0.8287666130615687,0.8636485251621084,0.8461880838244786,0.8348273654837681
93124,0.8390724621471481,0.8287666130615687,0.8636485251621084,0.8461880838244786,0.8348273654837681
93125,0.8390724621471481,0.8287666130615687,0.8636485251621084,0.8461880838244786,0.8348273654837681
93126,0.7982696657202134,0.7968354920771146,0.8288768387349024,0.8086892226070322,0.7924682374492134
93127,0.8387772020165597,0.828449529159944,0.8634037255818539,0.8459076593675404,0.834523164650355
93128,0.839309293882503,0.8290209428719951,0.8638448939858808,0.8464130198386327,0.8350713659176865
93129,0.839309293882503,0.8290209428719951,0.8638448939858808,0.8464130198386327,0.8350713659176865
93131,0.9901353471945449,0.994272286817236,1.0043799152252968,0.992583683033325,1.0015369183941638
93132,0.8999805538690846,0.8926040933571422,0.9163369506413079,0.8994194530200136,0.904641807787034
93133,0.8520701603925334,0.8485684523748727,0.8744875954687156,0.8549683881774695,0.849732759294421
93134,0.8520701603925334,0.8485684523748727,0.8744875954687156,0.8549683881774695,0.849732759294421
93135,0.8520565973421748,0.8485545252311211,0.8744763112114395,0.8549551247815513,0.8497189534599374
93136,0.7982696657202134,0.7968354920771146,0.8288768387349024,0.8086892226070322,0.7924682374492134
93137,0.7980651539171024,0.796629252383184,0.8287081348216887,0.8084971271055957,0.792256707484521
93138,0.7980651539171024,0.796629252383184,0.8287081348216887,0.8084971271055957,0.792256707484521
93142,0.8025281269704663,0.8065749325679265,0.8277091828573849,0.8135808034186566,0.7940063200842701
93143,0.8143463459941007,0.8315167019657377,0.8239211997453892,0.8260408008540175,0.8054068669705663
93144,0.818177881634827,0.8276071020518815,0.8401090143022157,0.8297326974875102,0.8104967777761087
93145,0.8014129737443643,0.8054867101558061,0.826758389785511,0.8125387294335714,0.7928337861387155
93146,0.8195344659165632,0.817860774286433,0.8459685514223927,0.829608946255189,0.8132660934488499
93147,0.8195344659165632,0.817860774286433,0.8459685514223927,0.829608946255189,0.8132660934488499
93148,0.8195344659165632,0.817860774286433,0.8459685514223927,0.829608946255189,0.8132660934488499
93149,0.8490591763034615,0.865032739096588,0.8670278551163001,0.8616933816454517,0.8408776737363498
93150,0.8322906634534324,0.8493001973193233,0.8372022374683186,0.8443408710033649,0.8243747806005216
93151,0.8322906634534324,0.8493001973193233,0.8372022374683186,0.8443408710033649,0.8243747806005216
93152,0.8322906634534324,0.8493001973193233,0.8372022374683186,0.8443408710033649,0.8243747806005216
93153,0.8473194131346611,0.8621238975170775,0.8628318688873702,0.8595211657437538,0.8390072239128302
93154,0.8473194131346611,0.8621238975170775,0.8628318688873702,0.8595211657437538,0.8390072239128302
93155,0.8473194131346611,0.8621238975170775,0.8628318688873702,0.8595211657437538,0.8390072239128302
93156,0.8299896565332523,0.8477763902428235,0.8382068469041385,0.8435140463488272,0.8209244911663538
93157,0.8490591763034615,0.865032739096588,0.8670278551163001,0.8616933816454517,0.8408776737363498
93158,0.8696824887654211,0.8649301356649333,0.8894299037224465,0.8718358074332211,0.8690217932113589
93159,0.8772003909472145,0.8716365533520759,0.8981159093516119,0.8793553033723459,0.8777785775085755
93160,0.9901350796451585,0.9942721319881138,1.0043803844957058,0.9925834822851953,1.0015370834385295
93161,0.8521062898995835,0.8486055517270855,0.8745176548501192,0.8550037194855972,0.849769535512164
93162,0.8521062898995835,0.8486055517270855,0.8745176548501192,0.8550037194855972,0.849769535512164
93163,0.8520904901505608,0.8485893278623168,0.8745045095903736,0.8549882687912524,0.8497534529548776
93164,0.8520904901505608,0.8485893278623168,0.8745045095903736,0.8549882687912524,0.8497534529548776
93165,0.8520904901505608,0.8485893278623168,0.8745045095903736,0.8549882687912524,0.8497534529548776
93166,0.8520904901505608,0.8485893278623168,0.8745045095903736,0.8549882687912524,0.8497534529548776
93167,0.8520904901505608,0.8485893278623168,0.8745045095903736,0.8549882687912524,0.8497534529548776
93168,0.8217604209992231,0.8142961505282958,0.8478102510427066,0.8286992680058135,0.8164268715646993
93169,0.8217604209992231,0.8142961505282958,0.8478102510427066,0.8286992680058135,0.8164268715646993
93170,0.8217604209992231,0.8142961505282958,0.8478102510427066,0.8286992680058135,0.8164268715646993
93171,0.8520679004331001,0.8485661317484222,0.8744857152135348,0.8549661781479423,0.8497304588811095
93172,0.852092747915493,0.8485916462334462,0.8745063880291885,0.8549904766762497,0.8497557511331449
93173,0.8521062898995835,0.8486055517270855,0.8745176548501192,0.8550037194855972,0.849769535512164
93174,0.7982861043324017,0.7968520695532235,0.8288903995028429,0.8087046633553294,0.7924852400810551
93175,0.8390901732809267,0.8287856329813075,0.863663209960219,0.8462049052253541,0.8348456128033421
93176,0.8390901732809267,0.8287856329813075,0.863663209960219,0.8462049052253541,0.8348456128033421
93177,0.8390901732809267,0.8287856329813075,0.863663209960219,0.8462049052253541,0.8348456128033421
93178,0.8394618273546217,0.8291847428132018,0.86397137268224,0.846557893727087,0.8352285151565402
93179,0.8520814568970168,0.8485800521231845,0.8744969940193095,0.8549794351074027,0.8497442580074634
93180,0.8520724201324281,0.8485707727757001,0.8744894755421876,0.8549705979924576,0.8497350594841381
93181,0.8520814568970168,0.8485800521231845,0.8744969940193095,0.8549794351074027,0.8497442580074634
93182,0.8770624825508472,0.8714916987539403,0.8980035282056104,0.8792200674449202,0.8776413871376504
93183,0.8770624825508472,0.8714916987539403,0.8980035282056104,0.8792200674449202,0.8776413871376504
93184,0.8770624825508472,0.8714916987539403,0.8980035282056104,0.8792200674449202,0.8776413871376504
93185,0.8394443694976144,0.8291659956106748,0.8639568966364808,0.846541312451955,0.8352105290642426
93187,0.8025281269704663,0.8065749325679265,0.8277091828573849,0.8135808034186566,0.7940063200842701
93188,0.8025281269704663,0.8065749325679265,0.8277091828573849,0.8135808034186566,0.7940063200842701
93189,0.8025281269704663,0.8065749325679265,0.8277091828573849,0.8135808034186566,0.7940063200842701
93190,0.7981939438861992,0.7967591305434514,0.8277091828573849,0.8086180975721395,0.7923899173596374
93191,0.8025281269704663,0.8065749325679265,0.8277091828573849,0.8135808034186566,0.7940063200842701
93192,0.8025281269704663,0.8065749325679265,0.8277091828573849,0.8135808034186566,0.7940063200842701
93193,0.8696727107123065,0.8649199589438379,0.8894217477077402,0.8718262089411373,0.8690119599298632
93194,0.9747424626510285,0.9775323191140854,0.9897167595827933,0.9774403448711756,0.9831088581150853
93195,0.9000360826751441,0.8926640937429179,0.9163827603601691,0.89947532000515,0.9046945395686806
93196,0.9000258689243623,0.8926530575321551,0.9163743342599149,0.8994650440527728,0.9046848402781049
93197,0.8195344659165632,0.817860774286433,0.8459685514223927,0.829608946255189,0.8132660934488499
93198,0.8483481308537132,0.8578467023938792,0.8708083427592954,0.8604148576977715,0.841228328865371
93199,0.8483481308537132,0.8578467023938792,0.8708083427592954,0.8604148576977715,0.841228328865371
93200,0.8483481308537132,0.8578467023938792,0.8708083427592954,0.8604148576977715,0.841228328865371
93201,0.8478895821742923,0.8574204443064141,0.870425294610188,0.8599972384175437,0.8407452200095814
93202,0.8577812442585027,0.8719176448586845,0.8780269234400393,0.8709694093962025,0.8501292836464743
93203,0.8495435537261657,0.8571468775234615,0.8733284834396149,0.8623494321605534,0.8428910559044213
93204,0.8520904901505608,0.8485893278623168,0.8745045095903736,0.8549882687912524,0.8497534529548776
93205,0.8209173257973381,0.8134117402279223,0.8471070453513059,0.8278940786541451,0.815554312565031
93206,0.8209173257973381,0.8134117402279223,0.8471070453513059,0.8278940786541451,0.815554312565031
93207,0.8209173257973381,0.8134117402279223,0.8471070453513059,0.8278940786541451,0.815554312565031
93208,0.817899594378821,0.8273454860731022,0.8398690706009646,0.8294748006048022,0.8102046970804077
93209,0.9747424626510285,0.9775323191140854,0.9897167595827933,0.9774403448711756,0.9831088581150853
93210,0.9747424626510285,0.9775323191140854,0.9897167595827933,0.9774403448711756,0.9831088581150853
93211,0.8696002058974084,0.864844497817419,0.8893612709266693,0.8717550356514017,0.8689390455712854
93212,0.8695884238829827,0.8648322353754736,0.8893514435525888,0.8717434700211374,0.8689271970024304
93213,0.8322906634534324,0.8493001973193233,0.8372022374683186,0.8443408710033649,0.8243747806005216
93214,0.8322906634534324,0.8493001973193233,0.8372022374683186,0.8443408710033649,0.8243747806005216
93215,0.818908763582916,0.8354479152831316,0.8184733601628685,0.8291509190654368,0.8084980294417461
93216,0.7965413251091222,0.8144599219232287,0.7993913803503127,0.8069230931080192,0.7869895670650845
93217,0.7965413251091222,0.8144599219232287,0.7993913803503127,0.8069230931080192,0.7869895670650845
93218,0.7965413251091222,0.8144599219232287,0.7993913803503127,0.8069230931080192,0.7869895670650845
93219,0.7965724491447919,0.8144878432670678,0.7994219878759247,0.8069523487074434,0.7870224422977323
93220,0.8321272351039013,0.8491555422776528,0.8370442882741262,0.8441908006170951,0.8242024196466565
93221,0.8211611211121743,0.8136674879796816,0.8473103750164408,0.8281269083462307,0.8158066316803094
93222,0.9908222352969464,0.9941234328039972,1.005307229239656,0.9943314528634083,1.000487882835103
93223,0.8487131373687044,0.8581860187643728,0.8711132781159769,0.8607473007147476,0.8416128737155305
93224,0.8487131373687044,0.8581860187643728,0.8711132781159769,0.8607473007147476,0.8416128737155305
93225,0.8205687438151306,0.8136674879796816,0.846830819535348,0.8281269083462307,0.8143423675538534
93226,0.7984827381901192,0.7970503641889208,0.8290526138800617,0.8088893628519911,0.7926886194399592
93227,0.8696824887654211,0.8649301356649333,0.8894299037224465,0.8718358074332211,0.8690217932113589
93228,0.8696727107123065,0.8649199589438379,0.8894217477077402,0.8718262089411373,0.8690119599298632
93229,0.8696727107123065,0.8649199589438379,0.8894217477077402,0.8718262089411373,0.8690119599298632
93230,0.9000258689243623,0.8926530575321551,0.9163743342599149,0.8994650440527728,0.9046848402781049
93231,0.9000258689243623,0.8926530575321551,0.9163743342599149,0.8994650440527728,0.9046848402781049
93232,0.900024409255764,0.8926514803231566,0.9163731300696936,0.8994635754947498,0.9046834541325929
93233,0.9000258689243623,0.8926530575321551,0.9163743342599149,0.8994650440527728,0.9046848402781049
93234,0.8999834814986328,0.8926072567487936,0.916339365840776,0.8994223984798598,0.9046445879453646
93235,0.8999834814986328,0.8926072567487936,0.916339365840776,0.8994223984798598,0.9046445879453646
93236,0.8999834814986328,0.8926072567487936,0.916339365840776,0.8994223984798598,0.9046445879453646
93237,0.8216482948861649,0.8141785328476332,0.8477167213413977,0.8285921805975591,0.8163108291144995
93238,0.821524448115592,0.8140486193769682,0.8476134177255739,0.828473900132041,0.8161826558605786
93239,0.8214481868481835,0.8139686218395821,0.8475498078240199,0.8284010669044084,0.8161037300686576
93240,0.8214085646041991,0.8139270582102188,0.8475167591603127,0.8283632258714464,0.8160627233257532
93241,0.8215892527142875,0.8141165986066563,0.8476674724519309,0.828535791964034,0.8162497244542314
93242,0.8772003909472145,0.8716365533520759,0.8981159093516119,0.8793553033723459,0.8777785775085755
93243,0.8772278529456436,0.8716653984075606,0.8981382884837601,0.8793822332515252,0.8778058965401349
93244,0.8696727107123065,0.8649199589438379,0.8894217477077402,0.8718262089411373,0.8690119599298632
93245,0.8771747238202009,0.8716095935157675,0.8980949930122917,0.8793301336027375,0.877753044008883
93246,0.8696511823344883,0.8648975527984167,0.8894037906378379,0.8718050759114511,0.8689903099530032
93247,0.8696511823344883,0.8648975527984167,0.8894037906378379,0.8718050759114511,0.8689903099530032
93248,0.8520950054610829,0.8485939643791544,0.8745082662864545,0.8549926843468989,0.8497580490880177
93249,0.8696511823344883,0.8648975527984167,0.8894037906378379,0.8718050759114511,0.8689903099530032
93250,0.8519795905667865,0.848475451116214,0.8744122433581676,0.8548798194524425,0.8496405681456601
93251,0.8520837155395145,0.8485823713962002,0.8744988731844784,0.8549816438499825,0.8497465570795089
93252,0.8520972627873501,0.8485962822994615,0.8745101443621882,0.8549948918032195,0.8497603468195161
93253,0.8520543360651011,0.8485522032505101,0.8744744298656706,0.8549529134643888,0.8497166517046406
93254,0.8520679004331001,0.8485661317484222,0.8744857152135348,0.8549661781479423,0.8497304588811095
93255,0.9901364168856541,0.9942729058408301,1.0043803844957058,0.992584485645991,1.0015370834385295
93256,0.9901353471945449,0.994272286817236,1.0043803844957058,0.992583683033325,1.0015370834385295
93257,0.9901364168856541,0.9942729058408301,1.0043803844957058,0.992584485645991,1.0015370834385295
93258,0.9901374857668764,0.9942735243960307,1.0043799152252968,0.9925852876511989,1.0015369183941638
93259,0.9901333393389093,0.9942711248844287,1.0043799152252968,0.9925821764958579,1.0015369183941638
93260,0.9901318650985398,0.9942702717518902,1.0043799152252968,0.9925810703419438,1.0015369183941638
93261,0.8772132114990685,0.8716500195863939,0.8981263569647484,0.879367875503634,0.8777913313161501
93262,0.877235169426236,0.8716730833562891,0.8981442508010617,0.8793894079669394,0.8778131749320536
93263,0.8216173831673891,0.8141461070093229,0.847690936842552,0.8285626581205533,0.8162788375961387
93264,0.8216173831673891,0.8141461070093229,0.847690936842552,0.8285626581205533,0.8162788375961387
93265,0.8216173831673891,0.8141461070093229,0.847690936842552,0.8285626581205533,0.8162788375961387
93266,0.8216173831673891,0.8141461070093229,0.847690936842552,0.8285626581205533,0.8162788375961387
93267,0.8216173831673891,0.8141461070093229,0.847690936842552,0.8285626581205533,0.8162788375961387
93268,0.8216173831673891,0.8141461070093229,0.847690936842552,0.8285626581205533,0.8162788375961387
93269,0.8214481868481835,0.8139686218395821,0.8475498078240199,0.8284010669044084,0.8161037300686576
93270,0.8210953525986495,0.8135984955035472,0.847255521756373,0.8280640976610549,0.8157385640145018
93271,0.8210953525986495,0.8135984955035472,0.847255521756373,0.8280640976610549,0.8157385640145018
93272,0.8210953525986495,0.8135984955035472,0.847255521756373,0.8280640976610549,0.8157385640145018
93273,0.821547005388619,0.8140722817155412,0.8476322330757197,0.8284954434959309,0.8162060012130907
93274,0.8214679776330263,0.8139893822766248,0.8475663153071609,0.8284199680342003,0.8161242123614276
93275,0.8214849303803954,0.8140071656028424,0.847580455645337,0.828436158723982,0.816141757436758
93276,0.821499050070895,0.8140219770536564,0.8475922329648264,0.828449643721588,0.8161563704568553
93277,0.8395439685466138,0.8292729500656423,0.864039484900145,0.8466359107714136,0.8353131415772231
93278,0.8396382288275521,0.8293741704652364,0.8641176479714221,0.8467254389761063,0.8354102533949179
93279,0.7965724491447919,0.8144878432670678,0.7994219878759247,0.8069523487074434,0.7870224422977323
93280,0.7965413251091222,0.8144599219232287,0.7993913803503127,0.8069230931080192,0.7869895670650845
93281,0.7965724491447919,0.8144878432670678,0.7994219878759247,0.8069523487074434,0.7870224422977323
93282,0.8999468456412673,0.8925676705383152,0.9163091425535321,0.8993855394925443,0.9046097975536963
93283,0.8210953525986495,0.8135984955035472,0.847255521756373,0.8280640976610549,0.8157385640145018
93285,0.8696550982896691,0.8649016284191294,0.8894070569754223,0.8718089199530393,0.8689942480269848
93286,0.8696550982896691,0.8649016284191294,0.8894070569754223,0.8718089199530393,0.8689942480269848
93287,0.8696550982896691,0.8649016284191294,0.8894070569754223,0.8718089199530393,0.8689942480269848
93288,0.8696550982896691,0.8649016284191294,0.8894070569754223,0.8718089199530393,0.8689942480269848
93289,0.8520950054610829,0.8485939643791544,0.8745082662864545,0.8549926843468989,0.8497580490880177
93290,0.8520950054610829,0.8485939643791544,0.8745082662864545,0.8549926843468989,0.8497580490880177
93291,0.8520950054610829,0.8485939643791544,0.8745082662864545,0.8549926843468989,0.8497580490880177
93292,0.819053123963259,0.8173742296705208,0.84556733236415,0.8291585895314034,0.8127651843860434
93293,0.8195344659165632,0.817860774286433,0.8459685514223927,0.829608946255189,0.8132660934488499
93294,0.8195344659165632,0.817860774286433,0.8459685514223927,0.829608946255189,0.8132660934488499
93295,0.8696590134870626,0.8649057032503049,0.8894103226836406,0.8718127632511165,0.8689981853387854
93296,0.8216679486601538,0.8141991492666988,0.8477331153084506,0.8286109511175738,0.8163311694025708
93297,0.9901333393389093,0.9942711248844287,1.0043817356255194,0.9925821764958579,1.0015375586368154
93298,0.9901333393389093,0.9942711248844287,1.0043808541209525,0.9925821764958579,1.0015372486077434
93299,0.8696002058974084,0.864844497817419,0.8893612709266693,0.8717550356514017,0.8689390455712854
93300,0.8696002058974084,0.864844497817419,0.8893612709266693,0.8717550356514017,0.8689390455712854
93301,0.8520543360651011,0.8485522032505101,0.8744744298656706,0.8549529134643888,0.8497166517046406
93302,0.8392565724142349,0.8289643266726264,0.8638011790948846,0.8463629461750267,0.835017048826187
93303,0.8392565724142349,0.8289643266726264,0.8638011790948846,0.8463629461750267,0.835017048826187
93304,0.8395215925829883,0.8292489217297816,0.8640209304207862,0.8466146582169027,0.8352900886451446
93305,0.8395215925829883,0.8292489217297816,0.8640209304207862,0.8466146582169027,0.8352900886451446
93306,0.8201125491943667,0.8184451010096343,0.8464504684418064,0.8301498432806003,0.8138676575662237
93307,0.8201125491943667,0.8184451010096343,0.8464504684418064,0.8301498432806003,0.8138676575662237
93308,0.819053123963259,0.8173742296705208,0.84556733236415,0.8291585895314034,0.8127651843860434
93309,0.8190471339610264,0.8173681749011745,0.8455623397276734,0.8291529852474493,0.8127589507929723
93310,0.8217604209992231,0.8142961505282958,0.8478102510427066,0.8286992680058135,0.8164268715646993
93311,0.8772479664651015,0.871686524863032,0.8981546793375363,0.8794019570516759,0.8778259053520059
93312,0.8772424830797014,0.8716807653318566,0.8981502108246334,0.8793965799113079,0.877820450511918
93313,0.8772479664651015,0.871686524863032,0.8981546793375363,0.8794019570516759,0.8778259053520059
93314,0.8648723091450411,0.8568246355278274,0.8861714066941282,0.8655311919496543,0.867509832865656
93315,0.8772333405711703,0.8716711623978819,0.8981427604368051,0.8793876145479098,0.8778113555977428
93316,0.8772333405711703,0.8716711623978819,0.8981427604368051,0.8793876145479098,0.8778113555977428
93317,0.8217464292331421,0.8142814735429623,0.847798579714502,0.8286859049571722,0.8164123911307275
93318,0.8217464292331421,0.8142814735429623,0.847798579714502,0.8286859049571722,0.8164123911307275
93320,0.8215554598150354,0.814081150308776,0.8476392850614909,0.8285035179190495,0.8162147510034296
93321,0.8215554598150354,0.814081150308776,0.8476392850614909,0.8285035179190495,0.8162147510034296
93322,0.8215554598150354,0.814081150308776,0.8476392850614909,0.8285035179190495,0.8162147510034296
93323,0.8215554598150354,0.814081150308776,0.8476392850614909,0.8285035179190495,0.8162147510034296
93324,0.8213376755239791,0.8138526954588146,0.8474576317879123,0.8282955238386509,0.8159893570003209
93325,0.8215554598150354,0.814081150308776,0.8476392850614909,0.8285035179190495,0.8162147510034296
93326,0.81523475080165,0.8101211402497338,0.8390934790576339,0.819730724935052,0.8096078261248744
93327,0.8215554598150354,0.814081150308776,0.8476392850614909,0.8285035179190495,0.8162147510034296
93328,0.8205687438151306,0.814081150308776,0.846830819535348,0.8285035179190495,0.8143423675538534
93329,0.821499050070895,0.8140219770536564,0.8475922329648264,0.828449643721588,0.8161563704568553
93330,0.8696550982896691,0.8649016284191295,0.8894070569754223,0.8718089199530393,0.8689942480269848
93331,0.8696550982896691,0.8649016284191295,0.8894070569754223,0.8718089199530393,0.8689942480269848
93332,0.8520543360651011,0.8485522032505101,0.8744744298656706,0.8549529134643888,0.8497166517046406
93333,0.8520271835999439,0.8485243218678199,0.8744518395298456,0.8549263609085039,0.8496890131841098
93334,0.8520656402541092,0.8485638108963287,0.8744838347766293,0.8549639679038568,0.8497281582441837
93335,0.8152376666114333,0.8101241507928579,0.8390959643007081,0.8197335581816987,0.8096108462266745
93336,0.8520611192373753,0.848559168515132,0.8744800733575798,0.854959546771935,0.849723556299409
93337,0.9901299865715362,0.9942691846622986,1.0043808541209525,0.9925796608437669,1.0015372486077434
93338,0.9901299865715362,0.9942691846622986,1.0043823828564868,0.9925796608437669,1.001537786270934
93340,0.8520837155395145,0.8485823713962002,0.8744988731844784,0.8549816438499825,0.8497465570795089
93341,0.8520837155395145,0.8485823713962002,0.8744988731844784,0.8549816438499825,0.8497465570795089
93342,0.8520837155395145,0.8485823713962002,0.8744988731844784,0.8549816438499825,0.8497465570795089
93343,0.8520837155395145,0.8485823713962002,0.8744988731844784,0.8549816438499825,0.8497465570795089
93344,0.8520837155395145,0.8485823713962002,0.8744988731844784,0.8549816438499825,0.8497465570795089
93345,0.8520837155395145,0.8485823713962002,0.8744988731844784,0.8549816438499825,0.8497465570795089
93346,0.8205687438151306,0.8189062189091231,0.846830819535348,0.8305767127131455,0.8143423675538534
93347,0.8431352589514358,0.8485825223548439,0.8679494856132649,0.8547770962386213,0.8370123630001031
93348,0.8427164135984552,0.8481801707038115,0.867604512344897,0.8543933093376194,0.8365747867604073
93349,0.8204974841253029,0.8140071656028424,0.8467714042738963,0.828436158723982,0.8142682165234897
93350,0.8204974841253029,0.8140219770536564,0.8467714042738963,0.828449643721588,0.8142682165234897
93351,0.820520306187788,0.8188572586964036,0.846790432859693,0.8305313879113083,0.814291964618333
93352,0.8999732323320149,0.8925961822124232,0.9163309106171045,0.8994120868919151,0.9046348550542727
93353,0.8519795905667865,0.848475451116214,0.8744122433581676,0.8548798194524425,0.8496405681456601
93354,0.8519795905667865,0.848475451116214,0.8744122433581676,0.8548798194524425,0.8496405681456601
93355,0.8519795905667865,0.848475451116214,0.8744122433581676,0.8548798194524425,0.8496405681456601
93356,0.8205687438151306,0.8139270582102188,0.846830819535348,0.8283632258714464,0.8143423675538534
93357,0.8519614343401627,0.8484568074314787,0.874397137957952,0.8548620644085007,0.8496220868734821
93358,0.8520294475144128,0.848526646558929,0.8744537230585198,0.8549285748029992,0.8496913176255332
93359,0.8695884238829827,0.8648322353754736,0.8893514435525888,0.8717434700211374,0.8689271970024304
93360,0.8520950054610829,0.8485939643791544,0.8745082662864545,0.8549926843468989,0.8497580490880177
93361,0.8520565973421748,0.8485545252311211,0.8744763112114395,0.8549551247815513,0.8497189534599374
93362,0.8113162407660713,0.8083472141501876,0.8375615621174118,0.8184189750389621,0.8054268012848872
93363,0.8113404294685498,0.8083718503204765,0.8375818985982304,0.8184421030884977,0.805451879986455
93364,0.8215892527142875,0.8141165986066563,0.8476674724519309,0.828535791964034,0.8162497244542314
93366,0.8999468456412673,0.8925676705383152,0.9163091425535321,0.8993855394925443,0.9046097975536963
93367,0.8999468456412673,0.8925676705383152,0.9163091425535321,0.8993855394925443,0.9046097975536963
93368,0.8999468456412673,0.8925676705383152,0.9163091425535321,0.8993855394925443,0.9046097975536963
93371,0.8205687438151306,0.8189062189091231,0.846830819535348,0.8305767127131455,0.8143423675538534
93372,0.8696746667014533,0.8649219946824396,0.8894233792250607,0.8718281290109471,0.8690139269668808
93373,0.8696746667014533,0.8649219946824396,0.8894233792250607,0.8718281290109471,0.8690139269668808
93374,0.8520588583995932,0.8485568469859885,0.8744781923754044,0.8549573358840606,0.8497212549915204
93375,0.8152230847023447,0.8101090951199369,0.8390835356628029,0.8197193891726918,0.8095957427505572
93376,0.8520588583995932,0.8485568469859885,0.8744781923754044,0.8549573358840606,0.8497212549915204
93377,0.9908339905251037,0.9941309397396764,1.0053041006522339,0.9943386928542781,1.000487594115093
93378,0.9908339905251037,0.9941309397396764,1.0053041006522339,0.9943386928542781,1.000487594115093
93379,0.8212010818114381,0.8137094073880335,0.8473437040604473,0.8281650720104432,0.8158479892246144
93380,0.8212010818114381,0.8137094073880335,0.8473437040604473,0.8281650720104432,0.8158479892246144
93381,0.8207555985669698,0.8132420816133961,0.8469721683293927,0.8277396277448745,0.8153869291486472
93382,0.8205772832731703,0.8137094073880335,0.8468379396739854,0.8281650720104432,0.8143512534768719
93386,0.8152697216511048,0.810157247258581,0.8391232859934689,0.8197647055836019,0.8096440477730685
93387,0.8152697216511048,0.810157247258581,0.8391232859934689,0.8197647055836019,0.8096440477730685
93388,0.8152697216511048,0.810157247258581,0.8391232859934689,0.8197647055836019,0.8096440477730685
93389,0.8152697216511048,0.810157247258581,0.8391232859934689,0.8197647055836019,0.8096440477730685
93390,0.8152697216511048,0.810157247258581,0.8391232859934689,0.8197647055836019,0.8096440477730685
93391,0.8152551554657815,0.810142207843359,0.8391108706735085,0.8197505518343995,0.8096289606086201
93392,0.8152697216511048,0.810157247258581,0.8391232859934689,0.8197647055836019,0.8096440477730685
93393,0.8152697216511048,0.810157247258581,0.8391232859934689,0.8197647055836019,0.8096440477730685
93394,0.8152697216511048,0.810157247258581,0.8391232859934689,0.8197647055836019,0.8096440477730685
93395,0.8152697216511048,0.810157247258581,0.8391232859934689,0.8197647055836019,0.8096440477730685
93396,0.8520950054610829,0.8485939643791544,0.8745082662864545,0.8549926843468989,0.8497580490880177
93397,0.8520904901505608,0.8485893278623168,0.8745045095903736,0.8549882687912524,0.8497534529548776
93398,0.8520904901505608,0.8485893278623168,0.8745045095903736,0.8549882687912524,0.8497534529548776
93399,0.8520904901505608,0.8485893278623168,0.8745045095903736,0.8549882687912524,0.8497534529548776
93400,0.852092747915493,0.8485916462334462,0.8745063880291885,0.8549904766762497,0.8497557511331449
93401,0.8205687438151306,0.8189062189091231,0.846830819535348,0.8305767127131455,0.8143423675538534
93402,0.8205687438151306,0.8189062189091231,0.846830819535348,0.8305767127131455,0.8143423675538534
93403,0.8115152311260563,0.8085498851556548,0.8377288652018872,0.8186092409184359,0.8056331123099425
93404,0.8115152311260563,0.8085498851556548,0.8377288652018872,0.8186092409184359,0.8056331123099425
93406,0.8217604209992231,0.8142961505282958,0.8478102510427066,0.8286992680058135,0.8164268715646993
93407,0.8210953525986495,0.8135984955035472,0.847255521756373,0.8280640976610549,0.8157385640145018
93408,0.86491298297164,0.856868036697433,0.8862050430192477,0.8655716441703892,0.8675496211202928
93409,0.86491298297164,0.856868036697433,0.8862050430192477,0.8655716441703892,0.8675496211202928
93410,0.8648845195699161,0.8568376647271284,0.8861815044044166,0.865543335846435,0.86752177743387
93411,0.9908339905251037,0.9941309397396764,1.005307229239656,0.9943386928542781,1.000487882835103
93412,0.8772315115393935,0.8716692412536355,0.8981412699291773,0.8793858209556743,0.8778095360876631
93413,0.8772315115393935,0.8716692412536355,0.8981412699291773,0.8793858209556743,0.8778095360876631
93414,0.8772315115393935,0.8716692412536355,0.8981412699291773,0.8793858209556743,0.8778095360876631
93415,0.8216511033926169,0.8141814789169625,0.8477190640198007,0.8285948628863649,0.8163137357244328
93416,0.8115512729794555,0.8085865935426808,0.8377591685556717,0.8186437028225534,0.8056704798686094
93420,0.8205687438151306,0.8135984955035472,0.846830819535348,0.8280640976610549,0.8143423675538534
93421,0.8207555985669698,0.8132420816133961,0.8469721683293927,0.8277396277448745,0.8153869291486472
93423,0.8772388266062972,0.8716769247156518,0.8981472310995136,0.879392994285443,0.8778168130734302
93424,0.8772479664651015,0.871686524863032,0.8981546793375363,0.8794019570516759,0.8778259053520059
93425,0.8772479664651015,0.871686524863032,0.8981546793375363,0.8794019570516759,0.8778259053520059
93428,0.9908383408310184,0.9941337178706265,1.005304739533143,0.9943413721960622,1.0004876530738085
93429,0.9908383408310184,0.9941337178706265,1.0053041006522339,0.9943413721960622,1.000487594115093
93430,0.8772388266062972,0.8716769247156518,0.8981472310995136,0.879392994285443,0.8778168130734302
93431,0.8772315115393935,0.8716692412536355,0.8981412699291773,0.8793858209556743,0.8778095360876631
93432,0.8211496937244108,0.8136555004463707,0.8473008441115205,0.8281159948668821,0.8157948048273814
93433,0.8113162407660713,0.8083472141501876,0.8375615621174118,0.8184189750389621,0.8054268012848872
93434,0.811222330129646,0.8082515661021646,0.8374826084795686,0.81832918264068,0.80532943498612
93435,0.8115512729794555,0.8085865935426808,0.8377591685556717,0.8186437028225534,0.8056704798686094
93436,0.8520950054610829,0.8485939643791544,0.8745082662864545,0.8549926843468989,0.8497580490880177
93437,0.8263817347931566,0.8197520583701347,0.8509734474956784,0.8301627444593727,0.8225765296258779
93438,0.8263817347931566,0.8197520583701347,0.8509734474956784,0.8301627444593727,0.8225765296258779
93439,0.8263817347931566,0.8197520583701347,0.8509734474956784,0.8301627444593727,0.8225765296258779
93440,0.8263817347931566,0.8197520583701347,0.8509734474956784,0.8301627444593727,0.8225765296258779
93441,0.8772260233836395,0.8716634767056982,0.8981367975459451,0.8793804391395806,0.8778040765026551
93442,0.8772260233836395,0.8716634767056982,0.8981367975459451,0.8793804391395806,0.8778040765026551
93443,0.8697039838346254,0.8649525071062423,0.8894478331282025,0.8718569077817558,0.8690434096864796
93444,0.8152201674623447,0.8101060830980271,0.8390810492083525,0.8197165545380318,0.8095927211650628
93445,0.8152201674623447,0.8101060830980271,0.8390810492083525,0.8197165545380318,0.8095927211650628
93446,0.8412489158321255,0.8467705334950698,0.8663961091719314,0.8530487899813473,0.8350415720270757
93447,0.8422804793753509,0.8477614128048485,0.8672455006082141,0.8539938834474394,0.8361193453269893
93448,0.8565644747732999,0.8708352410061512,0.877001577629725,0.8698780954056916,0.8488383864583356
93449,0.8565644747732999,0.8708352410061512,0.877001577629725,0.8698780954056916,0.8488383864583356
93450,0.8565644747732999,0.8708352410061512,0.877001577629725,0.8698780954056916,0.8488383864583356
93451,0.8777208573219758,0.8934824097989851,0.8950888457656782,0.8922615974579325,0.8701644205063686
93452,0.8263790275915467,0.8197492308751807,0.8509711742137588,0.8301601052205249,0.8225737535567387
93453,0.8696961700933711,0.8649443747951392,0.8894413155432025,0.8718492375254187,0.8690355518129695
93454,0.8696961700933711,0.8649443747951392,0.8894413155432025,0.8718492375254187,0.8690355518129695
93455,0.8696961700933711,0.8649443747951392,0.8894413155432025,0.8718492375254187,0.8690355518129695
93456,0.8696863986620689,0.8649342049732786,0.8894331650281955,0.8718396455304088,0.8690257251916791
93457,0.8263790275915467,0.8197492308751807,0.8509711742137588,0.8301601052205249,0.8225737535567387
93458,0.869662927926803,0.864909777292083,0.8894135877626029,0.8718166058058138,0.8690021218885399
93459,0.8696492240726859,0.8648955146919398,0.8894021572329988,0.8718031536117989,0.8689883406301524
93460,0.8193748608489151,0.8176994445095069,0.8458355087583781,0.8294596131585344,0.8131000018374539
93461,0.8190471339610264,0.8173681749011745,0.8455623397276734,0.8291529852474493,0.8127589507929723
93462,0.8180365239446791,0.8163466294465659,0.8447201022097831,0.8282074966557137,0.8117072112336542
93463,0.8150915252717779,0.8099732608700675,0.8389714049864756,0.8195915553532038,0.8094594771656313
93464,0.8150915252717779,0.8099732608700675,0.8389714049864756,0.8195915553532038,0.8094594771656313
93465,0.8150915252717779,0.8099732608700675,0.8389714049864756,0.8195915553532038,0.8094594771656313
93466,0.8471394965883007,0.8619635164534295,0.862672409485748,0.859357386611131,0.8388161144681913
93467,0.8310103758744545,0.848676131240263,0.8391712057800953,0.8444424349829124,0.8220083480518559
93468,0.8473194131346611,0.8621238975170775,0.8628318688873702,0.8595211657437538,0.8390072239128302
93469,0.8473194131346611,0.8621238975170775,0.8628318688873702,0.8595211657437538,0.8390072239128302
93470,0.8473194131346611,0.8621238975170775,0.8628318688873702,0.8595211657437538,0.8390072239128302
93471,0.8143463459941007,0.8315167019657377,0.8239211997453892,0.8260408008540175,0.8054068669705663
93472,0.8520271835999439,0.8485243218678199,0.8744518395298456,0.8549263609085039,0.8496890131841098
93473,0.8151968192397712,0.8100819762702931,0.8390611488466576,0.8196938674622076,0.8095685377932836
93474,0.8151938994237361,0.8100789615848634,0.8390586602103575,0.8196910303275324,0.8095655135354258
93475,0.8577812442585027,0.8719176448586845,0.8780269234400393,0.8709694093962025,0.8501292836464743
93476,0.8180365239446791,0.8163466294465659,0.8447201022097831,0.8282074966557137,0.8117072112336542
93477,0.8565644747732999,0.8708352410061512,0.877001577629725,0.8698780954056916,0.8488383864583356
93478,0.8263438098667124,0.8197124482211937,0.8509416014335963,0.8301257716399901,0.822537639915842
93479,0.8152609827971525,0.8101482244957976,0.839115837527577,0.8197562141660287,0.8096349963636915
93480,0.8648946895031316,0.8568485165980457,0.8861899147010776,0.8655534503699186,0.8675317259410806
93481,0.8648824849919962,0.8568354937208391,0.8861798218584018,0.865541312353771,0.8675197871543716
93482,0.8648946895031316,0.8568485165980457,0.8861899147010776,0.8655534503699186,0.8675317259410806
93483,0.8412489158321255,0.8467705334950698,0.8663961091719314,0.8530487899813473,0.8350415720270757
93484,0.8429491170929686,0.8484037094481417,0.867796169509467,0.8546065326758746,0.8368178982291559
93485,0.8214679776330263,0.8139893822766248,0.8475663153071609,0.8284199680342003,0.8161242123614276
93486,0.8214679776330263,0.8139893822766248,0.8475663153071609,0.8284199680342003,0.8161242123614276
93487,0.8114460321917979,0.808479406401581,0.8376706846600714,0.8185430756479981,0.8055613678676153
93488,0.8111403041481201,0.8081680223818318,0.8374136480346397,0.8182507541662851,0.8052443902566963
93489,0.877235169426236,0.8716730833562891,0.8981442508010617,0.8793894079669394,0.8778131749320536
93490,0.8772333405711703,0.8716711623978819,0.8981427604368051,0.8793876145479098,0.8778113555977428
93491,0.8772315115393935,0.8716692412536355,0.8981412699291773,0.8793858209556743,0.8778095360876631
93492,0.8771802268413774,0.8716153736970617,0.8980994774560777,0.8793355299893457,0.8777585183800496
93493,0.8771802268413774,0.8716153736970617,0.8980994774560777,0.8793355299893457,0.8777585183800496
93494,0.784572012040463,0.8005950032414803,0.7974708462487305,0.797136060700739,0.775030971916448
93495,0.8565644747732999,0.8708352410061512,0.877001577629725,0.8698780954056916,0.8488383864583356
93496,0.8696550982896691,0.8649016284191294,0.8894070569754223,0.8718089199530393,0.8689942480269848
93497,0.8696550982896691,0.8649016284191294,0.8894070569754223,0.8718089199530393,0.8689942480269848
93498,0.8696550982896691,0.8649016284191294,0.8894070569754223,0.8718089199530393,0.8689942480269848
93499,0.8696453069805726,0.8648914378866579,0.8893988899511576,0.8717993084546971,0.8689844014126458
93500,0.8696453069805726,0.8648914378866579,0.8893988899511576,0.8717993084546971,0.8689844014126458
93501,0.8696453069805726,0.8648914378866579,0.8893988899511576,0.8717993084546971,0.8689844014126458
93502,0.8263573604445027,0.81972660094009,0.8509529800019274,0.8301389820241315,0.8225515352170351
93503,0.8190471339610264,0.8173681749011745,0.8455623397276734,0.8291529852474493,0.8127589507929723
93504,0.8207555985669698,0.8132420816133961,0.8469721683293927,0.8277396277448745,0.8153869291486472
93505,0.8216511033926169,0.8141814789169625,0.8477190640198007,0.8285948628863649,0.8163137357244328
93506,0.8648723091450411,0.8568246355278274,0.8861714066941282,0.8655311919496543,0.867509832865656
93507,0.8648967228986206,0.856850686340256,0.8861915962738274,0.8655554726867706,0.8675337150645865
93508,0.8648824849919962,0.8568354937208391,0.8861798218584018,0.865541312353771,0.8675197871543716
93509,0.8114460321917979,0.808479406401581,0.8376706846600714,0.8185430756479981,0.8055613678676153
93510,0.8152405821352516,0.8101271610403065,0.8390984493015724,0.8197363911508185,0.8096138660318168
93511,0.8152405821352516,0.8101271610403065,0.8390984493015724,0.8197363911508185,0.8096138660318168
93512,0.8772315115393935,0.8716692412536355,0.8981412699291773,0.8793858209556743,0.8778095360876631
93513,0.8772315115393935,0.8716692412536355,0.8981412699291773,0.8793858209556743,0.8778095360876631
93514,0.8772388266062972,0.8716769247156518,0.8981472310995136,0.879392994285443,0.8778168130734302
93515,0.8520724201324281,0.8485707727757001,0.8744894755421876,0.8549705979924576,0.8497350594841381
93516,0.8152609827971525,0.8101482244957976,0.839115837527577,0.8197562141660287,0.8096349963636915
93517,0.8152609827971525,0.8101482244957976,0.839115837527577,0.8197562141660287,0.8096349963636915
93518,0.8152668089854999,0.8101542399664005,0.839120803413504,0.81976187538836,0.8096410309330039
93519,0.8152405821352516,0.8101271610403065,0.8390984493015724,0.8197363911508185,0.8096138660318168
93520,0.8113162407660713,0.8083472141501876,0.8375615621174118,0.8184189750389621,0.8054268012848872
93522,0.9171337994390958,0.9123116684747059,0.9334299362062697,0.9171368841114178,0.9243335999175344
93523,0.8772333405711703,0.8716711623978819,0.8981427604368051,0.8793876145479098,0.8778113555977428
93524,0.8649068869212627,0.8568615318924799,0.8862000017054541,0.8655655813327691,0.8675436577933834
93525,0.8648760676152488,0.862813221941634,0.8868352815277464,0.8696816004183238,0.8667469266335329
93526,0.9171254542996018,0.9123028017431865,0.9334233230561277,0.9171285393042369,0.9243260257782125
93527,0.9171337994390958,0.9123116684747059,0.9334299362062697,0.9171368841114178,0.9243335999175344
93528,0.8772333405711703,0.8716711623978819,0.8981427604368051,0.8793876145479098,0.8778113555977428
93529,0.8696981238122831,0.8649464081683942,0.8894429451749949,0.8718511553677594,0.8690375165665898
93530,0.8148089179394296,0.8096814677582151,0.838730543752828,0.8193169534825124,0.8091667571842843
93531,0.8151617625420831,0.8100457804977695,0.8390312691988507,0.8196598034987765,0.809532227086723
93532,0.8696609708016312,0.8649077403698598,0.889411955301772,0.8718146846213793,0.86900015370891
93533,0.8111403041481201,0.8081680223818318,0.8374136480346397,0.8182507541662851,0.8052443902566963
93534,0.8113827140628418,0.8084149170999985,0.8376174493426044,0.8184825336275583,0.8054957203203684
93535,0.8114430199993226,0.8084763384962013,0.8376681521132149,0.8185401955159612,0.8055582448643758
93536,0.8772479664651015,0.871686524863032,0.8981546793375363,0.8794019570516759,0.8778259053520059
93537,0.8772406549313233,0.8716788451166405,0.8981487210337334,0.8793947871849475,0.8778186318805272
93538,0.9908394571535207,0.9941344307614586,1.0053041006522339,0.9943420597368398,1.000487594115093
93539,0.811222330129646,0.8082515661021646,0.8374826084795686,0.81832918264068,0.80532943498612
93540,0.8152084956408665,0.8100940320517334,0.8390711009669269,0.8197052132223555,0.8095806318546067
93541,0.8152084956408665,0.8100940320517334,0.8390711009669269,0.8197052132223555,0.8095806318546067
93542,0.8152084956408665,0.8100940320517334,0.8390711009669269,0.8197052132223555,0.8095806318546067
93543,0.8520611192373753,0.848559168515132,0.8744800733575798,0.854959546771935,0.849723556299409
93544,0.8214566702724543,0.8139775209139721,0.8475568838343744,0.8284091689703973,0.8161125099139683
93545,0.8214849303803954,0.8140071656028424,0.847580455645337,0.828436158723982,0.816141757436758
93546,0.8214849303803954,0.8140071656028424,0.847580455645337,0.828436158723982,0.816141757436758
93547,0.8214849303803954,0.8140071656028424,0.847580455645337,0.828436158723982,0.816141757436758
93549,0.8696570559830809,0.8649036659334007,0.8894086899081955,0.8718108416950086,0.8689962167781494
93550,0.8696570559830809,0.8649036659334007,0.8894086899081955,0.8718108416950086,0.8689962167781494
93551,0.8648723091450411,0.8568246355278274,0.8861714066941282,0.8655311919496543,0.867509832865656
93552,0.8263519410084788,0.8197209406844275,0.8509484292381104,0.8301336986448379,0.8225459779127022
93553,0.8772369981046065,0.8716750041288733,0.8981457410219603,0.8793912012127788,0.8778149940906106
93554,0.8772369981046065,0.8716750041288733,0.8981457410219603,0.8793912012127788,0.8778149940906106
93555,0.8772369981046065,0.8716750041288733,0.8981457410219603,0.8793912012127788,0.8778149940906106
93556,0.8263979724437515,0.8197690175234987,0.8509870825480002,0.8301785744783129,0.8225931803344724
93557,0.8696590134870626,0.8649057032503049,0.8894103226836406,0.8718127632511165,0.8689981853387854
93558,0.8696590134870626,0.8649057032503049,0.8894103226836406,0.8718127632511165,0.8689981853387854
93559,0.8696590134870626,0.8649057032503049,0.8894103226836406,0.8718127632511165,0.8689981853387854
93560,0.8263681961370493,0.819737918124742,0.850962078876213,0.8301495456861097,0.8225626465620155
93561,0.8263492308929448,0.8197181101406734,0.8509461535244638,0.8301310565680328,0.8225431988524882
93562,0.8152405821352516,0.8101271610403065,0.8390984493015724,0.8197363911508185,0.8096138660318168
93563,0.8152376666114333,0.8101241507928579,0.8390959643007081,0.8197335581816987,0.8096108462266745
93564,0.8152376666114333,0.8101241507928579,0.8390959643007081,0.8197335581816987,0.8096108462266745
93565,0.8772333405711703,0.8716711623978819,0.8981427604368051,0.8793876145479098,0.8778113555977428
93566,0.8772333405711703,0.8716711623978819,0.8981427604368051,0.8793876145479098,0.8778113555977428
93567,0.8772333405711703,0.8716711623978819,0.8981427604368051,0.8793876145479098,0.8778113555977428
93568,0.8772333405711703,0.8716711623978819,0.8981427604368051,0.8793876145479098,0.8778113555977428
93569,0.8412489158321255,0.8467705334950698,0.8663961091719314,0.8530487899813473,0.8350415720270757
93570,0.8211496937244108,0.8136555004463707,0.8473008441115205,0.8281159948668821,0.8157948048273814
93572,0.8115572758303851,0.8085927074027497,0.8377642156709686,0.8186494425371618,0.8056767035115527
93573,0.7999884381906038,0.7984966406432532,0.8276303979688,0.8082062609110913,0.7941298625510287
93574,0.811222330129646,0.8082515661021646,0.8374826084795686,0.81832918264068,0.80532943498612
93575,0.8115572758303851,0.8085927074027497,0.8377642156709686,0.8186494425371618,0.8056767035115527
93577,0.8000526665980062,0.7985614374606586,0.8276843714835124,0.8082673861460964,0.7941963323239879
93578,0.811349495340911,0.8083810838985784,0.8375895206953975,0.8184507714397378,0.8054612794199653
93579,0.8115572758303851,0.8085927074027497,0.8377642156709686,0.8186494425371618,0.8056767035115527
93580,0.7980023431891438,0.7931163678422176,0.825793283619656,0.8046593415565713,0.7926408755507826
93582,0.7849229290117017,0.801659679246953,0.7944407621036406,0.7967220888647046,0.7748599577961959
93583,0.784572012040463,0.8005950032414803,0.7944407621036406,0.7967220888647046,0.7748599577961959
93584,0.7849229290117017,0.801659679246953,0.7944407621036406,0.7967220888647046,0.7748599577961959
93585,0.784572012040463,0.8005950032414803,0.7974708462487305,0.797136060700739,0.775030971916448
93586,0.784572012040463,0.8005950032414803,0.7974708462487305,0.797136060700739,0.775030971916448
93587,0.9171254542996018,0.9123028017431865,0.9334233230561277,0.9171285393042369,0.9243260257782125
93588,0.9171218760969747,0.9122989998922902,0.9334204874945202,0.917124961244099,0.9243227781647105
93589,0.9171254542996018,0.9123028017431865,0.9334233230561277,0.9171285393042369,0.9243260257782125
93590,0.854415121255916,0.8474819014824466,0.8774230612313402,0.8571493083954734,0.8575545336261104
93591,0.8648723091450411,0.8568246355278274,0.8861714066941282,0.8655311919496543,0.867509832865656
93592,0.8263709043979307,0.8197407467279962,0.8509643530421193,0.830152185956614,0.8225654237184711
93593,0.8263709043979307,0.8197407467279962,0.8509643530421193,0.830152185956614,0.8225654237184711
93594,0.8263709043979307,0.8197407467279962,0.8509643530421193,0.830152185956614,0.8225654237184711
93595,0.8649068869212627,0.8568615318924799,0.8862000017054541,0.8655655813327691,0.8675436577933834
93596,0.9171314156848175,0.9123091357304025,0.9334280471861643,0.917134500452063,0.9243314363955392
93597,0.8114430199993226,0.8084763384962013,0.8376681521132149,0.8185401955159612,0.8055582448643758
93598,0.8114430199993226,0.8084763384962013,0.8376681521132149,0.8185401955159612,0.8055582448643758
93599,0.8151968192397712,0.8100819762702931,0.8390611488466576,0.8196938674622076,0.8095685377932836
93600,0.8151968192397712,0.8100819762702931,0.8390611488466576,0.8196938674622076,0.8095685377932836
93601,0.8163049955296955,0.8096032816424834,0.8437975310930138,0.8224125454248348,0.8138445711876653
93602,0.8163049955296955,0.8096032816424834,0.8437975310930138,0.8224125454248348,0.8138445711876653
93603,0.8163049955296955,0.8096032816424834,0.8437975310930138,0.8224125454248348,0.8138445711876653
93604,0.8163049955296955,0.8096032816424834,0.8437975310930138,0.8224125454248348,0.8138445711876653
93605,0.8214566702724543,0.8139775209139721,0.8475568838343744,0.8284091689703973,0.8161125099139683
93606,0.8113132158438582,0.8083441332686641,0.8375590189433357,0.8184160827594088,0.8054236650613559
93607,0.8113132158438582,0.8083441332686641,0.8375590189433357,0.8184160827594088,0.8054236650613559
93608,0.854415121255916,0.8474819014824466,0.8774230612313402,0.8571493083954734,0.8575545336261104
93609,0.9171218760969747,0.9122989998922902,0.9334204874945202,0.917124961244099,0.9243227781647105
93610,0.9171218760969747,0.9122989998922902,0.9334204874945202,0.917124961244099,0.9243227781647105
93611,0.9171218760969747,0.9122989998922902,0.9334204874945202,0.917124961244099,0.9243227781647105
93612,0.9171218760969747,0.9122989998922902,0.9334204874945202,0.917124961244099,0.9243227781647105
93613,0.8111950122517977,0.808223742778476,0.8374596417954814,0.8183030628282475,0.8053011117888945
93614,0.8111950122517977,0.808223742778476,0.8374596417954814,0.8183030628282475,0.8053011117888945
93615,0.8152405821352516,0.8101271610403065,0.8390984493015724,0.8197363911508185,0.8096138660318168
93616,0.8152405821352516,0.8101271610403065,0.8390984493015724,0.8197363911508185,0.8096138660318168
93617,0.8114640991429637,0.8084978075101181,0.8376858747619766,0.8185603505202114,0.8055800994443556
93618,0.7976426826153277,0.7927463293880918,0.8254908997483903,0.8043136691660611,0.7922698220600302
93619,0.8422804793753509,0.8477614128048485,0.8672455006082141,0.8539938834474394,0.8361193453269893
93620,0.8422804793753509,0.8477614128048485,0.8672455006082141,0.8539938834474394,0.8361193453269893
93621,0.811349495340911,0.8083810838985784,0.8375895206953975,0.8184507714397378,0.8054612794199653
93623,0.8151003139721367,0.809982335172252,0.8389788956707325,0.8196000951460798,0.8094685802855364
93624,0.8151003139721367,0.809982335172252,0.8389788956707325,0.8196000951460798,0.8094685802855364
93625,0.8115272497924785,0.8085621260911814,0.837738970256599,0.8186207327195303,0.8056455730597399
93626,0.8648906221210523,0.8568441764817087,0.8861865510690383,0.8655494051484223,0.8675277471161836
93627,0.8648906221210523,0.8568441764817087,0.8861865510690383,0.8655494051484223,0.8675277471161836
93628,0.8000526665980062,0.7985614374606586,0.8276843714835124,0.8082673861460964,0.7941963323239879
93629,0.7980770536114531,0.793193233271353,0.8258560994567535,0.804731147201814,0.792717951753544
93631,0.8565644747732999,0.8708352410061512,0.877001577629725,0.8698780954056916,0.8488383864583356
93632,0.8143463459941007,0.8315167019657377,0.8239211997453892,0.8260408008540175,0.8054068669705663
93633,0.8280196087750332,0.8405807411057858,0.848098723797694,0.8402345676878076,0.8199267456987352
93634,0.8493091721575369,0.8569258193019307,0.8731352007469341,0.8621373890975269,0.8426448703515667
93635,0.8263519410084788,0.8197209406844275,0.8509484292381104,0.8301336986448379,0.8225459779127022
93636,0.8544217578653793,0.8474888968699134,0.8774285378893322,0.8571558047145561,0.8575610092103121
93637,0.8544217578653793,0.8474888968699134,0.8774285378893322,0.8571558047145561,0.8575610092103121
93638,0.8544217578653793,0.8474888968699134,0.8774285378893322,0.8571558047145561,0.8575610092103121
93639,0.8544217578653793,0.8474888968699134,0.8774285378893322,0.8571558047145561,0.8575610092103121
93640,0.8648906221210523,0.8568441764817087,0.8861865510690383,0.8655494051484223,0.8675277471161836
93641,0.8648906221210523,0.8568441764817087,0.8861865510690383,0.8655494051484223,0.8675277471161836
93642,0.8648946895031316,0.856848516598046,0.8861899147010776,0.8655534503699186,0.8675317259410806
93643,0.8648946895031316,0.856848516598046,0.8861899147010776,0.8655534503699186,0.8675317259410806
93644,0.8648946895031316,0.856848516598046,0.8861899147010776,0.8655534503699186,0.8675317259410806
93645,0.8648946895031316,0.856848516598046,0.8861899147010776,0.8655534503699186,0.8675317259410806
93646,0.8648946895031316,0.856848516598046,0.8861899147010776,0.8655534503699186,0.8675317259410806
93647,0.8648946895031316,0.856848516598046,0.8861899147010776,0.8655534503699186,0.8675317259410806
93648,0.8648946895031316,0.856848516598046,0.8861899147010776,0.8655534503699186,0.8675317259410806
93649,0.8648946895031316,0.856848516598046,0.8861899147010776,0.8655534503699186,0.8675317259410806
93650,0.8544306036704505,0.8474982208777716,0.8774358376310936,0.8571644635312659,0.857569640390184
93651,0.8544306036704505,0.8474982208777716,0.8774358376310936,0.8571644635312659,0.857569640390184
93652,0.8544306036704505,0.8474982208777716,0.8774358376310936,0.8571644635312659,0.857569640390184
93653,0.8544306036704505,0.8474982208777716,0.8774358376310936,0.8571644635312659,0.857569640390184
93654,0.8163078860919313,0.8096062960627358,0.8437999289961645,0.8224153244219898,0.8138475070458804
93655,0.8544217578653793,0.8474888968699134,0.8774285378893322,0.8571558047145561,0.8575610092103121
93656,0.854415121255916,0.8474819014824466,0.8774230612313402,0.8571493083954734,0.8575545336261104
93657,0.8544195458770818,0.8474865653009417,0.8774267125130439,0.8571536394850409,0.8575588508917331
93658,0.8543996283118211,0.8474655709697759,0.8774102761879023,0.8571341429593714,0.8575394165955827
93659,0.854392985253664,0.8474585687736258,0.8774047942362171,0.8571276403319996,0.8575329347238266
93660,0.8152405821352516,0.8101271610403065,0.8390984493015724,0.8197363911508185,0.8096138660318168
93661,0.8152405821352516,0.8101271610403065,0.8390984493015724,0.8197363911508185,0.8096138660318168
93662,0.81523475080165,0.8095429310037542,0.8390934790576339,0.819730724935052,0.8096078261248744
93663,0.7981256866589326,0.793243268993103,0.8258969902689659,0.8047778895422137,0.7927681246654353
93664,0.811222330129646,0.8082515661021646,0.8374826084795686,0.81832918264068,0.80532943498612
93665,0.7980738088516681,0.7931898949223954,0.8258533712696161,0.8047280285933075,0.7927146042509778
93666,0.7999884381906038,0.7984966406432532,0.8276303979688,0.8082062609110913,0.7941298625510287
93667,0.811641192160787,0.8086781754704901,0.8378347721036242,0.8187296806079917,0.8057637061709009
93668,0.8115272497924785,0.8085621260911814,0.837738970256599,0.8186207327195303,0.8056455730597399
93669,0.811641192160787,0.8086781754704901,0.8378347721036242,0.8187296806079917,0.8057637061709009
93670,0.8115782765340706,0.8086140964590014,0.8377818728310751,0.8186695226876874,0.8056984766300931
93672,0.7980738088516681,0.7931898949223954,0.8258533712696161,0.8047280285933075,0.7927146042509778
93673,0.7980738088516681,0.7931898949223954,0.8258533712696161,0.8047280285933075,0.7927146042509778
93676,0.7980738088516681,0.7931898949223954,0.8258533712696161,0.8047280285933075,0.7927146042509778
93677,0.7980738088516681,0.7931898949223954,0.8258533712696161,0.8047280285933075,0.7927146042509778
93678,0.8263573604445027,0.81972660094009,0.8509529800019274,0.8301389820241315,0.8225515352170351
93679,0.8263492308929448,0.8197181101406734,0.8509461535244638,0.8301310565680328,0.8225431988524882
93681,0.81523475080165,0.8101211402497338,0.8390934790576339,0.819730724935052,0.8096078261248744
93684,0.8161659146896708,0.8094582406629378,0.8436821567714312,0.822278833126056,0.8137033106788046
93685,0.8161659146896708,0.8094582406629378,0.8436821567714312,0.822278833126056,0.8137033106788046
93686,0.8159852972783603,0.8092698812131013,0.8435323316400181,0.8221051891298835,0.8135198619657193
93687,0.8161659146896708,0.8094582406629378,0.8436821567714312,0.822278833126056,0.8137033106788046
93688,0.8161659146896708,0.8094582406629378,0.8436821567714312,0.822278833126056,0.8137033106788046
93689,0.8648845195699161,0.8568376647271284,0.8861815044044166,0.865543335846435,0.86752177743387
93690,0.8648845195699161,0.8568376647271284,0.8861815044044166,0.865543335846435,0.86752177743387
93691,0.8544239696388455,0.8474912282120618,0.8774303630892657,0.8571579697339172,0.8575631673194279
93692,0.8544239696388455,0.8474912282120618,0.8774303630892657,0.8571579697339172,0.8575631673194279
93693,0.8648946895031316,0.8568485165980457,0.8861899147010776,0.8655534503699186,0.8675317259410806
93694,0.854415121255916,0.8474819014824466,0.8774230612313402,0.8571493083954734,0.8575545336261104
93695,0.854415121255916,0.8474819014824466,0.8774230612313402,0.8571493083954734,0.8575545336261104
93696,0.854415121255916,0.8474819014824466,0.8774230612313402,0.8571493083954734,0.8575545336261104
93697,0.8543774772558714,0.8474422223668782,0.8773919968353593,0.8571124601699683,0.8575178030157741
93698,0.854399628311821,0.8474655709697759,0.8774102761879023,0.8571341429593713,0.8575394165955827
93699,0.7979958386260702,0.7931096756443738,0.8257878146949273,0.8046530899089287,0.792634165001
93700,0.7979763172451453,0.7930895911257348,0.8257714015038788,0.8046343275877017,0.7926140254036748
93701,0.8263573604445027,0.81972660094009,0.8509529800019274,0.8301389820241315,0.8225515352170351
93702,0.7980153484708473,0.793129748276807,0.8258042182618347,0.8046718411640513,0.7926542926778195
93703,0.7979958386260702,0.7931096756443738,0.8257878146949273,0.8046530899089287,0.792634165001
93704,0.7980023431891438,0.7931163678422176,0.825793283619656,0.8046593415565713,0.7926408755507826
93705,0.8114580780073863,0.8084916750116145,0.8376808123810509,0.8185545933569263,0.8055738568124383
93706,0.811222330129646,0.8082515661021646,0.8374826084795686,0.81832918264068,0.80532943498612
93707,0.8115782765340706,0.8086140964590014,0.8377818728310751,0.8186695226876874,0.8056984766300931
93708,0.7975076276793249,0.7926073759719439,0.8253773592006538,0.8041838687721721,0.7921304873370533
93709,0.7976426826153277,0.7927463293880918,0.8254908997483903,0.8043136691660611,0.7922698220600302
93710,0.8263681961370493,0.819737918124742,0.850962078876213,0.8301495456861097,0.8225626465620155
93711,0.8263979724437515,0.8197690175234987,0.8509870825480002,0.8301785744783129,0.8225931803344724
93712,0.8648967228986206,0.856850686340256,0.8861915962738274,0.8655554726867706,0.8675337150645865
93713,0.8544195458770818,0.8474865653009417,0.8774267125130439,0.8571536394850409,0.8575588508917331
93714,0.8159852972783603,0.8092698812131013,0.8435323316400181,0.8221051891298835,0.8135198619657193
93715,0.7973653980958776,0.7924610399095652,0.8252577908357887,0.8040471739869826,0.791983749620455
93716,0.7999144189899028,0.7984219663164998,0.8275681978960674,0.8081358182744355,0.7940532600359371
93717,0.7999144189899028,0.7984219663164998,0.8275681978960674,0.8081358182744355,0.7940532600359371
93718,0.7999144189899028,0.7984219663164998,0.8275681978960674,0.8081358182744355,0.7940532600359371
93719,0.7997788202900983,0.7982851672729148,0.827454253927451,0.808006772604506,0.793912928078108
93720,0.7999466218472672,0.7984544542026862,0.8275952585806206,0.8081664650623006,0.7940865868293432
93721,0.7999466218472672,0.7984544542026862,0.8275952585806206,0.8081664650623006,0.7940865868293432
93722,0.7999337445086598,0.7984414628879073,0.8275844374791163,0.8081542099590779,0.7940732600559454
93723,0.7998950820525871,0.7984024582204042,0.8275519487915295,0.8081174157487897,0.7940332481782648
93724,0.7974382418883679,0.792535986976444,0.825319028039841,0.8041171829542423,0.7920589024087661
93725,0.7974382418883679,0.792535986976444,0.825319028039841,0.8041171829542423,0.7920589024087661
93726,0.7974382418883679,0.792535986976444,0.825319028039841,0.8041171829542423,0.7920589024087661
93727,0.793387284979029,0.8117702171985999,0.8048830780393639,0.8075121628897116,0.7836782521726715
93728,0.7832246097675161,0.8015773621844311,0.7925814489535985,0.7959514926013662,0.7726657336810226
93729,0.8299896565332523,0.8477763902428235,0.8382068469041385,0.8435140463488272,0.8209244911663538
93731,0.7999884381906038,0.7984966406432532,0.8276303979688,0.8082062609110913,0.7941298625510287
93732,0.7999884381906038,0.7984966406432532,0.8276303979688,0.8082062609110913,0.7941298625510287
93733,0.7979144233604214,0.7930259116597331,0.8257193628473825,0.8045748404962468,0.7925501712953091
93734,0.7998757336904788,0.7983829385933224,0.8275356901603991,0.8080990023762556,0.7940132244764384
93735,0.7997949924020334,0.798301482556339,0.8274678432080413,0.8080221631059101,0.7939296647528911
93736,0.7974779084659465,0.7925767987759242,0.8253523747725174,0.8041553059737038,0.7920998262221256
93737,0.85437082774324,0.8474352133559174,0.8773865095852939,0.8571059512286617,0.857511314850838
93738,0.8543841248315537,0.8474492293327524,0.8773974824954184,0.8571189672165018,0.8575242892921655
93739,0.8497587667406743,0.8573498603234975,0.873505968078548,0.8625441391934283,0.843117104023704
93740,0.8496220235915355,0.8572208876825242,0.8733931959484184,0.8624204246190577,0.8429734767989703
93741,0.7979144233604214,0.7930259116597331,0.8257193628473825,0.8045748404962468,0.7925501712953091
93742,0.7979144233604214,0.7930259116597331,0.8257193628473825,0.8045748404962468,0.7925501712953091
93743,0.7973653980958776,0.7924610399095652,0.8252577908357887,0.8040471739869826,0.791983749620455
93744,0.7999852234487237,0.7984933974500108,0.8276276965232529,0.808203201495787,0.7941265356189962
93745,0.7998757336904788,0.7983829385933224,0.8275356901603991,0.8080990023762556,0.7940132244764384
93746,0.7914399515325627,0.8094476216739414,0.7986132927016903,0.8046442103264926,0.7804725965644982
93747,0.7975076276793249,0.7926073759719439,0.8253773592006538,0.8041838687721721,0.7921304873370533
93748,0.7975076276793249,0.7926073759719439,0.8253773592006538,0.8041838687721721,0.7921304873370533
93749,0.7975076276793249,0.7926073759719439,0.8253773592006538,0.8041838687721721,0.7921304873370533
93751,0.8162558125777887,0.8095519911606788,0.8437567309984724,0.8223652608231261,0.8137946174942511
93752,0.811222330129646,0.8082515661021646,0.8374826084795686,0.81832918264068,0.80532943498612
93753,0.8162558125777887,0.8095519911606788,0.8437567309984724,0.8223652608231261,0.8137946174942511
93754,0.8015356330490689,0.7994077023537719,0.8293438920181756,0.8099293292041144,0.7971236777271905
93755,0.8015356330490689,0.7994077023537719,0.8293438920181756,0.8099293292041144,0.7971236777271905
93756,0.8013300172405329,0.7991994726007399,0.8291715121948714,0.809733924312206,0.7969126307392835
93757,0.7979763172451453,0.7930895911257348,0.8257714015038788,0.8046343275877017,0.7926140254036748
93758,0.8013493487352874,0.7992190498872207,0.8291877185662191,0.8097522956744994,0.7969324729342521
93759,0.7979958386260702,0.7931096756443738,0.8257878146949273,0.8046530899089287,0.792634165001
93760,0.7998111565577553,0.798317789809573,0.8266069250979493,0.808037546053673,0.7939463931793209
93761,0.7998111565577553,0.798317789809573,0.8266124089972481,0.808037546053673,0.7939463931793209
93762,0.7998757336904788,0.7983829385933224,0.8275356901603991,0.8080990023762556,0.7940132244764384
93763,0.8496220235915355,0.8572208876825242,0.8733931959484184,0.8624204246190577,0.8429734767989703
93764,0.8493091721575369,0.8569258193019307,0.8731352007469341,0.8621373890975269,0.8426448703515667
93765,0.816160105438214,0.8094521824354165,0.8436773377992678,0.8222732481352524,0.8136974103751964
93766,0.8162558125777887,0.8095519911606788,0.8437567309984724,0.8223652608231261,0.8137946174942511
93767,0.8162558125777887,0.8095519911606788,0.8437567309984724,0.8223652608231261,0.8137946174942511
93768,0.8162500209560791,0.8095459513527492,0.8437519265462637,0.8223596927534318,0.8137887351088587
93769,0.7981256866589326,0.793243268993103,0.8258969902689659,0.8047778895422137,0.7927681246654353
93770,0.7981256866589326,0.793243268993103,0.8258969902689659,0.8047778895422137,0.7927681246654353
93771,0.7981256866589326,0.793243268993103,0.8258969902689659,0.8047778895422137,0.7927681246654353
93772,0.8010321691063548,0.7988978365338191,0.8289218234796432,0.8094508726619116,0.7966069120976376
93773,0.8000895655835429,0.7998599881346402,0.8266069250979493,0.8085214474685828,0.7939481441858175
93774,0.7998228932926539,0.7995929528827789,0.8263811609390761,0.8082679994697757,0.7936717086094329
93775,0.7997788202900983,0.7982851672729148,0.827454253927451,0.808006772604506,0.793912928078108
93776,0.8000960429576167,0.7998664743230802,0.8266124089972481,0.8085276036918937,0.7939548586554245
93777,0.7999467405036726,0.7997169686773864,0.8264860080177888,0.8083857044661534,0.7938000905702033
93778,0.7978295385348261,0.7929385777028001,0.8256479952784851,0.8044932568365825,0.7924625977951515
93779,0.7978295385348261,0.7929385777028001,0.8256479952784851,0.8044932568365825,0.7924625977951515
93780,0.801028916813704,0.7988945428700549,0.8289190971513467,0.8094477819710759,0.7966035738444146
93781,0.7979763172451453,0.7930895911257348,0.8257714015038788,0.8046343275877017,0.7926140254036748
93782,0.8173392292300427,0.8120136136989171,0.8437542442130599,0.8247512061075297,0.8134519848787883
93783,0.817722818486367,0.8124103009324003,0.8440746930404802,0.825116775422722,0.813845122007322
93784,0.8160815689686062,0.8093702797890188,0.8436121897848236,0.822197743670219,0.813617642875478
93785,0.8015196158745966,0.7993914815863642,0.8293304635775409,0.8099141073381475,0.7971072375341066
93786,0.8015196158745966,0.7993914815863642,0.8293304635775409,0.8099141073381475,0.7971072375341066
93787,0.8015196158745966,0.7993914815863642,0.8293304635775409,0.8099141073381475,0.7971072375341066
93788,0.801028916813704,0.7988945428700549,0.8289190971513467,0.8094477819710759,0.7966035738444146
93789,0.7999337257337928,0.7993914815863642,0.8264749897827839,0.8083733351140654,0.7937865992974118
93791,0.7998950820525871,0.7984024582204042,0.8264860080177888,0.8081174157487897,0.7938000905702033
93794,0.7736355298881816,0.7925858790834528,0.774519516573718,0.7846219168203182,0.762381359097911
93795,0.9089175008819987,0.9249432265831861,0.9172213348888381,0.9223091314389751,0.9010811386109544
93796,0.8829165584111749,0.9000660644500879,0.881530339694536,0.8931254450881723,0.8738759815586348
93797,0.879424904071562,0.893346634455398,0.8979148789775474,0.8936847329456329,0.8723154951938084
93799,0.8493091721575369,0.8569258193019307,0.8731352007469341,0.8621373890975269,0.8426448703515667
93800,0.8493091721575369,0.8569258193019307,0.8731352007469341,0.8621373890975269,0.8426448703515667
93802,0.8493091721575369,0.8569258193019307,0.8731352007469341,0.8621373890975269,0.8426448703515667
93804,0.7914399515325627,0.8094476216739414,0.7986132927016903,0.8046442103264926,0.7804725965644982
93805,0.7998228932926539,0.7995929528827789,0.8263811609390761,0.8082679994697757,0.7936717086094329
93806,0.7965413251091222,0.8144599219232287,0.7993913803503127,0.8069230931080192,0.7869895670650845
93807,0.7832246097675161,0.8015773621844311,0.7925814489535985,0.7959514926013662,0.7726657336810226
93809,0.7914399515325627,0.8094476216739414,0.7986132927016903,0.8046442103264926,0.7804725965644982
93810,0.7653579656141984,0.7846824567332549,0.7659930216973411,0.7768678147997592,0.7541093468827077
93812,0.7735256252274796,0.792486947461173,0.7744101326098978,0.7845184216020119,0.7622647473288534
93813,0.7914399515325627,0.8094476216739414,0.7986132927016903,0.8046442103264926,0.7804725965644982
93815,0.801028916813704,0.7988945428700549,0.8289190971513467,0.8094477819710759,0.7966035738444146
93816,0.8009246746350731,0.7987889745590933,0.8288317142465176,0.8093487198346615,0.796496576234876
93817,0.801028916813704,0.7988945428700549,0.8289190971513467,0.8094477819710759,0.7966035738444146
93818,0.7999337257337928,0.7997039361930002,0.8264749897827839,0.8083733351140654,0.7937865992974118
93819,0.7999337257337928,0.7997039361930002,0.8264749897827839,0.8083733351140654,0.7937865992974118
93820,0.8009246746350731,0.7987889745590933,0.8288317142465176,0.8093487198346615,0.796496576234876
93821,0.7987007321429033,0.7984692627768102,0.825431290962774,0.8072015415239764,0.7925084182541583
93822,0.7987007321429033,0.7984692627768102,0.825431290962774,0.8072015415239764,0.7925084182541583
93823,0.7995935393460051,0.7993632866507691,0.8261870012812829,0.808050023220211,0.7934339543678122
93824,0.7995935393460051,0.7993632866507691,0.8261870012812829,0.808050023220211,0.7934339543678122
93825,0.8058926500046671,0.809588772894078,0.831388956399601,0.8152915637867022,0.7988762810629164
93826,0.7997247918820687,0.799494717911884,0.8262981119268641,0.8081747641783918,0.7935700145190341
93827,0.7999662530627646,0.7997365077945225,0.8265025273072549,0.8084042493968588,0.7938203175139831
93828,0.7999662530627646,0.7997365077945225,0.8265025273072549,0.8084042493968588,0.7938203175139831
93829,0.7999174500714488,0.7996876383772311,0.8264612109391086,0.8083578665978719,0.7937697277290294
93830,0.8159062976495275,0.8091874946454474,0.8434668022002744,0.8220292401320715,0.8134396237241549
93831,0.8212179356391499,0.8378569370023801,0.824731292357027,0.832720120562699,0.8101464334772024
93832,0.8212179356391499,0.8378569370023801,0.824731292357027,0.832720120562699,0.8101464334772024
93833,0.8212179356391499,0.8378569370023801,0.824731292357027,0.832720120562699,0.8101464334772024
93834,0.8626868142923886,0.8720710627301944,0.8848533128189394,0.8755050557146726,0.8551624216747599
93835,0.8623404163864559,0.871750956827285,0.8845683430564949,0.875194465004113,0.8547946309867908
93836,0.8012816385904814,0.79915047880484,0.8291309547475352,0.8096879485879694,0.7968629739527264
93837,0.8012816385904814,0.79915047880484,0.8291309547475352,0.8096879485879694,0.7968629739527264
93838,0.7999174500714488,0.79915047880484,0.8264612109391086,0.8083578665978719,0.7937697277290294
93839,0.7941980448799415,0.7952897920788626,0.8215206554659011,0.803848643556577,0.7897098451895929
93840,0.8012816385904814,0.79915047880484,0.8291309547475352,0.8096879485879694,0.7968629739527264
93841,0.7999467405036726,0.7997169686773864,0.8264860080177888,0.8083857044661534,0.7938000905702033
93842,0.8058926500046671,0.809588772894078,0.831388956399601,0.8152915637867022,0.7988762810629164
93843,0.8058926500046671,0.809588772894078,0.831388956399601,0.8152915637867022,0.7988762810629164
93844,0.7998783558215646,0.7996484909124375,0.8264281142712551,0.8083207111949802,0.7937292020462366
93845,0.8623404163864559,0.871750956827285,0.8845683430564949,0.875194465004113,0.8547946309867908
93846,0.8406685199410855,0.8534611367436704,0.8627390225145887,0.8551727932425166,0.8321157621733767
93848,0.8010321691063548,0.7988978365338191,0.8289218234796432,0.8094508726619116,0.7966069120976376
93850,0.8173156443765565,0.8119892232722123,0.8437345424631,0.8247287295148218,0.8134278127983477
93852,0.8011003935120437,0.7989669287473273,0.8289790150437806,0.8095157072658273,0.7966769396259541
93853,0.8011003935120437,0.7989669287473273,0.8289790150437806,0.8095157072658273,0.7966769396259541
93854,0.8010321691063548,0.7988978365338191,0.8289218234796432,0.8094508726619116,0.7966069120976376
93855,0.7941980448799415,0.7952897920788626,0.8215206554659011,0.803848643556577,0.7897098451895929
93856,0.7998783558215646,0.7996484909124375,0.8264281142712551,0.8083207111949802,0.7937292020462366
93858,0.7998228932926539,0.7995929528827789,0.8263811609390761,0.8082679994697757,0.7936717086094329
93859,0.7997247918820687,0.799494717911884,0.8262981119268641,0.8081747641783918,0.7935700145190341
93860,0.7979763172451453,0.7930895911257348,0.8257714015038788,0.8046343275877017,0.7926140254036748
93861,0.7998228932926539,0.7995929528827789,0.8263811609390761,0.8082679994697757,0.7936717086094329
93862,0.7457440438491181,0.7641792400221072,0.7403611092806298,0.7547233809722875,0.7324949456445726
93863,0.7457440438491181,0.7641792400221072,0.7403611092806298,0.7547233809722875,0.7324949456445726
93864,0.7457440438491181,0.7641792400221072,0.7403611092806298,0.7547233809722875,0.7324949456445726
93865,0.7457440438491181,0.7641792400221072,0.7403611092806298,0.7547233809722875,0.7324949456445726
93866,0.7778106314795498,0.7961629630291654,0.7719115674715158,0.7866529569787253,0.7649069022021479
93867,0.7451615296486293,0.76614380457988,0.7450137219400941,0.7573619348205562,0.7326484994607475
93868,0.8829165584111749,0.9000660644500879,0.881530339694536,0.8931254450881723,0.8738759815586348
93869,0.8062965191568553,0.8099836185793106,0.8317317947839193,0.815672605997022,0.799297449047213
93870,0.8829165584111749,0.9000660644500879,0.881530339694536,0.8931254450881723,0.8738759815586348
93871,0.8048336708571329,0.8213250676383066,0.8068998572489968,0.8158977719458436,0.7935104654689993
93876,0.9412423699429906,0.9380806188508234,0.9551152117567774,0.9441255907156128,0.9526582647352615
93877,0.9739932182349333,0.9781624626139586,0.9879434729178608,0.9802939019334297,0.9872992007630357
93879,0.87145142112604,0.8640912336041494,0.8900773990764723,0.8757254824775972,0.8731880338440735
93884,0.8667010801263885,0.883049046805772,0.8708041327941479,0.8789246118607363,0.8585504289254166
93885,0.8509467302599161,0.865412815411129,0.8513960759230388,0.8611129235034312,0.8405769882962758
93886,0.8667010801263885,0.883049046805772,0.8708041327941479,0.8789246118607363,0.8585504289254166
93887,0.8514729572244502,0.8658820507360013,0.8519205110424084,0.8615989505769337,0.8411449593516532
93888,0.8511266400445229,0.8655732365153826,0.8515753729569997,0.8612790865461527,0.8407711734719071
93889,0.8511266400445229,0.8655732365153826,0.8515753729569997,0.8612790865461527,0.8407711734719071
93890,0.8511266400445229,0.8655732365153826,0.8515753729569997,0.8612790865461527,0.8407711734719071
93892,0.8696492240726859,0.8648955146919398,0.8894021572329988,0.8718031536117989,0.8689883406301524
93893,0.7727990002492113,0.7831597781187679,0.7811974236690942,0.7830494124067694,0.7598963673852759
93894,0.87145142112604,0.8640912336041494,0.8900773990764723,0.8757254824775972,0.8731880338440735
93895,0.87145142112604,0.8640912336041494,0.8900773990764723,0.8757254824775972,0.8731880338440735
93896,0.87145142112604,0.8640912336041494,0.8900773990764723,0.8757254824775972,0.8731880338440735
93899,0.8341031731814097,0.8495120396473657,0.8406000098654064,0.8418745208799558,0.8249189663440923
93900,0.8341031731814097,0.8495120396473657,0.8406000098654064,0.8418745208799558,0.8249189663440923
93901,0.7762965451430357,0.7909339080016022,0.7816135753230476,0.7846036479478384,0.764443670491995
93904,0.8341031731814097,0.8495120396473657,0.8406000098654064,0.8418745208799558,0.8249189663440923
93907,0.818449614966551,0.8350368564322306,0.8180129260487831,0.828721719323059,0.8080078624904783
93908,0.8143463459941007,0.8315167019657377,0.8239211997453892,0.8260408008540175,0.8054068669705663
93909,0.8280196087750332,0.8405807411057858,0.848098723797694,0.8402345676878076,0.8199267456987352
93911,0.8772443110514466,0.8716826853613161,0.8981517004722255,0.879398372464539,0.8778222689676176
93912,0.8772479664651015,0.871686524863032,0.8981546793375363,0.8794019570516759,0.8778259053520059
93915,0.8772443110514466,0.8716826853613161,0.8981517004722255,0.879398372464539,0.8778222689676176
93916,0.8772443110514466,0.8716826853613161,0.8981517004722255,0.879398372464539,0.8778222689676176
93919,0.8259124726891491,0.8411427238360817,0.8274675342556811,0.8366073228153511,0.8153578173361036
93920,0.8259124726891491,0.8411427238360817,0.8274675342556811,0.8366073228153511,0.8153578173361036
93922,0.8259124726891491,0.8411427238360817,0.8274675342556811,0.8366073228153511,0.8153578173361036
93927,0.8453107182737012,0.8627028137936636,0.8519596629303902,0.8575915510886044,0.8382311467737655
93928,0.8205687438151306,0.8189062189091231,0.846830819535348,0.8305767127131455,0.8143423675538534
93930,0.7965413251091222,0.8144599219232287,0.7993913803503127,0.8069230931080192,0.7869895670650845
93931,0.8515122428319954,0.865917083051116,0.8519596629303902,0.8616352361029675,0.8411873600709563
93932,0.818908763582916,0.8354479152831316,0.8184733601628685,0.8291509190654368,0.8084980294417461
93933,0.8514729572244502,0.8658820507360013,0.8519205110424084,0.8615989505769337,0.8411449593516532
93934,0.8505552345326655,0.8650637428035582,0.851005914097425,0.8607513522092954,0.8401544152115408
93935,0.8515122428319954,0.865917083051116,0.8519596629303902,0.8616352361029675,0.8411873600709563
93938,0.7653579656141984,0.7846824567332549,0.7659930216973411,0.7768678147997592,0.7541093468827077
93939,0.7501689563627701,0.7698869861676728,0.7496068567558134,0.7611902439496955,0.7376621391116455
93940,0.7653579656141984,0.7846824567332549,0.7659930216973411,0.7768678147997592,0.7541093468827077
93941,0.7653579656141984,0.7846824567332549,0.7659930216973411,0.7768678147997592,0.7541093468827077
93942,0.7410342613372367,0.7611051368964153,0.7385932537932564,0.7524205615797082,0.7294265137513313
93948,0.8772333405711703,0.8716711623978819,0.8981427604368051,0.8793876145479098,0.8778113555977428
93949,0.8772315115393935,0.8716692412536355,0.8981412699291773,0.8793858209556743,0.8778095360876631
93950,0.8772333405711703,0.8716711623978819,0.8981427604368051,0.8793876145479098,0.8778113555977428
93954,0.7979763172451453,0.7930895911257348,0.8257714015038788,0.8046343275877017,0.7926140254036748
93956,0.7979763172451453,0.7930895911257348,0.8257714015038788,0.8046343275877017,0.7926140254036748
93957,0.7979763172451453,0.7930895911257348,0.8257714015038788,0.8046343275877017,0.7926140254036748
93958,0.7976426826153277,0.7927463293880918,0.8254908997483903,0.8043136691660611,0.7922698220600302
93959,0.7979763172451453,0.7930895911257348,0.8257714015038788,0.8046343275877017,0.7926140254036748
93960,0.7979763172451453,0.7930895911257348,0.8257714015038788,0.8046343275877017,0.7926140254036748
93961,0.7979763172451453,0.7930895911257348,0.8257714015038788,0.8046343275877017,0.7926140254036748
93962,0.7782498460826757,0.7850072881467048,0.8040789472409184,0.7894923851185294,0.770691664247371
93964,0.9190076998989976,0.9223624439418558,0.9305165596139577,0.9283143413112552,0.9166865152487923
93965,0.9190076998989976,0.9223624439418558,0.9305165596139577,0.9283143413112552,0.9166865152487923
93968,0.8354785347604615,0.8471204808587107,0.8440017456030287,0.8472227466196517,0.8246814877703621
93969,0.7981939438861992,0.7967591305434514,0.828814373970607,0.8086180975721395,0.7923899173596374
93971,0.8143463459941007,0.8315167019657377,0.8239211997453892,0.8260408008540175,0.8054068669705663
93972,0.842866291380873,0.8566959789369342,0.8558699847273027,0.8552398401737397,0.8326987494700324
93973,0.832285138742299,0.8492953071801584,0.8371968979607052,0.844335797813823,0.824368953957648
93975,0.811222330129646,0.8082515661021646,0.8374826084795686,0.81832918264068,0.80532943498612
93976,0.7603705187327872,0.7711515311768227,0.7687869294321099,0.7700594231899628,0.7471697510196529
93978,0.941243198628171,0.9380814944223257,0.9551158375749564,0.9441263768571997,0.9526589261466486
93979,0.9412423699429906,0.9380806188508234,0.9551152117567774,0.9441255907156128,0.9526582647352615
93982,0.818449614966551,0.8350368564322306,0.8180129260487831,0.828721719323059,0.8080078624904783
93983,0.818449614966551,0.8350368564322306,0.8180129260487831,0.828721719323059,0.8080078624904783
93984,0.818449614966551,0.8350368564322306,0.8180129260487831,0.828721719323059,0.8080078624904783
93985,0.818449614966551,0.8350368564322306,0.8180129260487831,0.828721719323059,0.8080078624904783
93986,0.8437350477773704,0.8590777094474383,0.8432979575203542,0.8534214737684261,0.8326665385917463
93993,0.8354785347604615,0.8471204808587107,0.8440017456030287,0.8472227466196517,0.8246814877703621
93995,0.8354785347604615,0.8471204808587107,0.8440017456030287,0.8472227466196517,0.8246814877703621
93996,0.7976516723664081,0.8115307058161393,0.803170381715978,0.8063197690801829,0.7860006119021085
93997,0.7980971752635372,0.8119404075930928,0.8036015393558263,0.8067428054832654,0.7864768884616706
93998,0.8354785347604615,0.8471204808587107,0.8440017456030287,0.8472227466196517,0.8246814877703621
94000,0.7652827776275055,0.7756346917827581,0.7742692817359177,0.7757563597695555,0.7525752616254476
94001,0.7458530745689697,0.7566851457511288,0.7534193661443642,0.7559347548095781,0.7318246849752801
94003,0.7762558497541306,0.7908963950006311,0.7815740461739451,0.7845647694780725,0.7644003320479383
94004,0.7727990002492113,0.7831597781187679,0.7811974236690942,0.7830494124067694,0.7598963673852759
94005,0.8205687438151306,0.8189062189091231,0.846830819535348,0.8305767127131455,0.8143423675538534
94006,0.8205687438151306,0.8189062189091231,0.846830819535348,0.8305767127131455,0.8143423675538534
94007,0.8507807302984908,0.8652648010596692,0.8512306414693276,0.8609596101680356,0.8403978132786439
94008,0.8505552345326655,0.8650637428035582,0.851005914097425,0.8607513522092954,0.8401544152115408
94014,0.9901353471945449,0.994272286817236,1.0043803258175044,0.992583683033325,1.0015370628011584
94016,0.9901353471945449,0.994272286817236,1.0043803258175044,0.992583683033325,1.0015370628011584
94017,0.9901353471945449,0.994272286817236,1.0043803258175044,0.992583683033325,1.0015370628011584
94019,0.8772388266062972,0.8716769247156518,0.8981472310995136,0.879392994285443,0.8778168130734302
94020,0.8772388266062972,0.8716769247156518,0.8981472310995136,0.879392994285443,0.8778168130734302
94021,0.8772388266062972,0.8716769247156518,0.8981472310995136,0.879392994285443,0.8778168130734302
94026,0.7965413251091222,0.8144599219232287,0.7993913803503127,0.8069230931080192,0.7869895670650845
94027,0.7965413251091222,0.8144599219232287,0.7993913803503127,0.8069230931080192,0.7869895670650845
94028,0.7965413251091222,0.8144599219232287,0.7993913803503127,0.8069230931080192,0.7869895670650845
94029,0.7965413251091222,0.8144599219232287,0.7993913803503127,0.8069230931080192,0.7869895670650845
94033,0.8002242680844107,0.8170161678554982,0.7999996063272394,0.8107191282481403,0.7898367035025489
94034,0.8002242680844107,0.8170161678554982,0.7999996063272394,0.8107191282481403,0.7898367035025489
94035,0.8002242680844107,0.8170161678554982,0.7999996063272394,0.8107191282481403,0.7898367035025489
94036,0.8321272351039013,0.8491555422776528,0.8370442882741262,0.8441908006170951,0.8242024196466565
94037,0.832285138742299,0.8492953071801584,0.8371968979607052,0.844335797813823,0.824368953957648
94043,0.8515441182249417,0.8659455075715363,0.8519914298317252,0.861664677409541,0.8412217628573028
94047,0.8515441182249417,0.8659455075715363,0.8519914298317252,0.861664677409541,0.8412217628573028
94050,0.8509467302599161,0.865412815411129,0.8513960759230388,0.8611129235034312,0.8405769882962758
94051,0.8515441182249417,0.8659455075715363,0.8519914298317252,0.861664677409541,0.8412217628573028
94052,0.8727978802581549,0.8871431539176909,0.8790153846889858,0.8846253946147601,0.8640776508095428
94053,0.8509467302599161,0.865412815411129,0.8513960759230388,0.8611129235034312,0.8405769882962758
94056,0.7603705187327872,0.7711515311768227,0.7687869294321099,0.7700594231899628,0.7471697510196529
94057,0.7605043754295487,0.7712780544453507,0.7689150480695971,0.7701866823876143,0.7473128001152712
94063,0.8509467302599161,0.865412815411129,0.8513960759230388,0.8611129235034312,0.8405769882962758
94066,0.8509467302599161,0.865412815411129,0.8513960759230388,0.8611129235034312,0.8405769882962758
94069,0.8518728002110745,0.8662386136433201,0.8523189933826699,0.8619682660034639,0.8415764990243858
94070,0.8518171022879658,0.8661889433783626,0.8522634849528843,0.8619168196477586,0.8415163868923934
94071,0.8000639635786314,0.8168715706506898,0.7998390883628547,0.8105686973019034,0.7896664355263351
94072,0.7735256252274796,0.792486947461173,0.7744101326098978,0.7845184216020119,0.7622647473288534
94073,0.7735295556120242,0.7924904854010923,0.7744140443718295,0.7845221227554602,0.7622689175933337
94074,0.7501206735458832,0.769843348976171,0.7495584388542134,0.7611445797946426,0.7376108145864084
94076,0.7605043754295487,0.7712780544453507,0.7689150480695971,0.7701866823876143,0.7473128001152712
94077,0.7604760183174512,0.7712512507700989,0.7688879064465393,0.7701597228200243,0.7472824958069694
94078,0.9860485209011968,0.9910418805972377,0.9950414829599956,0.9907765367984538,0.9906167350290566
94080,0.811222330129646,0.8082515661021646,0.8374826084795686,0.81832918264068,0.80532943498612
94081,0.811222330129646,0.8082515661021646,0.8374826084795686,0.81832918264068,0.80532943498612
94082,0.811222330129646,0.8082515661021646,0.8374826084795686,0.81832918264068,0.80532943498612
94085,0.8772315115393935,0.8716692412536355,0.8981412699291773,0.8793858209556743,0.8778095360876631
94086,0.8649068869212627,0.8568615318924799,0.8862000017054541,0.8655655813327691,0.8675436577933834
94087,0.8772315115393935,0.8716692412536355,0.8981412699291773,0.8793858209556743,0.8778095360876631
94091,0.8772022229854756,0.8716384776581121,0.8981174022984646,0.8793570999114234,0.877780400009109
94096,0.8505552345326655,0.8650637428035582,0.851005914097425,0.8607513522092954,0.8401544152115408
94097,0.7980971752635372,0.8119404075930928,0.8036015393558263,0.8067428054832654,0.7864768884616706
94099,0.8205687438151306,0.8189062189091231,0.846830819535348,0.8305767127131455,0.8143423675538534
94104,0.87145142112604,0.8640912336041494,0.8900773990764723,0.8757254824775972,0.8731880338440735
94107,0.7604760183174512,0.7712512507700989,0.7688879064465393,0.7701597228200243,0.7472824958069694
94110,0.8517831390680775,0.8661586558718529,0.8522296372883416,0.8618854490727175,0.8414797318184158
94111,0.7604760183174512,0.7712512507700989,0.7688879064465393,0.7701597228200243,0.7472824958069694
94118,0.9901364168856541,0.9942729058408301,1.0043803844957058,0.992584485645991,1.0015370834385295
94120,0.7999174500714488,0.7996876383772311,0.8264612109391086,0.8083578665978719,0.7937697277290294
94121,0.7999174500714488,0.7996876383772311,0.8264612109391086,0.8083578665978719,0.7937697277290294
94122,0.7999174500714488,0.7988978365338191,0.8264612109391086,0.8083578665978719,0.7937697277290294
94123,0.8394443694976144,0.8291659956106748,0.8639568966364808,0.846541312451955,0.8352105290642426
94124,0.8394443694976144,0.8291659956106748,0.8639568966364808,0.846541312451955,0.8352105290642426
94126,0.9901318650985398,0.9942702717518902,1.0043823828564868,0.9925810703419438,1.001537786270934
94133,0.8205687438151306,0.8189062189091231,0.846830819535348,0.8305767127131455,0.8143423675538534
94134,0.7605314039105002,0.7731279537062815,0.766586342474283,0.7684924417819592,0.7471142625591346
94138,0.8771802268413774,0.8716153736970617,0.8980994774560777,0.8793355299893457,0.8777585183800496
94139,0.8205772832731703,0.8189148504940847,0.8468379396739854,0.830584703407153,0.8143512534768719
94145,0.7976516723664081,0.8115307058161393,0.803170381715978,0.8063197690801829,0.7860006119021085
94146,0.7976516723664081,0.8115307058161393,0.803170381715978,0.8063197690801829,0.7860006119021085
94148,0.7975632397733429,0.8100140437033735,0.803170381715978,0.8063197690801829,0.7860006119021085
94149,0.7972747884208702,0.811184125864699,0.8028056407938579,0.8059619023971338,0.7855976765896814
94150,0.7972747884208702,0.811184125864699,0.8028056407938579,0.8059619023971338,0.7855976765896814
94151,0.7976516723664081,0.8115307058161393,0.803170381715978,0.8063197690801829,0.7860006119021085
94153,0.7604760183174512,0.7712512507700989,0.7688879064465393,0.7701597228200243,0.7472824958069694
94155,0.7442767558353443,0.755520563097491,0.75140138500591,0.7534099682996304,0.7295438817924613
94161,0.7981939438861992,0.7967591305434514,0.828814373970607,0.8086180975721395,0.7923899173596374
94162,0.7981939438861992,0.7967591305434514,0.828814373970607,0.8086180975721395,0.7923899173596374
94166,0.8772022229854756,0.8716384776581121,0.8981174022984646,0.8793570999114234,0.877780400009109
94171,0.7605314039105002,0.7731279537062815,0.766586342474283,0.7684924417819592,0.7471142625591346
94172,0.7975632397733429,0.8100140437033735,0.8034653376069092,0.8070157536233034,0.7862441008905882
94174,0.7689692034244279,0.7827431402915855,0.7751424915393247,0.7777050806040093,0.757004310798662
94179,0.8772406549313233,0.8716788451166405,0.8981487210337334,0.8793947871849475,0.8778186318805272
94180,0.8772406549313233,0.8716788451166405,0.8981487210337334,0.8793947871849475,0.8778186318805272
94184,0.842866291380873,0.8566959789369342,0.860569164769843,0.8552398401737397,0.8326987494700324
94187,0.8000639635786314,0.8168715706506898,0.7998390883628547,0.8105686973019034,0.7896664355263351
94199,0.8649068869212627,0.8568615318924799,0.8862000017054541,0.8655655813327691,0.8675436577933834
94201,0.8649068869212627,0.8568615318924799,0.8862000017054541,0.8655655813327691,0.8675436577933834
94202,0.8649068869212627,0.8568615318924799,0.8862000017054541,0.8655655813327691,0.8675436577933834
94203,0.8648946895031316,0.8568485165980457,0.8861899147010776,0.8655534503699186,0.8675317259410806
94204,0.8533880088654116,0.8481064225651542,0.877052724629702,0.8571417071533982,0.8547425768212605
94205,0.8648987560970993,0.8568528558718526,0.8861932776844168,0.865557494807715,0.8675357039954877
94206,0.8649068869212627,0.8568615318924799,0.8862000017054541,0.8655655813327691,0.8675436577933834
94208,0.818177881634827,0.8276071020518815,0.8401090143022157,0.8297326974875102,0.8104967777761087
94209,0.818177881634827,0.8276071020518815,0.8401090143022157,0.8297326974875102,0.8104967777761087
94211,0.8179619864624957,0.8274041399048655,0.8399228649103851,0.8295326205031769,0.8102701821716765
94215,0.7736355298881816,0.7925858790834528,0.774519516573718,0.7846219168203182,0.762381359097911
94219,0.8517831390680775,0.8661586558718529,0.8522296372883416,0.8618854490727175,0.8414797318184158
94221,0.8517831390680775,0.8661586558718529,0.8522296372883416,0.8618854490727175,0.8414797318184158
94222,0.8000639635786314,0.8168715706506898,0.7998390883628547,0.8105686973019034,0.7896664355263351
94227,0.8910978164027543,0.9048134982329957,0.8964842655879539,0.9023678392037279,0.8820127829723428
94228,0.8910978164027543,0.9048134982329957,0.8964842655879539,0.9023678392037279,0.8820127829723428
94236,0.8205687438151306,0.8189062189091231,0.846830819535348,0.8305767127131455,0.8143423675538534
94238,0.8205687438151306,0.8140219770536564,0.846830819535348,0.828449643721588,0.8143423675538534
94242,1.0160250026103392,1.0161064292323054,1.0196224208515212,1.0139033960700539,1.0252395156275775
94243,1.0160250026103392,1.0161064292323054,1.0196224208515212,1.0139033960700539,1.0252395156275775
94245,1.0160250026103392,1.0161064292323054,1.0196224208515212,1.0139033960700539,1.0252395156275775
94246,0.835349062430663,0.851905630777779,0.8443698588543354,0.8433828910229051,0.8281793368350403
94247,0.7980971752635372,0.8119404075930928,0.8036015393558263,0.8067428054832654,0.7864768884616706
94258,0.7980971752635372,0.8119404075930928,0.8036015393558263,0.8067428054832654,0.7864768884616706
94260,0.8321272351039013,0.8491555422776528,0.8370442882741262,0.8441908006170951,0.8242024196466565
94265,0.7605314039105002,0.7731279537062815,0.766586342474283,0.7684924417819592,0.7471142625591346
94268,0.7605314039105002,0.7731279537062815,0.766586342474283,0.7684924417819592,0.7471142625591346
94269,0.7605314039105002,0.7731279537062815,0.766586342474283,0.7684924417819592,0.7471142625591346
94278,0.7762558497541306,0.7908963950006311,0.7815740461739451,0.7845647694780725,0.7644003320479383
94296,0.8649068869212627,0.8568615318924799,0.8862000017054541,0.8655655813327691,0.8675436577933834
94297,0.8649028219030961,0.8568571943032804,0.886196640019171,0.8655615384619522,0.8675396812795431
94298,0.8649028219030961,0.8568571943032804,0.886196640019171,0.8655615384619522,0.8675396812795431
94299,0.8648987560970993,0.8568528558718526,0.8861932776844168,0.865557494807715,0.8675357039954877
94300,0.8648946895031316,0.8568485165980457,0.8861899147010776,0.8655534503699186,0.8675317259410806
94304,0.8772479664651015,0.871686524863032,0.8981546793375363,0.8794019570516759,0.8778259053520059
94305,0.8772479664651015,0.871686524863032,0.8981546793375363,0.8794019570516759,0.8778259053520059
94318,0.842866291380873,0.8566959789369342,0.860569164769843,0.8552398401737397,0.8326987494700324
94320,0.8280196087750332,0.8405807411057858,0.848098723797694,0.8402345676878076,0.8199267456987352
94324,0.8517928474925631,0.8661673135743834,0.8522393126806614,0.8618944163756382,0.8414902097262056
94335,0.8280196087750332,0.8405807411057858,0.848098723797694,0.8402345676878076,0.8199267456987352
94343,0.8000639635786314,0.8168715706506898,0.7998390883628547,0.8105686973019034,0.7896664355263351
94345,0.9171314156848175,0.9123091357304025,0.9334280471861643,0.917134500452063,0.9243314363955392
94346,0.8544239696388455,0.8474912282120618,0.8774303630892657,0.8571579697339172,0.8575631673194279
94347,0.8544239696388455,0.8474912282120618,0.8774303630892657,0.8571579697339172,0.8575631673194279
94348,0.8544239696388455,0.8474912282120618,0.8774303630892657,0.8571579697339172,0.8575631673194279
94349,0.8544239696388455,0.8474912282120618,0.8774303630892657,0.8571579697339172,0.8575631673194279
94350,0.8544084827124522,0.8474749040530184,0.8774175829857326,0.8571428101844975,0.8575480561562335
94351,0.8544084827124522,0.8474749040530184,0.8774175829857326,0.8571428101844975,0.8575480561562335
94352,0.8543796933296228,0.8474445582493737,0.8773938255653584,0.8571146293959846,0.8575199653177176
94353,0.854399628311821,0.8474655709697759,0.8774102761879023,0.8571341429593713,0.8575394165955827
94354,0.8648987560970993,0.8568528558718526,0.8861932776844168,0.865557494807715,0.8675357039954877
94355,0.8544217578653793,0.8474888968699134,0.8774285378893322,0.8571558047145561,0.8575610092103121
94356,0.9171242616797041,0.9123015345811228,0.9334223779592394,0.9171273467318308,0.9243249433439887
94357,0.8163136663660611,0.8096123240148142,0.8438047241020823,0.8224208816001284,0.8138533778980599
94358,0.8544195458770818,0.8474865653009417,0.8774267125130439,0.8571536394850409,0.8575588508917331
94359,0.8543686108085069,0.8474328765643719,0.8773846801485313,0.8571037811604112,0.8575091517094284
94361,0.9171266468052012,0.9123040687836959,0.933424268062712,0.9171297317623492,0.9243271081088381
94362,0.8329684006638076,0.8261569276027999,0.857305204996489,0.8377948359732441,0.8306142053014295
94363,0.9171218760969747,0.9122989998922902,0.9334204874945202,0.917124961244099,0.9243227781647105
94364,0.9171266468052012,0.9123040687836959,0.933424268062712,0.9171297317623492,0.9243271081088381
94365,0.8329761844525214,0.8261650786091025,0.857311712560811,0.8378023622627836,0.8306221155004797
94366,0.8543974141741516,0.8474632371314476,0.8774084490472058,0.8571319756272815,0.8575372561813398
94367,0.8543974141741516,0.8474632371314476,0.8774084490472058,0.8571319756272815,0.8575372561813398
94368,0.854392985253664,0.8474585687736258,0.8774047942362171,0.8571276403319996,0.8575329347238266
94369,0.8543686108085069,0.8474328765643719,0.8773846801485313,0.8571037811604112,0.8575091517094284
94370,0.8162702866638621,0.809567085489755,0.8437687380370487,0.8223791762288312,0.8138093184082517
94371,0.8162702866638621,0.809567085489755,0.8437687380370487,0.8223791762288312,0.8138093184082517
94372,0.8162500209560791,0.8095459513527492,0.8437519265462637,0.8223596927534318,0.8137887351088587
94373,0.85437082774324,0.8474352133559174,0.8773865095852939,0.8571059512286617,0.857511314850838
94374,0.85437082774324,0.8474352133559174,0.8773865095852939,0.8571059512286617,0.857511314850838
94375,0.85437082774324,0.8474352133559174,0.8773865095852939,0.8571059512286617,0.857511314850838
94379,0.8543752609669031,0.8474398862571502,0.8773901679286924,0.8571102907334215,0.857515640503992
94380,0.9171218760969747,0.9122989998922902,0.9334204874945202,0.917124961244099,0.9243227781647105
94381,0.853405860279422,0.8481250035695231,0.8770673884239779,0.8571590441381312,0.8547602422065624
94382,0.9171135229555685,0.9122901246508566,0.9334138680222785,0.9171166084353294,0.924315196772573
94383,0.9171135229555685,0.9122901246508566,0.9334138680222785,0.9171166084353294,0.924315196772573
94384,0.854392985253664,0.8474585687736258,0.8774047942362171,0.8571276403319996,0.8575329347238266
94385,0.995504454863296,1.0004050152204123,1.010880084452259,1.001311307055355,1.0090142956378303
94386,0.9170944090062803,0.9122698159933721,0.9333987211654097,0.9170974952472034,0.9242978487926966
94387,0.995504454863296,1.0004050152204123,1.010880084452259,1.001311307055355,1.0090142956378303
94388,0.8013493487352874,0.7992190498872207,0.8291877185662191,0.8097522956744994,0.7969324729342521
94389,0.8543774772558714,0.8474422223668782,0.8773919968353593,0.8571124601699683,0.8575178030157741
94390,0.8543752609669031,0.8474398862571502,0.8773901679286924,0.8571102907334215,0.857515640503992
94391,0.8543774772558714,0.8474422223668782,0.8773919968353593,0.8571124601699683,0.8575178030157741
94392,0.8543575229050525,0.8474211891965355,0.8773755303134608,0.8570929276596997,0.8574983328533092
94394,0.8329684006638076,0.8261569276027999,0.857305204996489,0.8377948359732441,0.8306142053014295
94395,0.8329684006638076,0.8261569276027999,0.857305204996489,0.8377948359732441,0.8306142053014295
94396,0.8326997703250885,0.8258756214230498,0.8570806260905272,0.8375350939873478,0.8303412114841742
94397,0.8181617792648329,0.8128642410581854,0.8444414341632144,0.8255351267400699,0.8142950021687395
94398,0.8329632102048595,0.8261514922700145,0.8573008655677951,0.8377898172238195,0.8306089305475703
94399,0.8329684006638076,0.8261569276027999,0.857305204996489,0.8377948359732441,0.8306142053014295
94400,0.8328982439040062,0.8260834608495734,0.8572465516035804,0.8377270002248781,0.8305429091175749
94402,0.8543619587124688,0.8474258648257734,0.8773791907778027,0.8570972696919511,0.8575026610256462
94403,0.8543752609669031,0.8474398862571502,0.8773901679286924,0.8571102907334215,0.857515640503992
94404,0.8543575229050525,0.8474211891965355,0.8773755303134608,0.8570929276596997,0.8574983328533092
94405,0.9955026337980915,1.0004051786383423,1.010884437641376,1.0013118357635526,1.0090179077111
94406,0.9170944090062803,0.9122698159933721,0.9333987211654097,0.9170974952472034,0.9242978487926966
94407,0.8534103209656779,0.8481296465619189,0.8770710526019071,0.8571633762813948,0.8547646564089181
94408,0.9311463325437013,0.9282645382102885,0.9474721967897851,0.9335233063533802,0.9386802859548784
94409,0.9309851447397464,0.9280961988811817,0.9473508859930013,0.9333679916211024,0.9385376339837036
94410,0.9309452047545835,0.9280544866379229,0.9473208277936253,0.9333295070590659,0.938502287373597
94411,0.8329554226162709,0.8261433372774791,0.8572943548456597,0.8377822872646448,0.8306010164845773
94412,0.8329632102048595,0.8261514922700145,0.8573008655677951,0.8377898172238195,0.8306089305475703
94413,0.8329632102048595,0.8261514922700145,0.8573008655677951,0.8377898172238195,0.8306089305475703
94415,0.8533880088654116,0.8481064225651542,0.877052724629702,0.8571417071533982,0.8547425768212605
94416,0.8533880088654116,0.8481064225651542,0.877052724629702,0.8571417071533982,0.8547425768212605
94417,0.8533768446849459,0.8480948020933596,0.8770435540011532,0.8571308647003936,0.8547315289844226
94418,0.8533545000512109,0.848071544190258,0.8770251994493712,0.857109164004618,0.8547094172127301
94419,0.8329735901095476,0.8261623618726863,0.8573095435831749,0.8377998537441875,0.8306194790249972
94420,0.8533209423822183,0.8480366148987933,0.8769976343556405,0.8570765734513113,0.8546762092741849
94421,0.8181617792648329,0.8128642410581854,0.8444414341632144,0.8255351267400699,0.8142950021687395
94422,0.8181617792648329,0.8128642410581854,0.8444414341632144,0.8255351267400699,0.8142950021687395
94423,0.8181617792648329,0.8128642410581854,0.8444414341632144,0.8255351267400699,0.8142950021687395
94424,0.8160815689686062,0.8093702797890188,0.8436121897848236,0.822197743670219,0.813617642875478
94425,0.8543796933296228,0.8474445582493737,0.8773938255653584,0.8571146293959846,0.8575199653177176
94426,0.8543242268766154,0.8473860929705299,0.8773480542792925,0.8570603355432501,0.8574658447745658
94427,0.8543353309415104,0.8473977974021623,0.8773572173807899,0.8570712048534668,0.857476679388217
94429,0.8162500209560791,0.8095459513527492,0.8437519265462637,0.8223596927534318,0.8137887351088587
94433,0.9170944090062803,0.9122698159933721,0.9333987211654097,0.9170974952472034,0.9242978487926966
94434,0.8533209423822183,0.8480366148987933,0.8769976343556405,0.8570765734513113,0.8546762092741849
94436,0.9309701850998587,0.9280805754467512,0.9473396275659498,0.9333535771067398,0.9385243947843723
94437,0.9309452047545835,0.9280544866379229,0.9473208277936253,0.9333295070590659,0.938502287373597
94439,0.9171230689454984,0.9123002672974944,0.9334214327720397,0.9171261540451218,0.9243238608061579
94440,0.9171230689454984,0.9123002672974944,0.9334214327720397,0.9171261540451218,0.9243238608061579
94441,0.8181503111942175,0.8128523817712494,0.8444318523903038,0.8255241969435558,0.8142832489151173
94442,0.931055663877382,0.9281698469584526,0.9474039583974059,0.9334359411803866,0.9386000433839916
94443,0.9309861412881425,0.9280972396483586,0.9473516359838128,0.933368951855845,0.9385385159244967
94444,0.8534080907308831,0.8481273251786253,0.877069220601451,0.8571612103148809,0.8547624494149099
94445,0.8534080907308831,0.8481273251786253,0.877069220601451,0.8571612103148809,0.8547624494149099
94446,0.853405860279422,0.8481250035695231,0.8770673884239779,0.8571590441381312,0.8547602422065624
94447,0.853392473019573,0.8481110691717892,0.8770563916409057,0.8571460426616342,0.8547469944542755
94448,0.9171242616797041,0.9123015345811228,0.9334223779592394,0.9171273467318308,0.9243249433439887
94449,0.8160815689686062,0.8093702797890188,0.8436121897848236,0.822197743670219,0.813617642875478
94451,0.9170944090062803,0.9122698159933721,0.9333987211654097,0.9170974952472034,0.9242978487926966
94452,0.9170944090062803,0.9122698159933721,0.9333987211654097,0.9170974952472034,0.9242978487926966
94455,0.8533679094357992,0.8480855016463716,0.8770362143081536,0.8571221869491225,0.854722686852119
94456,0.8533679094357992,0.8480855016463716,0.8770362143081536,0.8571221869491225,0.854722686852119
94457,0.8533545000512109,0.848071544190258,0.8770251994493712,0.857109164004618,0.8547094172127301
94458,0.8327835175472447,0.8259633209630299,0.8571506385383686,0.8376160698612628,0.8304263192293021
94459,0.8327835175472447,0.8259633209630299,0.8571506385383686,0.8376160698612628,0.8304263192293021
94460,0.8327128730657554,0.8258893425593617,0.85709157985851,0.837547763113659,0.8303545270973897
94461,0.8180094619910415,0.8127067271511669,0.8443141725127467,0.8253899594389058,0.8141388967354144
94462,0.8181617792648329,0.8128642410581854,0.8444414341632144,0.8255351267400699,0.8142950021687395
94463,0.8013493487352874,0.7992190498872207,0.8291877185662191,0.8097522956744994,0.7969324729342521
94464,0.8013493487352874,0.7992190498872207,0.8291877185662191,0.8097522956744994,0.7969324729342521
94465,0.8533768446849459,0.8480948020933596,0.8770435540011532,0.8571308647003936,0.8547315289844226
94466,0.8533768446849459,0.8480948020933596,0.8770435540011532,0.8571308647003936,0.8547315289844226
94467,0.8327521429692555,0.8259304657691011,0.8571244093224156,0.83758573348836,0.8303944349719873
94468,0.8329735901095476,0.8261623618726863,0.8573095435831749,0.8377998537441875,0.8306194790249972
94469,0.8327128730657554,0.8258893425593617,0.85709157985851,0.837547763113659,0.8303545270973897
94470,0.8176820583922813,0.8123681494122579,0.8440406408703996,0.8250779296706691,0.8138033476196376
94472,0.8326997703250885,0.8258756214230498,0.8570806260905272,0.8375350939873478,0.8303412114841742
94473,0.8328018024297165,0.8259824687061371,0.8571659248257604,0.8376337497055262,0.8304449011386871
94474,0.8323992882334863,0.8255609544983088,0.8568294347725249,0.837244557989026,0.8300358465356179
94478,0.8533209423822183,0.8480366148987933,0.8769976343556405,0.8570765734513113,0.8546762092741849
94479,0.8326997703250885,0.8258756214230498,0.8570806260905272,0.8375350939873478,0.8303412114841742
94480,0.8533209423822183,0.8480366148987933,0.8769976343556405,0.8570765734513113,0.8546762092741849
94481,0.8439868398726253,0.8423135766008916,0.8704334824415855,0.852538965784802,0.841762816145245
94482,0.854392985253664,0.8474585687736258,0.8774047942362171,0.8571276403319996,0.8575329347238266
94483,0.854392985253664,0.8474585687736258,0.8774047942362171,0.8571276403319996,0.8575329347238266
94484,0.8325525823309803,0.8257214859303442,0.8569575805358826,0.8373927774755787,0.830191631937487
94485,0.8325525823309803,0.8257214859303442,0.8569575805358826,0.8373927774755787,0.830191631937487
94486,0.8325525823309803,0.8257214859303442,0.8569575805358826,0.8373927774755787,0.830191631937487
94487,0.8328982439040062,0.8260834608495734,0.8572465516035804,0.8377270002248781,0.8305429091175749
94488,0.8181015217209137,0.8128019278410882,0.8443910882208254,0.8254776975851049,0.814233246111592
94489,0.817722818486367,0.8124103009324003,0.8440746930404802,0.825116775422722,0.813845122007322
94490,0.8181015217209137,0.8128019278410882,0.8443910882208254,0.8254776975851049,0.814233246111592
94491,0.8162500209560791,0.8095459513527492,0.8437519265462637,0.8223596927534318,0.8137887351088587
94492,0.8533723774943269,0.8480901523221329,0.8770398845091888,0.857126526245831,0.8547271083475642
94493,0.8533545000512109,0.848071544190258,0.8770251994493712,0.857109164004618,0.8547094172127301
94497,0.8326997703250885,0.8258756214230498,0.8570806260905272,0.8375350939873478,0.8303412114841742
94501,0.8328696084768382,0.8260534743047067,0.8572226116971763,0.8376993122132894,0.8305138085861181
94502,0.8328982439040062,0.8260834608495734,0.8572465516035804,0.8377270002248781,0.8305429091175749
94503,0.8328982439040062,0.8260834608495734,0.8572465516035804,0.8377270002248781,0.8305429091175749
94504,0.8176820583922813,0.8123681494122579,0.8440406408703996,0.8250779296706691,0.8138033476196376
94505,0.8110340012750056,0.8116325985321033,0.8392753780363607,0.821312819033918,0.8082648990661168
94506,0.8173392292300427,0.8120136136989171,0.8437542442130599,0.8247512061075297,0.8134519848787883
94507,0.8648760676152488,0.862813221941634,0.8868352815277464,0.8696816004183238,0.8667469266335329
94508,0.8646532966542043,0.8625866415435266,0.8866522308837685,0.8694676509845167,0.8665275987658154
94509,0.8437355647643785,0.8420592282896531,0.870229597920446,0.8523032566346973,0.8415074542792713
94510,0.8437355647643785,0.8420592282896531,0.870229597920446,0.8523032566346973,0.8415074542792713
94511,0.8437355647643785,0.8420592282896531,0.870229597920446,0.8523032566346973,0.8415074542792713
94512,0.8437355647643785,0.8420592282896531,0.870229597920446,0.8523032566346973,0.8415074542792713
94513,0.8437355647643785,0.8420592282896531,0.870229597920446,0.8523032566346973,0.8415074542792713
94514,0.8323992882334863,0.8255609544983088,0.8568294347725249,0.837244557989026,0.8300358465356179
94515,0.8114563506509055,0.8120533804367984,0.8396255933998465,0.8217084883146145,0.8086945219207884
94516,0.8110492936450289,0.8116478341303434,0.8392880579555493,0.8213271451054156,0.808280454874101
94517,0.8110492936450289,0.8116478341303434,0.8392880579555493,0.8213271451054156,0.808280454874101
94519,0.8111469876647337,0.8117451654984322,0.8393690636740349,0.8214186664857599,0.8083798317017147
94520,0.7941174781302438,0.7952097339771939,0.8214525144804635,0.8037725373973154,0.7896271764081825
94521,0.8110340012750056,0.8116325985321033,0.8392753780363607,0.821312819033918,0.8082648990661168
94522,0.7606008762030803,0.7633650829768283,0.7872658985544378,0.769221109627595,0.7538151853183356
94523,0.8439868398726253,0.8423135766008916,0.8704334824415855,0.852538965784802,0.841762816145245
94524,0.8439868398726253,0.8423135766008916,0.8704334824415855,0.852538965784802,0.841762816145245
94525,0.8436668212738305,0.8419896438485798,0.8701738217361763,0.8522387725299001,0.8414375924881812
94526,0.9309851447397464,0.9280961988811817,0.9473508859930013,0.9333679916211024,0.9385376339837036
94527,0.9309851447397464,0.9280961988811817,0.9473508859930013,0.9333679916211024,0.9385376339837036
94528,0.9309851447397464,0.9280961988811817,0.9473508859930013,0.9333679916211024,0.9385376339837036
94529,0.9309851447397464,0.9280961988811817,0.9473508859930013,0.9333679916211024,0.9385376339837036
94530,0.8655390206860754,0.8659441581235909,0.8894987465575749,0.8743026041930799,0.8669718195166963
94532,0.8648760676152488,0.862813221941634,0.8868352815277464,0.8696816004183238,0.8667469266335329
94533,0.8648760676152488,0.862813221941634,0.8868352815277464,0.8696816004183238,0.8667469266335329
94534,0.8648760676152488,0.862813221941634,0.8868352815277464,0.8696816004183238,0.8667469266335329
94535,0.8648760676152488,0.862813221941634,0.8868352815277464,0.8696816004183238,0.8667469266335329
94536,0.8648760676152488,0.862813221941634,0.8868352815277464,0.8696816004183238,0.8667469266335329
94537,0.8437355647643785,0.8420592282896531,0.870229597920446,0.8523032566346973,0.8415074542792713
94538,0.8648760676152488,0.862813221941634,0.8868352815277464,0.8696816004183238,0.8667469266335329
94539,0.8939408333173474,0.8882890596245133,0.9112813491713045,0.8931816974388668,0.8991467313473479
94540,0.864843211220316,0.8627798037661145,0.8868082828766735,0.8696500449511118,0.8667145779965288
94541,0.7941174781302438,0.7952097339771939,0.8214525144804635,0.8037725373973154,0.7896271764081825
94542,0.7608712690972405,0.7636316456051034,0.7875001790232579,0.7694796253062611,0.7540950691056844
94543,0.8069451251719032,0.8106177441643178,0.8322824501766422,0.8162845792787554,0.7999738137245985
94544,0.8067810222497374,0.8104573036265523,0.8321431222061404,0.8161297416254827,0.7998026902883242
94545,0.8069451251719032,0.8106177441643178,0.8322824501766422,0.8162845792787554,0.7999738137245985
94546,0.8648719633480051,0.8628090475007412,0.8868319089713442,0.8696776586539469,0.8667428857918553
94547,0.8648719633480051,0.8628090475007412,0.8868319089713442,0.8696776586539469,0.8667428857918553
94548,0.8646532966542043,0.8625866415435266,0.8866522308837685,0.8694676509845167,0.8665275987658154
94549,0.9987202799156998,1.0063553052166394,1.0154443054614988,1.004674814762524,1.0157712652999866
94551,0.7852817820633662,0.7988711846665013,0.8109112666757489,0.8018793406122905,0.7811357011539831
94552,0.8432329180320303,0.8415504307311599,0.8698217894450614,0.8518317628399831,0.8409966281338002
94553,0.8436397637381804,0.8419622552914486,0.8701518684166445,0.8522133915974227,0.8414100947582465
94554,0.8432329180320303,0.8415504307311599,0.8698217894450614,0.8518317628399831,0.8409966281338002
94555,0.8436397637381804,0.8419622552914486,0.8701518684166445,0.8522133915974227,0.8414100947582465
94556,0.7941980448799415,0.7952897920788626,0.8215206554659011,0.803848643556577,0.7897098451895929
94557,0.7941980448799415,0.7952897920788626,0.8215206554659011,0.803848643556577,0.7897098451895929
94558,0.8071146569332457,0.8107834932989512,0.8324263926444405,0.8164445414821522,0.8001505963567479
94559,0.7939692767643439,0.7950624684248492,0.8213271734204478,0.8036325425681509,0.7894751076860892
94560,0.8436668212738305,0.8419896438485798,0.8701738217361763,0.8522387725299001,0.8414375924881812
94561,0.8436668212738305,0.8419896438485798,0.8701738217361763,0.8522387725299001,0.8414375924881812
94562,0.8436668212738305,0.8419896438485798,0.8701738217361763,0.8522387725299001,0.8414375924881812
94563,0.7942483024269689,0.7953397323627739,0.8215631624582856,0.8038961188476451,0.7897614138486437
94564,0.7939692767643439,0.7950624684248492,0.8213271734204478,0.8036325425681509,0.7894751076860892
94565,0.7939321259619821,0.7950255522433289,0.8212957538598195,0.8035974492362616,0.7894369872810264
94566,0.7939692767643439,0.7950624684248492,0.8213271734204478,0.8036325425681509,0.7894751076860892
94567,0.9310724779372654,0.9281874070202676,0.9474166127422244,0.9334521425986312,0.9386149239035058
94568,0.9310724779372654,0.9281874070202676,0.9474166127422244,0.9334521425986312,0.9386149239035058
94569,0.9310724779372654,0.9281874070202676,0.9474166127422244,0.9334521425986312,0.9386149239035058
94570,0.864843211220316,0.8627798037661145,0.8868082828766735,0.8696500449511118,0.8667145779965288
94571,0.9987202799156998,1.0063585516366576,1.0154521375100263,1.0046772059770206,1.015779261065027
94572,0.9987202799156998,1.0063585516366576,1.0154521375100263,1.0046772059770206,1.015779261065027
94573,0.8656460487212381,0.8660508260415548,0.8895849032462066,0.8744018984802867,0.867077575103247
94574,0.8067398657495469,0.8104170657778559,0.8321081799724824,0.8160909091580633,0.7997597727819085
94575,0.8067398657495469,0.8104170657778559,0.8321081799724824,0.8160909091580633,0.7997597727819085
94576,0.8067398657495469,0.8104170657778559,0.8321081799724824,0.8160909091580633,0.7997597727819085
94577,0.7939321259619821,0.7950255522433289,0.8212957538598195,0.8035974492362616,0.7894369872810264
94578,0.7939321259619821,0.7950255522433289,0.8212957538598195,0.8035974492362616,0.7894369872810264
94579,0.8437827232257761,0.8562940324832784,0.8653717005343506,0.8579685138724874,0.8354215215287211
94580,0.8069262328602814,0.8105992734394107,0.8322664098204813,0.8162667535212267,0.799954113269837
94581,0.8062965191568553,0.8099836185793106,0.8317317947839193,0.815672605997022,0.799297449047213
94582,0.8062965191568553,0.8099836185793106,0.8317317947839193,0.815672605997022,0.799297449047213
94583,0.8062965191568553,0.8099836185793106,0.8317317947839193,0.815672605997022,0.799297449047213
94584,0.8504361381301146,0.8566009339111321,0.878696056768849,0.8639267920611445,0.8495124191921889
94585,0.8504361381301146,0.8566009339111321,0.878696056768849,0.8639267920611445,0.8495124191921889
94586,0.8494510594151756,0.8556615974053827,0.8779166660732087,0.8630411716199042,0.8485204435344523
94587,0.8280094751347818,0.837569037208265,0.8530130555364562,0.8430483889079778,0.821907167865738
94588,0.8283805960231655,0.8379165608583927,0.8533232891193607,0.8433825663998157,0.8222935641106532
94589,0.8656460487212381,0.8660508260415548,0.8895849032462066,0.8744018984802867,0.867077575103247
94590,0.7913099678878317,0.7940304704591471,0.8169281336592354,0.7997243290713097,0.784916819348245
94591,0.7608390781430062,0.7635999105655684,0.7874722866329399,0.7694488481012076,0.7540617484683828
94592,0.864843211220316,0.8627798037661145,0.8868082828766735,0.8696500449511118,0.8667145779965288
94593,0.864843211220316,0.8627798037661145,0.8868082828766735,0.8696500449511118,0.8667145779965288
94594,0.864843211220316,0.8627798037661145,0.8868082828766735,0.8696500449511118,0.8667145779965288
94595,0.8646408521244018,0.8625739841756371,0.8866420055041753,0.8694556993197748,0.8665153466049156
94596,0.8646532966542043,0.8625866415435266,0.8866522308837685,0.8694676509845167,0.8665275987658154
94597,0.8494510594151756,0.8556615974053827,0.8779166660732087,0.8630411716199042,0.8485204435344523
94598,0.8646408521244018,0.8625739841756371,0.8866420055041753,0.8694556993197748,0.8665153466049156
94599,0.8646408521244018,0.8625739841756371,0.8866420055041753,0.8694556993197748,0.8665153466049156
94601,0.8655390206860754,0.8659441581235909,0.8894987465575749,0.8743026041930799,0.8669718195166963
94602,0.8655390206860754,0.8659441581235909,0.8894987465575749,0.8743026041930799,0.8669718195166963
94603,0.8655390206860754,0.8659441581235909,0.8894987465575749,0.8743026041930799,0.8669718195166963
94604,0.9068924334166092,0.9053279358677769,0.9240455806944782,0.9080020445461863,0.9133659672920381
94605,0.8928023494204742,0.8894837457275881,0.9106411650060012,0.8917624300567598,0.9014539673700787
94606,0.9068924334166092,0.9053279358677769,0.9240455806944782,0.9080020445461863,0.9133659672920381
94607,0.9067076708582867,0.90513981936987,0.9238970194637196,0.9078196554045715,0.913194989214007
94608,0.8434239649624047,0.855967625694348,0.8650683270928053,0.8576463832976604,0.8350407408375171
94612,0.7782498460826757,0.7850072881467048,0.8040789472409184,0.7894923851185294,0.770691664247371
94613,0.7607104450708416,0.765929931842519,0.7853553581727479,0.7703291262816239,0.7522667926195433
94614,0.8067398657495469,0.8104170657778559,0.8321081799724824,0.8160909091580633,0.7997597727819085
94615,0.8065651613273709,0.8102462615329756,0.8319598578791064,0.8159260714611009,0.7995775918339167
94616,0.8115015848362633,0.8120984468015964,0.8396631040824102,0.8217508659401154,0.8087405348310743
94617,0.7915249627878204,0.7942421267880003,0.817112347428812,0.7999290525724781,0.7851397272902401
94619,0.7608390781430062,0.7635999105655684,0.7874722866329399,0.7694488481012076,0.7540617484683828
94620,0.7914602636626601,0.7941784322357801,0.8170569104759365,0.7998674441152517,0.785072647155387
94621,0.7914602636626601,0.7941784322357801,0.8170569104759365,0.7998674441152517,0.785072647155387
94622,0.8406685199410855,0.8534611367436704,0.8627390225145887,0.8551727932425166,0.8321157621733767
94623,0.8071709683534602,0.8108385484933954,0.8324742055450259,0.8164976747918734,0.8002093157895886
94624,0.7607907435956986,0.7635522606164693,0.787430406717491,0.7694026364243741,0.7540117175903838
94625,0.8069262328602814,0.8105992734394107,0.8322664098204813,0.8162667535212267,0.799954113269837
94626,0.7782127398915919,0.7849715406361641,0.8040469424826726,0.789457529853255,0.7706530174745216
94627,0.7782498460826757,0.7850072881467048,0.8040789472409184,0.7894923851185294,0.770691664247371
94628,0.778049036127456,0.7848138319641559,0.8039057480469821,0.7893037581121607,0.7704825158886686
94629,0.778049036127456,0.7848138319641559,0.8039057480469821,0.7893037581121607,0.7704825158886686
94630,0.8114563506509055,0.8120533804367984,0.8396255933998465,0.8217084883146145,0.8086945219207884
94631,0.8048336708571329,0.8213250676383066,0.8068998572489968,0.8158977719458436,0.7935104654689993
94632,0.7913476029794955,0.794067521051825,0.8169603798660701,0.7997601659113425,0.7849558398243789
94633,0.7913476029794955,0.794067521051825,0.8169603798660701,0.7997601659113425,0.7849558398243789
94634,0.7913476029794955,0.794067521051825,0.8169603798660701,0.7997601659113425,0.7849558398243789
94635,0.7784163705567209,0.7851677161018656,0.8042225807030831,0.789648809444468,0.7708651013420216
94636,0.7606008762030803,0.7633650829768283,0.7872658985544378,0.769221109627595,0.7538151853183356
94637,0.7782795046278449,0.7850358607694239,0.804104528451656,0.7895202446134632,0.7707225540930093
94638,0.7608390781430062,0.7635999105655684,0.7874722866329399,0.7694488481012076,0.7540617484683828
94639,0.760814918089849,0.7635760927025377,0.7874513528773212,0.7694257491461164,0.7540367405209282
94640,0.760814918089849,0.7635760927025377,0.7874513528773212,0.7694257491461164,0.7540367405209282
94641,0.760814918089849,0.7635760927025377,0.7874513528773212,0.7694257491461164,0.7540367405209282
94642,0.760814918089849,0.7635760927025377,0.7874513528773212,0.7694257491461164,0.7540367405209282
94643,0.7607746192395525,0.7635363646535329,0.787416435716397,0.7693872202913455,0.753995027308639
94644,0.7915249627878204,0.7942421267880003,0.817112347428812,0.7999290525724781,0.7851397272902401
94645,0.7607907435956986,0.7635522606164693,0.787430406717491,0.7694026364243741,0.7540117175903838
94646,0.7914193385507352,0.7941381426123061,0.817021844503107,0.7998284741403032,0.7850302158194638
94647,0.7887176664812799,0.7940473166143671,0.813096679283655,0.7985149613089706,0.7817505505206277
94648,0.7607104450708416,0.765929931842519,0.7853553581727479,0.7703291262816239,0.7522667926195433
94649,0.8406685199410855,0.8534611367436704,0.8627390225145887,0.8551727932425166,0.8321157621733767
94650,0.830071553974905,0.846322149988766,0.8436678331922148,0.8449251739655838,0.821485090107336
94651,0.778209027254098,0.7849679639448421,0.8040437402798271,0.7894540424375524,0.7706491506898048
94652,0.7606008762030803,0.7633650829768283,0.7872658985544378,0.769221109627595,0.7538151853183356
94653,0.7915249627878204,0.7942421267880003,0.817112347428812,0.7999290525724781,0.7851397272902401
94654,0.7915249627878204,0.7942421267880003,0.817112347428812,0.7999290525724781,0.7851397272902401
94655,0.8280094751347818,0.837569037208265,0.8530130555364562,0.8430483889079778,0.821907167865738
94656,0.8283805960231655,0.8379165608583927,0.8533232891193607,0.8433825663998157,0.8222935641106532
94657,0.8205676844921403,0.8313114229018373,0.8471906196570823,0.8354369279190519,0.8173323039551784
94658,0.7607342802384738,0.7634965970598179,0.7873814840682869,0.7693486531609364,0.7539532724381388
94659,0.7607342802384738,0.7634965970598179,0.7873814840682869,0.7693486531609364,0.7539532724381388
94660,0.7606008762030803,0.7633650829768283,0.7872658985544378,0.769221109627595,0.7538151853183356
94661,0.7607746192395525,0.7635363646535329,0.787416435716397,0.7693872202913455,0.753995027308639
94662,0.7607746192395525,0.7635363646535329,0.787416435716397,0.7693872202913455,0.753995027308639
94663,0.7603979120313862,0.7631649950099623,0.7870900502542771,0.7690270641125448,0.7536050941231214
94664,0.760247067074841,0.7630162882909272,0.7869593630341667,0.7688828494231634,0.7534489506783969
94665,0.7603979120313862,0.7631649950099623,0.7870900502542771,0.7690270641125448,0.7536050941231214
94666,0.7603979120313862,0.7631649950099623,0.7853553581727479,0.7690270641125448,0.7522667926195433
94667,0.778209027254098,0.7849679639448421,0.8040437402798271,0.7894540424375524,0.7706491506898048
94668,0.778209027254098,0.7849679639448421,0.8040437402798271,0.7894540424375524,0.7706491506898048
94669,0.778209027254098,0.7849679639448421,0.8040437402798271,0.7894540424375524,0.7706491506898048
94670,0.8297569347073435,0.8390771446780685,0.851060749004388,0.8423960882218096,0.8208744362572455
94671,0.8297569347073435,0.8390771446780685,0.851060749004388,0.8423960882218096,0.8208744362572455
94672,0.7781421369721225,0.78490352312508,0.803986046888979,0.7893912101689816,0.7705794829865794
94673,0.760247067074841,0.7630162882909272,0.7869593630341667,0.7688828494231634,0.7534489506783969
94674,0.7666105145451345,0.7733215996483807,0.7909536614060572,0.7778866635419517,0.7582029012732601
94675,0.8439615358617236,0.8564567258287962,0.8655229166669913,0.858129076482106,0.8356113062508477
94676,0.7605116963909273,0.7632771668149031,0.7871886321609444,0.7691358482082987,0.7537228742917987
94677,0.8439615358617236,0.8564567258287962,0.8655229166669913,0.858129076482106,0.8356113062508477
94678,0.8439615358617236,0.8564567258287962,0.8655229166669913,0.858129076482106,0.8356113062508477
94679,0.7881775142328317,0.8054116002433116,0.7908512404198917,0.7998936370479105,0.7763702102376709
94680,0.7881775142328317,0.8054116002433116,0.7908512404198917,0.7998936370479105,0.7763702102376709
94681,0.7881775142328317,0.8054116002433116,0.7908512404198917,0.7998936370479105,0.7763702102376709
94682,0.7735168547779725,0.7908175626520698,0.7821183377862422,0.7877323232350576,0.7635722308368597
94683,0.7924522428409864,0.8099933633737285,0.7977354311465117,0.8050691554746057,0.7813314015734765
94684,0.7887176664812799,0.7952721595858152,0.813096679283655,0.7985149613089706,0.7817505505206277
94685,0.7887176664812799,0.7952721595858152,0.813096679283655,0.7985149613089706,0.7817505505206277
94686,0.7887176664812799,0.7952721595858152,0.813096679283655,0.7985149613089706,0.7817505505206277
94687,0.7666105145451345,0.7733215996483807,0.7909536614060572,0.7778866635419517,0.7582029012732601
94688,0.7882638946254357,0.7948351441437793,0.8127042103903415,0.798086160221233,0.7812787386772124
94689,0.7882638946254357,0.7948351441437793,0.8127042103903415,0.798086160221233,0.7812787386772124
94690,0.788146884659145,0.79472245683065,0.8126030139560299,0.7979755919048956,0.7811570747452635
94691,0.7882638946254357,0.7948351441437793,0.8127042103903415,0.798086160221233,0.7812787386772124
94692,0.7880330570678021,0.7946128350482661,0.8125045721323111,0.7978680318174858,0.7810387189136501
94693,0.7882213895056497,0.7947942091870348,0.8126674494249135,0.7980459949729937,0.7812345430572059
94694,0.7888572033310876,0.7954065460323074,0.8132173725122777,0.7986468228418883,0.7818956320709058
94695,0.7782127398915919,0.7849715406361641,0.8040469424826726,0.789457529853255,0.7706530174745216
94696,0.7782127398915919,0.7849715406361641,0.8040469424826726,0.789457529853255,0.7706530174745216
94697,0.8301659339792558,0.8464062849300845,0.8437536214901386,0.8450101781123304,0.821585004291468
94698,0.8301659339792558,0.8464062849300845,0.8437536214901386,0.8450101781123304,0.821585004291468
94699,0.8300858732112437,0.8463349147774166,0.8436808488374383,0.8449380706349066,0.8215002490346409
94700,0.8301659339792558,0.8464062849300845,0.8437536214901386,0.8450101781123304,0.821585004291468
94701,0.8301659339792558,0.8464062849300845,0.8437536214901386,0.8450101781123304,0.821585004291468
94702,0.7735959890406218,0.7908894776344586,0.7821938532639733,0.7878055084226205,0.7636556239274928
94703,0.7735959890406218,0.7908894776344586,0.7821938532639733,0.7878055084226205,0.7636556239274928
94704,0.8266740581410572,0.8361875825828108,0.8484150067612262,0.8395745808951817,0.817604234350684
94705,0.8266740581410572,0.8361875825828108,0.8484150067612262,0.8395745808951817,0.817604234350684
94706,0.8266740581410572,0.8361875825828108,0.8484150067612262,0.8395745808951817,0.817604234350684
94707,0.8266740581410572,0.8361875825828108,0.8484150067612262,0.8395745808951817,0.817604234350684
94708,0.8300858732112437,0.8463349147774166,0.8436808488374383,0.8449380706349066,0.8215002490346409
94709,0.830071553974905,0.846322149988766,0.8436678331922148,0.8449251739655838,0.821485090107336
94710,0.7882213895056497,0.7947942091870348,0.8126674494249135,0.7980459949729937,0.7812345430572059
94711,0.7605116963909273,0.7632771668149031,0.7871886321609444,0.7691358482082987,0.7537228742917987
94712,0.8596973059669848,0.8751058826970279,0.8780928640143312,0.87579864636794,0.8518161246374621
94713,0.792377210690116,0.8099257707661482,0.7976626651849524,0.8049994986759821,0.7812515252758306
94714,0.7664725477282687,0.7731884543361304,0.7908328927377382,0.7777567625718222,0.7580588048440084
94715,0.7664725477282687,0.7731884543361304,0.7908328927377382,0.7777567625718222,0.7580588048440084
94716,0.8297624368031599,0.8390823024631906,0.8510654723718537,0.8424011247695633,0.8208802718917059
94717,0.8297624368031599,0.8390823024631906,0.8510654723718537,0.8424011247695633,0.8208802718917059
94718,0.8297624368031599,0.8390823024631906,0.8510654723718537,0.8424011247695633,0.8208802718917059
94719,0.8295276526644969,0.8388622128895838,0.850863922486964,0.8421862093093273,0.8206312525892635
94720,0.8284770778900525,0.8378774467914799,0.8499621731244125,0.8412246131165229,0.8195169182209413
94721,0.8440467311225577,0.8565342423093729,0.8655949655534311,0.8582055779185122,0.8357017281431127
94722,0.8295276526644969,0.8388622128895838,0.850863922486964,0.8421862093093273,0.8206312525892635
94723,0.7666301849756567,0.7733405827440243,0.790970880102421,0.7779051841327094,0.7582234455065839
94724,0.7666301849756567,0.7733405827440243,0.790970880102421,0.7779051841327094,0.7582234455065839
94725,0.8197402110934277,0.8305410161329662,0.8465025648462281,0.8346881419423203,0.816487426124628
94726,0.8196955572249869,0.8304994436067719,0.846465438423644,0.8346477367621288,0.8164418324329427
94727,0.8205676844921403,0.8313114229018373,0.8471906196570823,0.8354369279190519,0.8173323039551784
94728,0.8196955572249869,0.8304994436067719,0.846465438423644,0.8346477367621288,0.8164418324329427
94729,0.8204168056354012,0.8311709446981321,0.8470651518676673,0.835300390412155,0.8171782532235753
94730,0.7852817820633662,0.7988711846665013,0.8109112666757489,0.8018793406122905,0.7811357011539831
94731,0.7888572033310876,0.7954065460323074,0.8132173725122777,0.7986468228418883,0.7818956320709058
94732,0.7882178451459064,0.7947907957624122,0.812664384065416,0.7980426457338345,0.781230857727022
94733,0.7664764962945996,0.7731922648981021,0.7908363490527278,0.7777604802727506,0.7580629288580883
94734,0.7880330570678021,0.7946128350482661,0.8125045721323111,0.7978680318174858,0.7810387189136501
94735,0.7882178451459064,0.7947907957624122,0.812664384065416,0.7980426457338345,0.781230857727022
94736,0.8926186412093731,0.8892938103853507,0.9104903362376559,0.8915767742947246,0.9012863291633978
94737,0.8926186412093731,0.8892938103853507,0.9104903362376559,0.8915767742947246,0.9012863291633978
94738,0.8926186412093731,0.8892938103853507,0.9104903362376559,0.8915767742947246,0.9012863291633978
94739,0.7826158461472202,0.8006384728071835,0.7845821562734917,0.7948417362524226,0.7707488166987042
94740,0.7927614569697697,0.8102719264978652,0.79803530877063,0.8053562232980176,0.7816605725002722
94741,0.7924522428409864,0.8099933633737285,0.7977354311465117,0.8050691554746057,0.7813314015734765
94743,0.7924522428409864,0.8099933633737285,0.7977354311465117,0.8050691554746057,0.7813314015734765
94746,0.7501689563627701,0.7698869861676728,0.7496068567558134,0.7611902439496955,0.7376621391116455
94748,0.8204168056354012,0.8311709446981321,0.8470651518676673,0.835300390412155,0.8171782532235753
94749,0.8354916458029056,0.8402704911489973,0.86416446043982,0.8498826921484065,0.8365302955362535
94750,0.8354916458029056,0.8402704911489973,0.86416446043982,0.8498826921484065,0.8365302955362535
94751,0.8361514094217022,0.8409083862063231,0.8646957192824145,0.8504771539499351,0.8371852904401752
94752,0.8361514094217022,0.8409083862063231,0.8646957192824145,0.8504771539499351,0.8371852904401752
94753,0.8013323171350994,0.8120027913387973,0.8244023033470405,0.813969626863443,0.79449942624644
94754,0.8013323171350994,0.8120027913387973,0.8244023033470405,0.813969626863443,0.79449942624644
94755,0.80103595396582,0.8117250786037948,0.8241458102962438,0.813695312115104,0.7941909250900341
94756,0.788146884659145,0.79472245683065,0.8126030139560299,0.7979755919048956,0.7811570747452635
94758,0.7882674344532283,0.7948385532128125,0.8127072718591768,0.7980895051909598,0.7812824192846448
94759,0.7882391060731045,0.7948112712824723,0.8126827717314186,0.7980627362405696,0.7812529642566078
94760,0.7882497318296412,0.7948215045186195,0.8126919615234384,0.7980727770595425,0.7812640126161606
94761,0.8061083564592557,0.8205884029516244,0.8296556477281276,0.8215999113908908,0.80061017910252
94762,0.8003731752090233,0.8097770611616464,0.8227750420636691,0.8118323364033169,0.7932134241652915
94763,0.7852709985996688,0.7988612105140243,0.8109019926801363,0.8018695428521989,0.7811246666233187
94764,0.7658196530617134,0.7725583903716228,0.7902614288912717,0.7771420604677024,0.7573768835421302
94766,1.001123832158573,1.0091873241593055,1.0177351614094239,1.0085693025969977,1.0169625824078006
94767,1.0011239679360637,1.0091884269753697,1.0177372757666048,1.0085703317376316,1.0169646059080766
94770,0.9443758609221632,0.9389913234599508,0.957002108944574,0.9405599655767614,0.9527431388961968
94771,0.9443758609221632,0.9389913234599508,0.957002108944574,0.9405599655767614,0.9527431388961968
94772,0.9443617673172826,0.9389757963911206,0.9569913273685869,0.9405448574230044,0.952731247789082
94773,0.892780286442487,0.8894609349619425,0.9106230504615032,0.8917401332056948,0.901433834191127
94774,0.8927234163136367,0.889402137217266,0.9105763583242358,0.8916826602093448,0.901381938585239
94775,0.7852925623394494,0.7988811558830272,0.8109205379512279,0.8018891354909661,0.7811467324184688
94776,0.8284770778900525,0.8378774467914799,0.8499621731244125,0.8412246131165229,0.8195169182209413
94777,0.830071553974905,0.846322149988766,0.8436678331922148,0.8449251739655838,0.821485090107336
94778,0.830071553974905,0.846322149988766,0.8436678331922148,0.8449251739655838,0.821485090107336
94779,0.7924522428409864,0.8099933633737285,0.7977354311465117,0.8050691554746057,0.7813314015734765
94780,0.7924522428409864,0.8099933633737285,0.7977354311465117,0.8050691554746057,0.7813314015734765
94781,0.7924522428409864,0.8099933633737285,0.7977354311465117,0.8050691554746057,0.7813314015734765
94783,0.8596973059669848,0.8751058826970279,0.8780928640143312,0.87579864636794,0.8518161246374621
94784,0.8081784661323711,0.8247073600309998,0.8161496392585312,0.8214611887725154,0.7985582120187052
94785,0.8295276526644969,0.8388622128895838,0.850863922486964,0.8421862093093273,0.8206312525892635
94787,0.8596973059669848,0.8751058826970279,0.8780928640143312,0.87579864636794,0.8518161246374621
94789,0.7590097059347023,0.7642746637754033,0.7838653240417893,0.7687118240025788,0.7504914951428802
94790,0.7664764962945996,0.7731922648981021,0.7908363490527278,0.7777604802727506,0.7580629288580883
94791,0.7664764962945996,0.7731922648981021,0.7908363490527278,0.7777604802727506,0.7580629288580883
94792,0.7664764962945996,0.7731922648981021,0.7908363490527278,0.7777604802727506,0.7580629288580883
94793,0.8224809578605866,0.8304148396648056,0.8434864964090296,0.8330177473649061,0.8148130006168095
94794,0.8927455559001023,0.8894250272429183,0.9105945355415014,0.891705034497735,0.9014021415481343
94795,0.8927234163136367,0.889402137217266,0.9105763583242358,0.8916826602093448,0.901381938585239
94796,0.855898393066311,0.8592584970708618,0.8791585052545007,0.864267673305412,0.8548798216514713
94797,0.9443797715207077,0.9389956318019796,0.9570051005506414,0.9405641576824434,0.9527464383656459
94798,1.001123832158573,1.0091873241593055,1.0177351614094239,1.0085693025969977,1.0169625824078006
94799,0.9443617673172826,0.9389757963911206,0.9569913273685869,0.9405448574230044,0.952731247789082
94800,0.792377210690116,0.8099257707661482,0.7976626651849524,0.8049994986759821,0.7812515252758306
94801,0.7735168547779725,0.7908175626520698,0.7821183377862422,0.7877323232350576,0.7635722308368597
94802,0.7735168547779725,0.7908175626520698,0.7821183377862422,0.7877323232350576,0.7635722308368597
94803,0.8224838122443717,0.8304175470740616,0.8434889661742022,0.8330204070101714,0.8148159990672026
94804,0.8224838122443717,0.8304175470740616,0.8434889661742022,0.8330204070101714,0.8148159990672026
94805,0.8221854603895691,0.8301345606767907,0.8432308234782102,0.83274241401797,0.8145025853825026
94806,0.8224838122443717,0.8304175470740616,0.8434889661742022,0.8330204070101714,0.8148159990672026
94807,0.7590097059347023,0.7642746637754033,0.7838653240417893,0.7687118240025788,0.7504914951428802
94808,0.7590097059347023,0.7642746637754033,0.7838653240417893,0.7687118240025788,0.7504914951428802
94810,0.8927234163136367,0.889402137217266,0.9105763583242358,0.8916826602093448,0.901381938585239
94811,0.8927234163136367,0.889402137217266,0.9105763583242358,0.8916826602093448,0.901381938585239
94812,0.8744752701560288,0.8878642726218877,0.8926044166294955,0.8892921432291246,0.8673143525946174
94813,0.8221854603895691,0.8301345606767907,0.8432308234782102,0.83274241401797,0.8145025853825026
94814,1.001124164263148,1.0091900215873162,1.0177403330082155,1.0085718198190512,1.016967531776025
94815,0.9443617673172826,0.9389757963911206,0.9569913273685869,0.9405448574230044,0.952731247789082
94816,0.9916638287012982,0.9961984831123297,1.0069052888598953,0.9955577170930694,1.0024269218063446
94817,0.8003334802048495,0.8097395611165684,0.8227405143018087,0.8117953110452846,0.7931720321738499
94818,0.8003334802048495,0.8097395611165684,0.8227405143018087,0.8117953110452846,0.7931720321738499
94819,0.8003334802048495,0.8097395611165684,0.8227405143018087,0.8117953110452846,0.7931720321738499
94820,0.8003334802048495,0.8097395611165684,0.8227405143018087,0.8117953110452846,0.7931720321738499
94821,0.7882391060731045,0.7948112712824723,0.8126827717314186,0.7980627362405696,0.7812529642566078
94822,1.0048749141906426,1.0145042313041106,1.0205855756900242,1.0128106393120009,1.0188427204940558
94823,1.0048749141906426,1.013521090607818,1.0205855756900242,1.0120356146178762,1.0188427204940558
94824,0.9046145440448916,0.8976237540487698,0.9203714352509933,0.9009076711239042,0.9110141861006417
94825,1.0048749794312748,1.014504423920975,1.020585847742536,1.0128108096685744,1.01884296986019
94826,0.89286009674476,0.887945049111261,0.9094527287357372,0.8908061275532639,0.8975881415271291
94827,0.904638300597277,0.8976494036353874,0.9203910056382877,0.9009324286783837,0.9110362291166122
94828,0.7852709985996688,0.7988612105140243,0.8109019926801363,0.8018695428521989,0.7811246666233187
94829,0.9916638287012982,0.9961984831123297,1.0069052888598953,0.9955577170930694,1.0024269218063446
94830,0.9443075172153134,0.938916028264552,0.9569498265308639,0.9404867018870036,0.9526854759686098
94831,0.8558212885378109,0.8591834117965836,0.8790951406377832,0.8641955764343547,0.854802102667396
94832,0.7863620296232975,0.7986680390377185,0.8100485230457604,0.8003553997297999,0.7799896659987355
94833,0.7868242966498168,0.7990987392568716,0.8104506644142406,0.8007818276752297,0.7804685677605543
94834,0.788189477707923,0.7947634762942193,0.812639850406856,0.7980158399881537,0.781201361996661
94835,0.788189477707923,0.7947634762942193,0.812639850406856,0.7980158399881537,0.781201361996661
94836,0.8630789468212222,0.8581464956643959,0.883184319123261,0.8630835277324928,0.8641662121458197
94837,0.8630789468212222,0.8581464956643959,0.883184319123261,0.8630835277324928,0.8641662121458197
94838,0.8630789468212222,0.8581464956643959,0.883184319123261,0.8630835277324928,0.8641662121458197
94839,0.8630789468212222,0.8581464956643959,0.883184319123261,0.8630835277324928,0.8641662121458197
94840,0.8629448051440216,0.8580069196455379,0.8830718541044047,0.8629493910806311,0.8640332620943487
94841,0.8631373730343207,0.8582072885223241,0.8832333049250248,0.8631419517570537,0.8642241194046184
94842,0.8631394567569861,0.8582094566458911,0.8832350519742752,0.8631440354016698,0.8642261846199402
94843,1.0011249671744105,1.009196542986981,1.0177528360013193,1.0085779055481072,1.016979497503059
94844,0.8877527035724859,0.8848521424838786,0.9074103986735618,0.8882690188093438,0.8917251511138004
94845,0.8629826164887977,0.8580462629039295,0.8831035549956315,0.8629872010087936,0.8640707375270149
94846,0.9610927229029292,0.9585778302100012,0.9734999459393218,0.9594836023651027,0.9692125210711784
94847,0.9610927229029292,0.9585778302100012,0.9734999459393218,0.9594836023651027,0.9692125210711784
94848,0.9610889451808838,0.9585737999927649,0.9734973988709159,0.9594796632068506,0.9692095515455711
94849,1.004641872110213,1.0151697910232398,1.021075198472804,1.0137564899748561,1.018308884772227
94850,1.0046416233929583,1.0151689850346235,1.0210740839910437,1.0137557582500019,1.0183079144366605
94851,0.961090564512583,0.9585755275574076,0.973498490678892,0.9594813517387404,0.9692108244411676
94852,1.0046416233929583,1.0135477089589926,1.0210740839910437,1.0120593367997213,1.0183079144366605
94853,0.7880330570678021,0.7946128350482661,0.8125045721323111,0.7978680318174858,0.7810387189136501
94854,0.7658196530617134,0.7725583903716228,0.7902614288912717,0.7771420604677024,0.7573768835421302
94855,0.7658196530617134,0.7725583903716228,0.7902614288912717,0.7771420604677024,0.7573768835421302
94857,1.0049840756748756,1.013521090607818,1.0212757324280832,1.0120356146178762,1.0188610186150402
94858,1.0049840756748756,1.013521090607818,1.0212757324280832,1.0120356146178762,1.0188610186150402
94860,1.0049840756748756,1.013521090607818,1.0212757324280832,1.0120356146178762,1.0188610186150402
94861,0.8927555092887612,0.887835201739283,0.9093655779201163,0.8906993473632469,0.8974885725576461
94863,0.89274437767077,0.8878235102470565,0.9093563022556578,0.8906879823475334,0.8974779751115742
94864,0.8876029874283766,0.8846981741657404,0.9072889547592555,0.8881200573697705,0.8915812244847509
94865,1.0049841424192871,1.0135212704412107,1.021276013652366,1.0120357748845445,1.0188612684022997
94866,0.8929247339466744,0.888012936688639,0.9095065906633241,0.8908721197641293,0.8976496775100693
94867,0.8931187937791435,0.8901145575446814,0.9106431464042926,0.8925410341510143,0.8967900683348443
94868,0.9047509625473696,0.8977710422136321,0.9204838166487418,0.9010498373225392,0.9111407654924937
94869,0.90476619483103,0.8977874880659561,0.920496365185765,0.9010657113235085,0.9111548992490887
94870,0.8038923307194076,0.8116705414879066,0.8313723079463837,0.8183836536248605,0.8021496888763513
94871,0.8514271584315631,0.8512673876412414,0.8735937101146527,0.8595099776020585,0.8529333455153826
94872,0.8514271584315631,0.8512673876412414,0.8735937101146527,0.8595099776020585,0.8529333455153826
94873,0.8514271584315631,0.8512673876412414,0.8735937101146527,0.8595099776020585,0.8529333455153826
94874,0.8514271584315631,0.8512673876412414,0.8735937101146527,0.8595099776020585,0.8529333455153826
94875,0.8038923307194076,0.8116705414879066,0.8313723079463837,0.8183836536248605,0.8021496888763513
94876,0.8514271584315631,0.8512673876412414,0.8735937101146527,0.8595099776020585,0.8529333455153826
94878,0.8004293299237745,0.8098301109782073,0.8228238873660025,0.811884714743454,0.7932719793477685
94879,0.8003797865046539,0.8097833068936874,0.8227807927686224,0.8118385030774954,0.7932203180877111
94880,0.8925947357484887,0.8892690944959221,0.9104707097364682,0.8915526153711171,0.901264515093606
94881,0.8925947357484887,0.8892690944959221,0.9104707097364682,0.8915526153711171,0.901264515093606
94882,0.8520261069877048,0.8518670643605805,0.8740935674260141,0.8600723518873894,0.8535254395354506
94883,0.8629637190465889,0.858026599848376,0.8830877114187943,0.862968304274574,0.8640520079656652
94884,0.8629448051440216,0.8580069196455379,0.8830718541044047,0.8629493910806311,0.8640332620943487
94885,0.9047023889674546,0.8977185985734862,0.9204438014225321,0.9009992173148162,0.9110956950836618
94886,0.8927761624152275,0.8878568936107185,0.9093827876457607,0.8907204335170796,0.8975082346230037
94887,0.9047023889674546,0.8977185985734862,0.9204438014225321,0.9009992173148162,0.9110956950836618
94888,0.90462712587221,0.8976373384628697,0.920381800010158,0.9009207831007409,0.911025860407641
94889,0.89286009674476,0.887945049111261,0.9094527287357372,0.8908061275532639,0.8975881415271291
94890,0.8927555092887612,0.887835201739283,0.9093655779201163,0.8906993473632469,0.8974885725576461
94891,0.8763751977544819,0.8895425499421388,0.8942054003353478,0.8909470733997018,0.8693348861428303
94893,0.7852817820633662,0.7988711846665013,0.8109112666757489,0.8018793406122905,0.7811357011539831
94896,0.8225322941817274,0.8304635327241565,0.8435309155382062,0.8330655814109578,0.8148669278915145
94897,0.8225322941817274,0.8304635327241565,0.8435309155382062,0.8330655814109578,0.8148669278915145
94898,0.8225322941817274,0.8304635327241565,0.8435309155382062,0.8330655814109578,0.8148669278915145
94899,0.8225322941817274,0.8304635327241565,0.8435309155382062,0.8330655814109578,0.8148669278915145
94900,0.8003277208183257,0.8082649924064338,0.8228121605956348,0.8109279293608929,0.7921736257248915
94901,0.8003277208183257,0.8082649924064338,0.8227807927686224,0.8109279293608929,0.7921736257248915
94902,0.8003277208183257,0.8082649924064338,0.8228121605956348,0.8109279293608929,0.7921736257248915
94903,0.862584434091743,0.8576319442595046,0.8827697329514346,0.8625890335333224,0.8636760933768172
94904,0.862584434091743,0.8576319442595046,0.8827697329514346,0.8625890335333224,0.8636760933768172
94905,0.862584434091743,0.8576319442595046,0.8827697329514346,0.8625890335333224,0.8636760933768172
94906,0.785235030688427,0.7988279421253577,0.8108710597071591,0.801836862832217,0.7810878612544749
94907,0.785235030688427,0.7988279421253577,0.8108710597071591,0.801836862832217,0.7810878612544749
94908,0.7852817820633662,0.7988711846665013,0.8109112666757489,0.8018793406122905,0.7811357011539831
94909,0.7863620296232975,0.7986680390377185,0.8100485230457604,0.8003553997297999,0.7799896659987355
94910,0.7867173159612805,0.7989990620941698,0.8103575951094687,0.8006831390015381,0.7803577384709224
94911,0.8009485799469277,0.8088568602756451,0.8233519717831462,0.8115101648112668,0.7928247137379876
94912,0.8927761624152275,0.8878568936107185,0.9093827876457607,0.8907204335170796,0.8975082346230037
94913,0.8927761624152275,0.8878568936107185,0.9093827876457607,0.8907204335170796,0.8975082346230037
94914,0.8927364219244496,0.887815154354666,0.9093496729687106,0.890679859790277,0.8974704011412056
94915,0.9046145440448916,0.8976237540487698,0.9203714352509933,0.9009076711239042,0.9110141861006417
94916,0.9046145440448916,0.8976237540487698,0.9203714352509933,0.9009076711239042,0.9110141861006417
94917,0.8927364219244496,0.887815154354666,0.9093496729687106,0.890679859790277,0.8974704011412056
94918,0.8927364219244496,0.887815154354666,0.9093496729687106,0.890679859790277,0.8974704011412056
94919,0.8927364219244496,0.887815154354666,0.9093496729687106,0.890679859790277,0.8974704011412056
94920,0.9046996083991768,0.8977155964582023,0.920441510784948,0.9009963195960696,0.9110931150582734
94921,0.850250391921781,0.8410976572685879,0.8697027588157992,0.8516392933648204,0.8503940088461809
94922,0.8501812985927056,0.8410237431216216,0.869643657423756,0.8515709247948258,0.8503249905417452
94923,0.8929247339466744,0.888012936688639,0.9095065906633241,0.8908721197641293,0.8976496775100693
94924,0.89274437767077,0.8878235102470565,0.9093563022556578,0.8906879823475334,0.8974779751115742
94925,0.9047509625473696,0.8977710422136321,0.9204838166487418,0.9010498373225392,0.9111407654924937
94926,0.9047509625473696,0.8977710422136321,0.9204838166487418,0.9010498373225392,0.9111407654924937
94927,0.9047509625473696,0.8977710422136321,0.9204838166487418,0.9010498373225392,0.9111407654924937
94928,1.004993955045232,1.0135477089589926,1.0213173580278727,1.0120593367997213,1.0188979911249458
94930,0.8081784661323711,0.8247073600309998,0.8161496392585312,0.8214611887725154,0.7985582120187052
94931,0.8081784661323711,0.8247073600309998,0.8161496392585312,0.8214611887725154,0.7985582120187052
94932,0.8080512505341201,0.8245928331836818,0.8160285904812631,0.8213441998546837,0.798423432645448
94933,0.7924522428409864,0.8099933633737285,0.7977354311465117,0.8050691554746057,0.7813314015734765
94934,0.7605201750500981,0.7805025779901902,0.7600683150265015,0.7725561061932683,0.7490476203400827
94935,0.8224838122443717,0.8304175470740616,0.8434889661742022,0.8330204070101714,0.8148159990672026
94936,0.8225693143748275,0.8304986468944334,0.8435629478012476,0.8331000761544728,0.8149058163745097
94937,0.8224838122443717,0.8304175470740616,0.8434889661742022,0.8330204070101714,0.8148159990672026
94938,0.8558212885378109,0.8591834117965836,0.8790951406377832,0.8641955764343547,0.854802102667396
94939,0.8631394567569861,0.8582094566458911,0.8832350519742752,0.8631440354016698,0.8642261846199402
94940,0.862654852195061,0.8577052166873692,0.8828287669723156,0.862659448997203,0.8637458856108132
94941,0.8038923307194076,0.8116705414879066,0.8313723079463837,0.8183836536248605,0.8021496888763513
94942,0.8038923307194076,0.8116705414879066,0.8313723079463837,0.8183836536248605,0.8021496888763513
94943,0.8040204117655401,0.8117926698372502,0.8314797304506705,0.8185007120924113,0.8022791153059551
94944,0.904638300597277,0.8976494036353874,0.9203910056382877,0.9009324286783837,0.9110362291166122
94945,0.8931187937791435,0.8901145575446814,0.9106431464042926,0.8925410341510143,0.8967900683348443
94946,0.8927332385543479,0.8878118108710698,0.9093470203640328,0.89067660967286,0.8974673705339091
94947,0.8926870108066103,0.8877632579377367,0.9093085003935303,0.8906294126143142,0.8974233612168678
94948,0.8927427868276173,0.8878218393904201,0.9093549766524819,0.8906863581487466,0.8974764606086358
94949,0.8501882169894416,0.8410311442545866,0.8696495752805883,0.8515777706175482,0.8503319014258586
94950,0.8927332385543479,0.8878118108710698,0.9093470203640328,0.89067660967286,0.8965566427127201
94951,0.8927332385543479,0.8878118108710698,0.9093470203640328,0.89067660967286,0.8974673705339091
94952,0.8927332385543479,0.8878118108710698,0.9093470203640328,0.89067660967286,0.8974673705339091
94953,0.8072008152124232,0.8238272766733314,0.8152194086210143,0.8205621749283523,0.7975223941328662
94954,0.8072008152124232,0.8238272766733314,0.8152194086210143,0.8205621749283523,0.7975223941328662
94955,0.8072008152124232,0.8238272766733314,0.8152194086210143,0.8205621749283523,0.7975223941328662
94956,0.8929963968475779,0.8899883961105264,0.9105423310954281,0.8924179147421222,0.8966722457404447
94957,0.8508194478770825,0.8500521422508652,0.8743458707334969,0.8557762438220791,0.8513027385513673
94958,0.8878495833214431,0.8849517733304751,0.9074889860115669,0.8883654102721259,0.8918182850837758
94959,0.8878495833214431,0.8849517733304751,0.9074889860115669,0.8883654102721259,0.8918182850837758
94960,0.8629153507703589,0.8579762718825193,0.8830471598406937,0.8629199378105343,0.8640040694018497
94961,0.8873494531241563,0.8844374372058648,0.9070833072359715,0.8878678014294544,0.8913374967170294
94962,0.8851250332985012,0.8859517504348362,0.9036856762982294,0.8864991881839133,0.8909671838780381
94963,0.8851250332985012,0.8859517504348362,0.9036856762982294,0.8864991881839133,0.8909671838780381
94964,0.8851250332985012,0.8859517504348362,0.9036856762982294,0.8864991881839133,0.8909671838780381
94965,0.8548043556887512,0.8546209328489079,0.8758977967524496,0.8586653713857826,0.8525849369341317
94966,0.8851984289659471,0.8860245661658066,0.9037462459195318,0.8865716203409482,0.8910364987770225
94967,0.9610824632321049,0.9585668848012584,0.9734930285288734,0.9594729042585272,0.9692044563347545
94968,0.8931583385076709,0.8901553184045752,0.9106757189813284,0.8925808122781769,0.8968281353019016
94969,0.8930981929030021,0.8900933230988964,0.9106261777890473,0.8925203116809868,0.8967702373279866
94970,0.8930981929030021,0.8900933230988964,0.9106261777890473,0.8925203116809868,0.8967702373279866
94971,0.8877945284479893,0.8848951551042089,0.907444326141689,0.888310632874941,0.8917653588099851
94972,0.8501512955690878,0.8409916465581779,0.8696179935346073,0.8515412365108672,0.8502950200989497
94973,0.8501882169894416,0.8410311442545866,0.8696495752805883,0.8515777706175482,0.8503319014258586
94974,1.0070446970462579,1.0179563907494034,1.0243908381576858,1.0165980100873178,1.0232893307956643
94975,1.0070442264155048,1.0179552015795506,1.0243892311327212,1.0165969096833505,1.0232877949977202
94976,0.8914694555136198,0.887033762085313,0.9096085424463934,0.8905844852730079,0.8957211714544477
94977,0.9610819227357447,0.9585663081788691,0.97349266410898,0.9594723406645084,0.9692040314716805
94978,0.9610819227357447,0.9585663081788691,0.97349266410898,0.9594723406645084,0.9692040314716805
94979,0.90462712587221,0.8976373384628697,0.920381800010158,0.9009207831007409,0.911025860407641
94980,0.8548043556887512,0.8546209328489079,0.8758977967524496,0.8586653713857826,0.8525849369341317
94981,0.8850599183284893,0.88588715001592,0.9036319411112166,0.8864349280921642,0.8909056895704921
94982,0.9610889451808838,0.9585737999927649,0.9734973988709159,0.9594796632068506,0.9692095515455711
94983,0.961090564512583,0.9585755275574076,0.973498490678892,0.9594813517387404,0.9692108244411676
94984,0.8629153507703589,0.8579762718825193,0.8830471598406937,0.8629199378105343,0.8640040694018497
94985,0.8629153507703589,0.8579762718825193,0.8830471598406937,0.8629199378105343,0.8640040694018497
94986,0.8629153507703589,0.8579762718825193,0.8830471598406937,0.8629199378105343,0.8640040694018497
94988,0.8520261069877048,0.8518670643605805,0.8740935674260141,0.8600723518873894,0.8535254395354506
94989,0.855898393066311,0.8592584970708618,0.8791585052545007,0.864267673305412,0.8548798216514713
94990,0.855898393066311,0.8592584970708618,0.8791585052545007,0.864267673305412,0.8548798216514713
94991,0.7863620296232975,0.7986680390377185,0.8100485230457604,0.8003553997297999,0.7799896659987355
94992,0.8003797865046539,0.8097833068936874,0.8227807927686224,0.8118385030774954,0.7932203180877111
94993,0.8003797865046539,0.8097833068936874,0.8227807927686224,0.8118385030774954,0.7932203180877111
94994,0.8185957056432825,0.8270252899288975,0.8438363513483134,0.833068301761043,0.8156021278022122
94995,0.8184118078191703,0.8268512673253632,0.843681582180276,0.8329012667676167,0.8154146865295682
94996,0.8185957056432825,0.8270252899288975,0.8438363513483134,0.833068301761043,0.8156021278022122
94997,0.8281960191552373,0.8301018718288228,0.8545484242127733,0.841446015807046,0.8272406993808943
94998,0.8851984289659471,0.8860245661658066,0.9037462459195318,0.8865716203409482,0.8910364987770225
94999,0.8851984289659471,0.8860245661658066,0.9037462459195318,0.8865716203409482,0.8910364987770225
95000,0.8851984289659471,0.8860245661658066,0.9037462459195318,0.8865716203409482,0.8910364987770225
95001,0.961084084412834,0.9585686143393286,0.9734941215810634,0.9594745947189699,0.9692057306819086
95002,0.961084084412834,0.9585686143393286,0.9734941215810634,0.9594745947189699,0.9692057306819086
95003,0.961084084412834,0.9585686143393286,0.9734941215810634,0.9594745947189699,0.9692057306819086
95004,0.9610835440706452,0.9585680378814835,0.973493757264912,0.9594740312857536,0.9692053059398651
95005,0.9610889451808838,0.9585737999927649,0.9734973988709159,0.9594796632068506,0.9692095515455711
95006,0.9610889451808838,0.9585737999927649,0.9734973988709159,0.9594796632068506,0.9692095515455711
95007,0.8502940469931759,0.8411443580136309,0.8697401011111456,0.8516824905480985,0.8504376165185659
95008,0.8502940469931759,0.8411443580136309,0.8697401011111456,0.8516824905480985,0.8504376165185659
95009,0.8502940469931759,0.8411443580136309,0.8697401011111456,0.8516824905480985,0.8504376165185659
95010,0.8926870108066103,0.8877632579377367,0.9093085003935303,0.8906294126143142,0.8974233612168678
95011,0.89274437767077,0.8878235102470565,0.9093563022556578,0.8906879823475334,0.8965566427127201
95012,0.8520261069877048,0.8518670643605805,0.8740935674260141,0.8600723518873894,0.8535254395354506
95013,0.8521650255823376,0.8530541183889673,0.875162395455712,0.8576717750626573,0.8518139335920757
95014,0.8521650255823376,0.8530541183889673,0.875162395455712,0.8576717750626573,0.8518139335920757
95015,0.8927045606489563,0.88778169052715,0.9093231240225569,0.8906473304512748,0.8974400688428278
95016,0.8927045606489563,0.88778169052715,0.9093231240225569,0.8906473304512748,0.8974400688428278
95017,0.8927045606489563,0.88778169052715,0.9093231240225569,0.8906473304512748,0.8974400688428278
95018,0.8487396781925967,0.8442719329797927,0.8702851417013592,0.8532189380179753,0.8489452410774011
95019,0.8927045606489563,0.88778169052715,0.9093231240225569,0.8906473304512748,0.8974400688428278
95020,0.8500007110589274,0.8408305532246129,0.8694891892848678,0.8513922318636824,0.850144599131262
95021,0.8501305020447657,0.8409694020569328,0.8696002073241548,0.8515206611235601,0.8502742491554675
95022,0.8501305020447657,0.8409694020569328,0.8696002073241548,0.8515206611235601,0.8502742491554675
95023,0.8213818408576077,0.8293723594279137,0.8425355814104486,0.8319936718812089,0.8136583621718771
95024,0.8213818408576077,0.8293723594279137,0.8425355814104486,0.8319936718812089,0.8136583621718771
95025,0.8517511930914754,0.8526430975008498,0.8748199011720981,0.8572752862654063,0.8513989896205287
95026,0.8517511930914754,0.8526430975008498,0.8748199011720981,0.8572752862654063,0.8513989896205287
95027,0.8500102429418841,0.8492382214951736,0.8736782167357379,0.8549973495937656,0.8504965006122769
95028,0.7157340574507071,0.7321872619701821,0.7273134422764866,0.7330594652496071,0.7087143209451724
95030,0.8501102055228603,0.8493387669128125,0.8737606864836156,0.8550935661091422,0.8505960964988268
95031,0.8470562339127097,0.8490760480677891,0.8703270392696613,0.8550394258048152,0.8468046631622026
95032,0.8501102055228603,0.8493387669128125,0.8737606864836156,0.8550935661091422,0.8505960964988268
95034,0.8501102055228603,0.8493387669128125,0.8737606864836156,0.8550935661091422,0.8505960964988268
95035,0.8484953187308016,0.844019356871847,0.8700795139050177,0.852982751566758,0.8487012581073788
95036,0.8501102055228603,0.8493387669128125,0.8737606864836156,0.8550935661091422,0.8505960964988268
95037,0.8473799864963718,0.8493387669128125,0.8705960159646554,0.8550935661091422,0.8471290201372076
95038,0.8500102429418841,0.8492382214951736,0.8736782167357379,0.8549973495937656,0.8504965006122769
95039,0.8474195609598508,0.8493387669128125,0.8710792156760677,0.8550935661091422,0.8464919878760171
95042,0.8501512955690878,0.8409916465581779,0.8696179935346073,0.8515412365108672,0.8502950200989497
95043,0.8501512955690878,0.8409916465581779,0.8696179935346073,0.8515412365108672,0.8502950200989497
95044,0.8501512955690878,0.8409916465581779,0.8696179935346073,0.8515412365108672,0.8502950200989497
95046,0.9046884807838121,0.8977035822210246,0.920432343847061,0.9009847231496138,0.9110827900060061
95047,0.8548043556887512,0.8546209328489079,0.8758977967524496,0.8586653713857826,0.8525849369341317
95048,0.9610835440706452,0.9585680378814835,0.973493757264912,0.9594740312857536,0.9692053059398651
95049,0.8852120504342317,0.8860380800098093,0.9037574871137044,0.8865850630014609,0.8910493629364271
95050,0.8852120504342317,0.8860380800098093,0.9037574871137044,0.8865850630014609,0.8910493629364271
95051,0.961090564512583,0.9585755275574076,0.973498490678892,0.9594813517387404,0.9692108244411676
95053,0.8914694555136198,0.887033762085313,0.9096085424463934,0.8905844852730079,0.8957211714544477
95054,0.9046884807838121,0.8977035822210246,0.920432343847061,0.9009847231496138,0.9110827900060061
95055,0.8927364219244496,0.887815154354666,0.9093496729687106,0.890679859790277,0.8974704011412056
95056,0.8548043556887512,0.8546209328489079,0.8758977967524496,0.8586653713857826,0.8525849369341317
95058,0.9046884807838121,0.8977035822210246,0.920432343847061,0.9009847231496138,0.9110827900060061
95060,0.8843723428152394,0.8852050104201596,0.9030645756516018,0.8857563838198359,0.8902563631841323
95061,0.8851711544875439,0.8859975071906985,0.9037237376007734,0.8865447039012476,0.8910107407067653
95062,0.8600039034120232,0.8663066079005217,0.8821666710629681,0.868090510982096,0.8596343089556412
95063,0.8916378036646252,0.8872096572101789,0.9097466108887743,0.8907543345902399,0.8958823387863372
95064,0.8916378036646252,0.8872096572101789,0.9097466108887743,0.8907543345902399,0.8958823387863372
95065,0.8914694555136198,0.887033762085313,0.9096085424463934,0.8905844852730079,0.8957211714544477
95066,0.8916378036646252,0.8872096572101789,0.9097466108887743,0.8907543345902399,0.8958823387863372
95067,1.0070442264155048,1.0179552015795506,1.0243892311327212,1.0165969096833505,1.0232877949977202
95068,0.845348449732773,0.8590628759100433,0.8636942332999894,0.8604027740655134,0.8390792512630777
95069,0.8505580653416892,0.8631204424852262,0.8696884698025887,0.8645400960171306,0.8440871274315614
95070,0.7990764247597635,0.80966065907869,0.8237083329951335,0.8140192888392316,0.794501115280975
95071,0.7985885031649868,0.80966065907869,0.8211297774589406,0.8131384176746346,0.7932286716293644
95072,0.9610889451808838,0.9585737999927649,0.9734973988709159,0.9594796632068506,0.9692095515455711
95073,0.9610889451808838,0.9585737999927649,0.9734973988709159,0.9594796632068506,0.9692095515455711
95074,0.9046954365452332,0.8977110922024263,0.9204380740060247,0.9009919719734514,0.9110892440920663
95075,0.8501536048390591,0.8409941169668071,0.8696199688252058,0.8515435215555348,0.8502973268611962
95076,1.0070442264155048,1.0179552015795506,1.0243892311327212,1.0165969096833505,1.0232877949977202
95077,0.8281960191552373,0.8301018718288228,0.8545484242127733,0.841446015807046,0.8272406993808943
95078,0.8281960191552373,0.8301018718288228,0.8545484242127733,0.841446015807046,0.8272406993808943
95080,0.7988930322584009,0.8094886092601193,0.8235510015028796,0.8138518461349495,0.7943127502644197
95081,0.8184118078191703,0.8268512673253632,0.843681582180276,0.8329012667676167,0.8154146865295682
95082,0.7852817820633662,0.7988711846665013,0.8109112666757489,0.8018793406122905,0.7811357011539831
95083,0.7985266479166133,0.8091448942733456,0.8232367003953409,0.8135173384873539,0.7939364274764514
95084,0.7985266479166133,0.8091448942733456,0.8232367003953409,0.8135173384873539,0.7939364274764514
95085,0.850250391921781,0.8410976572685879,0.8697027588157992,0.8516392933648204,0.8503940088461809
95086,0.850250391921781,0.8410976572685879,0.8697027588157992,0.8516392933648204,0.8503940088461809
95087,0.8499332201004847,0.8407583515282158,0.8694314613048216,0.8513254490928677,0.850077181482303
95089,0.8499332201004847,0.8407583515282158,0.8694314613048216,0.8513254490928677,0.850077181482303
95090,0.8499332201004847,0.8407583515282158,0.8694314613048216,0.8513254490928677,0.850077181482303
95091,0.8499332201004847,0.8407583515282158,0.8694314613048216,0.8513254490928677,0.850077181482303
95092,0.8474452036054714,0.8407583515282158,0.8694314613048216,0.8513254490928677,0.8471943589631751
95093,0.8499332201004847,0.8407583515282158,0.8694314613048216,0.8513254490928677,0.850077181482303
95094,0.7968351610609961,0.8096328531747582,0.8196046543011293,0.8115334720723466,0.7914196384131544
95095,0.7968351610609961,0.8096328531747582,0.8196046543011293,0.8115334720723466,0.7914196384131544
95096,0.8484953187308016,0.844019356871847,0.8700795139050177,0.852982751566758,0.8487012581073788
95097,0.8484953187308016,0.844019356871847,0.8700795139050177,0.852982751566758,0.8487012581073788
95098,0.8849997327290485,0.8858274400520509,0.9035822744900315,0.8863755327161412,0.8908488507887224
95100,0.8225693143748275,0.8304986468944334,0.8435629478012476,0.8331000761544728,0.8149058163745097
95101,0.7238353059372948,0.7389323811077748,0.7371474263521334,0.7410045653161336,0.7161585503976042
95102,0.8516234176913147,0.8640856826042027,0.8706022223019768,0.865494158194885,0.845204904689654
95103,0.8516234176913147,0.8640856826042027,0.8706022223019768,0.865494158194885,0.845204904689654
95104,0.8144068774711759,0.8271679401379738,0.835209106182809,0.8282946062670328,0.8079637096892752
95105,0.8599585485997109,0.8662635327682051,0.8821292237654228,0.8680480765683959,0.8595888196835996
95106,0.8599585485997109,0.8662635327682051,0.8821292237654228,0.8680480765683959,0.8595888196835996
95107,0.8548043556887512,0.8546209328489079,0.8758977967524496,0.8586653713857826,0.8525849369341317
95108,0.8913708691898153,0.8869307554078647,0.909527690591364,0.8904850197038582,0.8956267909554956
95109,0.8548043556887512,0.8546209328489079,0.8758977967524496,0.8586653713857826,0.8525849369341317
95110,0.8913708691898153,0.8869307554078647,0.909527690591364,0.8904850197038582,0.8956267909554956
95111,0.8914694555136198,0.887033762085313,0.9096085424463934,0.8905844852730079,0.8957211714544477
95112,0.8915064774565035,0.8870724438482719,0.9096389050496648,0.8906218373691117,0.8957566141188287
95113,0.8474452036054714,0.849459199581349,0.8706502013328113,0.8554055190497143,0.8471943589631751
95114,0.8470562339127097,0.8490760480677891,0.8703270392696613,0.8550394258048152,0.8468046631622026
95115,0.8501951333705721,0.8410385432264041,0.8696554914211948,0.8515846144464829,0.8503388102966253
95116,0.8501812985927056,0.8410237431216216,0.869643657423756,0.8515709247948258,0.8503249905417452
95117,0.8500007110589274,0.8408305532246129,0.8694891892848678,0.8513922318636824,0.850144599131262
95118,0.8500007110589274,0.8408305532246129,0.8694891892848678,0.8513922318636824,0.850144599131262
95119,0.8487396781925967,0.8409248545589767,0.869564588452311,0.8514794563842197,0.8489452410774011
95120,0.8500888604407576,0.8409248545589767,0.869564588452311,0.8514794563842197,0.8502326527743008
95121,0.8487396781925967,0.8442719329797927,0.8702851417013592,0.8532189380179753,0.8489452410774011
95122,0.8144068774711759,0.8271679401379738,0.835209106182809,0.8282946062670328,0.8079637096892752
95123,0.8293733333209238,0.8429237793284546,0.8436428184352482,0.8451486256563704,0.8216995233252499
95125,0.8548043556887512,0.8546209328489079,0.8758977967524496,0.8586653713857826,0.8525849369341317
95126,0.8600039034120232,0.8663066079005217,0.8821666710629681,0.868090510982096,0.8596343089556412
95127,0.8600039034120232,0.8663066079005217,0.8821666710629681,0.868090510982096,0.8596343089556412
95128,0.8565582246418081,0.8587383678692392,0.8793210298562072,0.8649373996271283,0.8569770372892878
95129,0.8501536048390591,0.8409941169668071,0.8696199688252058,0.8515435215555348,0.8502973268611962
95130,0.8501536048390591,0.8409941169668071,0.8696199688252058,0.8515435215555348,0.8502973268611962
95131,0.8487910541596773,0.8443250361144979,0.8703283757833141,0.8532685959632634,0.8489965379039573
95132,0.8487910541596773,0.8410237431216216,0.869643657423756,0.8515709247948258,0.8489965379039573
95133,0.7451615296486293,0.76614380457988,0.7450137219400941,0.7573619348205562,0.7326484994607475
95134,0.7988227483786359,0.8094226731593556,0.8234907069268443,0.8137876759591922,0.7942405603247203
95135,0.7985651189713378,0.8112351050702334,0.8211094336069038,0.8131170102894941,0.7932045457008602
95136,0.7985651189713378,0.8094886092601193,0.8211094336069038,0.8131170102894941,0.7932045457008602
95137,0.8915064774565035,0.8870724438482719,0.9096389050496648,0.8906218373691117,0.8957566141188287
95138,0.8914081090352054,0.8869696650578305,0.9095582312397228,0.8905225916868518,0.8956624420412022
95139,0.7985885031649868,0.8112567651369736,0.8211297774589406,0.8131384176746346,0.7932286716293644
95140,0.7850982159260658,0.8000837255966055,0.797049106986682,0.8004404064122577,0.7774768591877627
95141,0.8256823313326563,0.8440735464843802,0.8263553957921806,0.8381054511702432,0.8164128289007548
95142,0.8256823313326563,0.8440735464843802,0.8263553957921806,0.8381054511702432,0.8164128289007548
95143,0.7605201750500981,0.7805025779901902,0.7600683150265015,0.7725561061932683,0.7490476203400827
95144,0.8488399925321076,0.8443756195901773,0.8703695590085053,0.8533158979351613,0.8490454008959267
95145,0.8473799864963718,0.8443756195901773,0.8703695590085053,0.8533158979351613,0.8471290201372076
95146,0.8470562339127097,0.8443756195901773,0.8703270392696613,0.8533158979351613,0.8468046631622026
95147,0.8470562339127097,0.8490760480677891,0.8703270392696613,0.8550394258048152,0.8468046631622026
95148,0.8156783874873561,0.8309412108661723,0.8250874479740615,0.8317451103498258,0.8104169460140956
95150,0.7988930322584009,0.8094886092601193,0.8235510015028796,0.8138518461349495,0.7943127502644197
95151,0.7234086358971575,0.7385350657588449,0.7367466871907967,0.7406112092871209,0.7157166002739885
95152,0.8502089600881478,0.8410533346888943,0.8696673185555268,0.8515982961250954,0.8503526220002489
95154,0.8470562339127097,0.8410237431216216,0.869643657423756,0.8515709247948258,0.8468046631622026
95155,0.8478109476071679,0.852874644178369,0.8714031517500344,0.8573537024323867,0.8468860760776245
95156,0.8478109476071679,0.852874644178369,0.8714031517500344,0.8573537024323867,0.8468860760776245
95157,0.8478109476071679,0.852874644178369,0.8714031517500344,0.8573537024323867,0.8468860760776245
95158,0.8500102429418841,0.8492382214951736,0.8736782167357379,0.8549973495937656,0.8504965006122769
95159,0.8474195609598508,0.8492382214951736,0.8710792156760677,0.8549973495937656,0.8464919878760171
95160,0.8852822644452538,0.9004648834698624,0.9002800175812256,0.9012476526371328,0.8793961297915385
95161,0.8852822644452538,0.9004648834698624,0.9002800175812256,0.9012476526371328,0.8793961297915385
95162,0.7862584486455159,0.8011482282862186,0.7981327810790608,0.8015026627828864,0.778686817184514
95163,0.8295956291717648,0.8431259671645718,0.8438439527113131,0.8453475579010212,0.8219334245697819
95164,0.8554179432541041,0.8728061822724239,0.8587454357334345,0.8679817076983531,0.8489413225718232
95165,0.8565582246418081,0.8587383678692392,0.8793210298562072,0.8649373996271283,0.8569770372892878
95166,0.8565582246418081,0.8587383678692392,0.8793210298562072,0.8649373996271283,0.8569770372892878
95167,0.679249479818793,0.6936439865885885,0.6928654599202066,0.6964636428937712,0.67103534700748
95168,0.723994332635849,0.7390804721091132,0.737296792898372,0.7411511812526863,0.7163232690990853
95169,0.8291992224398761,0.8427654218147904,0.8434852862947965,0.8449928186092475,0.8215163199258293
95170,0.7233599104908839,0.7384896939465737,0.7367009242412025,0.7405662897847204,0.7156661291150319
95171,0.8293733333209238,0.8429237793284546,0.8436428184352482,0.8451486256563704,0.8216995233252499
95173,0.7242438472769248,0.7393128342740058,0.7375311557902091,0.7413812297207721,0.7165817111374868
95174,0.7238353059372948,0.7389323811077748,0.7371474263521334,0.7410045653161336,0.7161585503976042
95177,0.7850982159260658,0.8000837255966055,0.797049106986682,0.8004404064122577,0.7774768591877627
95178,0.7233599104908839,0.7384896939465737,0.7367009242412025,0.7405662897847204,0.7156661291150319
95180,0.8156783874873561,0.8309412108661723,0.8250874479740615,0.8317451103498258,0.8104169460140956
95181,0.679249479818793,0.6936439865885885,0.6928654599202066,0.6964636428937712,0.67103534700748
95182,0.7238353059372948,0.7389323811077748,0.7371474263521334,0.7410045653161336,0.7161585503976042
95183,0.8156783874873561,0.8309412108661723,0.8250874479740615,0.8317451103498258,0.8104169460140956
95184,0.7054124918681265,0.7202397565563354,0.7161616061983993,0.7217268630688304,0.6980202151907281
95185,0.7348948105245323,0.7490500710556248,0.7458864799929634,0.7507492415493269,0.7282822311802695
95186,0.723994332635849,0.7390804721091132,0.737296792898372,0.7411511812526863,0.7163232690990853
95187,0.7237096385056476,0.7388153573964281,0.7370293944521381,0.7408887074874893,0.7160283837824236
95188,0.800478438374267,0.8174731603581505,0.8070811958608709,0.8156293426359491,0.7940513061435218
95189,0.7688039781160025,0.7865978120812638,0.7760120748846814,0.7844149074615143,0.7620430708670834
95190,0.800478438374267,0.8174731603581505,0.8070811958608709,0.8156293426359491,0.7940513061435218
95191,0.8554179432541041,0.8728061822724239,0.8587454357334345,0.8679817076983531,0.8489413225718232
95192,0.8161255957042042,0.8330094190015479,0.8234457063886487,0.8320329926209955,0.8097753695581424
95193,0.8171628987359139,0.832284427381965,0.8264844017434587,0.8330809905205417,0.8119510667927187
95194,0.8171628987359139,0.832284427381965,0.8264844017434587,0.8330809905205417,0.8119510667927187
95195,0.7054124918681265,0.7202397565563354,0.7161616061983993,0.7217268630688304,0.6980202151907281
95196,0.7059531757184307,0.7207455497883629,0.716676888527596,0.7222292159497778,0.69857870549345
95198,0.6515903625328688,0.6674963905383288,0.6635347624610041,0.6691132706230492,0.6436060825898292
95199,0.6520898600872691,0.6679648507745971,0.6640108477388041,0.66957863839974,0.6441215959764228
95202,0.6515903625328688,0.6674963905383288,0.6635347624610041,0.6691132706230492,0.6436060825898292
95203,0.7688039781160025,0.7865978120812638,0.7760120748846814,0.7844149074615143,0.7620430708670834
95204,0.7141588295241631,0.7288199599484678,0.7288607609444332,0.7312983868491061,0.7066365243378
95205,0.6705964757718235,0.6863762913084535,0.6833350916899953,0.6894796374266308,0.6634636944674174
95206,0.7075624369439988,0.722251156135579,0.7182106888504645,0.7237245997430604,0.7002408541115712
95207,0.7004187715837515,0.7151532572313728,0.7122110003837598,0.7172016525803602,0.6928671912846838
95208,0.679249479818793,0.6936439865885885,0.6928654599202066,0.6964636428937712,0.67103534700748
95209,0.7004187715837515,0.7151532572313728,0.7122110003837598,0.7172016525803602,0.6928671912846838
95210,0.6979776791812217,0.7111337736918932,0.7126485644812681,0.7147394931631003,0.6905217307408146
95211,0.6794395178364836,0.6938227579091792,0.693044831591128,0.6966402483073292,0.6712319766898647
95212,0.715925219837141,0.7304713456431983,0.7305118313702553,0.7329306689533897,0.7084632871053361
95213,0.6979776791812217,0.7111337736918932,0.7135332472494177,0.7147394931631003,0.6905217307408146
95214,0.6794395178364836,0.6938227579091792,0.693044831591128,0.6966402483073292,0.6712319766898647
95215,0.6793417001575506,0.6937307390101191,0.6929525036998447,0.6965493441732515,0.6711307664290667
95216,0.679249479818793,0.6936439865885885,0.6928654599202066,0.6964636428937712,0.67103534700748
95217,0.6793417001575506,0.6937307390101191,0.6929525036998447,0.6965493441732515,0.6711307664290667
95219,0.679249479818793,0.6936439865885885,0.6928654599202066,0.6964636428937712,0.67103534700748
95222,0.7157340574507071,0.7321872619701821,0.7273134422764866,0.7330594652496071,0.7087143209451724
95223,0.6705964757718235,0.6863762913084535,0.6833350916899953,0.6894796374266308,0.6634636944674174
95224,0.7049239009469574,0.7184256362449792,0.7174108579952518,0.7212674913150132,0.697717934550297
95225,0.6971443284293162,0.7103475054727831,0.7127554251428214,0.7139659009312709,0.6896610991145021
95226,0.6705964757718235,0.6863762913084535,0.6833350916899953,0.6894796374266308,0.6634636944674174
95227,0.7413493242424865,0.7612763425584081,0.7464453230710533,0.757468233591857,0.7337027949456941
95228,0.7413493242424865,0.7612763425584081,0.7464453230710533,0.757468233591857,0.7337027949456941
95229,0.724872954860081,0.7442091714876904,0.7335350738216273,0.7418216093076915,0.717924976237079
95230,0.7413493242424865,0.7612763425584081,0.7464453230710533,0.757468233591857,0.7337027949456941
95231,0.6971443284293162,0.7103475054727831,0.7127554251428214,0.7139659009312709,0.6896610991145021
95232,0.6359822400064337,0.6533451680160922,0.6493424281924659,0.6559815770878016,0.6287237505116562
95233,0.6359822400064337,0.6533451680160922,0.6493424281924659,0.6559815770878016,0.6287237505116562
95234,0.6359822400064337,0.6533451680160922,0.6493424281924659,0.6559815770878016,0.6287237505116562
95235,0.6705890528278654,0.6875637266043021,0.6814366633865456,0.6884751207875149,0.6635498044359972
95236,0.6488325702064599,0.6650794082110503,0.6618491234079614,0.6682431282908129,0.6398070861362818
95237,0.6334767515439528,0.6497637624071193,0.6466987591855976,0.6536045669003006,0.6261799214591557
95238,0.6528995126344074,0.668029126442273,0.6665737830091153,0.6716020660695046,0.644523282491372
95239,0.6528995126344074,0.668029126442273,0.6665737830091153,0.6716020660695046,0.644523282491372
95240,0.7018617192487305,0.715475046232988,0.71424226593737,0.719380587527228,0.6945705138072236
95241,0.7018617192487305,0.715475046232988,0.71424226593737,0.719380587527228,0.6945705138072236
95242,0.6705786461659022,0.6863595997743263,0.6833181839036904,0.6894631650824057,0.6634453370666205
95243,0.7018617192487305,0.715475046232988,0.71424226593737,0.719380587527228,0.6945705138072236
95244,0.6407187546369522,0.6557296552456632,0.6561339164930755,0.6576801745397369,0.6346014666806841
95245,0.6528417612889696,0.6679748014428377,0.6665191335524563,0.671548533115029,0.6443735443300579
95246,0.6528417612889696,0.6679748014428377,0.6665191335524563,0.671548533115029,0.6444635818970594
95247,0.6334629031241175,0.6497507703166576,0.6466856084588952,0.6535917720005233,0.6261656783958137
95248,0.6329903141539083,0.6493074188458836,0.6462368408884214,0.6531551528236548,0.6256796143232813
95249,0.6329903141539083,0.6493074188458836,0.6462368408884214,0.6531551528236548,0.6256796143232813
95250,0.6329903141539083,0.6493074188458836,0.6462368408884214,0.6531551528236548,0.6256796143232813
95251,0.647892731442966,0.6630221530801282,0.6620903172337803,0.6674495782292854,0.6390131266608804
95252,0.6478273013099286,0.6629605725945894,0.6620285035079803,0.6673890991920276,0.6389453728346942
95253,0.647892731442966,0.6630221530801282,0.6620903172337803,0.6674495782292854,0.6390131266608804
95254,0.6478273013099286,0.6629605725945894,0.6620285035079803,0.6673890991920276,0.6389453728346942
95256,0.6721107339821237,0.6860084560478638,0.6898517785471664,0.6914379642549725,0.6685243251831741
95257,0.6721107339821237,0.6860084560478638,0.6898517785471664,0.6914379642549725,0.6685243251831741
95258,0.6721107339821237,0.6860084560478638,0.6898517785471664,0.6914379642549725,0.6685243251831741
95259,0.6940697773210724,0.707429716057226,0.7100930079060721,0.7123256813246682,0.6871643210969868
95260,0.679896277543067,0.6939164582631928,0.696449182448609,0.6979763564083129,0.672081283152528
95261,0.65398251371134,0.671219870728604,0.6667867278302213,0.673372121040481,0.6481509370838853
95262,0.704008112225387,0.7214196370515509,0.7133709697681789,0.7197792288276166,0.6952997055050462
95263,0.704008112225387,0.7214196370515509,0.7133709697681789,0.7197792288276166,0.6952997055050462
95268,0.7501689563627701,0.7698869861676728,0.7496068567558134,0.7611902439496955,0.7376621391116455
95269,0.7501689563627701,0.7698869861676728,0.7496068567558134,0.7611902439496955,0.7376621391116455
95272,0.7501206735458832,0.769843348976171,0.7495584388542134,0.7611445797946426,0.7376108145864084
95274,0.8629448051440216,0.8580069196455379,0.8830718541044047,0.8629493910806311,0.8640332620943487
95275,0.8629448051440216,0.8580069196455379,0.8830718541044047,0.8629493910806311,0.8640332620943487
95276,0.8629448051440216,0.8580069196455379,0.8830718541044047,0.8629493910806311,0.8640332620943487
95278,0.7234086358971575,0.7385350657588449,0.7367466871907967,0.7406112092871209,0.7157166002739885
95279,0.7237096385056476,0.7388153573964281,0.7370293944521381,0.7408887074874893,0.7160283837824236
95281,0.8914081090352054,0.8869696650578305,0.9095582312397228,0.8905225916868518,0.8956624420412022
95283,0.6529443928540768,0.6680713442181727,0.6666162529065185,0.6716436683803353,0.6445696773559412
95287,0.6529443928540768,0.6680713442181727,0.6666162529065185,0.6716436683803353,0.6445696773559412
95300,0.6705890528278654,0.6875637266043021,0.6814366633865456,0.6884751207875149,0.6635498044359972
95301,0.6705890528278654,0.6875637266043021,0.6814366633865456,0.6884751207875149,0.6635498044359972
95303,0.65398251371134,0.671219870728604,0.6667867278302213,0.673372121040481,0.6481509370838853
95304,0.6705890528278654,0.6875637266043021,0.6814366633865456,0.6884751207875149,0.6635498044359972
95305,0.6705890528278654,0.6875637266043021,0.6814366633865456,0.6884751207875149,0.6635498044359972
95306,0.6705890528278654,0.6875637266043021,0.6814366633865456,0.6884751207875149,0.6635498044359972
95312,0.6334767515439528,0.6497637624071193,0.6466987591855976,0.6536045669003006,0.6261799214591557
95313,0.6334767515439528,0.6497637624071193,0.6466987591855976,0.6536045669003006,0.6261799214591557
95314,0.6334629031241175,0.6497507703166576,0.6466856084588952,0.6535917720005233,0.6261656783958137
95315,0.6501332723575008,0.6653946890471518,0.6634213924773027,0.6689232286305206,0.6405251042071514
95317,0.6876173447139038,0.7043363044987152,0.6997314009768028,0.7046791988395272,0.6801797045640743
95320,0.7218721929897326,0.7412632455412096,0.7232368097638424,0.7358527521948526,0.7113299018304046
95322,0.7605201750500981,0.7805025779901902,0.7600683150265015,0.7725561061932683,0.7490476203400827
95323,0.7771452027666731,0.7983154115238934,0.7758586267211359,0.7886515088544528,0.7670983853838451
95332,0.7234086358971575,0.7385350657588449,0.7367466871907967,0.7406112092871209,0.7157166002739885
95334,0.7234086358971575,0.7385350657588449,0.7367466871907967,0.7406112092871209,0.7157166002739885
95335,0.7234086358971575,0.7385350657588449,0.7367466871907967,0.7406112092871209,0.7157166002739885
95336,0.7233599104908839,0.7384896939465737,0.7367009242412025,0.7405662897847204,0.7156661291150319
95337,0.7234086358971575,0.7385350657588449,0.7367466871907967,0.7406112092871209,0.7157166002739885
95338,0.7234086358971575,0.7385350657588449,0.7367466871907967,0.7406112092871209,0.7157166002739885
95342,0.89274437767077,0.8878235102470565,0.9093563022556578,0.8906879823475334,0.8974779751115742
95344,0.89274437767077,0.8878235102470565,0.9093563022556578,0.8906879823475334,0.8974779751115742
95347,0.8927364219244496,0.887815154354666,0.9093496729687106,0.890679859790277,0.8974704011412056
95357,0.7782498460826757,0.7850072881467048,0.8040789472409184,0.7894923851185294,0.770691664247371
95358,0.7924522428409864,0.8099933633737285,0.7977354311465117,0.8050691554746057,0.7813314015734765
95362,0.7607104450708416,0.765929931842519,0.7853553581727479,0.7703291262816239,0.7522667926195433
95363,0.7608390781430062,0.7635999105655684,0.7874722866329399,0.7694488481012076,0.7540617484683828
95365,0.8629826164887977,0.8580462629039295,0.8831035549956315,0.8629872010087936,0.8640707375270149
95372,0.7607907435956986,0.7635522606164693,0.787430406717491,0.7694026364243741,0.7540117175903838
95373,0.7782498460826757,0.7850072881467048,0.8040789472409184,0.7894923851185294,0.770691664247371
95374,0.7782498460826757,0.7850072881467048,0.8040789472409184,0.7894923851185294,0.770691664247371
95376,0.7607907435956986,0.7635522606164693,0.787430406717491,0.7694026364243741,0.7540117175903838
95379,0.6488586382484252,0.6651038289523727,0.6618738667856945,0.6682672353342048,0.639834096641025
95380,0.6528545996102908,0.6679868780422441,0.6665312822827502,0.6715604336331643,0.6444768535646052
95381,0.8501812985927056,0.8410237431216216,0.869643657423756,0.8515709247948258,0.8503249905417452
95382,0.8501812985927056,0.8410237431216216,0.869643657423756,0.8515709247948258,0.8503249905417452
95386,0.8520261069877048,0.8518670643605805,0.8740935674260141,0.8600723518873894,0.8535254395354506
95391,0.731637508323883,0.7505724901780154,0.7267141095474663,0.7411323227461162,0.718694151463792
95396,0.9309452047545835,0.9280544866379229,0.9473208277936253,0.9333295070590659,0.938502287373597
95397,0.6705964757718235,0.6863762913084535,0.6833350916899953,0.6894796374266308,0.6634636944674174
95398,0.6705964757718235,0.6863762913084535,0.6833350916899953,0.6894796374266308,0.6634636944674174
95399,0.7234524467511846,0.7385758614991199,0.7367878345928266,0.7406515983662397,0.7157619806639239
95400,0.7234524467511846,0.7385758614991199,0.7367878345928266,0.7406515983662397,0.7157619806639239
95404,0.6979776791812217,0.7111337736918932,0.7135332472494177,0.7147394931631003,0.6905217307408146
95405,0.6607909002969075,0.67522894352414,0.6753832391283686,0.6797731221197268,0.6528515628772608
95406,0.701903457434135,0.7155143260776169,0.7142817655106971,0.7194191749747659,0.6946135982511811
95408,0.8294403187311565,0.8345180173346752,0.8390187836394704,0.8408824388951943,0.8227307921909371
95410,0.7607104450708416,0.765929931842519,0.7853553581727479,0.7703291262816239,0.7522667926195433
95412,0.6500944461946444,0.6653581754070309,0.6633845843752312,0.6688872382505421,0.6404847793677483
95415,0.7501557935607631,0.7698750898170893,0.7495936571282751,0.7611777950242528,0.737648147109396
95416,0.7501206735458832,0.769843348976171,0.7495584388542134,0.7611445797946426,0.7376108145864084
95423,0.8548043556887512,0.8546209328489079,0.8758977967524496,0.8586653713857826,0.8525849369341317
95424,0.8876029874283766,0.8846981741657404,0.9072889547592555,0.8881200573697705,0.8915812244847509
95426,0.8876029874283766,0.8846981741657404,0.9072889547592555,0.8881200573697705,0.8915812244847509
95437,0.8501812985927056,0.8410237431216216,0.869643657423756,0.8515709247948258,0.8503249905417452
95438,0.8501812985927056,0.8410237431216216,0.869643657423756,0.8515709247948258,0.8503249905417452
95439,0.65398251371134,0.671219870728604,0.6667867278302213,0.673372121040481,0.6481509370838853
95440,0.6705786461659022,0.6863595997743263,0.6833181839036904,0.6894631650824057,0.6634453370666205
95441,0.7238353059372948,0.7389323811077748,0.7371474263521334,0.7410045653161336,0.7161585503976042
95451,0.7915487687613717,0.7942655631547759,0.817132745589888,0.7999517214113072,0.7851644092913294
95454,0.8181503111942175,0.8128523817712494,0.8444318523903038,0.8255241969435558,0.8142832489151173
95455,0.8181503111942175,0.8128523817712494,0.8444318523903038,0.8255241969435558,0.8142832489151173
95456,0.8181503111942175,0.8128523817712494,0.8444318523903038,0.8255241969435558,0.8142832489151173
95458,0.6488586382484252,0.6651038289523727,0.6618738667856945,0.6682672353342048,0.639834096641025
95463,0.679896277543067,0.6939164582631928,0.696449182448609,0.6979763564083129,0.672081283152528
95465,0.65398251371134,0.671219870728604,0.6667867278302213,0.673372121040481,0.6481509370838853
95466,0.6725217042993443,0.6861885052430429,0.6905721459682721,0.692405359454252,0.6693410371797449
95469,0.679896277543067,0.6939164582631928,0.696449182448609,0.6979763564083129,0.672081283152528
95470,0.679896277543067,0.6939164582631928,0.696449182448609,0.6979763564083129,0.672081283152528
95472,0.6725217042993443,0.6861885052430429,0.6905721459682721,0.692405359454252,0.6693410371797449
95473,0.679896277543067,0.6939164582631928,0.696449182448609,0.6979763564083129,0.672081283152528
95475,0.7772854199496925,0.798439834255894,0.7759998242690987,0.788783063732768,0.7672463227145926
95477,0.6536236700962824,0.6684104036055833,0.6667210824925502,0.6719854518687779,0.6443735443300579
95478,0.6536236700962824,0.6684104036055833,0.6667210824925502,0.6719854518687779,0.6443735443300579
95483,0.6705964757718235,0.6863762913084535,0.6833350916899953,0.6894796374266308,0.6634636944674174
95484,0.8294350533584629,0.8345129319741749,0.839013856475204,0.8408775768650861,0.8227252864163147
95487,0.6529443928540768,0.6680713442181727,0.6666162529065185,0.6716436683803353,0.6445696773559412
95488,0.6876173447139038,0.7043363044987152,0.6997314009768028,0.7046791988395272,0.6801797045640743
95490,0.6488586382484252,0.6651038289523727,0.6618738667856945,0.6682672353342048,0.639834096641025
95491,0.6876173447139038,0.7043363044987152,0.6997314009768028,0.7046791988395272,0.6801797045640743
95493,0.961090564512583,0.9585755275574076,0.973498490678892,0.9594813517387404,0.9692108244411676
95494,0.961090564512583,0.9585755275574076,0.973498490678892,0.9594813517387404,0.9692108244411676
95497,0.6488586382484252,0.6651038289523727,0.6618738667856945,0.6682672353342048,0.639834096641025
95499,0.6725217042993443,0.6861885052430429,0.6905721459682721,0.692405359454252,0.6693410371797449
95500,0.6725217042993443,0.6861885052430429,0.6905721459682721,0.692405359454252,0.6693410371797449
95503,0.6529443928540768,0.6680713442181727,0.6666162529065185,0.6716436683803353,0.6445696773559412
95509,0.7238353059372948,0.7389323811077748,0.7371474263521334,0.7410045653161336,0.7161585503976042
95511,0.7237144779693656,0.7388198639566903,0.7370339398413757,0.7408931691455104,0.7160333965297202
95513,0.961090564512583,0.9585755275574076,0.973498490678892,0.9594813517387404,0.9692108244411676
95518,0.6528610177659524,0.6679929154037569,0.6665373557034302,0.6715663829693196,0.644483488354838
95519,0.6334629031241175,0.6497507703166576,0.6466856084588952,0.6535917720005233,0.6261656783958137
95523,0.7666105145451345,0.7733215996483807,0.7909536614060572,0.7778866635419517,0.7582029012732601
95524,0.7666105145451345,0.7733215996483807,0.7909536614060572,0.7778866635419517,0.7582029012732601
95527,0.7666105145451345,0.7733215996483807,0.7909536614060572,0.7778866635419517,0.7582029012732601
95529,0.854392985253664,0.8474585687736258,0.8774047942362171,0.8571276403319996,0.8575329347238266
95530,0.6705964757718235,0.6863762913084535,0.6833350916899953,0.6894796374266308,0.6634636944674174
95534,0.65398251371134,0.671219870728604,0.6667867278302213,0.673372121040481,0.6481509370838853
95535,0.65398251371134,0.671219870728604,0.6667867278302213,0.673372121040481,0.6481509370838853
95536,0.65398251371134,0.671219870728604,0.6667867278302213,0.673372121040481,0.6481509370838853
95538,0.65398251371134,0.671219870728604,0.6667867278302213,0.673372121040481,0.6481509370838853
95539,0.7882497318296412,0.7948215045186195,0.8126919615234384,0.7980727770595425,0.7812640126161606
95542,0.7605201750500981,0.7805025779901902,0.7600683150265015,0.7725561061932683,0.7490476203400827
95549,0.6528610177659524,0.6679929154037569,0.6665373557034302,0.6715663829693196,0.644483488354838
95550,0.6528610177659524,0.6679929154037569,0.6665373557034302,0.6715663829693196,0.644483488354838
95562,0.7782795046278449,0.7850358607694239,0.804104528451656,0.7895202446134632,0.7707225540930093
95567,0.6996958935457682,0.7136031823639475,0.7143633605820232,0.7177262628627947,0.6931388640508053
95569,0.6812634479357583,0.6955824175084028,0.6976129116266996,0.699287006264665,0.6753080857667029
95570,0.6996958935457682,0.7136031823639475,0.7143633605820232,0.7177262628627947,0.6931388640508053
95573,0.6794395178364836,0.6938227579091792,0.693044831591128,0.6966402483073292,0.6712319766898647
95574,0.6794395178364836,0.6938227579091792,0.693044831591128,0.6966402483073292,0.6712319766898647
95579,0.7608390781430062,0.7635999105655684,0.7874722866329399,0.7694488481012076,0.7540617484683828
95586,0.7915487687613717,0.7942655631547759,0.817132745589888,0.7999517214113072,0.7851644092913294
95595,0.6334629031241175,0.6497507703166576,0.6466856084588952,0.6535917720005233,0.6261656783958137
95605,0.7862584486455159,0.8011482282862186,0.7981327810790608,0.8015026627828864,0.778686817184514
95608,0.7233599104908839,0.7384896939465737,0.7367009242412025,0.7405662897847204,0.7156661291150319
95613,0.817722818486367,0.8124103009324003,0.8440746930404802,0.825116775422722,0.813845122007322
95616,0.7237144779693656,0.7388198639566903,0.7370339398413757,0.7408931691455104,0.7160333965297202
95619,0.6705964757718235,0.6863762913084535,0.6833350916899953,0.6894796374266308,0.6634636944674174
95624,0.8916409938062393,0.8872129903483968,0.9097492272893349,0.8907575531753851,0.8958853928676758
95634,0.8231953357901337,0.8412122577397224,0.8224999697402303,0.833910497777303,0.8130345498310668
95635,0.8210932499763401,0.839888824183913,0.8204960221826121,0.8317827688182049,0.8118255719556559
95636,0.7579897377160977,0.7784894647838145,0.7565859796110612,0.7695787896482393,0.7464060921056673
95638,0.8181617792648329,0.8128642410581854,0.8444414341632144,0.8255351267400699,0.8142950021687395
95645,0.9418215671495256,0.9530664921559326,0.9373058325698564,0.9418541744552827,0.9250834583557423
95646,0.9591215201046743,0.9701455369890297,0.9545274099655796,0.9593063341375208,0.943642250051928
95647,0.9082040106765125,0.9212856489778791,0.9034812926278913,0.9102416636217083,0.8919148431710551
95648,0.9082040106765125,0.9212856489778791,0.9034812926278913,0.9102416636217083,0.8919148431710551
95652,0.9083496589857096,0.9214091952961756,0.9036350381822927,0.9103838378137545,0.8920886904435217
95653,0.9083496589857096,0.9214091952961756,0.9036350381822927,0.9103838378137545,0.8920886904435217
95654,0.8984883385643384,0.9111025898881726,0.8939349139519047,0.9004589933443424,0.8811433981065301
95655,0.9045456420686759,0.9161049425070993,0.9001335621674807,0.9054503780220663,0.8867441353673547
95657,0.9522242594740634,0.9637320254260046,0.9477935501807273,0.9554231833895735,0.93752499026479
95658,0.9522242594740634,0.9637320254260046,0.9477935501807273,0.9554231833895735,0.93752499026479
95661,0.9085731445865589,0.9209269498610545,0.9051552786436978,0.9121760630260001,0.8932616647521454
95663,0.9570000157726121,0.9701661647058037,0.9521380724998233,0.9574396739531396,0.9406275252047384
95664,0.9570000157726121,0.9701661647058037,0.9521380724998233,0.9574396739531396,0.9406275252047384
95665,0.9572222436552469,0.9701069525263801,0.9523863863985783,0.9576595528052501,0.9409384063369357
95666,0.8938577830278323,0.9055839639368466,0.8886287091675539,0.895628127476918,0.8768738839152754
95668,0.8965289250885733,0.9079861992463762,0.8924539207243731,0.8982320147873404,0.8801035069334148
95669,0.854173168518013,0.8670288450100814,0.8479932839688045,0.8580017231182422,0.8375196732733583
95670,0.9073693770466192,0.9195572591582012,0.9022466127947273,0.9080102673940164,0.8900873155278675
95671,0.8542248170808213,0.8670754186089893,0.848047412721571,0.8580518484854472,0.8375780672473623
95672,0.8542199025853692,0.8670709869960557,0.8480422622374174,0.8580470789216166,0.8375725109317093
95673,0.8542248170808213,0.8670754186089893,0.848047412721571,0.8580518484854472,0.8375780672473623
95674,0.8542248170808213,0.8670754186089893,0.848047412721571,0.8580518484854472,0.8375780672473623
95675,0.8542199025853692,0.8670709869960557,0.8480422622374174,0.8580470789216166,0.8375725109317093
95676,0.8542199025853692,0.8670709869960557,0.8480422622374174,0.8580470789216166,0.8375725109317093
95677,0.8542199025853692,0.8670709869960557,0.8480422622374174,0.8580470789216166,0.8375725109317093
95678,0.9051347545161873,0.9166955140888212,0.9006990084872162,0.9059631102713809,0.8885515260115295
95679,0.9051347545161873,0.9166955140888212,0.9006990084872162,0.9059631102713809,0.8885515260115295
95680,0.9048047774339586,0.9164085377680337,0.9003523112251112,0.9056362418958647,0.8881583972694459
95681,0.9071708677102095,0.9193866132350129,0.9020362223592862,0.9078132373266842,0.8898483126747876
95682,0.9071708677102095,0.9193866132350129,0.9020362223592862,0.9078132373266842,0.8898483126747876
95683,0.9071708677102095,0.9193866132350129,0.9020362223592862,0.9078132373266842,0.8898483126747876
95684,0.8670644182408386,0.8795674844171896,0.8615399250178736,0.8697755039670858,0.8494834404495536
95685,0.8667832524028716,0.8793154810344256,0.861245673062335,0.8695007146309544,0.8491601911528924
95686,0.8667832524028716,0.8793154810344256,0.861245673062335,0.8695007146309544,0.8491601911528924
95687,0.8667832524028716,0.8793154810344256,0.861245673062335,0.8695007146309544,0.8491601911528924
95688,0.8860052048730149,0.8972132460500938,0.8808572647933182,0.8869606570705381,0.8672198995355556
95689,0.959068218498565,0.9701069525263801,0.9544678980897544,0.959253281404826,0.9435678392525928
95690,0.8541362139017754,0.8669955217302823,0.8479545546615112,0.8579658584134243,0.8374778919745947
95691,0.8541362139017754,0.8669955217302823,0.8479545546615112,0.8579658584134243,0.8374778919745947
95692,0.854173168518013,0.8670288450100814,0.8479932839688045,0.8580017231182422,0.8375196732733583
95693,0.8965289250885733,0.9079861992463762,0.8924539207243731,0.8982320147873404,0.8801035069334148
95694,0.9085731445865589,0.9209269498610545,0.9051552786436978,0.9121760630260001,0.8932616647521454
95696,0.9045456420686759,0.9161049425070993,0.9001335621674807,0.9054503780220663,0.8867441353673547
95697,0.8949624190335458,0.9060303605406534,0.8891252694747952,0.8965785492980182,0.8767483104895073
95698,0.8965289250885733,0.9079861992463762,0.8924539207243731,0.8982320147873404,0.8801035069334148
95699,0.8670644182408386,0.8795674844171896,0.8615399250178736,0.8697755039670858,0.8494834404495536
95700,0.8541830142428891,0.8670377232743333,0.8480036025043929,0.8580112784696317,0.837530804912358
95702,0.9073693770466192,0.9195572591582012,0.9022466127947273,0.9080102673940164,0.8900873155278675
95703,0.9073693770466192,0.9195572591582012,0.9022466127947273,0.9080102673940164,0.8900873155278675
95704,0.8497740267076227,0.85987563622724,0.8437843485862051,0.8545713804655705,0.8307760549038179
95705,0.9071117500670196,0.9193357946308826,0.901973565845129,0.9077545602894079,0.889777133445071
95706,0.8541362139017754,0.8669955217302823,0.8479545546615112,0.8579658584134243,0.8374778919745947
95707,0.9069576554450631,0.9192033344474141,0.9018102456224851,0.907601614286811,0.889591594421748
95709,0.9592158524053702,0.9702138246269744,0.9546327321109565,0.9594002260212879,0.9437739368080165
95710,0.9592158524053702,0.9702138246269744,0.9546327321109565,0.9594002260212879,0.9437739368080165
95711,0.8972583663070001,0.9088574377675729,0.891955632662565,0.8997945453423398,0.8804756351309898
95712,0.8938577830278323,0.9055839639368466,0.8886287091675539,0.895628127476918,0.8768738839152754
95713,0.8938577830278323,0.9055839639368466,0.8886287091675539,0.895628127476918,0.8768738839152754
95714,0.8938577830278323,0.9055839639368466,0.8886287091675539,0.895628127476918,0.8768738839152754
95715,0.8541362139017754,0.8669955217302823,0.8479545546615112,0.8579658584134243,0.8374778919745947
95716,0.8541362139017754,0.8669955217302823,0.8479545546615112,0.8579658584134243,0.8374778919745947
95717,0.8986229515832063,0.9105614377300092,0.894044571786934,0.900262983311828,0.8816348879626028
95718,0.8497740267076227,0.85987563622724,0.8437843485862051,0.8545713804655705,0.8307760549038179
95719,0.8674068827661282,0.8798744414546495,0.8618983217833776,0.8701102049060017,0.8498771387520068
95720,0.8675265837174467,0.8799817348704433,0.8620235897233732,0.8702271930674734,0.8500147409906689
95721,0.8207180019288363,0.8313780048030408,0.8116356285061894,0.8228991473417234,0.800691386330687
95722,0.8545223669341564,0.8659143400278814,0.8492690012657217,0.8548285210108894,0.8344464361144188
95723,0.8674068827661282,0.8798744414546495,0.8618983217833776,0.8701102049060017,0.8498771387520068
95724,0.8674068827661282,0.8798744414546495,0.8618983217833776,0.8701102049060017,0.8498771387520068
95725,0.8672217104285695,0.8797084664470873,0.861704535736574,0.8699292299577182,0.84966426739317
95726,0.8853491950264895,0.8972251595885813,0.8789328741583549,0.8872123987445163,0.8676063166419112
95727,0.8853491950264895,0.8972251595885813,0.8789328741583549,0.8872123987445163,0.8676063166419112
95728,0.8672217104285695,0.8797084664470873,0.861704535736574,0.8699292299577182,0.84966426739317
95729,0.8207551105146597,0.8314125758995886,0.8116749378240897,0.8229357327754494,0.8007333963822719
95730,0.8853491950264895,0.8972251595885813,0.8789328741583549,0.8872123987445163,0.8676063166419112
95731,0.8672217104285695,0.8797084664470873,0.861704535736574,0.8699292299577182,0.84966426739317
95732,0.82512334683118,0.8352035247854501,0.8154565387255682,0.8251873573811602,0.8041535664897926
95733,0.8545223669341564,0.8659143400278814,0.8492690012657217,0.8548285210108894,0.8344464361144188
95734,0.8593711798457037,0.8698205524785841,0.8514848873866295,0.8635239685991799,0.8423174067907967
95735,0.8733650420867652,0.8844469617285801,0.8661985174650936,0.875420975889603,0.8553481379313422
95736,0.8593711798457037,0.8698205524785841,0.8514848873866295,0.8635239685991799,0.8423174067907967
95737,0.8497740267076227,0.85987563622724,0.8437843485862051,0.8545713804655705,0.8307760549038179
95738,0.8733650420867652,0.8844469617285801,0.8661985174650936,0.875420975889603,0.8553481379313422
95739,0.8240565805806955,0.8347299899117583,0.8203634156374111,0.8271358160616961,0.8044600590220462
95740,0.8497740267076227,0.85987563622724,0.8437843485862051,0.8545713804655705,0.8307760549038179
95742,0.8207551105146597,0.8314125758995886,0.8116749378240897,0.8229357327754494,0.8007333963822719
95743,0.8207551105146597,0.8314125758995886,0.8116749378240897,0.8229357327754494,0.8007333963822719
95744,0.8207551105146597,0.8314125758995886,0.8116749378240897,0.8229357327754494,0.8007333963822719
95745,0.8310463925707393,0.8398842989284818,0.8245740010231726,0.8363413655339941,0.814345560028541
95746,0.8075561533614735,0.8182271859736658,0.8019117654745962,0.8113938605336802,0.7902812445552109
95747,0.8310463925707393,0.8398842989284818,0.8245740010231726,0.8363413655339941,0.814345560028541
95748,0.8075561533614735,0.8182271859736658,0.8019117654745962,0.8113938605336802,0.7902812445552109
95750,0.8199941250138547,0.8324130153155933,0.8175854220094262,0.8219004302486788,0.8010827255223746
95751,0.8497740267076227,0.85987563622724,0.8437843485862051,0.8545713804655705,0.8307760549038179
95752,0.8092993796014133,0.8205550191846801,0.8040491002697027,0.8115759811595487,0.7900771968400478
95753,0.851101454033252,0.8631713101344156,0.8505138218289044,0.8552501116698298,0.8296671451489395
95754,0.8430095651012274,0.8573360027971865,0.8421577688142309,0.8503676122455582,0.8247712475676332
95755,0.8195620843769279,0.829616688974272,0.8098563706779689,0.8203753962696401,0.7987971019640611
95756,0.8854690694879951,0.8960995266250773,0.8821766540803021,0.8855570310017212,0.8655272659995616
95757,0.8539859750658929,0.8648724642409585,0.8521126687063468,0.8564017464262307,0.8316346347500896
95758,0.8430095651012274,0.8573360027971865,0.8421577688142309,0.8503676122455582,0.8247712475676332
95759,0.8743492523593364,0.8877745705043231,0.8724050722403739,0.8793275145529115,0.8573064835326594
95760,0.8743492523593364,0.8877745705043231,0.8724050722403739,0.8793275145529115,0.8573064835326594
95761,0.9631268482306268,0.9785603512192668,0.9583541027417529,0.9682156092336112,0.9520141167885123
95762,0.8677179024409138,0.8830648355807087,0.8596137729825467,0.8725228652945896,0.8561765751474487
95763,0.9331173170464054,0.9471071310200221,0.9295558317031132,0.9391789150805211,0.9195102409671361
95764,0.7603972033697313,0.7806336853025594,0.7579340383704507,0.7705838266175734,0.7484105727161402
95765,0.7477012248773592,0.7690013233064364,0.7466952117392358,0.7585877232581638,0.7361699023315457
95766,0.7603972033697313,0.7806336853025594,0.7579340383704507,0.7705838266175734,0.7484105727161402
95767,0.8677179024409138,0.8830648355807087,0.8596137729825467,0.8725228652945896,0.8561765751474487
95768,0.8677179024409138,0.8830648355807087,0.8596137729825467,0.8725228652945896,0.8561765751474487
95769,0.8331282504545869,0.8524631843899566,0.8279773384584388,0.8405991749090417,0.8230758209582398
95770,0.893173744516826,0.9092356129447775,0.8921773344530767,0.8991499216003738,0.8755414936947032
95771,0.893173744516826,0.9092356129447775,0.8921773344530767,0.8991499216003738,0.8755414936947032
95772,0.893173744516826,0.9092356129447775,0.8921773344530767,0.8991499216003738,0.8755414936947032
95773,0.8617029186218712,0.8802038026253789,0.862397791467082,0.8698515509778431,0.8440888746945563
95775,0.7046457388603871,0.725199170815867,0.7001514928293325,0.7138479811802336,0.6918567380373871
95776,0.9118540635080022,0.9253109095243213,0.9072217453149047,0.9161124138669772,0.89637388556582
95778,0.8617029186218712,0.8802038026253789,0.862397791467082,0.8698515509778431,0.8440888746945563
95779,0.829786538858033,0.8445957732594451,0.841290038601106,0.8398556669862413,0.8062087084837025
95781,0.9146453764400563,0.9303252300907682,0.9151679908792255,0.9227507687029785,0.897101169068193
95782,0.8617029186218712,0.8802038026253789,0.862397791467082,0.8698515509778431,0.8440888746945563
95783,0.9146453764400563,0.9303252300907682,0.9151679908792255,0.9227507687029785,0.897101169068193
95784,0.9291267419851826,0.9442685450599374,0.9292777797025874,0.9376776584335941,0.914045427729146
95785,0.9114664516663943,0.9272878714124301,0.9093516873688614,0.9185885477693737,0.8924030145595487
95786,0.9340782835655983,0.9506148843360501,0.9301101678398582,0.9422990024801169,0.9256281130236076
95787,0.8331282504545869,0.8524631843899566,0.8279773384584388,0.8405991749090417,0.8230758209582398
95788,0.7911445802576897,0.8108876279570312,0.7875566213880812,0.8006242259076262,0.780209179078859
95789,0.8127594970991346,0.8318715725591109,0.8115354367725144,0.8231783865342583,0.8029108232298956
95790,0.8127594970991346,0.8318715725591109,0.8115354367725144,0.8231783865342583,0.8029108232298956
95791,0.7206184149529069,0.7410003250071167,0.7173142888364616,0.7310340967734239,0.7087965489966487
95792,0.8129154242766273,0.8320092001423915,0.8116925576627024,0.8233242597196122,0.8030764310523384
95793,0.8127594970991346,0.8318715725591109,0.8115354367725144,0.8231783865342583,0.8029108232298956
95794,0.7043444870775801,0.7249246694377326,0.6998442358528499,0.7135588483907178,0.6915382444757882
95795,0.7040581219965796,0.7246637453423325,0.699552159103308,0.7132840094631876,0.691235479935429
95796,0.7206184149529069,0.7410003250071167,0.7173142888364616,0.7310340967734239,0.7087965489966487
95797,0.7210419687854933,0.7413851233763387,0.7177442788935651,0.7314376452110828,0.7092433364088806
95798,0.6879546647343533,0.7089678083268445,0.6838797138868584,0.6983637215330897,0.6747942657721917
95799,0.7210978379445547,0.7414358824345022,0.7178009966526769,0.7314908766205107,0.7093022687903718
95800,0.7210978379445547,0.7414358824345022,0.7178009966526769,0.7314908766205107,0.7093022687903718
95801,0.7048746591622422,0.7254077725616184,0.7003849741336541,0.714067696643751,0.692098753324401
95802,0.6959962865737249,0.7166475762125957,0.694218831170607,0.7073876781741174,0.683260739660603
95803,0.7443161991835162,0.7647940189420922,0.7418808605404285,0.7549357986462618,0.7330357390378852
95804,0.7444569825818013,0.7649209909133206,0.7420233239768119,0.7550693502441042,0.7331843738909309
95805,0.7444116160531626,0.7648800747060996,0.741977416111772,0.7550263139373541,0.7331364775034273
95806,0.7911445802576897,0.8108876279570312,0.7875566213880812,0.8006242259076262,0.780209179078859
95807,0.7443161991835162,0.7647940189420922,0.7418808605404285,0.7549357986462618,0.7330357390378852
95808,0.7443161991835162,0.7647940189420922,0.7418808605404285,0.7549357986462618,0.7330357390378852
95809,0.7443161991835162,0.7647940189420922,0.7418808605404285,0.7549357986462618,0.7330357390378852
95811,0.8118332545297695,0.8309718975216969,0.8088608585067782,0.821324085520607,0.8017637671430667
95812,0.8118332545297695,0.8309718975216969,0.8088608585067782,0.821324085520607,0.8017637671430667
95813,0.8118332545297695,0.8309718975216969,0.8088608585067782,0.821324085520607,0.8017637671430667
95814,0.8118332545297695,0.8309718975216969,0.8088608585067782,0.821324085520607,0.8017637671430667
95815,0.7046457388603871,0.725199170815867,0.7001514928293325,0.7138479811802336,0.6918567380373871
95816,0.6956596932425207,0.7163404351467775,0.6938796416805801,0.7070674901846594,0.6829053212007277
95817,0.8129154242766273,0.8320092001423915,0.8116925576627024,0.8233242597196122,0.8030764310523384
95818,0.8184396709640366,0.8376488698636017,0.8163192180343007,0.8288082967035568,0.8083675489368001
95820,0.8210932499763401,0.839888824183913,0.8204960221826121,0.8317827688182049,0.8118255719556559
95821,0.7579897377160977,0.7784894647838145,0.7565859796110612,0.7695787896482393,0.7464060921056673
95822,0.7431232575272495,0.7615865619415766,0.7436929297644509,0.7552003640866217,0.732256138648282
95823,0.7201085783041113,0.7405371737134739,0.7167966981657253,0.7305483599864352,0.7082587205741083
95824,0.7201085783041113,0.7405371737134739,0.7167966981657253,0.7305483599864352,0.7082587205741083
95825,0.7201085783041113,0.7405371737134739,0.7167966981657253,0.7305483599864352,0.7082587205741083
95826,0.7201085783041113,0.7405371737134739,0.7167966981657253,0.7305483599864352,0.7082587205741083
95828,0.8127594970991346,0.8318715725591109,0.8115354367725144,0.8231783865342583,0.8029108232298956
95829,0.6884241217139568,0.7093962355346405,0.6843573450614796,0.6988126234730929,0.6752903878634229
95830,0.7047330613842601,0.725278741833028,0.7002405554018296,0.7139317920406824,0.6919490564050355
95831,0.7046457388603871,0.725199170815867,0.7001514928293325,0.7138479811802336,0.6918567380373871
95832,0.72134090919414,0.7416567263756033,0.718047758911137,0.7317224746669488,0.7095586634280305
95833,0.7206184149529069,0.7410003250071167,0.7173142888364616,0.7310340967734239,0.7087965489966487
95834,0.7208484905746421,0.7412093452863389,0.7175478612559993,0.731253303620562,0.7090392475224556
95835,0.720628662614754,0.7410096346900301,0.7173246922786382,0.7310438602450758,0.7088073590072297
95836,0.7208484905746421,0.7412093452863389,0.7175478612559993,0.731253303620562,0.7090392475224556
95837,0.7208484905746421,0.7412093452863389,0.7175478612559993,0.731253303620562,0.7090392475224556
95838,0.7046457388603871,0.725199170815867,0.7001514928293325,0.7138479811802336,0.6918567380373871
95839,0.7046621226075231,0.7252141001129987,0.70016820307254,0.713863706015585,0.6918740591885362
95840,0.720628662614754,0.7410096346900301,0.7173246922786382,0.7310438602450758,0.7088073590072297
95841,0.720628662614754,0.7410096346900301,0.7173246922786382,0.7310438602450758,0.7088073590072297
95842,0.7441932269119715,0.764683113155714,0.7417564204434147,0.7548191445859112,0.7329059069768838
95843,0.7440516285276673,0.7645554116945403,0.7416131315193137,0.7546848229524787,0.7327564078638354
95844,0.7446379974970808,0.765084251837627,0.7422064984290879,0.7552410691362115,0.7333754809890516
95845,0.6956596932425207,0.7163404351467775,0.6938796416805801,0.7070674901846594,0.6829053212007277
95846,0.8190647516319517,0.8381983301114381,0.8169528068548287,0.8293922377998181,0.8090333357821253
95847,0.7048855358665892,0.7254176840623138,0.7003960674952501,0.7140781360914062,0.6921102520615007
95848,0.7048855358665892,0.7254176840623138,0.7003960674952501,0.7140781360914062,0.6921102520615007
95849,0.6956596932425207,0.7163404351467775,0.6938796416805801,0.7070674901846594,0.6829053212007277
95850,0.7040581219965796,0.7246637453423325,0.699552159103308,0.7132840094631876,0.691235479935429
95851,0.7050050343240847,0.7255265793260097,0.700517945990241,0.7141928311235235,0.6922365836742217
95852,0.6955131963679217,0.7162067621844255,0.6937320143414389,0.706928136574029,0.682750626926205
95853,0.7048746591622422,0.7254077725616184,0.7003849741336541,0.714067696643751,0.692098753324401
95854,0.7579897377160977,0.7784894647838145,0.7565859796110612,0.7695787896482393,0.7464060921056673
95855,0.6876629312739054,0.7087015887508481,0.6835828969021615,0.6980847704960558,0.674485948674213
95856,0.6876629312739054,0.7087015887508481,0.6835828969021615,0.6980847704960558,0.674485948674213
95857,0.6876629312739054,0.7087015887508481,0.6835828969021615,0.6980847704960558,0.674485948674213
95858,0.6955131963679217,0.7162067621844255,0.6937320143414389,0.706928136574029,0.682750626926205
95859,0.6955131963679217,0.7162067621844255,0.6937320143414389,0.706928136574029,0.682750626926205
95860,0.6955131963679217,0.7162067621844255,0.6937320143414389,0.706928136574029,0.682750626926205
95861,0.7211688548981245,0.7415004044471453,0.7178730921611547,0.7315585410135248,0.7093771790203479
95862,0.7580540443492582,0.7785471884226628,0.7566507466656439,0.7696393428256192,0.7464742363860172
95863,0.7581823719652727,0.7786623811356245,0.7567799929310769,0.7697601813165819,0.7466102209346126
95864,0.7581823719652727,0.7786623811356245,0.7567799929310769,0.7697601813165819,0.7466102209346126
95865,0.7440516285276673,0.7645554116945403,0.7416131315193137,0.7546848229524787,0.7327564078638354
95866,0.7213004787185213,0.7416199924075983,0.7180067146178225,0.7316839522211112,0.7095160172828046
95867,0.7213004787185213,0.7416199924075983,0.7180067146178225,0.7316839522211112,0.7095160172828046
95869,0.7579897377160977,0.7784894647838145,0.7565859796110612,0.7695787896482393,0.7464060921056673
95870,0.7577849700544852,0.7779000700491576,0.7552238209263501,0.7695787896482393,0.7464060921056673
95873,0.7580540443492582,0.7785471884226628,0.7566507466656439,0.7696393428256192,0.7464742363860172
95875,0.7213863546243658,0.7416980170730912,0.7180938942418973,0.7317657755538197,0.7096065991509022
95876,0.6957889638095901,0.716458392404957,0.6940099095169028,0.7071904590138745,0.6830418232026727
95877,0.6879546647343533,0.7089678083268445,0.6838797138868584,0.6983637215330897,0.6747942657721917
95878,0.6945055280395336,0.7152873892212648,0.6927165614998313,0.7059696537384877,0.6816865064396967
95879,0.6884241217139568,0.7093962355346405,0.6843573450614796,0.6988126234730929,0.6752903878634229
95880,0.7583784030568199,0.7788383523124905,0.7569774269548296,0.7699447750107165,0.7468179452462126
95881,0.7218721929897326,0.7412632455412096,0.7232368097638424,0.7358527521948526,0.7113299018304046
95882,0.7441932269119715,0.764683113155714,0.7417564204434147,0.7548191445859112,0.7329059069768838
95883,0.7443480269747043,0.7648227240399971,0.7419130681843874,0.7549659913557044,0.7330693420340898
95884,0.7441932269119715,0.764683113155714,0.7417564204434147,0.7548191445859112,0.7329059069768838
95885,0.7444116160531626,0.7648800747060996,0.741977416111772,0.7550263139373541,0.7331364775034273
95889,0.7441932269119715,0.764683113155714,0.7417564204434147,0.7548191445859112,0.7329059069768838
95890,0.7441932269119715,0.764683113155714,0.7417564204434147,0.7548191445859112,0.7329059069768838
95892,0.6884241217139568,0.7093962355346405,0.6843573450614796,0.6988126234730929,0.6752903878634229
95893,0.7212397720050265,0.7415648364825096,0.717945086165956,0.7316261106772737,0.709451983397288
95894,0.7212397720050265,0.7415648364825096,0.717945086165956,0.7316261106772737,0.709451983397288
95895,0.72134090919414,0.7416567263756033,0.718047758911137,0.7317224746669488,0.7095586634280305
95896,0.72134090919414,0.7416567263756033,0.718047758911137,0.7317224746669488,0.7095586634280305
95897,0.6957327964086013,0.7164071402723295,0.6939533088381427,0.7071370295058876,0.6829825140159063
95898,0.6956596932425207,0.7163404351467775,0.6938796416805801,0.7070674901846594,0.6829053212007277
95900,0.7581353626886772,0.778620183182773,0.7567326471555661,0.7697159153018521,0.7465604069556188
95901,0.6879779391120526,0.7089890477740202,0.6839033936987116,0.6983859764301205,0.6748188627495278
95902,0.738593971651848,0.7586683137036069,0.736481410112413,0.7499255974344653,0.726031400198976
95903,0.738593971651848,0.7586683137036069,0.736481410112413,0.7499255974344653,0.726031400198976
95904,0.7377119004675318,0.7578697876619475,0.735590349916894,0.7490910959762888,0.725095301778825
95905,0.7377119004675318,0.7578697876619475,0.735590349916894,0.7490910959762888,0.725095301778825
95906,0.7377119004675318,0.7578697876619475,0.735590349916894,0.7490910959762888,0.725095301778825
95907,0.7377119004675318,0.7578697876619475,0.735590349916894,0.7490910959762888,0.725095301778825
95908,0.7380723724321647,0.7581961039276305,0.7359544970644353,0.7494321196143009,0.7254778635736563
95909,0.737991977160005,0.7581233246854212,0.73587328232626,0.7493560608739415,0.7253925429458539
95910,0.6879546647343533,0.7089678083268445,0.6838797138868584,0.6983637215330897,0.6747942657721917
95911,0.7212853089048421,0.7416062096127253,0.7179913144834256,0.7316694983481493,0.7095000160888895
95912,0.6878964371658018,0.7089146720842595,0.6838204719254284,0.6983080446809451,0.6747327290568991
95913,0.7370024038182251,0.756384750611512,0.7367603597122127,0.7478904090328402,0.72521125237685
95914,0.7370024038182251,0.756384750611512,0.7367603597122127,0.7478904090328402,0.72521125237685
95915,0.6881985719418331,0.7091903942702262,0.6841278689661261,0.6985969471158364,0.6750520301543285
95916,0.6881985719418331,0.7091903942702262,0.6841278689661261,0.6985969471158364,0.6750520301543285
95917,0.695811414761445,0.7164788787821451,0.6940325336432138,0.7072118156661875,0.6830655298720724
95918,0.6883605961233819,0.7093382600209397,0.684292713809146,0.6987518782931738,0.6752232555570896
95919,0.6883605961233819,0.7093382600209397,0.684292713809146,0.6987518782931738,0.6752232555570896
95920,0.6879022625995731,0.708919988128187,0.6838263988504242,0.6983136149134925,0.6747388855756375
95921,0.6879022625995731,0.708919988128187,0.6838263988504242,0.6983136149134925,0.6747388855756375
95922,0.6879022625995731,0.708919988128187,0.6838263988504242,0.6983136149134925,0.6747388855756375
95923,0.6879022625995731,0.708919988128187,0.6838263988504242,0.6983136149134925,0.6747388855756375
95927,0.6959962865737249,0.7166475762125957,0.694218831170607,0.7073876781741174,0.683260739660603
95928,0.6884241217139568,0.7093962355346405,0.6843573450614796,0.6988126234730929,0.6752903878634229
95929,0.7370724570438342,0.7564484256941474,0.7368304941590496,0.74795684913053,0.7252853090098215
95930,0.6956653199985323,0.7163455694167933,0.6938853118498894,0.7070728426146357,0.6829112627591298
95931,0.7370724570438342,0.7564484256941474,0.7368304941590496,0.74795684913053,0.7252853090098215
95932,0.7370724570438342,0.7564484256941474,0.7368304941590496,0.74795684913053,0.7252853090098215
95933,0.736405058793243,0.7558418202461817,0.7361623217091473,0.7473238899939857,0.7245797489585722
95934,0.736405058793243,0.7558418202461817,0.7361623217091473,0.7473238899939857,0.7245797489585722
95935,0.736405058793243,0.7558418202461817,0.7361623217091473,0.7473238899939857,0.7245797489585722
95936,0.6942834757753383,0.714145099272456,0.6928613952779104,0.7063540138909056,0.681544139594777
95937,0.6956653199985323,0.7163455694167933,0.6938853118498894,0.7070728426146357,0.6829112627591298
95938,0.6945055280395336,0.7152873892212648,0.6927165614998313,0.7059696537384877,0.6816865064396967
95939,0.6879779391120526,0.7089890477740202,0.6839033936987116,0.6983859764301205,0.6748188627495278
95940,0.6879779391120526,0.7089890477740202,0.6839033936987116,0.6983859764301205,0.6748188627495278
95941,0.6879779391120526,0.7089890477740202,0.6839033936987116,0.6983859764301205,0.6748188627495278
95943,0.6881985719418331,0.7091903942702262,0.6841278689661261,0.6985969471158364,0.6750520301543285
95944,0.7299928421687895,0.7499173081253934,0.7310863680664255,0.7428847784208961,0.7196787841372101
95945,0.7583571385168385,0.7788192635016636,0.7569560102535595,0.7699247509790691,0.7467954124776602
95946,0.7378022742233248,0.7579515964795522,0.7356816452950656,0.749176592782319,0.7251912150651705
95947,0.7299928421687895,0.7499173081253934,0.7310863680664255,0.7428847784208961,0.7196787841372101
95948,0.7378022742233248,0.7579515964795522,0.7356816452950656,0.749176592782319,0.7251912150651705
95949,0.6878439814770992,0.7088668034784706,0.683767102295956,0.6982578871000288,0.6746772918992919
95950,0.6878439814770992,0.7088668034784706,0.683767102295956,0.6982578871000288,0.6746772918992919
95951,0.7059131374287507,0.7256602490701473,0.7060065613859079,0.7189883893640839,0.6935533591182647
95952,0.6952020189906017,0.7159228350176121,0.6934184346549445,0.7066321386145435,0.6824220290767232
95953,0.6880941684377753,0.709095116142597,0.6840216474303096,0.6984971152511781,0.674941696007907
95954,0.6880941684377753,0.709095116142597,0.6840216474303096,0.6984971152511781,0.674941696007907
95955,0.6880941684377753,0.709095116142597,0.6840216474303096,0.6984971152511781,0.674941696007907
95957,0.7060911841169685,0.725823053085376,0.7061845344672004,0.7191562735087528,0.6937412741224013
95958,0.6881985719418331,0.7091903942702262,0.6841278689661261,0.6985969471158364,0.6750520301543285
95959,0.6945055280395336,0.7152873892212648,0.6927165614998313,0.7059696537384877,0.6816865064396967
95960,0.7370351084010742,0.7564144774508497,0.7367931022146983,0.7479214267634435,0.7252458260289405
95961,0.7370724570438342,0.7564484256941474,0.7368304941590496,0.74795684913053,0.7252853090098215
95962,0.6881985719418331,0.7091903942702262,0.6841278689661261,0.6985969471158364,0.6750520301543285
95963,0.7299928421687895,0.7499173081253934,0.7310863680664255,0.7428847784208961,0.7196787841372101
95964,0.7370351084010742,0.7564144774508497,0.7367931022146983,0.7479214267634435,0.7252458260289405
95965,0.7370070773032252,0.7563889985677178,0.7367650386160617,0.7478948414611374,0.7252161929588353
95966,0.7370351084010742,0.7564144774508497,0.7367931022146983,0.7479214267634435,0.7252458260289405
95967,0.6947565953119761,0.7145785582868762,0.6933374194134081,0.7068028321307828,0.6820436015670466
95968,0.6947565953119761,0.7145785582868762,0.6933374194134081,0.7068028321307828,0.6820436015670466
95969,0.6885682326426827,0.7095277581084862,0.6845039637198868,0.6989504281082117,0.6754426790286873
95970,0.6945055280395336,0.7145785582868762,0.6927165614998313,0.7059696537384877,0.6816865064396967
95971,0.6947565953119761,0.7145785582868762,0.6933374194134081,0.7068028321307828,0.6820436015670466
95972,0.6878964371658018,0.7089146720842595,0.6838204719254284,0.6983080446809451,0.6747327290568991
95973,0.6884702772942665,0.7094383589974688,0.6844043038911096,0.6988567591033976,0.6753391636629315
95974,0.6945055280395336,0.7152873892212648,0.6927165614998313,0.7059696537384877,0.6816865064396967
95975,0.6942834757753383,0.714145099272456,0.6928613952779104,0.7063540138909056,0.681544139594777
95976,0.6952876140302854,0.7150651013213755,0.69387169502395,0.7073066001952625,0.6826041559295998
95977,0.6883894802475078,0.7093646205333045,0.6843221006782723,0.6987794981663781,0.6752537796596512
95978,0.6952020189906017,0.7159228350176121,0.6934184346549445,0.7066321386145435,0.6824220290767232
95979,0.6952020189906017,0.7159228350176121,0.6934184346549445,0.7066321386145435,0.6824220290767232
95980,0.7299928421687895,0.7499173081253934,0.7310863680664255,0.7428847784208961,0.7196787841372101
95981,0.7254166064450136,0.7455212507837896,0.7259542706858402,0.7386962763169367,0.7140075428267832
95982,0.6881985719418331,0.7091903942702262,0.6841278689661261,0.6985969471158364,0.6750520301543285
95983,0.6881985719418331,0.7091903942702262,0.6841278689661261,0.6985969471158364,0.6750520301543285
95985,0.6942834757753383,0.714145099272456,0.6928613952779104,0.7063540138909056,0.681544139594777
95986,0.7254166064450136,0.7455212507837896,0.7259542706858402,0.7386962763169367,0.7140075428267832
95987,0.7269504986154761,0.7461093349942461,0.7297275557125592,0.7404473505168003,0.7155412746926516
95988,0.8984625225632813,0.9178168658777934,0.9027706721360257,0.9111742787467426,0.8821313756333875
95989,0.8807016715968744,0.8965530549391721,0.8801777196220647,0.8904991798361861,0.8642982305884136
95992,0.6942834757753383,0.714145099272456,0.6928613952779104,0.7063540138909056,0.681544139594777
95993,0.6942834757753383,0.714145099272456,0.6928613952779104,0.7063540138909056,0.681544139594777
95994,0.6942834757753383,0.714145099272456,0.6928613952779104,0.7063540138909056,0.681544139594777
95998,0.8154928149225726,0.8295044728110715,0.8269376494094611,0.826689918946589,0.7913700638100654
95999,0.7961489800255123,0.8095868132986159,0.8065723619237,0.8057354343368199,0.7709868755364158
96000,0.843654558014833,0.861336409167689,0.8537468713664349,0.8562067772178805,0.8213769310945996
96002,0.9027985191202915,0.9183784812150637,0.8962348877147068,0.9094559820313437,0.8896430382283518
96004,0.6824200356492033,0.6996969673447181,0.6913433250033091,0.6976753441918675,0.6735994695396257
96005,0.6824200356492033,0.6996969673447181,0.6913433250033091,0.6976753441918675,0.6735994695396257
96006,0.6824200356492033,0.6996969673447181,0.6913433250033091,0.6976753441918675,0.6735994695396257
96007,0.6824200356492033,0.6996969673447181,0.6913433250033091,0.6976753441918675,0.6735994695396257
96008,0.6824200356492033,0.6996969673447181,0.6913433250033091,0.6976753441918675,0.6735994695396257
96009,0.7449385357922168,0.7633543271655938,0.7466440349459943,0.7585292965442686,0.7339361755511662
96010,0.8073322388194917,0.8258938911764026,0.8076999523634212,0.8182501511855268,0.7976990762156896
96011,0.8073322388194917,0.8258938911764026,0.8076999523634212,0.8182501511855268,0.7976990762156896
96012,0.8073322388194917,0.8258938911764026,0.8076999523634212,0.8182501511855268,0.7976990762156896
96013,0.8073322388194917,0.8258938911764026,0.8076999523634212,0.8182501511855268,0.7976990762156896
96014,0.8073322388194917,0.8258938911764026,0.8076999523634212,0.8182501511855268,0.7976990762156896
96015,0.8840716039118998,0.9024460300942112,0.8817863632741223,0.8947798588797046,0.8760116174507302
96016,0.8454368401621807,0.8633773088228975,0.8421876047333237,0.8566156325963268,0.833563602876257
96017,0.7092954292582602,0.730606422485366,0.7112446864298612,0.7241892442738229,0.6991335870103838
96018,0.7092954292582602,0.730606422485366,0.7112446864298612,0.7241892442738229,0.6991335870103838
96019,0.8771972832165188,0.8960652419147678,0.8753838127006339,0.8900848692284291,0.8683983376064006
96020,0.8807016715968744,0.8965530549391721,0.8801777196220647,0.8904991798361861,0.8642982305884136
96021,0.8807016715968744,0.8965530549391721,0.8801777196220647,0.8904991798361861,0.8642982305884136
96022,0.7816668929334354,0.8004678042024501,0.7811893270391753,0.7935262708791246,0.7647229779802899
96023,0.7269504986154761,0.7461093349942461,0.7297275557125592,0.7404473505168003,0.7155412746926516
96024,0.7269504986154761,0.7461093349942461,0.7297275557125592,0.7404473505168003,0.7155412746926516
96026,0.9072659147602249,0.9194683184662653,0.902136958504572,0.9079075760529974,0.8899627496633912
96027,0.9072207236064384,0.9194294706633124,0.9020890624952649,0.9078627216693694,0.889908339692406
96028,0.885732876772366,0.8975656727925262,0.8793402401884707,0.8875892508074577,0.8680561260863668
96029,0.9072659147602249,0.9194683184662653,0.902136958504572,0.9079075760529974,0.8899627496633912
96031,0.8430095651012274,0.8573360027971865,0.8421577688142309,0.8503676122455582,0.8247712475676332
96033,0.9068977682124163,0.919151856130856,0.9017467724648732,0.9075421735100426,0.8895194847218857
96034,0.9068977682124163,0.919151856130856,0.9017467724648732,0.9075421735100426,0.8895194847218857
96035,0.9068977682124163,0.919151856130856,0.9017467724648732,0.9075421735100426,0.8895194847218857
96036,0.7577975731896418,0.7779114071129736,0.7552365888433311,0.7698212460307121,0.7466187098643108
96039,0.8092993796014133,0.8205550191846801,0.8040491002697027,0.8115759811595487,0.7900771968400478
96040,0.8075561533614735,0.8182271859736658,0.8019117654745962,0.8113938605336802,0.7900771968400478
96041,0.8949282933659964,0.9060001137312848,0.8890890689312576,0.8965449945095681,0.87670764209325
96042,0.8949282933659964,0.9060001137312848,0.8890890689312576,0.8965449945095681,0.87670764209325
96043,0.885732876772366,0.8975656727925262,0.8793402401884707,0.8875892508074577,0.8680561260863668
96045,0.7837348743559891,0.8009721092691082,0.7867405285410701,0.7955598822448997,0.7752081640119798
96046,0.82512334683118,0.8352035247854501,0.8154565387255682,0.8251873573811602,0.8041535664897926
96047,0.8195620843769279,0.829616688974272,0.8098563706779689,0.8203753962696401,0.7987971019640611
96048,0.8207180019288363,0.8313780048030408,0.8116356285061894,0.8228991473417234,0.800691386330687
96051,0.900948203212211,0.9156027627420467,0.9047685445243766,0.9120960623406955,0.8834981789775579
96053,0.7062740047543943,0.7259902270679813,0.7063672795495582,0.7193286623838918,0.6939342240152558
96054,0.7062740047543943,0.7259902270679813,0.7063672795495582,0.7193286623838918,0.6939342240152558
96055,0.7062740047543943,0.7259902270679813,0.7063672795495582,0.7193286623838918,0.6939342240152558
96062,0.7505334166464891,0.7701803198877473,0.7515706210567276,0.7626161689652479,0.7396936464557994
96065,0.8199941250138547,0.8324130153155933,0.8175854220094262,0.8219004302486788,0.8010827255223746
96066,0.8430095651012274,0.8573360027971865,0.8421577688142309,0.8503676122455582,0.8247712475676332
96068,0.8617029186218712,0.8802038026253789,0.862397791467082,0.8698515509778431,0.8440888746945563
96071,0.8195620843769279,0.829616688974272,0.8098563706779689,0.8203753962696401,0.7987971019640611
96072,0.9072207236064384,0.9194294706633124,0.9020890624952649,0.9078627216693694,0.889908339692406
96073,0.9072207236064384,0.9194294706633124,0.9020890624952649,0.9078627216693694,0.889908339692406
96074,0.9069576554450631,0.9192033344474141,0.9018102456224851,0.907601614286811,0.889591594421748
96075,0.9072207236064384,0.9194294706633124,0.9020890624952649,0.9078627216693694,0.889908339692406
96079,0.8430095651012274,0.8573360027971865,0.8421577688142309,0.8503676122455582,0.8247712475676332
96085,0.6881985719418331,0.7091903942702262,0.6841278689661261,0.6985969471158364,0.6750520301543285
96086,0.6881985719418331,0.7091903942702262,0.6841278689661261,0.6985969471158364,0.6750520301543285
96087,0.6881985719418331,0.7091903942702262,0.6841278689661261,0.6985969471158364,0.6750520301543285
96088,0.6881985719418331,0.7091903942702262,0.6841278689661261,0.6985969471158364,0.6750520301543285
96090,0.7577849700544852,0.7779000700491576,0.7552238209263501,0.7698094056303086,0.7466053812967786
96091,0.7577849700544852,0.7779000700491576,0.7552238209263501,0.7698094056303086,0.7466053812967786
96094,0.7577849700544852,0.7779000700491576,0.7552238209263501,0.7698094056303086,0.7466053812967786
96095,0.7507147952423049,0.7703442956089663,0.7517510641007875,0.7627867662334482,0.7398849185245876
96096,0.7507147952423049,0.7703442956089663,0.7517510641007875,0.7627867662334482,0.7398849185245876
96104,0.7299928421687895,0.7499173081253934,0.7310863680664255,0.7428847784208961,0.7196787841372101
96106,0.7432949304864517,0.7617430706939534,0.7438641265082077,0.7553620556818715,0.7324370010248303
96107,0.7431232575272495,0.7615865619415766,0.7436929297644509,0.7552003640866217,0.732256138648282
96111,0.712352938229348,0.7327907177127997,0.7136488467920855,0.7265927999141611,0.702277020599277
96115,0.7299928421687895,0.7499173081253934,0.7310863680664255,0.7428847784208961,0.7196787841372101
96117,0.7299928421687895,0.7499173081253934,0.7310863680664255,0.7428847784208961,0.7196787841372101
96120,0.8854690694879951,0.8960995266250773,0.8827934245951439,0.8863460966030612,0.8671212783768595
96121,0.8854690694879951,0.8960995266250773,0.8827934245951439,0.8863460966030612,0.8671212783768595
96126,0.9331173170464054,0.9471071310200221,0.9295558317031132,0.9391789150805211,0.9195102409671361
96127,0.9331173170464054,0.9471071310200221,0.9295558317031132,0.9391789150805211,0.9195102409671361
96130,0.9027985191202915,0.9183784812150637,0.8962348877147068,0.9094559820313437,0.8896430382283518
96138,0.6884241217139568,0.7093962355346405,0.6843573450614796,0.6988126234730929,0.6752903878634229
96140,0.750974511337969,0.7705791007263629,0.7520094410749697,0.76303104987405,0.7401587954593366
96141,0.7506352564756958,0.7702723878304167,0.7516719355605047,0.7627119549545236,0.7398010416363701
96145,0.6884241217139568,0.7093962355346405,0.6843573450614796,0.6988126234730929,0.6752903878634229
96146,0.6959962865737249,0.7166475762125957,0.694218831170607,0.7073876781741174,0.683260739660603
96149,0.8453569647925431,0.8633077990272229,0.8421058170675926,0.8565422539510196,0.8334766862170878
96151,0.8454368401621807,0.8633773088228975,0.8421876047333237,0.8566156325963268,0.833563602876257
96163,0.885732876772366,0.8975656727925262,0.8793402401884707,0.8875892508074577,0.8680561260863668
96179,0.6884241217139568,0.7093962355346405,0.6843573450614796,0.6988126234730929,0.6752903878634229
96181,0.6884241217139568,0.7093962355346405,0.6843573450614796,0.6988126234730929,0.6752903878634229
96188,0.7506352564756958,0.7702723878304167,0.7516719355605047,0.7627119549545236,0.7398010416363701
96190,0.7505910068422001,0.7702323839208317,0.7516279141710535,0.7626703356093157,0.739754378315594
96191,0.7505334166464891,0.7701803198877473,0.7515706210567276,0.7626161689652479,0.7396936464557994
96193,0.6956596932425207,0.7163404351467775,0.6938796416805801,0.7070674901846594,0.6829053212007277
96194,0.7505334166464891,0.7701803198877473,0.7515706210567276,0.7626161689652479,0.7396936464557994
96195,0.7505910068422001,0.7702323839208317,0.7516279141710535,0.7626703356093157,0.739754378315594
96196,0.7505334166464891,0.7701803198877473,0.7515706210567276,0.7626161689652479,0.7396936464557994
96198,0.6956596932425207,0.7163404351467775,0.6938796416805801,0.7070674901846594,0.6829053212007277
96201,0.8545223669341564,0.8659143400278814,0.8492690012657217,0.8548285210108894,0.8344464361144188
96206,0.7505334166464891,0.7701803198877473,0.7515706210567276,0.7626161689652479,0.7396936464557994
96219,0.7218721929897326,0.7412632455412096,0.7232368097638424,0.7358527521948526,0.7113299018304046
96220,0.7218721929897326,0.7412632455412096,0.7232368097638424,0.7358527521948526,0.7113299018304046
96224,0.6901704727674816,0.7024805374707055,0.7103329493792894,0.7116371759650082,0.6893064739317809
96225,0.686988985506742,0.6993575232640227,0.7051679804834518,0.7062736624346256,0.683723395408287
96226,0.6853551142897072,0.696599889279173,0.7035871736264789,0.703020784024173,0.6821735504792257
96227,0.6604125614710507,0.6741343382741145,0.679718391185778,0.68167974184407,0.6577753421698952
96228,0.6853551142897072,0.696599889279173,0.7035871736264789,0.703020784024173,0.6821735504792257
96229,0.6725157596585792,0.6861828911664007,0.6905666358284303,0.6923998924866014,0.6693350141500461
96230,0.6899150345955112,0.6995252826336912,0.7064309801852164,0.7071897015462558,0.6842018453958127
96231,0.6853551142897072,0.696599889279173,0.7035871736264789,0.703020784024173,0.6821735504792257
96232,0.6725157596585792,0.6861828911664007,0.6905666358284303,0.6923998924866014,0.6693350141500461
96233,0.6725157596585792,0.6861828911664007,0.6905666358284303,0.6923998924866014,0.6693350141500461
96234,0.6725157596585792,0.6861828911664007,0.6905666358284303,0.6923998924866014,0.6693350141500461
96235,0.6725157596585792,0.6861828911664007,0.6905666358284303,0.6923998924866014,0.6693350141500461
96236,0.6725157596585792,0.6861828911664007,0.6905666358284303,0.6923998924866014,0.6693350141500461
96237,0.678426905237499,0.6960996104727145,0.6899002640591202,0.6952317513457626,0.6702671965725823
96238,0.678426905237499,0.6960996104727145,0.6899002640591202,0.6952317513457626,0.6702671965725823
96239,0.678426905237499,0.6960996104727145,0.6899002640591202,0.6952317513457626,0.6702671965725823
96240,0.6785911841881813,0.6962519962872515,0.6900567696929345,0.6953847105838232,0.6704371252578922
96241,0.6835315167881988,0.7007291975796507,0.6924135048480605,0.6987166962218497,0.6747525785254773
96242,0.6795276911378332,0.6967416577088433,0.6918057016347305,0.6959241537797274,0.6715811516572333
96243,0.6785911841881813,0.6962519962872515,0.6900567696929345,0.6953847105838232,0.6704371252578922
96244,0.6785911841881813,0.6962519962872515,0.6900567696929345,0.6953847105838232,0.6704371252578922
96245,0.6903190901717999,0.7038076295760776,0.7070145988551336,0.7093081564127416,0.6842018453958127
96246,0.7134427709026655,0.7295753248116807,0.7215711747562508,0.7279211201126649,0.7043499137039252
96247,0.6835315167881988,0.7007291975796507,0.6924135048480605,0.6987166962218497,0.6747525785254773
96248,0.6604125614710507,0.6741343382741145,0.679718391185778,0.68167974184407,0.6577753421698952
96249,0.6604125614710507,0.6741343382741145,0.679718391185778,0.68167974184407,0.6577753421698952
96250,0.6604125614710507,0.6741343382741145,0.679718391185778,0.68167974184407,0.6577753421698952
96251,0.6604125614710507,0.6741343382741145,0.679718391185778,0.68167974184407,0.6577753421698952
96252,0.714336089563883,0.7300571256541499,0.7276377647709877,0.7322781128977339,0.7074242664862649
96253,0.6846375472889095,0.70076757774458,0.6967938688356213,0.7026679062126261,0.6761357000448445
96254,0.714336089563883,0.7300571256541499,0.7276377647709877,0.7322781128977339,0.7074242664862649
96255,0.7920639402152089,0.8071072497078672,0.7988595457089582,0.8042890440760854,0.7837045341073349
96256,0.7702695673512037,0.7854465201681673,0.7793693996741848,0.7839786252276922,0.7619773911065411
96257,0.6846375472889095,0.70076757774458,0.6967938688356213,0.7026679062126261,0.6761357000448445
96258,0.7702695673512037,0.7854465201681673,0.7793693996741848,0.7839786252276922,0.7619773911065411
96259,0.6835315167881988,0.7007291975796507,0.6924135048480605,0.6987166962218497,0.6747525785254773
96260,0.7257273465142575,0.7411825277249549,0.7391686726386799,0.7430253221590793,0.7188071885998725
96261,0.7236483064258816,0.7379378561622802,0.7384607514342121,0.7417925035891787,0.7175541125005439
96262,0.6812634479357583,0.6955824175084028,0.6976129116266996,0.699287006264665,0.6753080857667029
96263,0.7022704745156821,0.7119129625416692,0.7195677478018271,0.7204008204318179,0.6990107529212216
96264,0.704864207612032,0.7199916883635605,0.7200121555058951,0.7237811511213328,0.6991808895984828
96265,0.704864207612032,0.7199916883635605,0.7200121555058951,0.7237811511213328,0.6991808895984828
96266,0.736326444465922,0.7493324245330215,0.7529939314251303,0.7557052026200999,0.7325758156462742
96267,0.736326444465922,0.7493324245330215,0.7529939314251303,0.7557052026200999,0.7325758156462742
96268,0.6854675576671397,0.7000405027646172,0.7042332507751443,0.7064686527293244,0.6810289562969384
96269,0.6929861178557605,0.7036885910730467,0.7115826458891874,0.7116371759650082,0.6911305053407251
96271,0.7372701067513999,0.750218230464251,0.7538637163145501,0.7565631981918398,0.7335364438207002
96274,0.6854675576671397,0.7000405027646172,0.7042332507751443,0.7064686527293244,0.6810289562969384
96275,0.6725217042993443,0.6861885052430429,0.6905721459682721,0.692405359454252,0.6693410371797449
96277,0.6795276911378332,0.6967416577088433,0.6918057016347305,0.6959241537797274,0.6715811516572333
96279,0.7236483064258816,0.7379378561622802,0.7384607514342121,0.7417925035891787,0.7175541125005439
96280,0.8022295686089066,0.8197061975299276,0.8058316335368453,0.8155923355567751,0.793760972463925
96281,0.8022295686089066,0.8197061975299276,0.8058316335368453,0.8155923355567751,0.793760972463925
96282,0.800717976082111,0.8182392602077564,0.8087542222731505,0.8145861883378611,0.794782392966705
96283,0.800717976082111,0.8182392602077564,0.8087542222731505,0.8145861883378611,0.794782392966705
96284,0.800717976082111,0.8182392602077564,0.8087542222731505,0.8145861883378611,0.794782392966705
96285,0.7914570085400416,0.8075174312618477,0.802411157496062,0.8059398595431044,0.7857952305607631
96286,0.7096183258127888,0.7247760088657632,0.7250342914292728,0.728848010551795,0.7047087297525647
96287,0.724855361292725,0.742176939296901,0.7425368197016838,0.7460739096828036,0.7202462836354268
96288,0.7184144074225711,0.7330139832697022,0.7364523080078955,0.738618745972162,0.7123460298553129
96289,0.7872641516484615,0.803338324588848,0.7983724387160017,0.8021232348396306,0.7817490429929735
96290,0.7870023034177168,0.8030998386521377,0.7981268098978198,0.8018830071968541,0.7814790153155923
96291,0.8559891864948368,0.8730796404490163,0.8600962093118477,0.8690695602409961,0.8496006621584699
96292,0.8740441523373748,0.891768505770187,0.8750990239618418,0.8856763563512089,0.866500813022184
96293,0.8401933427806803,0.8613428829004194,0.8408136452270799,0.8542086572057098,0.8318238365235713
96294,0.7658519689031158,0.7835741665651125,0.7824200859766213,0.7858107422651125,0.7615932439716259
96295,0.7658519689031158,0.7835741665651125,0.7824200859766213,0.7858107422651125,0.7615932439716259
96296,0.8047680684304801,0.8231921126505178,0.8198265511879407,0.8233460108818699,0.8010313098295634
96297,0.8047680684304801,0.8231921126505178,0.8198265511879407,0.8233460108818699,0.8010313098295634
96298,0.8047680684304801,0.8231921126505178,0.8198265511879407,0.8233460108818699,0.8010313098295634
96299,0.7023579344254565,0.7178832417815214,0.720779011428468,0.7231478394096577,0.6962227554024049
96300,0.6924462507539687,0.7081881054735734,0.7111438093336733,0.71413515311663,0.686730831117992
96301,0.8761822025034401,0.8961112639785338,0.8778622540853792,0.8887351462805174,0.8690915115750741
96302,0.8371469737825112,0.8564430005191676,0.8383590261935433,0.8507554522181362,0.8285506442616997
96303,0.8331638692065797,0.8515555037545383,0.8337626797121889,0.8462896481398959,0.8240162708537304
96304,0.8574554293900134,0.8776378590359175,0.8592458772100701,0.8697956668472863,0.8496910283289321
96305,0.827357819135688,0.8470158310902733,0.8385047492056236,0.8446018128885312,0.8226149069672111
96306,0.7502993613136436,0.7693953290645769,0.7665329642924238,0.7708319134422217,0.7455517931138482
96307,0.7502993613136436,0.7693953290645769,0.7665329642924238,0.7708319134422217,0.7455517931138482
96308,0.7502993613136436,0.7693953290645769,0.7665329642924238,0.7708319134422217,0.7455517931138482
96309,0.696434228511469,0.710059955029666,0.7149245990833698,0.7175855978519203,0.6919713743609079
96310,0.696434228511469,0.710059955029666,0.7149245990833698,0.7175855978519203,0.6912890853024451
96311,0.696434228511469,0.710059955029666,0.7149245990833698,0.7175855978519203,0.6919713743609079
96312,0.7157615115171838,0.7320058034923356,0.7338939366310738,0.737341343704133,0.7102113879036406
96313,0.7157615115171838,0.7320058034923356,0.7338939366310738,0.737341343704133,0.7102113879036406
96314,0.704504471033544,0.7203460774773942,0.722590464612794,0.7257984128459837,0.6979162694858193
96315,0.7747530835650351,0.7876041989783779,0.7894408076619093,0.7921592809867338,0.7711618236761787
96316,0.7631502458984517,0.7799568854124964,0.779378084263562,0.7828923551101827,0.7586977765169063
96317,0.6975888079290483,0.7127137788959172,0.7164720801850137,0.7195023629380055,0.6944822469595334
96318,0.8574554293900134,0.8776378590359175,0.8592458772100701,0.8697956668472863,0.8496910283289321
96319,0.8675574312289531,0.8899331937681567,0.8673816672213136,0.8796392428688324,0.8608243590906448
96320,0.8457155990108598,0.8647014949548183,0.8571211233802988,0.8626977024840974,0.840774234992421
96321,0.7349622735755748,0.7534826143397694,0.7517095785549617,0.7561880706494631,0.7290129856563095
96322,0.7349622735755748,0.7534826143397694,0.7517095785549617,0.7561880706494631,0.7290129856563095
96323,0.7349622735755748,0.7534826143397694,0.7517095785549617,0.7561880706494631,0.7290129856563095
96324,0.7260635721484546,0.7436553750236718,0.7448322083079946,0.7484430332255999,0.7213375526760112
96325,0.7008748323028068,0.7179833061154207,0.7179447937779572,0.7219892466150348,0.6943011778048066
96326,0.7134225773289875,0.728498422990761,0.7314179709799651,0.7341967927315757,0.7082834661793975
96327,0.703844504669674,0.718784463642207,0.7224317897224721,0.7257777548971193,0.6998994694093386
96329,0.7050130716421258,0.7194174440978157,0.7222284894781987,0.7254612509177532,0.69914843024046
96330,0.6928201013040896,0.7092402237631096,0.7095911025053362,0.7131871913076395,0.6868978621758928
96331,0.6999408684104297,0.7165712342087686,0.7163918071524071,0.721835313853976,0.6956168450896708
96332,0.6666956811100907,0.6843094165955299,0.6839100572300691,0.6863780272496481,0.6622897457420064
96333,0.6922957986296614,0.7080476642131999,0.7110052106037125,0.7139984075062721,0.6865766593784698
96334,0.6975888079290483,0.7127137788959172,0.7164720801850137,0.7195023629380055,0.6944822469595334
96335,0.6924351203939633,0.70817771562017,0.711133555774572,0.7141250366356715,0.68671942562119
96336,0.7050130716421258,0.7194174440978157,0.7222284894781987,0.7254612509177532,0.69914843024046
96337,0.7050130716421258,0.7194174440978157,0.7222284894781987,0.7254612509177532,0.69914843024046
96338,0.7050130716421258,0.7194174440978157,0.7222284894781987,0.7254612509177532,0.69914843024046
96339,0.8574554293900134,0.8776378590359175,0.8592458772100701,0.8697956668472863,0.8496910283289321
96340,0.6884917984495608,0.7056702346649698,0.7060043577859085,0.708833145967011,0.6823478364973222
96341,0.6884747117645301,0.7056543760845814,0.7059885226475281,0.7088175086329219,0.6823302993468084
96342,0.6884917984495608,0.7056702346649698,0.7060043577859085,0.708833145967011,0.6823478364973222
96343,0.6884917984495608,0.7056702346649698,0.7060043577859085,0.708833145967011,0.6823478364973222
96344,0.7260635721484546,0.7436553750236718,0.7448322083079946,0.7484430332255999,0.7213375526760112
96345,0.7260635721484546,0.7436553750236718,0.7448322083079946,0.7484430332255999,0.7213375526760112
96346,0.7260635721484546,0.7436553750236718,0.7448322083079946,0.7484430332255999,0.7213375526760112
96347,0.8710327205046566,0.8907175760405966,0.8781798702664456,0.8853115953827886,0.8652654126836703
96348,0.8197526968974992,0.8396735161788723,0.8290629854280829,0.8361172925682965,0.8127785638909348
96349,0.6884747117645301,0.7056543760845814,0.7059885226475281,0.7088175086329219,0.6823302993468084
96350,0.6884747117645301,0.7056543760845814,0.7059885226475281,0.7088175086329219,0.6823302993468084
96351,0.6884747117645301,0.7056543760845814,0.7059885226475281,0.7088175086329219,0.6823302993468084
96352,0.6884576198298002,0.7056385126690154,0.7059726826818119,0.7088018665375639,0.6823127567926904
96353,0.6884576198298002,0.7056385126690154,0.7059726826818119,0.7088018665375639,0.6823127567926904
96354,0.6884576198298002,0.7056385126690154,0.7059726826818119,0.7088018665375639,0.6823127567926904
96355,0.6883949044637953,0.7055803054220988,0.7059145614848131,0.7087444714308196,0.6822483878379534
96356,0.6884462222893969,0.7056279343717499,0.7059621200221373,0.7087914358281767,0.6823010587538315
96357,0.6883720813574528,0.7055591230154202,0.7058934103951884,0.7087235845945331,0.6822249629128796
96359,0.8163883776747681,0.8390322334219932,0.8200993264905561,0.8302235528917428,0.8082686606739203
96361,0.8686289849671531,0.8894954750015716,0.874111805021803,0.8832072380844249,0.8622404296231966
96362,0.8710327205046566,0.8907175760405966,0.8781798702664456,0.8853115953827886,0.8652654126836703
96364,0.7163459405420102,0.732275354317439,0.7349953103782573,0.7378174936113263,0.7110823412874928
96365,0.7163459405420102,0.732275354317439,0.7349953103782573,0.7378174936113263,0.7110823412874928
96366,0.6972516086067571,0.7147095775767285,0.7152044913262416,0.7189690730482258,0.6912890853024451
96367,0.7276841664439019,0.744792014472015,0.7468168409363055,0.7499138342018908,0.7227930601435746
96368,0.6884177182247272,0.7056014792215058,0.7059357039811298,0.7087653497914392,0.6822718031435463
96369,0.705739146924731,0.720909407444188,0.723706318389235,0.7272563948551252,0.6995067147338494
96370,0.705739146924731,0.720909407444188,0.723706318389235,0.7272563948551252,0.6995067147338494
96371,0.7038339561135171,0.7187745989118863,0.7224220887185003,0.7257682030103562,0.6995067147338494
96372,0.7038339561135171,0.7187745989118863,0.7224220887185003,0.7257682030103562,0.6995067147338494
96373,0.7038339561135171,0.7187745989118863,0.7224220887185003,0.7257682030103562,0.6995067147338494
96374,0.7136777054671771,0.7289851156321764,0.730425662647894,0.7344371767612544,0.7082834661793975
96375,0.8588190543751137,0.8795359019097815,0.863799652876775,0.8734438829154964,0.8520400680947989
96376,0.8544003596879066,0.8760008805911438,0.8572734954041893,0.867635228801227,0.8470598583060014
96377,0.8588190543751137,0.8795359019097815,0.863799652876775,0.8734438829154964,0.8520400680947989
96378,0.8556054103479654,0.8753013881476388,0.8623188154761667,0.8698797022369623,0.8493156707508434
96379,0.7062088228138613,0.7213480574397712,0.7241393542284998,0.7276823510467326,0.699989426986436
96380,0.7062088228138613,0.7213480574397712,0.7241393542284998,0.7276823510467326,0.699989426986436
96381,0.7062088228138613,0.7213480574397712,0.7241393542284998,0.7276823510467326,0.699989426986436
96382,0.6972297483301683,0.7146893442927235,0.7151843032979285,0.7189492277347539,0.6912666552967869
96383,0.7061772926225309,0.7213186092899746,0.7241102828402239,0.7276537547742125,0.699957022011417
96384,0.716396299683421,0.7323221314038675,0.7350414874174456,0.7378630515348602,0.7111339102894882
96385,0.7008174146488464,0.7153429367200466,0.7195237203894238,0.7219168359875091,0.6953149224988316
96386,0.7276889596096336,0.7447964311226014,0.7468212138751644,0.7499181406229102,0.7227979633864293
96387,0.7276889596096336,0.7447964311226014,0.7468212138751644,0.7499181406229102,0.7227979633864293
96391,0.6884576198298002,0.7056385126690154,0.7059726826818119,0.7088018665375639,0.6823127567926904
96392,0.6884576198298002,0.7056385126690154,0.7059726826818119,0.7088018665375639,0.6823127567926904
96393,0.6884177182247272,0.7056014792215058,0.7059357039811298,0.7087653497914392,0.6822718031435463
96394,0.6883949044637953,0.7055803054220988,0.7059145614848131,0.7087444714308196,0.6822483878379534
96395,0.6884405226438511,0.7056226444168975,0.7059568378873884,0.7087862196795883,0.6822952088333925
96396,0.6884462222893969,0.7056279343717499,0.7059621200221373,0.7087914358281767,0.6823010587538315
96397,0.6884462222893969,0.7056279343717499,0.7059621200221373,0.7087914358281767,0.6823010587538315
96398,0.6884462222893969,0.7056279343717499,0.7059621200221373,0.7087914358281767,0.6823010587538315
96399,0.6884462222893969,0.7056279343717499,0.7059621200221373,0.7087914358281767,0.6823010587538315
96400,0.6884462222893969,0.7056279343717499,0.7059621200221373,0.7087914358281767,0.6823010587538315
96401,0.704504471033544,0.7203460774773942,0.722590464612794,0.7257984128459837,0.6979162694858193
96402,0.6884405226438511,0.7056226444168975,0.7059568378873884,0.7087862196795883,0.6822952088333925
96403,0.6884405226438511,0.7056226444168975,0.7059568378873884,0.7087862196795883,0.6822952088333925
96404,0.6884405226438511,0.7056226444168975,0.7059568378873884,0.7087862196795883,0.6822952088333925
96405,0.6884405226438511,0.7056226444168975,0.7059568378873884,0.7087862196795883,0.6822952088333925
96406,0.6883720813574528,0.7055591230154202,0.7058934103951884,0.7087235845945331,0.6822249629128796
96407,0.6884405226438511,0.7056226444168975,0.7059568378873884,0.7087862196795883,0.6822952088333925
96408,0.6673722369180405,0.6852240815974137,0.6846911352408563,0.6872469617873564,0.6616989737942658
96409,0.6883949044637953,0.7055803054220988,0.7059145614848131,0.7087444714308196,0.6822483878379534
96410,0.6883949044637953,0.7055803054220988,0.7059145614848131,0.7087444714308196,0.6822483878379534
96411,0.7008261546162582,0.7179382089351136,0.7178996886811821,0.7219449694367333,0.6942510893698874
96412,0.6884177182247272,0.7056014792215058,0.7059357039811298,0.7087653497914392,0.6822718031435463
96413,0.6884177182247272,0.7056014792215058,0.7059357039811298,0.7087653497914392,0.6822718031435463
96414,0.6883949044637953,0.7055803054220988,0.7059145614848131,0.7087444714308196,0.6822483878379534
96415,0.6884177182247272,0.7056014792215058,0.7059357039811298,0.7087653497914392,0.6822718031435463
96416,0.6884177182247272,0.7056014792215058,0.7059357039811298,0.7087653497914392,0.6822718031435463
96417,0.7007503450642139,0.7178679761808702,0.7178294435968182,0.7218760138555181,0.6941730824812198
96418,0.7007503450642139,0.7178679761808702,0.7178294435968182,0.7218760138555181,0.6941730824812198
96419,0.6883949044637953,0.7055803054220988,0.7059145614848131,0.7087444714308196,0.6822483878379534
96420,0.6883949044637953,0.7055803054220988,0.7059145614848131,0.7087444714308196,0.6822483878379534
96421,0.6883949044637953,0.7055803054220988,0.7059145614848131,0.7087444714308196,0.6822483878379534
96422,0.6883949044637953,0.7055803054220988,0.7059145614848131,0.7087444714308196,0.6822483878379534
96423,0.6883949044637953,0.7055803054220988,0.7059145614848131,0.7087444714308196,0.6822483878379534
96424,0.6972297483301683,0.7146893442927235,0.7151843032979285,0.7189492277347539,0.6912666552967869
96425,0.6928201013040896,0.7092402237631096,0.7095911025053362,0.7131871913076395,0.6868978621758928
96426,0.6636354388854906,0.6814975440724264,0.6813991914339014,0.6836405335649858,0.6584425435928181
96427,0.6886112583810458,0.7057811094582793,0.7061150687045075,0.7089424741035291,0.682470445382513
96428,0.6635534436731745,0.6814213812527451,0.6813229971324241,0.6835650550035199,0.6583588080680572
96429,0.706261330423326,0.7213970980501148,0.7241877674538427,0.7277299731051468,0.7000433912653751
96430,0.6928201013040896,0.7092402237631096,0.7095911025053362,0.7131871913076395,0.6868978621758928
96431,0.6928201013040896,0.7092402237631096,0.7095911025053362,0.7131871913076395,0.6868978621758928
96432,0.688537337289354,0.7057125005844866,0.7060465612317218,0.7088748222575345,0.682394575826401
96433,0.6674406170682884,0.6852875678507314,0.6847547648085128,0.68730990558982,0.661768950770975
96434,0.6884690150363283,0.7056490888167025,0.7059832431953943,0.7088122951302325,0.6823244524292474
96435,0.6673722369180405,0.6852240815974137,0.6846911352408563,0.6872469617873564,0.6616989737942658
96436,0.8544003596879066,0.8760008805911438,0.8572734954041893,0.867635228801227,0.8470598583060014
96437,0.8584429415445727,0.8792206598294611,0.8634383729695142,0.8731109652055778,0.8516435592854611
96438,0.6885202645960808,0.7056966548911805,0.7060307389595252,0.7088591976135623,0.682377053077787
96439,0.6885202645960808,0.7056966548911805,0.7060307389595252,0.7088591976135623,0.682377053077787
96440,0.6884405226438511,0.7056226444168975,0.7059568378873884,0.7087862196795883,0.6822952088333925
96441,0.6884405226438511,0.7056226444168975,0.7059568378873884,0.7087862196795883,0.6822952088333925
96442,0.6884405226438511,0.7056226444168975,0.7059568378873884,0.7087862196795883,0.6822952088333925
96443,0.6884405226438511,0.7056226444168975,0.7059568378873884,0.7087862196795883,0.6822952088333925
96444,0.6637110287627832,0.6815677579701708,0.681469434350256,0.6837101167408703,0.6585197375637986
96445,0.6637110287627832,0.6815677579701708,0.681469434350256,0.6837101167408703,0.6585197375637986
96446,0.6637110287627832,0.6815677579701708,0.681469434350256,0.6837101167408703,0.6585197375637986
96447,0.6928201013040896,0.7092402237631096,0.7095911025053362,0.7131871913076395,0.6868978621758928
96448,0.8584429415445727,0.8792206598294611,0.8634383729695142,0.8731109652055778,0.8516435592854611
96449,0.84010942633271,0.8607296877656714,0.8437936749327243,0.8537752626430336,0.8332390366748721
96450,0.6972297483301683,0.7146893442927235,0.7151843032979285,0.7189492277347539,0.6912666552967869
96451,0.6672664053379601,0.6851258255026853,0.684592657306784,0.6871495453621209,0.661590670360529
96452,0.667216537809536,0.6850795280379838,0.6845462552983332,0.6871036435983077,0.661539637910619
96453,0.6671791100741903,0.6850447800075262,0.6845114287975047,0.6870691925799765,0.6615013357708124
96454,0.6748797228271962,0.6919236585332634,0.6911939597971505,0.6933494175066571,0.667958668257354
96455,0.6750127620590678,0.6920474693129042,0.6913181586561382,0.6934724717860504,0.6680955556969936
96456,0.667172869859767,0.6850389865904525,0.6845056222968194,0.6870634486846406,0.6614949497628295
96457,0.6750127620590678,0.6920474693129042,0.6913181586561382,0.6934724717860504,0.6680955556969936
96458,0.6748797228271962,0.6919236585332634,0.6911939597971505,0.6933494175066571,0.667958668257354
96459,0.6748252107189302,0.6918729283841146,0.691143070609704,0.6932989973772852,0.667902579058175
96460,0.6748797228271962,0.6919236585332634,0.6911939597971505,0.6933494175066571,0.667958668257354
96461,0.6745153523944402,0.6915845747021113,0.6908538126455874,0.6930124064421375,0.6675837528065591
96462,0.6745153523944402,0.6915845747021113,0.6908538126455874,0.6930124064421375,0.6675837528065591
96463,0.674466599323594,0.6915392062829299,0.6908083019041824,0.6929673154552932,0.667533588194828
96464,0.7244643167340145,0.7413948167406134,0.7409378755673923,0.7454068498315212,0.7180590640290212
96465,0.6672913236318911,0.6851489599964747,0.6846158440367262,0.6871724821404893,0.6616161707078843
96466,0.6672913236318911,0.6851489599964747,0.6846158440367262,0.6871724821404893,0.6616161707078843
96467,0.6636354388854906,0.6814975440724264,0.6813991914339014,0.6836405335649858,0.6584425435928181
96468,0.6636354388854906,0.6814975440724264,0.6813991914339014,0.6836405335649858,0.6584425435928181
96469,0.6636354388854906,0.6814975440724264,0.6813991914339014,0.6836405335649858,0.6584425435928181
96470,0.6636354388854906,0.6814975440724264,0.6813991914339014,0.6836405335649858,0.6584425435928181
96471,0.6636354388854906,0.6814975440724264,0.6813991914339014,0.6836405335649858,0.6584425435928181
96472,0.6636354388854906,0.6814975440724264,0.6813991914339014,0.6836405335649858,0.6584425435928181
96474,0.6928201013040896,0.7092402237631096,0.7095911025053362,0.7131871913076395,0.6868978621758928
96475,0.6927811031036892,0.7092039321211702,0.7095548676738855,0.713151536304779,0.6868578640710609
96476,0.6927811031036892,0.7092039321211702,0.7095548676738855,0.713151536304779,0.6868578640710609
96477,0.6927309215349354,0.7091572335339285,0.7095082421936545,0.7131056569801241,0.6868063957447726
96478,0.6666956811100907,0.6843094165955299,0.6839100572300691,0.6863780272496481,0.6622897457420064
96479,0.6636480437291755,0.6815092524020081,0.6814109046026839,0.6836521367142204,0.6584554159419227
96480,0.6928201013040896,0.7089354050487431,0.7095911025053362,0.7131871913076395,0.6868978621758928
96481,0.6635408192152162,0.6814096548635799,0.6813112658957499,0.6835534339750585,0.658345915634597
96482,0.6634523746915733,0.6813275026346668,0.6812290797032117,0.683472019945426,0.6582555935246686
96483,0.6635408192152162,0.6814096548635799,0.6813112658957499,0.6835534339750585,0.658345915634597
96484,0.6635408192152162,0.6814096548635799,0.6813112658957499,0.6835534339750585,0.658345915634597
96485,0.6927309215349354,0.7091572335339285,0.7095082421936545,0.7131056569801241,0.6868063957447726
96486,0.6927253429545257,0.7091520421683192,0.7095030589555597,0.713100556694184,0.6868006741102679
96487,0.6927811031036892,0.7092039321211702,0.7095548676738855,0.713151536304779,0.6868578640710609
96488,0.6885544047385079,0.7057283414476593,0.706062378681617,0.7088904421451887,0.6824120931771946
96489,0.6672913236318911,0.6851489599964747,0.6846158440367262,0.6871724821404893,0.6616161707078843
96490,0.6673722369180405,0.6852240815974137,0.6846911352408563,0.6872469617873564,0.6616989737942658
96491,0.667172869859767,0.6850389865904525,0.6845056222968194,0.6870634486846406,0.6614949497628295
96492,0.667172869859767,0.6850389865904525,0.6845056222968194,0.6870634486846406,0.6614949497628295
96493,0.674466599323594,0.6915392062829299,0.6908083019041824,0.6929673154552932,0.667533588194828
96494,0.674466599323594,0.6915392062829299,0.6908083019041824,0.6929673154552932,0.667533588194828
96495,0.674466599323594,0.6915392062829299,0.6908083019041824,0.6929673154552932,0.667533588194828
96496,0.6748252107189302,0.6918729283841144,0.691143070609704,0.6932989973772852,0.667902579058175
96497,0.6748252107189302,0.6918729283841144,0.691143070609704,0.6932989973772852,0.667902579058175
96498,0.6748252107189302,0.6918729283841144,0.691143070609704,0.6932989973772852,0.667902579058175
96499,0.6748252107189302,0.6918729283841144,0.691143070609704,0.6932989973772852,0.667902579058175
96500,0.6748252107189302,0.6918729283841144,0.691143070609704,0.6932989973772852,0.667902579058175
96501,0.6746795977797162,0.6917374196827504,0.6910071370137365,0.6931643169383812,0.6677527525082354
96502,0.667216537809536,0.6850795280379838,0.6845462552983332,0.6871036435983077,0.661539637910619
96503,0.667216537809536,0.6850795280379838,0.6845462552983332,0.6871036435983077,0.661539637910619
96504,0.6670729386025886,0.6849462110865946,0.6844126372522983,0.6869714662954336,0.6613926834951318
96505,0.6670729386025886,0.6849462110865946,0.6844126372522983,0.6869714662954336,0.6613926834951318
96506,0.6670729386025886,0.6849462110865946,0.6844126372522983,0.6869714662954336,0.6613926834951318
96507,0.674788841225563,0.6918390823558973,0.6911091184659649,0.6932653582041427,0.6678651572584777
96508,0.6748252107189302,0.6918729283841144,0.691143070609704,0.6932989973772852,0.667902579058175
96509,0.6634523746915733,0.6813275026346668,0.6812290797032117,0.683472019945426,0.6582555935246686
96510,0.6634523746915733,0.6813275026346668,0.6812290797032117,0.683472019945426,0.6582555935246686
96511,0.6671915885668978,0.6850563650597322,0.684523040012462,0.6870806786056097,0.6615141057996452
96512,0.6670666874066231,0.6849404075627658,0.6844068206194891,0.6869657123892327,0.6613862862163021
96513,0.6671915885668978,0.6850563650597322,0.684523040012462,0.6870806786056097,0.6615141057996452
96514,0.6672913236318911,0.6851489599964747,0.6846158440367262,0.6871724821404893,0.6616161707078843
96515,0.6672913236318911,0.6851489599964747,0.6846158440367262,0.6871724821404893,0.6616161707078843
96516,0.663483976755874,0.6813568562824922,0.6812584454871465,0.6835011098151184,0.6582878665087877
96517,0.667216537809536,0.6850795280379838,0.6845462552983332,0.6871036435983077,0.661539637910619
96518,0.667297551594576,0.68515474213736,0.6846216392329307,0.687178214866577,0.6616225441415192
96519,0.667297551594576,0.68515474213736,0.6846216392329307,0.687178214866577,0.6616225441415192
96520,0.667297551594576,0.68515474213736,0.6846216392329307,0.687178214866577,0.6616225441415192
96521,0.6635534436731745,0.6814213812527451,0.6813229971324241,0.6835650550035199,0.6583588080680572
96522,0.6634966129964851,0.6813685935201076,0.6812701875772628,0.6835127415836579,0.6583007710073818
96523,0.663483976755874,0.6813568562824922,0.6812584454871465,0.6835011098151184,0.6582878665087877
96524,0.6926862769198369,0.7091156878524236,0.7094667615575606,0.7130648402189189,0.6867606062428052
96525,0.6698329416747485,0.6867064773740476,0.6870637878936141,0.6888834894514534,0.6647972315890462
96526,0.6926862769198369,0.7091156878524236,0.7094667615575606,0.7130648402189189,0.6867606062428052
96527,0.7166339768629522,0.7322646712899817,0.7335019881443546,0.7374264186539686,0.7107855843791613
96528,0.6999192034423046,0.716551115807992,0.7163716723524836,0.7218156738642131,0.6955947689625042
96529,0.6924382876309912,0.7094781367256255,0.7091570475139973,0.7139960780015938,0.6874405669206197
96530,0.6999192034423046,0.716551115807992,0.7163716723524836,0.7218156738642131,0.6955947689625042
96531,0.6999192034423046,0.716551115807992,0.7163716723524836,0.7218156738642131,0.6955947689625042
96532,0.6959790870987692,0.7120389401017305,0.7128999680178552,0.7148493355432304,0.6899061659379946
96533,0.6745153523944402,0.6915845747021113,0.6908538126455875,0.6930124064421376,0.6675837528065591
96534,0.6959790870987692,0.7120389401017305,0.7128999680178552,0.7148493355432304,0.6899061659379946
96535,0.6745153523944402,0.6915845747021113,0.6908538126455875,0.6930124064421376,0.6675837528065591
96536,0.7290548243950191,0.7460707455280072,0.7466499329873968,0.7506833124794995,0.7226918117758331
96537,0.6981290996916653,0.7158374733469856,0.7141422542957699,0.71991193437973,0.6943840793081911
96538,0.6696974497632102,0.6865802052425155,0.6869377073034408,0.6887583820195643,0.6646589199417641
96539,0.6697344326520104,0.6866146713365322,0.6869721211113832,0.6887925301795383,0.6646966725644259
96540,0.6697529155007466,0.686631896437719,0.6869893200829055,0.6888095963949388,0.6647155400788836
96541,0.6697529155007466,0.686631896437719,0.6869893200829055,0.6888095963949388,0.6647155400788836
96542,0.6635786847388147,0.6814448268031259,0.6813464523744968,0.6835882899046866,0.6583845848965294
96543,0.6635786847388147,0.6814448268031259,0.6813464523744968,0.6835882899046866,0.6583845848965294
96544,0.6635786847388147,0.6814448268031259,0.6813464523744968,0.6835882899046866,0.6583845848965294
96545,0.6634966129964851,0.6813685935201076,0.6812701875772628,0.6835127415836579,0.6583007710073818
96549,0.6748252107189302,0.6918729283841146,0.691143070609704,0.6932989973772852,0.667902579058175
96550,0.6636480437291755,0.6815092524020081,0.6814109046026839,0.6836521367142204,0.6584554159419227
96551,0.6673722369180405,0.6852240815974137,0.6846911352408563,0.6872469617873564,0.6616989737942658
96552,0.6748252107189302,0.6918729283841146,0.691143070609704,0.6932989973772852,0.667902579058175
96553,0.6670666874066231,0.6849404075627658,0.6844068206194891,0.6869657123892327,0.6613862862163021
96554,0.6670729386025886,0.6849462110865946,0.6844126372522983,0.6869714662954336,0.6613926834951318
96555,0.674788841225563,0.6918390823558973,0.6911091184659649,0.6932653582041427,0.6678651572584777
96556,0.674788841225563,0.6918390823558973,0.6911091184659649,0.6932653582041427,0.6678651572584777
96557,0.674788841225563,0.6918390823558973,0.6911091184659649,0.6932653582041427,0.6678651572584777
96558,0.6746795977797162,0.6917374196827504,0.6910071370137365,0.6931643169383812,0.6677527525082354
96559,0.6746795977797162,0.6917374196827504,0.6910071370137365,0.6931643169383812,0.6677527525082354
96560,0.6746795977797162,0.6917374196827504,0.6910071370137365,0.6931643169383812,0.6677527525082354
96561,0.6746795977797162,0.6917374196827504,0.6910071370137365,0.6931643169383812,0.6677527525082354
96562,0.6746795977797162,0.6917374196827504,0.6910071370137365,0.6931643169383812,0.6677527525082354
96563,0.6746795977797162,0.6917374196827504,0.6910071370137365,0.6931643169383812,0.6677527525082354
96564,0.6746795977797162,0.6917374196827504,0.6910071370137365,0.6931643169383812,0.6677527525082354
96565,0.6746795977797162,0.6917374196827504,0.6910071370137365,0.6931643169383812,0.6677527525082354
96566,0.6781945443354794,0.6948447223673304,0.6955057535962753,0.6973311764154303,0.6727117930191814
96567,0.6927309215349354,0.7091572335339285,0.7095082421936545,0.7131056569801241,0.6868063957447726
96568,0.6927309215349354,0.7091572335339285,0.7095082421936545,0.7131056569801241,0.6868063957447726
96569,0.6927309215349354,0.7091572335339285,0.7095082421936545,0.7131056569801241,0.6868063957447726
96570,0.6927309215349354,0.7091572335339285,0.7095082421936545,0.7131056569801241,0.6868063957447726
96571,0.7406250640598951,0.7574944555243651,0.7566239657405065,0.7614511785118624,0.7335089101242045
96572,0.7406250640598951,0.7574944555243651,0.7566239657405065,0.7614511785118624,0.7335089101242045
96573,0.9215815383017857,0.945207215625382,0.9203085666363554,0.9337186478165632,0.915896266664344
96574,0.914894976522198,0.9384211196477013,0.9129883120332011,0.9260886954995504,0.9089639586541507
96575,0.8889663162098029,0.9107636403533044,0.8889312938793359,0.9015458665938283,0.8831758466476946
96576,0.6693945632281944,0.6862979375488688,0.6866558679506088,0.6884787189144973,0.6643497271145639
96577,0.6667268344252385,0.6843383721201433,0.6839390616391641,0.6864067302460692,0.6623214625642617
96578,0.8163883776747681,0.8390322334219932,0.8200993264905561,0.8302235528917428,0.8082686606739203
96579,0.7783610104425268,0.7952728568264725,0.7924849551642889,0.7973157832677562,0.7717648739469113
96580,0.7537077887716067,0.7686646810591348,0.7703412934965159,0.77366833320571,0.7464978269181648
96581,0.7537077887716067,0.7686646810591348,0.7703412934965159,0.77366833320571,0.7464978269181648
96583,0.6745153523944402,0.6915845747021113,0.6908538126455875,0.6930124064421376,0.6675837528065591
96586,0.6666520393781812,0.6842688538965125,0.6838694260459391,0.6863378183317366,0.6622453145481599
96587,0.6666520393781812,0.6842688538965125,0.6838694260459391,0.6863378183317366,0.6622453145481599
96588,0.6666520393781812,0.6842688538965125,0.6838694260459391,0.6863378183317366,0.6622453145481599
96589,0.6927309215349354,0.7091572335339285,0.7095082421936545,0.7131056569801241,0.6868063957447726
96590,0.674788841225563,0.6918390823558973,0.6911091184659649,0.6932653582041427,0.6678651572584777
96591,0.667216537809536,0.6850795280379838,0.6845462552983332,0.6871036435983077,0.661539637910619
96592,0.8591705394500355,0.8789529914274627,0.8642237158539919,0.8721433423297286,0.8507201627155256
96593,0.8197526968974992,0.8396735161788723,0.8290629854280829,0.8361172925682965,0.8127785638909348
96594,0.8163883776747681,0.8390322334219932,0.8200993264905561,0.8302235528917428,0.8082686606739203
96595,0.666689448512395,0.6843036237077711,0.6839042545620693,0.6863722848847833,0.6622834004034714
96596,0.692568910955009,0.7090064698179157,0.7093577145426083,0.7129575386805167,0.6866402300060026
96598,0.6666956811100907,0.6843094165955299,0.6839100572300691,0.6863780272496481,0.6622897457420064
96599,0.6696110671483827,0.6864997018942756,0.6868573260948468,0.6886786213606343,0.6645707391926416
96600,0.6636480437291755,0.6815092524020081,0.6814109046026839,0.6836521367142204,0.6584554159419227
96601,0.6696110671483827,0.6864997018942756,0.6868573260948468,0.6886786213606343,0.6645707391926416
96602,0.6696110671483827,0.6864997018942756,0.6868573260948468,0.6886786213606343,0.6645707391926416
96603,0.6695925403272576,0.6864824361457726,0.686840086544431,0.6886615149135664,0.6645518266762326
96604,0.6696110671483827,0.6864997018942756,0.6868573260948468,0.6886786213606343,0.6645707391926416
96605,0.6695801859227934,0.6864709226977107,0.6868285905667258,0.688650107696626,0.6645392150668554
96606,0.666689448512395,0.6843036237077711,0.6839042545620693,0.6863722848847833,0.6622834004034714
96607,0.6666956811100907,0.6843094165955299,0.6839100572300691,0.6863780272496481,0.6622897457420064
96608,0.6670666874066231,0.6849404075627658,0.6844068206194891,0.6869657123892327,0.6613862862163021
96609,0.6670666874066231,0.6849404075627658,0.6844068206194891,0.6869657123892327,0.6613862862163021
96610,0.6670666874066231,0.6849404075627658,0.6844068206194891,0.6869657123892327,0.6613862862163021
96611,0.6670604355641128,0.6849346034439067,0.6844010033901557,0.6869599578936482,0.6613798882738902
96612,0.6670729386025886,0.6849462110865946,0.6844126372522983,0.6869714662954336,0.6613926834951318
96613,0.6670729386025886,0.6849462110865946,0.6844126372522983,0.6869714662954336,0.6613926834951318
96614,0.6670729386025886,0.6849462110865946,0.6844126372522983,0.6869714662954336,0.6613926834951318
96615,0.6693945632281944,0.6862979375488688,0.6866558679506088,0.6884787189144973,0.6643497271145639
96616,0.6693449666172325,0.6862517183086309,0.6866097188705056,0.6884329262918085,0.6642990974894984
96617,0.6694874464813059,0.6863844965879096,0.6867422956113278,0.6885644790900605,0.664444544681461
96618,0.6694874464813059,0.6863844965879096,0.6867422956113278,0.6885644790900605,0.664444544681461
96619,0.6696727817642496,0.6865572160699835,0.6869147530081134,0.6887356049234714,0.6646337384886463
96620,0.678068857782659,0.6947276140166527,0.6953889794286904,0.6972153226177181,0.6725832120253685
96621,0.6959012004817698,0.7119663781576007,0.7128276864702776,0.7147776869481773,0.6898262176015467
96622,0.6959012004817698,0.7119663781576007,0.7128276864702776,0.7147776869481773,0.6898262176015467
96623,0.6958343519966961,0.7119041003089042,0.7127656493077239,0.7147161930968795,0.6897575993315765
96624,0.6959012004817698,0.7119663781576007,0.7128276864702776,0.7147776869481773,0.6898262176015467
96625,0.6697713926213023,0.6866491162437421,0.6870065137681742,0.688826657369306,0.6647344017310884
96626,0.6697467551877162,0.6866261553257512,0.6869835876798355,0.6888039082388842,0.6647092515588455
96627,0.7535533757336205,0.7685217146746729,0.7701995896302672,0.7735291226228694,0.7463377747335171
96628,0.7535533757336205,0.7685217146746729,0.7701995896302672,0.7735291226228694,0.7463377747335171
96629,0.6636480437291755,0.6815092524020081,0.6814109046026839,0.6836521367142204,0.6584554159419227
96630,0.7246359722740464,0.741553241880457,0.7410966518734677,0.7455622054046336,0.7182358455955482
96631,0.6693945632281944,0.6862979375488688,0.6866558679506088,0.6884787189144973,0.6643497271145639
96632,0.6693945632281944,0.6862979375488688,0.6866558679506088,0.6884787189144973,0.6643497271145639
96633,0.6693945632281944,0.6862979375488688,0.6866558679506088,0.6884787189144973,0.6643497271145639
96634,0.6999408684104297,0.7165712342087686,0.7163918071524071,0.721835313853976,0.6956168450896708
96635,0.6924270659716687,0.7094677219763333,0.7091466178285663,0.7139858723482136,0.6874291029287496
96636,0.6924270659716687,0.7094677219763333,0.7091466178285663,0.7139858723482136,0.6874291029287496
96637,0.6924158420186173,0.7094573051141504,0.709136186026925,0.7139756646283012,0.6874176365882233
96638,0.6924270659716687,0.7094677219763333,0.7091466178285663,0.7139858723482136,0.6874291029287496
96639,0.6924270659716687,0.7094677219763333,0.7091466178285663,0.7139858723482136,0.6874291029287496
96640,0.6665646610153533,0.6841876410489178,0.6837880760640129,0.6862573138929657,0.6621563553273936
96641,0.6665646610153533,0.6841876410489178,0.6837880760640129,0.6862573138929657,0.6621563553273936
96642,0.6665646610153533,0.6841876410489178,0.6837880760640129,0.6862573138929657,0.6621563553273936
96643,0.6670604355641128,0.6849346034439067,0.6844010033901557,0.6869599578936482,0.6613798882738902
96644,0.6670604355641128,0.6849346034439067,0.6844010033901557,0.6869599578936482,0.6613798882738902
96645,0.6670604355641128,0.6849346034439067,0.6844010033901557,0.6869599578936482,0.6613798882738902
96646,0.666689448512395,0.6843036237077711,0.6839042545620693,0.6863722848847833,0.6622834004034714
96647,0.6664583883960395,0.6840888685007599,0.6836891367009826,0.6861594030754053,0.6620481596224854
96648,0.6664583883960395,0.6840888685007599,0.6836891367009826,0.6861594030754053,0.6620481596224854
96649,0.6664583883960395,0.6840888685007599,0.6836891367009826,0.6861594030754053,0.6620481596224854
96650,0.6664583883960395,0.6840888685007599,0.6836891367009826,0.6861594030754053,0.6620481596224854
96651,0.678068857782659,0.6947276140166527,0.6953889794286904,0.6972153226177181,0.6725832120253685
96652,0.678068857782659,0.6947276140166527,0.6953889794286904,0.6972153226177181,0.6725832120253685
96653,0.8148918550979611,0.8337822777786679,0.8270241094617499,0.8327471510539075,0.808244924647321
96654,0.7758271087825703,0.7929693695843958,0.7901439932521427,0.7950396318191956,0.7691390540772576
96655,0.6666333260987387,0.6842514609624002,0.683852003744326,0.6863205771044488,0.6622262627306252
96656,0.6666333260987387,0.6842514609624002,0.683852003744326,0.6863205771044488,0.6622262627306252
96657,0.6666333260987387,0.6842514609624002,0.683852003744326,0.6863205771044488,0.6622262627306252
96658,0.6666333260987387,0.6842514609624002,0.683852003744326,0.6863205771044488,0.6622262627306252
96659,0.6666333260987387,0.6842514609624002,0.683852003744326,0.6863205771044488,0.6622262627306252
96661,0.7537077887716067,0.7686646810591348,0.7703412934965159,0.77366833320571,0.7464978269181648
96662,0.7537077887716067,0.7686646810591348,0.7703412934965159,0.77366833320571,0.7464978269181648
96663,0.7535533757336205,0.7685217146746729,0.7701995896302672,0.7735291226228694,0.7463377747335171
96664,0.7166339768629522,0.7322646712899817,0.7335019881443546,0.7374264186539686,0.7107855843791613
96665,0.6636480437291755,0.6815092524020081,0.6814109046026839,0.6836521367142204,0.6584554159419227
96666,0.6636480437291755,0.6815092524020081,0.6814109046026839,0.6836521367142204,0.6584554159419227
96667,0.6636480437291755,0.6815092524020081,0.6814109046026839,0.6836521367142204,0.6584554159419227
96669,0.8163883776747681,0.8390322334219932,0.8200993264905561,0.8302235528917428,0.8082686606739203
96670,0.8163883776747681,0.8390322334219932,0.8200993264905561,0.8302235528917428,0.8082686606739203
96671,0.6795276911378332,0.6967416577088433,0.6918057016347305,0.6959241537797274,0.6715811516572333
96673,0.8149536868694501,0.8344701514822188,0.8200993264905561,0.8289657603953214,0.8053717091019899
96674,0.8163883776747681,0.8390322334219932,0.8200993264905561,0.8302235528917428,0.8082686606739203
96675,0.8163883776747681,0.8390322334219932,0.8200993264905561,0.8302235528917428,0.8082686606739203
96676,0.8163883776747681,0.8390322334219932,0.8200993264905561,0.8302235528917428,0.8082686606739203
96678,0.8553608721570062,0.8765999537995179,0.8557699917694923,0.8681328340945683,0.8491676664172996
96679,0.7950681551703206,0.8195629923328038,0.7932053584997226,0.8078560890669226,0.7865118765563073
96680,0.8210442272526057,0.8420445743740941,0.8179590136576962,0.8332654597417021,0.8116611812118827
96681,0.6667268344252385,0.6843383721201433,0.6839390616391641,0.6864067302460692,0.6623214625642617
96682,0.6666956811100907,0.6843094165955299,0.6839100572300691,0.6863780272496481,0.6622897457420064
96683,0.6697467551877162,0.6866261553257512,0.6869835876798355,0.6888039082388842,0.6647092515588455
96684,0.6697467551877162,0.6866261553257512,0.6869835876798355,0.6888039082388842,0.6647092515588455
96685,0.66953692539987,0.6864306070432534,0.6867883360898168,0.6886101640412258,0.6644950538557369
96686,0.6924382876309912,0.7094781367256255,0.7091570475139973,0.7139960780015938,0.6874405669206197
96687,0.6924382876309912,0.7094781367256255,0.7091570475139973,0.7139960780015938,0.6874405669206197
96688,0.6924158420186173,0.7094573051141504,0.709136186026925,0.7139756646283012,0.6874176365882233
96689,0.6666956811100907,0.6843094165955299,0.6839100572300691,0.6863780272496481,0.6622897457420064
96690,0.6924158420186173,0.7094573051141504,0.709136186026925,0.7139756646283012,0.6874176365882233
96693,0.6981290996916653,0.7158374733469856,0.7141422542957699,0.71991193437973,0.6943840793081911
96694,0.6747555061260865,0.6936021392167796,0.6922211476194756,0.6960605422228672,0.6720085948604934
96696,0.6781945443354794,0.6948447223673304,0.6955057535962753,0.6973311764154303,0.6727117930191814
96697,0.6782901234990208,0.6949337794966083,0.6955945566401512,0.697419279683698,0.6728095727790618
96698,0.6782901234990208,0.6949337794966083,0.6955945566401512,0.697419279683698,0.6728095727790618
96699,0.6958343519966961,0.7119041003089042,0.7127656493077239,0.7147161930968795,0.6897575993315765
96700,0.6958343519966961,0.7119041003089042,0.7127656493077239,0.7147161930968795,0.6897575993315765
96701,0.6958343519966961,0.7119041003089042,0.7127656493077239,0.7147161930968795,0.6897575993315765
96702,0.6958343519966961,0.7119041003089042,0.7127656493077239,0.7147161930968795,0.6897575993315765
96703,0.678068857782659,0.6947276140166527,0.6953889794286904,0.6972153226177181,0.6725832120253685
96704,0.7631502458984517,0.7799568854124964,0.779378084263562,0.7828923551101827,0.7586977765169063
96705,0.708449837336625,0.7261040903773012,0.7248387705304679,0.7303918563009683,0.7055154288430439
96706,0.7011664475661703,0.7194217635340926,0.7182749855333007,0.723380690630165,0.6972859296548922
96707,0.7066320875139697,0.725639548836658,0.7240953015158844,0.7296574794676294,0.7038430969663187
96708,0.7112791497021879,0.7276228800476217,0.7289428469390153,0.7309352834393805,0.7059836001298524
96709,0.6781107834609846,0.6947666780172245,0.695427931947011,0.697253968104345,0.672626103295029
96710,0.7112791497021879,0.7276228800476217,0.7289428469390153,0.7309352834393805,0.7059836001298524
96711,0.6781586615833117,0.6948112884395657,0.6954724150687072,0.6972981006287493,0.672675083997828
96713,0.6781167703804741,0.6947722563115829,0.6954334943225116,0.6972594866379188,0.6726322280926211
96714,0.6781167703804741,0.6947722563115829,0.6954334943225116,0.6972594866379188,0.6726322280926211
96717,0.6781107834609846,0.6947666780172245,0.695427931947011,0.697253968104345,0.672626103295029
96719,0.6697652342174769,0.6866433768966579,0.6870007831270181,0.6888209709600936,0.6647281151649406
96720,0.6666076922518316,0.68385403291757,0.6842098977675731,0.6866707098346353,0.6628595505006563
96721,0.6781107834609846,0.6947666780172245,0.695427931947011,0.697253968104345,0.672626103295029
96722,0.7109519954795831,0.7273193035920078,0.7286411401558369,0.7306363893042687,0.7056486318896906
96723,0.73248880128137,0.7483071600766155,0.7491182658882934,0.7507266826127639,0.726264242000687
96724,0.7086733765484295,0.7252052642079954,0.7265401486339702,0.728555025567961,0.7033154531332444
96725,0.7535533757336205,0.7685217146746729,0.7701995896302672,0.7735291226228694,0.7463377747335171
96726,0.7535533757336205,0.7685217146746729,0.7701995896302672,0.7735291226228694,0.7463377747335171
96727,0.6665389610449846,0.6837900508563062,0.6841460117979131,0.686607486289336,0.6627897625615088
96728,0.6665327088733712,0.6837842307236114,0.6841402004067977,0.6866017351597695,0.6627834142561263
96729,0.6697467551877162,0.6866261553257512,0.6869835876798355,0.6888039082388842,0.6647092515588455
96730,0.6697467551877162,0.6866261553257512,0.6869835876798355,0.6888039082388842,0.6647092515588455
96731,0.6696974497632102,0.6865802052425155,0.6869377073034408,0.6887583820195643,0.6646589199417641
96732,0.6665264560548008,0.6837784099937217,0.6841343884194839,0.6865959834408669,0.6627770652925811
96733,0.6924158420186173,0.7094573051141504,0.709136186026925,0.7139756646283012,0.6874176365882233
96734,0.6665264560548008,0.6837784099937217,0.6841343884194839,0.6865959834408669,0.6627770652925811
96735,0.6665264560548008,0.6837784099937217,0.6841343884194839,0.6865959834408669,0.6627770652925811
96736,0.6665264560548008,0.6837784099937217,0.6841343884194839,0.6865959834408669,0.6627770652925811
96737,0.6665389610449846,0.6837900508563062,0.6841460117979131,0.686607486289336,0.6627897625615088
96738,0.6925055694432211,0.7095405808729204,0.7092195812084644,0.7140572685463519,0.6875093015754008
96739,0.6925055694432211,0.7095405808729204,0.7092195812084644,0.7140572685463519,0.6875093015754008
96740,0.6665646610153533,0.6841876410489178,0.6837880760640129,0.6862573138929657,0.6621563553273936
96741,0.6924719388509778,0.7095093683001297,0.7091883238770105,0.7140266825664066,0.6874749448088185
96742,0.6924719388509778,0.7095093683001297,0.7091883238770105,0.7140266825664066,0.6874749448088185
96743,0.6665646610153533,0.6841876410489178,0.6837880760640129,0.6862573138929657,0.6621563553273936
96744,0.7111755173294931,0.7275267149802875,0.7288472740264782,0.7308406013400611,0.7058774930437358
96745,0.7112739730694274,0.7276180763899807,0.72893807285843,0.730930553853365,0.7059782998920603
96746,0.7100216034312569,0.7264560352626496,0.727783194024521,0.7297864494805139,0.7046959909649447
96747,0.7535533757336205,0.7685217146746729,0.7701995896302672,0.7735291226228694,0.7463377747335171
96748,0.6665264560548008,0.6837784099937217,0.6841343884194839,0.6865959834408669,0.6627770652925811
96749,0.6665264560548008,0.6837784099937217,0.6837764450947422,0.6862458038256861,0.6621436363195776
96750,0.6665264560548008,0.6837784099937217,0.6837764450947422,0.6862458038256861,0.6621436363195776
96751,0.6665264560548008,0.6837784099937217,0.6837764450947422,0.6862458038256861,0.6621436363195776
96752,0.6774178012246495,0.6938681569716584,0.6949725366070832,0.6977900274350268,0.6731557490206902
96753,0.6774178012246495,0.6938681569716584,0.6949725366070832,0.6977900274350268,0.6731557490206902
96754,0.6774178012246495,0.6938681569716584,0.6949725366070832,0.6977900274350268,0.6731557490206902
96755,0.7704033115924778,0.7877129833615972,0.78548828958762,0.7897608226825897,0.7645277233873697
96756,0.7758271087825703,0.7929693695843958,0.7901439932521427,0.7950396318191956,0.7691390540772576
96757,0.7758271087825703,0.7929693695843958,0.7901439932521427,0.7950396318191956,0.7691390540772576
96758,0.7758271087825703,0.7929693695843958,0.7901439932521427,0.7950396318191956,0.7691390540772576
96759,0.8122230775835813,0.8288859004061643,0.8261692503397032,0.8309076119451632,0.8062576201900226
96760,0.8122230775835813,0.8288859004061643,0.8261692503397032,0.8309076119451632,0.8062576201900226
96761,0.8268712498131644,0.8492846241105542,0.8317230244126832,0.8408371308190712,0.8197117899595913
96762,0.8271221990164902,0.8494988066742665,0.8319658907164182,0.8410650001769114,0.8199747953989582
96763,0.8273002215964664,0.849650753773291,0.8321381810033631,0.8412266544727351,0.8201613678689077
96765,0.7109519954795831,0.7273193035920078,0.7286411401558369,0.7306363893042687,0.7056486318896906
96766,0.7086421882447514,0.7243583875961752,0.7273198237369838,0.7302970593030188,0.7045273511540379
96767,0.6673722369180405,0.6852240815974137,0.6846911352408563,0.6872469617873564,0.6616989737942658
96769,0.7109519954795831,0.7273193035920078,0.7286411401558369,0.7306363893042687,0.7056486318896906
96770,0.6781586615833117,0.6948112884395657,0.6954724150687072,0.6972981006287493,0.672675083997828
96771,0.7109519954795831,0.7273193035920078,0.7286411401558369,0.7306363893042687,0.7056486318896906
96772,0.7109519954795831,0.7273193035920078,0.7286411401558369,0.7306363893042687,0.7056486318896906
96774,0.6781586615833117,0.6948112884395657,0.6954724150687072,0.6972981006287493,0.672675083997828
96775,0.6773099724230255,0.6937675897891976,0.694872447653981,0.6976911533920314,0.6730459953928262
96776,0.6773099724230255,0.6937675897891976,0.694872447653981,0.6976911533920314,0.6730459953928262
96777,0.6746951197527238,0.6935463755734401,0.6921650516806955,0.6960053676727914,0.6719475184674812
96778,0.6745741601464981,0.693434677257963,0.6920526876470929,0.695894849538227,0.6718251764308529
96779,0.6745499382945798,0.6934123102005678,0.6920301872654719,0.6958727188365421,0.6718006777097426
96780,0.666501438309669,0.6837551211010519,0.6841111345070902,0.6865729706707584,0.6627516628554676
96781,0.6665389610449846,0.6837900508563062,0.6841460117979131,0.686607486289336,0.6627897625615088
96782,0.6774835983503537,0.6939295237614516,0.6950336116231774,0.6978503612168472,0.6732227204666922
96783,0.6774835983503537,0.6939295237614516,0.6950336116231774,0.6978503612168472,0.6732227204666922
96784,0.7011664475661703,0.7194217635340926,0.7182749855333007,0.723380690630165,0.6972859296548922
96785,0.7011664475661703,0.7194217635340926,0.7182749855333007,0.723380690630165,0.6972859296548922
96786,0.7011664475661703,0.7194217635340926,0.7182749855333007,0.723380690630165,0.6972859296548922
96787,0.7011664475661703,0.7194217635340926,0.7182749855333007,0.723380690630165,0.6972859296548922
96788,0.7011664475661703,0.7194217635340926,0.7182749855333007,0.723380690630165,0.6972859296548922
96789,0.6746951197527238,0.6935463755734401,0.6921650516806955,0.6960053676727914,0.6719475184674812
96790,0.6665452125697043,0.6837958703918626,0.6841518225928876,0.6866132368296228,0.6627961102087939
96791,0.6665646610153533,0.6841876410489178,0.6837880760640129,0.6862573138929657,0.6621563553273936
96792,0.6665646610153533,0.6841876410489178,0.6837880760640129,0.6862573138929657,0.6621563553273936
96793,0.8268712498131644,0.8492846241105542,0.8317230244126832,0.8408371308190712,0.8197117899595913
96794,0.8268712498131644,0.8492846241105542,0.8317230244126832,0.8408371308190712,0.8197117899595913
96795,0.7086997578112827,0.7244119912535677,0.7273726944381443,0.7303491976055747,0.7045859808454615
96796,0.7086997578112827,0.7244119912535677,0.7273726944381443,0.7303491976055747,0.7045859808454615
96797,0.7086997578112827,0.7244119912535677,0.7273726944381443,0.7303491976055747,0.7045859808454615
96798,0.7086997578112827,0.7244119912535677,0.7273726944381443,0.7303491976055747,0.7045859808454615
96799,0.7086997578112827,0.7244119912535677,0.7273726944381443,0.7303491976055747,0.7045859808454615
96800,0.7086997578112827,0.7244119912535677,0.7273726944381443,0.7303491976055747,0.7045859808454615
96801,0.6664889255536993,0.6837434730700422,0.6840995039722036,0.6865614607482093,0.6627389576862373
96802,0.6664638922723972,0.6837201698363637,0.6840762357427457,0.6865384338258512,0.6627135394438183
96803,0.6664826682046399,0.6837376481581667,0.684093687809886,0.6865557049023626,0.6627326041137251
96804,0.6664325860979475,0.6836910273426409,0.6840471370267611,0.6865096368983534,0.6626817518154892
96805,0.6664325860979475,0.6836910273426409,0.6840471370267611,0.6865096368983534,0.6626817518154892
96806,0.6664325860979475,0.6836910273426409,0.6840471370267611,0.6865096368983534,0.6626817518154892
96807,0.6665076937167073,0.6837609442203014,0.6841169488797747,0.6865787247475739,0.6627580144523165
96808,0.6665327088733712,0.6837842307236114,0.6841402004067977,0.6866017351597695,0.6627834142561263
96809,0.6745741601464981,0.693434677257963,0.6920526876470929,0.695894849538227,0.6718251764308529
96810,0.6745741601464981,0.693434677257963,0.6920526876470929,0.695894849538227,0.6718251764308529
96811,0.67463467111318,0.6934905549386997,0.6921088983749146,0.6959501367958487,0.6718863790115812
96812,0.6745499382945798,0.6934123102005678,0.6920301872654719,0.6958727188365421,0.6718006777097426
96813,0.6745499382945798,0.6934123102005678,0.6920301872654719,0.6958727188365421,0.6718006777097426
96814,0.6745499382945798,0.6934123102005678,0.6920301872654719,0.6958727188365421,0.6718006777097426
96815,0.6745499382945798,0.6934123102005678,0.6920301872654719,0.6958727188365421,0.6718006777097426
96816,0.6745499382945798,0.6934123102005678,0.6920301872654719,0.6958727188365421,0.6718006777097426
96817,0.6745499382945798,0.6934123102005678,0.6920301872654719,0.6958727188365421,0.6718006777097426
96818,0.6664826682046399,0.6837376481581667,0.684093687809886,0.6865557049023626,0.6627326041137251
96819,0.7087102181048801,0.7244217309897772,0.7273823010042967,0.73035867110273,0.7045966337495163
96821,0.6745741601464981,0.693434677257963,0.6920526876470929,0.695894849538227,0.6718251764308529
96822,0.6745741601464981,0.693434677257963,0.6920526876470929,0.695894849538227,0.6718251764308529
96824,0.6745741601464981,0.693434677257963,0.6920526876470929,0.695894849538227,0.6718251764308529
96825,0.6745741601464981,0.693434677257963,0.6920526876470929,0.695894849538227,0.6718251764308529
96826,0.6745741601464981,0.693434677257963,0.6920526876470929,0.695894849538227,0.6718251764308529
96828,0.732644965214434,0.748451822888999,0.7492623487074374,0.7508696180616895,0.7264250334088036
96829,0.7100216034312569,0.7264560352626496,0.727783194024521,0.7297864494805139,0.7046959909649447
96830,0.7100216034312569,0.7264560352626496,0.727783194024521,0.7297864494805139,0.7046959909649447
96831,0.7086733765484295,0.7252052642079954,0.7265401486339702,0.728555025567961,0.7033154531332444
96832,0.7097504747673582,0.7287006675850743,0.7265202865844467,0.7328452004697963,0.7070120864514122
96833,0.7066320875139697,0.725639548836658,0.7240953015158844,0.7296574794676294,0.7038430969663187
96834,0.6665076937167073,0.6837609442203014,0.6841169488797747,0.6865787247475739,0.6627580144523165
96835,0.7086264763016369,0.7243437581003005,0.7265922799151089,0.7292710025721149,0.7045113498604316
96836,0.7080389797316259,0.7246587818201705,0.7258031058365003,0.7284916558525606,0.7036603882074233
96837,0.7086733765484295,0.7252052642079954,0.7265401486339702,0.728555025567961,0.7033154531332444
96838,0.7086733765484295,0.7252052642079954,0.7265401486339702,0.728555025567961,0.7033154531332444
96840,0.7083165012348348,0.7240551441431313,0.7270207280245053,0.730002108130729,0.7041956645373773
96841,0.7086421882447514,0.7243583875961752,0.7273198237369838,0.7302970593030188,0.7045273511540379
96842,0.666501438309669,0.6837551211010519,0.6841111345070902,0.6865729706707584,0.6627516628554676
96843,0.7086264763016369,0.7243437581003005,0.7273053942913502,0.7302828297550168,0.7045113498604316
96844,0.7086264763016369,0.7243437581003005,0.7273053942913502,0.7302828297550168,0.7045113498604316
96845,0.7086264763016369,0.7243437581003005,0.7273053942913502,0.7302828297550168,0.7045113498604316
96846,0.666457632333082,0.6837143425335115,0.6840704171934442,0.6865326756205007,0.6627071832361748
96847,0.666520202589209,0.6837725886665783,0.6841285758359138,0.6865902311325712,0.6627707156708079
96848,0.666520202589209,0.6837725886665783,0.6841285758359138,0.6865902311325712,0.6627707156708079
96849,0.8149536868694501,0.8344701514822188,0.8215554272720412,0.8289657603953214,0.8053717091019899
96850,0.67463467111318,0.6934905549386997,0.6921088983749146,0.6959501367958487,0.6718863790115812
96851,0.67463467111318,0.6934905549386997,0.6921088983749146,0.6959501367958487,0.6718863790115812
96852,0.67463467111318,0.6934905549386997,0.6921088983749146,0.6959501367958487,0.6718863790115812
96853,0.6745499382945798,0.6934123102005678,0.6920301872654719,0.6958727188365421,0.6718006777097426
96854,0.7133019569664282,0.7304409322027104,0.7317375604029329,0.7353950146769771,0.7097291154839211
96855,0.7087049882233789,0.7244168613670942,0.727377497963001,0.7303539345923044,0.70459130756815
96856,0.7087049882233789,0.7244168613670942,0.727377497963001,0.7303539345923044,0.70459130756815
96857,0.8271221990164902,0.8494988066742665,0.8319658907164182,0.8410650001769114,0.8199747953989582
96858,0.6664638922723972,0.6837201698363637,0.6840762357427457,0.6865384338258512,0.6627135394438183
96859,0.6664638922723972,0.6837201698363637,0.6840762357427457,0.6865384338258512,0.6627135394438183
96860,0.6664638922723972,0.6837201698363637,0.6840762357427457,0.6865384338258512,0.6627135394438183
96861,0.666457632333082,0.6837143425335115,0.6840704171934442,0.6865326756205007,0.6627071832361748
96862,0.7085950380678553,0.7243144858362184,0.7272765223247211,0.7302543577799395,0.7044793326354888
96863,0.7098848963184925,0.7290831515091848,0.726681100577639,0.7326752205522221,0.7072263405947757
96864,0.7098848963184925,0.7290831515091848,0.726681100577639,0.7326752205522221,0.7072263405947757
96865,0.7098848963184925,0.7290831515091848,0.726681100577639,0.7326752205522221,0.7072263405947757
96866,0.7120666455421889,0.7304933155990163,0.7289898333135765,0.7336758580654561,0.7091298249552365
96867,0.7120666455421889,0.7304933155990163,0.7289898333135765,0.7336758580654561,0.7091298249552365
96868,0.7120666455421889,0.7304933155990163,0.7289898333135765,0.7336758580654561,0.7091298249552365
96869,0.7119005924949915,0.7304933155990163,0.7289898333135765,0.7336758580654561,0.7091298249552365
96870,0.7119005924949915,0.7304933155990163,0.7289898333135765,0.7336758580654561,0.7091298249552365
96871,0.6664826682046399,0.6837376481581667,0.684093687809886,0.6865557049023626,0.6627326041137251
96872,0.7085950380678553,0.7243144858362184,0.7272765223247211,0.7302543577799395,0.7044793326354888
96873,0.7085950380678553,0.7243144858362184,0.7272765223247211,0.7302543577799395,0.7044793326354888
96874,0.708500608489445,0.7242265627773536,0.7271898017355454,0.7301688387372774,0.704383163759785
96875,0.7084217853843383,0.724153171652383,0.7271174144785906,0.7300974545727325,0.7043028885736096
96876,0.7083165012348348,0.7240551441431313,0.7270207280245053,0.730002108130729,0.7041956645373773
96877,0.7083165012348348,0.7240551441431313,0.7270207280245053,0.730002108130729,0.7041956645373773
96878,0.7083165012348348,0.7240551441431313,0.7270207280245053,0.730002108130729,0.7041956645373773
96879,0.7084480730763838,0.7241776476853087,0.7271415557058345,0.7301212612534672,0.7043296605623243
96880,0.7086264763016369,0.7243437581003005,0.7273053942913502,0.7302828297550168,0.7045113498604316
96881,0.7087049882233789,0.7244168613670942,0.727377497963001,0.7303539345923044,0.70459130756815
96882,0.7123054883431879,0.7311281921465533,0.7297140530206143,0.7345048898184564,0.7097926042416675
96883,0.7131890082314445,0.7303365531378935,0.7316338174567505,0.7352930570446109,0.7096143414740305
96884,0.7131633029657216,0.7303127984127882,0.7316102075166335,0.7352698534529138,0.709588220751872
96885,0.7131633029657216,0.7303127984127882,0.7316102075166335,0.7352698534529138,0.709588220751872
96886,0.7131118533910678,0.730265253132988,0.7315629520433177,0.7352234113387425,0.7095359395731278
96887,0.7085688249200738,0.7242900787588912,0.727252449029327,0.7302306180108643,0.7044526366993642
96888,0.7083165012348348,0.7240551441431313,0.7270207280245053,0.730002108130729,0.7041956645373773
96889,0.7086369514616382,0.7243535115889976,0.7273150144059268,0.7302923165972377,0.7045220179315048
96890,0.7086369514616382,0.7243535115889976,0.7273150144059268,0.7302923165972377,0.7045220179315048
96891,0.7086107595764526,0.7243291241807223,0.7272909604876631,0.7302685959143836,0.7044953436880407
96892,0.7083165012348348,0.7240551441431313,0.726213912404391,0.7288973450634323,0.7041144413506044
96893,0.7084843215419484,0.7250717750384338,0.726213912404391,0.7288973450634323,0.7041144413506044
96894,0.7084217853843383,0.724153171652383,0.7271174144785906,0.7300974545727325,0.7043028885736096
96895,0.7084217853843383,0.724153171652383,0.7271174144785906,0.7300974545727325,0.7043028885736096
96896,0.7084217853843383,0.724153171652383,0.7271174144785906,0.7300974545727325,0.7043028885736096
96897,0.7157610276833111,0.7346149191822394,0.733044246600562,0.7397065696788625,0.7125041630709642
96898,0.7118747136211074,0.7324671590275795,0.7296097591718823,0.7346906939725062,0.7100582161493414
96899,0.8356755594604882,0.8578918577134184,0.8402915786703711,0.8492918303457953,0.8274514201796552
96900,0.9185421951424383,0.9386474408889386,0.9184180338951208,0.9310195744743027,0.9118055301444972
96901,0.9185421951424383,0.9386474408889386,0.9184180338951208,0.9310195744743027,0.9118055301444972
96902,0.9148102766150122,0.9383610066325151,0.9129015776725984,0.9260158118722772,0.9088729091584871
96903,0.9148102766150122,0.9383610066325151,0.9129015776725984,0.9260158118722772,0.9088729091584871
96904,0.8356604722896815,0.8620861924259827,0.8341585979721082,0.8488560165999388,0.8297267203288969
96907,0.7966524525583575,0.8173751836776337,0.793011787290993,0.8094420129827123,0.7862919566482086
96908,0.914894976522198,0.9384211196477013,0.9129883120332011,0.9260886954995504,0.9089639586541507
96909,0.7086107595764526,0.7243291241807223,0.7272909604876631,0.7302685959143836,0.7044953436880407
96910,0.7086107595764526,0.7243291241807223,0.7272909604876631,0.7302685959143836,0.7044953436880407
96911,0.7086264763016369,0.7243437581003005,0.7273053942913502,0.7302828297550168,0.7045113498604316
96912,0.7083165012348348,0.7240551441431313,0.7270207280245053,0.730002108130729,0.7041956645373773
96913,0.7116608343045627,0.7305370532593481,0.7291189654146782,0.7339231337619002,0.7091406454762484
96914,0.7116608343045627,0.7305370532593481,0.7291189654146782,0.7339231337619002,0.7091406454762484
96915,0.7116608343045627,0.7305370532593481,0.7291189654146782,0.7339231337619002,0.7091406454762484
96916,0.708500608489445,0.7242265627773536,0.7271898017355454,0.7301688387372774,0.704383163759785
96918,0.7083165012348348,0.7240551441431313,0.7270207280245053,0.730002108130729,0.7041956645373773
96919,0.7083165012348348,0.7240551441431313,0.7270207280245053,0.730002108130729,0.7041956645373773
96920,0.7083165012348348,0.7240551441431313,0.7270207280245053,0.730002108130729,0.7041956645373773
96921,0.7131633029657216,0.7303127984127882,0.7316102075166335,0.7352698534529138,0.709588220751872
96923,0.7066320875139697,0.725639548836658,0.7240953015158844,0.7296574794676294,0.7038430969663187
96926,0.7243280982494239,0.7414876663009582,0.741711361327914,0.7448599233986912,0.7207397514172907
96927,0.7246434362186329,0.7417783900571511,0.7420017698047556,0.7451459091588649,0.7210603464406125
96928,0.7247415635877893,0.7418688605009834,0.7420921421688462,0.745234905658158,0.7211601090898805
96929,0.7243280982494239,0.7414876663009582,0.741711361327914,0.7448599233986912,0.7207397514172907
96930,0.7243280982494239,0.7414876663009582,0.741711361327914,0.7448599233986912,0.7207397514172907
96931,0.7243280982494239,0.7414876663009582,0.741711361327914,0.7448599233986912,0.7207397514172907
96932,0.7243280982494239,0.7414876663009582,0.741711361327914,0.7448599233986912,0.7207397514172907
96933,0.7243280982494239,0.7414876663009582,0.741711361327914,0.7448599233986912,0.7207397514172907
96934,0.7243280982494239,0.7414876663009582,0.741711361327914,0.7448599233986912,0.7207397514172907
96935,0.7080389797316259,0.7246587818201705,0.7258031058365003,0.7284916558525606,0.7036603882074233
96936,0.7080389797316259,0.7246587818201705,0.7258031058365003,0.7284916558525606,0.7036603882074233
96937,0.7080389797316259,0.7246587818201705,0.7258031058365003,0.7284916558525606,0.7036603882074233
96938,0.8411919215062853,0.8626940182565517,0.8492592236813431,0.8557507909010937,0.8338603194010475
96939,0.7118747136211074,0.7324671590275795,0.7296097591718823,0.7346906939725062,0.7100582161493414
96940,0.7103803714286556,0.7303290128192846,0.7277247408143732,0.7324378361576589,0.7076208852193654
96941,0.722505096902752,0.7405972214787131,0.740927953926821,0.7448049236759847,0.7201593927917295
96942,0.7118747136211074,0.7324671590275795,0.7296097591718823,0.7346906939725062,0.7100582161493414
96943,0.7103803714286556,0.7303290128192846,0.7277247408143732,0.7324378361576589,0.7076208852193654
96944,0.7118747136211074,0.7324671590275795,0.7296097591718823,0.7346906939725062,0.7100582161493414
96945,0.7118643584022929,0.7324577410853824,0.7296002135339605,0.7346813748869072,0.7100477763102025
96946,0.7118643584022929,0.7324577410853824,0.7296002135339605,0.7346813748869072,0.7100477763102025
96947,0.7118643584022929,0.7324577410853824,0.7296002135339605,0.7346813748869072,0.7100477763102025
96948,0.8122561521938916,0.8288072529909735,0.8272876053715779,0.8305650621361712,0.8070099645637935
96949,0.7215072760621818,0.7398282609252392,0.7397298103189642,0.7432228022286188,0.7183358724863277
96950,0.7440400934663823,0.7608713350008721,0.7625944256794923,0.7646590984072413,0.7399004405250542
96951,0.7440400934663823,0.7608713350008721,0.7625944256794923,0.7646590984072413,0.7399004405250542
96952,0.7440400934663823,0.7608713350008721,0.7625944256794923,0.7646590984072413,0.7399004405250542
96953,0.7950681551703206,0.8195629923328038,0.7932053584997226,0.8078560890669226,0.7865118765563073
96954,0.7950681551703206,0.8195629923328038,0.7932053584997226,0.8078560890669226,0.7865118765563073
96955,0.8210442272526057,0.8420445743740941,0.8179590136576962,0.8332654597417021,0.8116611812118827
96956,0.8004009785939643,0.8210903155291638,0.798363510314633,0.8139344502658736,0.791185125821377
96957,0.7966524525583575,0.8173751836776337,0.793011787290993,0.8094420129827123,0.7862919566482086
96958,0.7355930195811077,0.7547935439569365,0.7533075030995624,0.7594126459481173,0.7340869751706915
96959,0.7355930195811077,0.7547935439569365,0.7533075030995624,0.7594126459481173,0.7340869751706915
96960,0.7320577877661193,0.7506956883946156,0.7498554445251178,0.7558299600699089,0.7299290400008378
96961,0.8356604722896815,0.8620861924259827,0.8341585979721082,0.8488560165999388,0.8297267203288969
96962,0.8356604722896815,0.8620861924259827,0.8341585979721082,0.8488560165999388,0.8297267203288969
96963,0.8177950783958847,0.8398218653315913,0.8160376270004303,0.8307572872309668,0.8089271622219216
96964,0.792897009124177,0.814613554078,0.8092085863768502,0.8154114732915797,0.7925818130518137
96965,0.7527696020518893,0.7733972994148632,0.7698739488390072,0.7763363721337552,0.7502093238489548
96966,0.7426801497153254,0.7628208668086291,0.7593554451013028,0.7661440372949407,0.7404141882106342
96967,0.7402046328971457,0.7582035030037089,0.7570238955188118,0.7607760926622715,0.7369452240828026
96968,0.8692643701820281,0.8907587114740316,0.8756237452889162,0.8822838086589619,0.8620653433959533
96969,0.7236002832439273,0.7420691791831107,0.7419460893596546,0.7468181134389728,0.721766096438973
96970,0.7564234739617799,0.7748329031429122,0.7735231716693983,0.7785570901308866,0.7543961194459369
96971,0.7564234739617799,0.7748329031429122,0.7735231716693983,0.7785570901308866,0.7543961194459369
96972,0.7236002832439273,0.7420691791831107,0.7419460893596546,0.7468181134389728,0.721766096438973
96973,0.722505096902752,0.7405972214787131,0.740927953926821,0.7448049236759847,0.7201593927917295
96974,0.8355551535856985,0.852691985935393,0.8506062286915647,0.8535911883434457,0.8299135869562921
96975,0.8306445651226274,0.8485781188001366,0.8436008113504465,0.8474159846818955,0.8243994912698512
96976,0.78735803321647,0.8042292772716172,0.8046159877405206,0.8065518277637695,0.7826032641428167
96977,0.7422552455397007,0.7624368026859422,0.7589644689310606,0.7655048016892148,0.7399845860978688
96978,0.7422552455397007,0.7624368026859422,0.7589644689310606,0.7657665577973306,0.7399845860978688
96979,0.7512253125665918,0.7719492088555614,0.7687950186229306,0.7750051872730077,0.7491287260297603
96980,0.7420084119851852,0.7629752644275097,0.7588435881110795,0.7652807132062032,0.7407178788620211
96981,0.8230522060816049,0.8425691056633816,0.8394157292251857,0.8442674028811116,0.8214899447973263
96982,0.792897009124177,0.814613554078,0.8092085863768502,0.8154114732915797,0.7925818130518137
96983,0.8230522060816049,0.8425691056633816,0.8394157292251857,0.8442674028811116,0.8214899447973263
96984,0.7981505229930647,0.8163614860870058,0.8142098704775564,0.8194106266526701,0.7961432558045181
96985,0.7981505229930647,0.8163614860870058,0.8142098704775564,0.8194106266526701,0.7961432558045181
96986,0.8232300307340754,0.8400452809708344,0.8398747686493616,0.8421639797847073,0.819543187555137
96987,0.799009437618629,0.8145390093272141,0.8170164550466584,0.8194103612880481,0.7950049460772848
96988,0.7526993434096491,0.773334161400965,0.7698096146307555,0.7762742257892042,0.7501381612097793
96989,0.7526993434096491,0.773334161400965,0.7698096146307555,0.7762742257892042,0.7501381612097793
96990,0.8386712304067555,0.859965172113693,0.8370593364504213,0.8515312984648549,0.8299594579263236
96991,0.8386712304067555,0.859965172113693,0.8370593364504213,0.8515312984648549,0.8299594579263236
96992,0.8386712304067555,0.859965172113693,0.8370593364504213,0.8515312984648549,0.8299594579263236
96993,0.7422603213632958,0.7632020527414007,0.7590752452397219,0.7655048016892148,0.7409713688155826
96994,0.7320577877661193,0.7506956883946156,0.7498554445251178,0.7558299600699089,0.7299290400008378
96995,0.7420084119851852,0.7629752644275097,0.7588435881110795,0.7652807132062032,0.7407178788620211
96996,0.7531021332965584,0.7741148143589176,0.7712700518693271,0.7775095391195948,0.7516913765158098
96997,0.792897009124177,0.814613554078,0.8092085863768502,0.8154114732915797,0.7925818130518137
96998,0.7783272336990613,0.797601911391404,0.7950781253064699,0.8006684402552079,0.7759229147029842
96999,0.7360468296074196,0.757557570912235,0.7541492125303761,0.7598303726957027,0.7356881144573822
97000,0.7417274018427307,0.7627222886630171,0.7585851791289593,0.7650307501942151,0.74043510473949
97001,0.7780960150670932,0.797394557121556,0.7948676951666953,0.8004648039591463,0.7756886577418004
97002,0.7780960150670932,0.797394557121556,0.7948676951666953,0.8004648039591463,0.7756886577418004
97003,0.7469412696250407,0.765404825327799,0.7636775123317943,0.7694159891158746,0.7445929032809957
97004,0.8304352947964102,0.8505282964998783,0.8273242454152051,0.843185796645196,0.8198013654009646
97005,0.8004009785939643,0.8210903155291638,0.798363510314633,0.8139344502658736,0.791185125821377
97006,0.7743350008960017,0.7939640953947414,0.7916633738846737,0.7983250178942152,0.7719561216199811
97007,0.7743350008960017,0.7939640953947414,0.7916633738846737,0.7983250178942152,0.7719561216199811
97008,0.7360563058198774,0.7575660942410947,0.7541578841491626,0.7598387976887918,0.7356976069100466
97009,0.7527739895200155,0.7734012422429052,0.7698779663626029,0.7763402530375305,0.7502137677657245
97010,0.7529054115737112,0.7735193468992095,0.7699983082478498,0.7764565029739526,0.7503468804839815
97011,0.7232364917598276,0.7452312291835981,0.7405867879220639,0.7472245079341302,0.7230140787768076
97012,0.7420084119851852,0.7629752644275097,0.7588435881110795,0.7652807132062032,0.7407178788620211
97013,0.7417274018427307,0.7627056063496637,0.7585851791289593,0.7650307501942151,0.7402852649307674
97014,0.7425526359215242,0.7627056063496637,0.7592381107544838,0.7660307525027739,0.7402852649307674
97015,0.8343431415084007,0.8545388929858186,0.8513231875730959,0.8550681086023525,0.8329651274009597
97016,0.7119005924949915,0.7324906956097358,0.7296336148717681,0.7347139835070772,0.7100843064919374
97018,0.7528875862920311,0.7739224350270629,0.7710747239370879,0.7773206574661801,0.751475308352659
97019,0.7615376835747251,0.7829675897755453,0.7788995114785525,0.7853066250139237,0.7597267923230332
97020,0.7861562943931547,0.8076067658654719,0.8036387269497971,0.8100309927039495,0.785045584529946
97022,0.7527696020518893,0.7733972994148632,0.7698739488390072,0.7763363721337552,0.7502093238489548
97023,0.7527696020518893,0.7733972994148632,0.7698739488390072,0.7763363721337552,0.7502093238489548
97024,0.7527696020518893,0.7733972994148632,0.7698739488390072,0.7763363721337552,0.7502093238489548
97026,0.7527696020518893,0.7733972994148632,0.7698739488390072,0.7763363721337552,0.7502093238489548
97028,0.7527696020518893,0.7733972994148632,0.7698739488390072,0.7763363721337552,0.7502093238489548
97029,0.7527696020518893,0.7733972994148632,0.7698739488390072,0.7763363721337552,0.7502093238489548
97031,0.7360468296074196,0.757557570912235,0.7541492125303761,0.7598303726957027,0.7356881144573822
97032,0.7360468296074196,0.757557570912235,0.7541492125303761,0.7598303726957027,0.7356881144573822
97033,0.7359899325806355,0.7575063954752859,0.7540971466917356,0.7597797877114223,0.7356311199155733
97034,0.7359899325806355,0.7575063954752859,0.7540971466917356,0.7597797877114223,0.7356311199155733
97035,0.7359899325806355,0.7575063954752859,0.7540971466917356,0.7597797877114223,0.7356311199155733
97036,0.7232364917598276,0.7452312291835981,0.7405867879220639,0.7472245079341302,0.7230140787768076
97037,0.7360468296074196,0.757557570912235,0.7541492125303761,0.7598303726957027,0.7356881144573822
97038,0.7419716554244822,0.7629421741285288,0.7588097872559982,0.7652480169178317,0.7406808916188988
97039,0.7419716554244822,0.7629421741285288,0.7588097872559982,0.7652480169178317,0.7406808916188988
97040,0.7761155010983729,0.7951123293844257,0.7948155091357404,0.7983580186626689,0.7735702739867959
97041,0.7955583480937576,0.8164917098641024,0.8130098328443629,0.8164912216183753,0.7927552396503551
97042,0.7419716554244822,0.7629421741285288,0.7588097872559982,0.7652480169178317,0.7406808916188988
97043,0.8066408513292131,0.8262446305734246,0.8243797335512938,0.8298398114124445,0.8054463305452323
97044,0.8066408513292131,0.8262446305734246,0.8243797335512938,0.8298398114124445,0.8054463305452323
97045,0.7232364917598276,0.7452312291835981,0.7405867879220639,0.7472245079341302,0.7230140787768076
97046,0.8172897732605573,0.8356086529548439,0.8335531124788955,0.8377921295586009,0.8149299639398845
97047,0.7320577877661193,0.7506956883946156,0.7498554445251178,0.7558299600699089,0.7299290400008378
97048,0.7528875862920311,0.7739224350270629,0.7710747239370879,0.7773206574661801,0.751475308352659
97049,0.7529010371320517,0.7735154156915034,0.7699943025791715,0.7764526334965289,0.7503424497738986
97050,0.7528875862920311,0.7735154156915034,0.7699943025791715,0.7764526334965289,0.7503424497738986
97051,0.7359662053627707,0.7574850544242091,0.7540754343047386,0.7597586929040575,0.7356073520290918
97052,0.7359662053627707,0.7574850544242091,0.7540754343047386,0.7597586929040575,0.7356073520290918
97053,0.7359662053627707,0.7574850544242091,0.7540754343047386,0.7597586929040575,0.7356073520290918
97054,0.7359804431145209,0.7574978603225663,0.754088463028321,0.7597713510405261,0.7356216141846501
97055,0.7359804431145209,0.7574978603225663,0.754088463028321,0.7597713510405261,0.7356216141846501
97056,0.7783195483250221,0.7975950191107465,0.7950711308023684,0.800661671538403,0.7759151283574673
97057,0.7783195483250221,0.7975950191107465,0.7950711308023684,0.800661671538403,0.7759151283574673
97058,0.7426801497153254,0.7628208668086291,0.7593554451013028,0.7661440372949407,0.7404141882106342
97059,0.8177950783958847,0.8398218653315913,0.8160376270004303,0.8307572872309668,0.8089271622219216
97060,0.7528744168898067,0.7739106265569906,0.7710627344482804,0.7773090637220993,0.7514620455601084
97061,0.7527997163168295,0.773843646075213,0.7709947271186548,0.7772433012930264,0.7513868152113496
97062,0.735756894550428,0.7572967970587503,0.7538839006636044,0.7595726081194626,0.7353976823834201
97063,0.7357235103083773,0.7572667713824787,0.7538533523483771,0.7595429290160128,0.7353642408967276
97064,0.7358188320487142,0.7573525038940397,0.7539405770837821,0.7596276720011135,0.7354597260783421
97065,0.7358188320487142,0.7573525038940397,0.7539405770837821,0.7596276720011135,0.7354597260783421
97066,0.7357044231318035,0.7572496045165975,0.7538358866571678,0.7595259603071814,0.7353451209894795
97067,0.735756894550428,0.7572967970587503,0.7538839006636044,0.7595726081194626,0.7353976823834201
97068,0.735756894550428,0.7572967970587503,0.7538839006636044,0.7595726081194626,0.7353976823834201
97069,0.7357044231318035,0.7572496045165975,0.7538358866571678,0.7595259603071814,0.7353451209894795
97070,0.7357044231318035,0.7572496045165975,0.7538358866571678,0.7595259603071814,0.7353451209894795
97071,0.8238922660537144,0.844431622013378,0.8400168667685429,0.8463983651687359,0.8228607118885575
97072,0.8238922660537144,0.844431622013378,0.8400168667685429,0.8463983651687359,0.8228607118885575
97073,0.8084199720082531,0.8278155997579183,0.8259701916299808,0.831373390892951,0.8072383735510257
97074,0.8264114479028496,0.8471348370810706,0.8433643352671819,0.8470772485273826,0.8247738969803057
97075,0.8264114479028496,0.8471348370810706,0.8433643352671819,0.8470772485273826,0.8247738969803057
97076,0.7615376835747251,0.7829675897755453,0.7788995114785525,0.7853066250139237,0.7597267923230332
97077,0.7527909197430579,0.7738357586581261,0.7709867187757073,0.7772355573185288,0.7513779562479426
97078,0.7615376835747251,0.7829675897755453,0.7788995114785525,0.7853066250139237,0.7597267923230332
97079,0.7615376835747251,0.7829675897755453,0.7788995114785525,0.7853066250139237,0.7597267923230332
97080,0.7615376835747251,0.7829675897755453,0.7788995114785525,0.7853066250139237,0.7597267923230332
97081,0.8245184599708616,0.8431484278155973,0.8398027399956107,0.8420026254221155,0.8193965189386986
97082,0.7761155010983729,0.7951123293844257,0.7948155091357404,0.7983580186626689,0.7735702739867959
97083,0.7360563058198774,0.7575660942410947,0.7541578841491626,0.7598387976887918,0.7356976069100466
97084,0.7359851880843903,0.7575021281101881,0.7540928050752354,0.7597755695846263,0.7356263672873632
97085,0.8081836918993214,0.8277556789020202,0.8254039234795311,0.830344045378337,0.8062640181270896
97086,0.7910646797920696,0.8115625970317606,0.8092215319032898,0.8145169016740659,0.7894945362259715
97087,0.8081513852131026,0.8283218858881087,0.8253749720520563,0.8303160373868176,0.806231330834697
97088,0.7359851880843903,0.7575021281101881,0.7540928050752354,0.7597755695846263,0.7356263672873632
97090,0.7528875862920311,0.7739224350270629,0.7710747239370879,0.7773206574661801,0.751475308352659
97092,0.8082062607637541,0.8276268668640616,0.8257791197244302,0.8311891456100089,0.807023111876468
97093,0.8083521216115119,0.8277556789020202,0.8259095282298291,0.8313148946825659,0.8071700309677801
97094,0.8083521216115119,0.8277556789020202,0.8259095282298291,0.8313148946825659,0.8071700309677801
97096,0.7527909197430579,0.7738357586581261,0.7709867187757073,0.7772355573185288,0.7513779562479426
97097,0.7527909197430579,0.7738357586581261,0.7709867187757073,0.7772355573185288,0.7513779562479426
97098,0.7910646797920696,0.8115625970317606,0.8092215319032898,0.8145169016740659,0.7894945362259715
97099,0.7910646797920696,0.8115625970317606,0.8092215319032898,0.8145169016740659,0.7894945362259715
97100,0.8061203414530647,0.82578510903364,0.8239145029504971,0.8293912421152971,0.8049220334964957
97102,0.7528875862920311,0.7739224350270629,0.7710747239370879,0.7773206574661801,0.751475308352659
97103,0.7911511185206622,0.8116391026594418,0.8092991531197415,0.8145920062683326,0.7895817515260178
97104,0.7911043226706244,0.8115976842090423,0.8092571307302296,0.8145513462871334,0.7895345352718621
97105,0.8082062607637541,0.8276268668640616,0.8257791197244302,0.8311891456100089,0.807023111876468
97106,0.886489910406588,0.9057783147613467,0.8819060102998314,0.8983626908235364,0.8771789750968265
97107,0.8004009785939643,0.8210903155291638,0.798363510314633,0.8139344502658736,0.791185125821377
97108,0.8172897732605573,0.8356086529548439,0.8335531124788955,0.8377921295586009,0.8149299639398845
97109,0.8172897732605573,0.8356086529548439,0.8335531124788955,0.8377921295586009,0.8149299639398845
97110,0.7955583480937576,0.8164917098641024,0.8130098328443629,0.8164912216183753,0.7927552396503551
97111,0.7909888797145995,0.8114955084596934,0.8091534649544652,0.8144510418100638,0.789418055069217
97112,0.7909888797145995,0.8114955084596934,0.8091534649544652,0.8144510418100638,0.789418055069217
97113,0.7909888797145995,0.8114955084596934,0.8091534649544652,0.8144510418100638,0.789418055069217
97114,0.809830265405407,0.8295397773333292,0.8246011518943925,0.8279357103299578,0.8043681487207172
97115,0.7911043226706244,0.8115976842090423,0.8092571307302296,0.8145513462871334,0.7895345352718621
97116,0.8544452844392628,0.8743903048985705,0.8521411280758652,0.8666679711967784,0.8455646962737128
97117,0.8544452844392628,0.8743903048985705,0.8521411280758652,0.8666679711967784,0.8455646962737128
97118,0.8544452844392628,0.8743903048985705,0.8521411280758652,0.8666679711967784,0.8455646962737128
97119,0.8501405414158829,0.8727641172858508,0.8683043595402826,0.8734915879640369,0.8501013524609013
97120,0.8219035353242442,0.8457123198344189,0.8212128406805541,0.8354092142459326,0.8136040046556121
97121,0.8219035353242442,0.8457123198344189,0.8212128406805541,0.8354092142459326,0.8136040046556121
97122,0.8219035353242442,0.8457123198344189,0.8212128406805541,0.8354092142459326,0.8136040046556121
97123,0.8219035353242442,0.8457123198344189,0.8212128406805541,0.8354092142459326,0.8136040046556121
97124,0.8254280669307957,0.8465639644774665,0.844102847794443,0.8486217054046121,0.8247181873824483
97125,0.8254280669307957,0.8465639644774665,0.844102847794443,0.8486217054046121,0.8247181873824483
97126,0.8232117862117925,0.8465639644774665,0.8406602578291741,0.8464202367409517,0.8219040733223961
97127,0.9084694802044854,0.9262733251345139,0.9043492876707645,0.9203080464057358,0.8991576234492338
97128,0.9084694802044854,0.9262733251345139,0.9043492876707645,0.9203080464057358,0.8991576234492338
97129,0.9084694802044854,0.9262733251345139,0.9043492876707645,0.9203080464057358,0.8991576234492338
97130,0.8586065092042332,0.8792221917279082,0.8560900190322428,0.8715809044813236,0.8488103972525213
97131,0.8586065092042332,0.8792221917279082,0.8560900190322428,0.8715809044813236,0.8488103972525213
97132,0.8689049589556669,0.8886775542047519,0.8655269137943463,0.8823183251196596,0.8590883073413371
97133,0.9046150580343368,0.9282605908015359,0.9061362052584102,0.9176763582203982,0.8998999385613434
97134,0.9046150580343368,0.9282605908015359,0.9061362052584102,0.9176763582203982,0.8998999385613434
97135,0.868509445774605,0.8927819595585164,0.8734622229470169,0.8828407669553483,0.8626073180141878
97136,0.8787631107046385,0.9029561888444594,0.8819853276548402,0.8928709636598324,0.8744733171684194
97137,0.8626640269343744,0.8863387295954616,0.865181714503496,0.8762715433114399,0.8570846814071479
97138,0.809830265405407,0.8295397773333292,0.8246011518943925,0.8279357103299578,0.8043681487207172
97139,0.809830265405407,0.8295397773333292,0.8246011518943925,0.8279357103299578,0.8043681487207172
97140,0.8201328129068501,0.8443200381652729,0.8380661927164186,0.8418050882913861,0.8193238412725267
97141,0.8501405414158829,0.8727641172858508,0.8683043595402826,0.8734915879640369,0.8501013524609013
97142,0.8536435688621524,0.8766394968720564,0.8712745739962378,0.8764829623506609,0.8528430435619253
97143,0.868509445774605,0.8927819595585164,0.8734622229470169,0.8828407669553483,0.8626073180141878
97144,0.8612861266174529,0.8858331563995272,0.8647884999486749,0.8756731857729666,0.8559812466763612
97145,0.7964197821255881,0.8159854740316687,0.7909631971649974,0.8095258051590544,0.7829814193096469
97146,0.7964197821255881,0.8159854740316687,0.7909631971649974,0.8095258051590544,0.7829814193096469
97147,0.8501405414158829,0.8727641172858508,0.8683043595402826,0.8734915879640369,0.8501013524609013
97148,0.8224805096336232,0.8445910106386167,0.83557968078568,0.8398406110354313,0.8179716631843688
97149,0.7872950298467509,0.808296786455006,0.8039687175728704,0.8082592605084574,0.7828621388642828
97150,0.7843468704341747,0.8065072254152074,0.802931678670697,0.8047199730488049,0.7804634391436545
97151,0.8292013255900866,0.853468426480674,0.8289805500901821,0.8430117148973197,0.8217195251249333
97152,0.8292013255900866,0.853468426480674,0.8289805500901821,0.8430117148973197,0.8217195251249333
97153,0.8292013255900866,0.853468426480674,0.8289805500901821,0.8430117148973197,0.8217195251249333
97154,0.8292013255900866,0.853468426480674,0.8289805500901821,0.8430117148973197,0.8217195251249333
97156,0.8884216935858943,0.9069267247048287,0.8826117585958186,0.9001319945614826,0.8783867442184756
97159,0.8830278741086239,0.9009235363241076,0.8787418038711282,0.8938372171075627,0.873092358689729
97160,0.8447450575700649,0.8680045853941228,0.8606104638934519,0.8655888949187491,0.843411402064178
97161,0.8232117862117925,0.848543138560039,0.8406602578291741,0.8464202367409517,0.8219040733223961
97162,0.8658758976818972,0.8883582457945152,0.8816632489235209,0.8873398529024759,0.8655621265228375
97163,0.7872950298467509,0.808296786455006,0.8039687175728704,0.8082592605084574,0.7828621388642828
97164,0.7872950298467509,0.808296786455006,0.8039687175728704,0.8082592605084574,0.7828621388642828
97165,0.7843468704341747,0.8065072254152074,0.802931678670697,0.8047199730488049,0.7804634391436545
97166,0.8383368441914586,0.8618722583571666,0.8562985498178987,0.8604560137593636,0.8371576455978843
97167,0.8315193692111789,0.8549651766755789,0.8494826581132041,0.8543002467420874,0.8307342198823355
97168,0.8318320192563762,0.8556604132089509,0.8498655720934887,0.852635072434832,0.8303058539902096
97169,0.8383368441914586,0.8618722583571666,0.8562985498178987,0.8604560137593636,0.8371576455978843
97170,0.8232117862117925,0.848543138560039,0.8406602578291741,0.8464202367409517,0.8219040733223961
97171,0.8232117862117925,0.848543138560039,0.8406602578291741,0.8464202367409517,0.8219040733223961
97172,0.838246638428204,0.8621702233307011,0.8554310017169169,0.8605858202513537,0.8381257086847205
97174,0.8232117862117925,0.848543138560039,0.8406602578291741,0.8464202367409517,0.8219040733223961
97175,0.8232117862117925,0.8472679060723338,0.8406602578291741,0.8464202367409517,0.8219040733223961
97176,0.8097486619112094,0.8345270018592595,0.8224077009239029,0.8265424933683974,0.8048429579397186
97178,0.8232117862117925,0.848543138560039,0.8406602578291741,0.8464202367409517,0.8219040733223961
97181,0.8728993985606436,0.8925752914396987,0.8710322015607719,0.8854220427040529,0.8643987570343902
97182,0.8355503876371466,0.8593322518662195,0.8372963241768828,0.849875082370813,0.8291825436533808
97183,0.8355503876371466,0.8593322518662195,0.8372963241768828,0.849875082370813,0.8291825436533808
97184,0.829951793374744,0.8545187685266552,0.8321702243454632,0.8443413747008125,0.8238911048130575
97185,0.8520245645817444,0.8772951309123653,0.8552102993759113,0.8670084003461364,0.8471078412476982
97186,0.8612861266174529,0.8858331563995272,0.8647884999486749,0.8756731857729666,0.8559812466763612
97187,0.8520245645817444,0.8772951309123653,0.8552102993759113,0.8670084003461364,0.8471078412476982
97188,0.8520245645817444,0.8772951309123653,0.8552102993759113,0.8670084003461364,0.8471078412476982
97189,0.8520245645817444,0.8772951309123653,0.8552102993759113,0.8670084003461364,0.8471078412476982
97190,0.8535717286077673,0.8752638001444261,0.8540342529009802,0.8666916527796559,0.8450720628222627
97191,0.8535717286077673,0.8752638001444261,0.8540342529009802,0.8666916527796559,0.8450720628222627
97192,0.8315193692111789,0.8549651766755789,0.8494826581132041,0.8543002467420874,0.8307342198823355
97193,0.8315193692111789,0.8549651766755789,0.8494826581132041,0.8543002467420874,0.8307342198823355
97194,0.8300636413307777,0.8546574429286337,0.8487065138169669,0.8523890442482354,0.8291159547375698
97195,0.8985330644038585,0.9217696449746092,0.9012274854469101,0.911562114555351,0.8931092949430347
97196,0.8449625102082414,0.8709817768593244,0.8473948139683325,0.8604348717123002,0.8397225522695484
97197,0.7843468704341747,0.8065072254152074,0.802931678670697,0.8047199730488049,0.7804634391436545
97198,0.7643695969539546,0.7895463540829367,0.7827511612380206,0.785573786189641,0.7610352025702843
97199,0.8778212270190611,0.9043528727443895,0.8867539447096939,0.891665721621879,0.8733200270605491
97200,0.8297526356829309,0.8541726975959832,0.8484124745072319,0.8515201252061019,0.8275737018805359
97201,0.9114030875451627,0.9379895872581119,0.914044125410383,0.926202709613013,0.9056567765996645
97202,0.8830278741086239,0.9009235363241076,0.8787418038711282,0.8938372171075627,0.873092358689729
97203,0.84379602839871,0.8627916461682094,0.8408734107371856,0.8558404608820971,0.8340108038975662
97204,0.8142327689112052,0.8385058146022516,0.8319298319890782,0.8354491979552475,0.8116477325974957
97205,0.9114030875451627,0.9379895872581119,0.914044125410383,0.926202709613013,0.9056567765996645
97206,0.908766606060495,0.9329628160218435,0.9119533088824253,0.9222650693226433,0.9041332060928776
97207,0.9114030875451627,0.9379895872581119,0.914044125410383,0.926202709613013,0.9056567765996645
97208,0.8189427583078418,0.8372402388173399,0.8125452309608898,0.8309138045821468,0.8069639121115613
97209,0.8189427583078418,0.8372402388173399,0.8125452309608898,0.8309138045821468,0.8069639121115613
97210,0.8061303253786231,0.8274374743006507,0.8015238220392804,0.8203182448241585,0.7958011765713977
97211,0.7643695969539546,0.7895463540829367,0.7827511612380206,0.785573786189641,0.7610352025702843
97212,0.7643695969539546,0.7895463540829367,0.7827511612380206,0.785573786189641,0.7610352025702843
97213,0.7643695969539546,0.7895463540829367,0.7827511612380206,0.785573786189641,0.7610352025702843
97214,0.84379602839871,0.8627916461682094,0.8408734107371856,0.8558404608820971,0.8340108038975662
97215,0.8537334388071603,0.8757298811777514,0.854846575256619,0.8673149849455538,0.8465529444417631
97217,0.829951793374744,0.8545187685266552,0.8321702243454632,0.8443413747008125,0.8238911048130575
97218,0.8340459909270659,0.8547848163161778,0.8320357938766354,0.8477752085864155,0.8252205336526713
97219,0.84379602839871,0.8627916461682094,0.8408734107371856,0.8558404608820971,0.8340108038975662
97220,0.84379602839871,0.8627916461682094,0.8408734107371856,0.8558404608820971,0.8340108038975662
97221,0.8550059928307783,0.880526772396941,0.8580238086723584,0.8711125261187856,0.8492960722401042
97222,0.8449625102082414,0.8709817768593244,0.8473948139683325,0.8604348717123002,0.8397225522695484
97223,0.8318320192563762,0.8556604132089509,0.8498655720934887,0.852635072434832,0.8303058539902096
97224,0.8300636413307777,0.8546574429286337,0.8487065138169669,0.8523890442482354,0.8291159547375698
97225,0.8310368188850974,0.8502462032581699,0.826006999107577,0.8429718244530436,0.8199560292203528
97226,0.8326410246226159,0.8513448908765497,0.8278524266611267,0.8443810163802494,0.8209790530592812
97227,0.8537334388071603,0.8757298811777514,0.854846575256619,0.8673149849455538,0.8465529444417631
97228,0.8635692203589609,0.8888136091167989,0.8711930857699952,0.8786998055030256,0.8586993817211422
97229,0.8017495828600343,0.8263438105980733,0.817710439332331,0.8213784712735771,0.7985486918749036
97231,0.8065888258229651,0.8309792156224595,0.8242454783867263,0.8270093405971639,0.8040828113212262
97232,0.8142327689112052,0.8385058146022516,0.8319298319890782,0.8354491979552475,0.8116477325974957
97233,0.8162635964892745,0.8410845173686302,0.8338452809887372,0.836361762601166,0.8117670384083996
97235,0.8065888258229651,0.8309792156224595,0.8242454783867263,0.8270093405971639,0.8040828113212262
97236,0.8065888258229651,0.8309792156224595,0.8242454783867263,0.8270093405971639,0.8040828113212262
97238,0.8029200543302553,0.8268605409998765,0.8204220338008473,0.8235636237011889,0.800012101361938
97240,0.9061133160619406,0.9299615111895491,0.9094980405127614,0.9208099650177127,0.9012447255051345
97241,0.9061133160619406,0.9299615111895491,0.9094980405127614,0.9208099650177127,0.9012447255051345
97242,0.9061133160619406,0.9299615111895491,0.9094980405127614,0.9208099650177127,0.9012447255051345
97243,0.8945117675149954,0.9187205612677233,0.8963230321177897,0.9083115001931268,0.8888407429000839
97244,0.8084036131346933,0.8306862157533049,0.803612671252838,0.822735480062501,0.7977602968190955
97245,0.9575474056730777,0.981107579358061,0.9608817033073168,0.9707040209090974,0.9535120546801132
97246,0.8550337286631784,0.8805491310439545,0.8580508963008289,0.8711368410609996,0.849325043841761
97247,0.8550337286631784,0.8805491310439545,0.8580508963008289,0.8711368410609996,0.849325043841761
97248,0.8550059928307783,0.880526772396941,0.8580238086723584,0.8711125261187856,0.8492960722401042
97249,0.8550337286631784,0.8805491310439545,0.8580508963008289,0.8711368410609996,0.849325043841761
97250,0.9010283389708273,0.9192834736394763,0.8978576013493721,0.9126150633306739,0.8921684356952994
97251,0.9010283389708273,0.9192834736394763,0.8978576013493721,0.9126150633306739,0.8921684356952994
97252,0.8766014770835758,0.8967117084461723,0.8718058744255993,0.8884135897995565,0.8671859988800477
97253,0.812990536733766,0.8343834429115708,0.80937232751091,0.8275434182729244,0.8040279165932105
97254,0.8792222995708544,0.9021005845564983,0.8801126190129103,0.8935552868667926,0.8732135343416286
97255,0.8741243314721744,0.8969755054757179,0.8754732248913066,0.888592795207759,0.8682299296640378
97256,0.8792222995708544,0.9021005845564983,0.8801126190129103,0.8935552868667926,0.8732135343416286
97257,0.8741243314721744,0.8969755054757179,0.8754732248913066,0.888592795207759,0.8682299296640378
97258,0.8931916969941621,0.9139356745560236,0.8914542463825743,0.905494547456429,0.8847032178345922
97259,0.8937883770141551,0.915761873263383,0.8928647988961373,0.9071412190101137,0.8873522900156031
97260,0.8460690003543667,0.8672150214503458,0.8445789583508564,0.8599575068863433,0.8366729914066735
97261,0.8308004187411517,0.8518370513184254,0.8289193119074997,0.844981994430706,0.8220800684966572
97262,0.8029200543302553,0.8268605409998765,0.8204220338008473,0.8235636237011889,0.800012101361938
97263,0.9088177479219631,0.9288582274395424,0.9054459674376975,0.9202861367007861,0.9008542556904874
97264,0.9392220184685602,0.9583730072510495,0.9375062842953243,0.9507200952036924,0.9308965488452009
97265,0.8931916969941621,0.9139356745560236,0.8914542463825743,0.905494547456429,0.8847032178345922
97266,0.8541675394771615,0.8747390848129697,0.8512777494487805,0.8664560849189472,0.8447581542395378
97267,0.8931916969941621,0.9139356745560236,0.8914542463825743,0.905494547456429,0.8847032178345922
97272,0.7320577877661193,0.7506956883946156,0.7498554445251178,0.7558299600699089,0.7299290400008378
97273,0.7118643584022929,0.7324577410853824,0.7296002135339605,0.7346813748869072,0.7100477763102025
97274,0.7119005924949915,0.7324906956097358,0.7296336148717681,0.7347139835070772,0.7100843064919374
97279,0.6854675576671397,0.7000405027646172,0.7042332507751443,0.7064686527293244,0.6810289562969384
97280,0.6854675576671397,0.7000405027646172,0.7042332507751443,0.7064686527293244,0.6810289562969384
97281,0.7872061227996594,0.8032854723818708,0.798318003763685,0.8020699966977165,0.7816892017747161
97282,0.7870023034177168,0.8030998386521377,0.7981268098978198,0.8018830071968541,0.7814790153155923
97288,0.6666076922518316,0.68385403291757,0.6842098977675731,0.6866707098346353,0.6628595505006563
97291,0.78735803321647,0.8042292772716172,0.8046159877405206,0.8065518277637695,0.7826032641428167
97292,0.78735803321647,0.8042292772716172,0.8046159877405206,0.8065518277637695,0.7826032641428167
97297,0.703812852556915,0.7187548634621118,0.7224026808294434,0.7257490934537827,0.6998672645541828
97298,0.703812852556915,0.7187548634621118,0.7224026808294434,0.7257490934537827,0.6998672645541828
97299,0.703812852556915,0.7187548634621118,0.7224026808294434,0.7257490934537827,0.6998672645541828
97300,0.6975888079290483,0.7127137788959172,0.7164720801850137,0.7195023629380055,0.6944822469595334
97301,0.7038339561135171,0.7187745989118863,0.7224220887185003,0.7257682030103562,0.699888736646961
97302,0.7038339561135171,0.7187745989118863,0.7224220887185003,0.7257682030103562,0.699888736646961
97306,0.6725217042993443,0.6861885052430429,0.6905721459682721,0.692405359454252,0.6693410371797449
97307,0.6725217042993443,0.6861885052430429,0.6905721459682721,0.692405359454252,0.6693410371797449
97315,0.6795276911378332,0.6967416577088433,0.6918057016347305,0.6959241537797274,0.6715811516572333
97316,0.6835315167881988,0.7007291975796507,0.6924135048480605,0.6987166962218497,0.6747525785254773
97318,0.6835315167881988,0.7007291975796507,0.6924135048480605,0.6987166962218497,0.6747525785254773
97327,0.6665646610153533,0.6841876410489178,0.6837880760640129,0.6862573138929657,0.6621563553273936
97328,0.6665646610153533,0.6841876410489178,0.6837880760640129,0.6862573138929657,0.6621563553273936
97329,0.6665646610153533,0.68385403291757,0.6837880760640129,0.6862573138929657,0.6621563553273936
97330,0.8691852346767912,0.8927050374650675,0.8856291602712185,0.8898924975508079,0.868619733653349
97336,0.6795276911378332,0.6967416577088433,0.6918057016347305,0.6959241537797274,0.6715811516572333
97339,0.6795276911378332,0.6967416577088433,0.6918057016347305,0.6959241537797274,0.6715811516572333
97344,0.8550059928307783,0.880526772396941,0.8580238086723584,0.8711125261187856,0.8492960722401042
97345,0.829951793374744,0.8545187685266552,0.8321702243454632,0.8443413747008125,0.8238911048130575
97347,0.8550059928307783,0.880526772396941,0.8580238086723584,0.8711125261187856,0.8492960722401042
97348,0.8550059928307783,0.880526772396941,0.8580238086723584,0.8711125261187856,0.8492960722401042
97349,0.8550059928307783,0.880526772396941,0.8580238086723584,0.8711125261187856,0.8492960722401042
97357,0.7528875862920311,0.7739224350270629,0.7710747239370879,0.7773206574661801,0.751475308352659
97359,0.7528875862920311,0.7739224350270629,0.7710747239370879,0.7773206574661801,0.751475308352659
97360,0.7426801497153254,0.7628208668086291,0.7593554451013028,0.7661440372949407,0.7404141882106342
97361,0.7990996131180217,0.8146210429332965,0.8170972110536593,0.8194898882288622,0.795097259217846
97362,0.7535599905632167,0.7690553714767506,0.7725738338042886,0.7748569744708443,0.7487132402312738
97366,0.7008174146488464,0.7153429367200466,0.7195237203894238,0.7219168359875091,0.6953149224988316
97367,0.6924462507539687,0.7081881054735734,0.7111438093336733,0.71413515311663,0.686730831117992
97368,0.8626164878930702,0.8863001733331012,0.8651351480814229,0.8762292114844843,0.8570349718919275
97375,0.8004009785939643,0.8210903155291638,0.798363510314633,0.8139344502658736,0.791185125821377
97376,0.7966524525583575,0.8173751836776337,0.793011787290993,0.8094420129827123,0.7862919566482086
97377,0.703812852556915,0.7187548634621118,0.7224026808294434,0.7257490934537827,0.6998672645541828
97378,0.703812852556915,0.7187548634621118,0.7224026808294434,0.7257490934537827,0.6998672645541828
97379,0.6975888079290483,0.7127137788959172,0.7164720801850137,0.7195023629380055,0.6944822469595334
97380,0.6975888079290483,0.7127137788959172,0.7164720801850137,0.7195023629380055,0.6944822469595334
97381,0.6975888079290483,0.7127137788959172,0.7164720801850137,0.7195023629380055,0.6944822469595334
97382,0.6975888079290483,0.7127137788959172,0.7164720801850137,0.7195023629380055,0.6944822469595334
97383,0.703812852556915,0.7187548634621118,0.7224026808294434,0.7257490934537827,0.6998672645541828
97384,0.6924406858585614,0.7081829108107108,0.711138682814177,0.7141300951324092,0.6867251286619837
97385,0.6924462507539687,0.7081881054735734,0.7111438093336733,0.71413515311663,0.686730831117992
97395,0.6636480437291755,0.6815092524020081,0.6814109046026839,0.6836521367142204,0.6584554159419227
97397,0.6636480437291755,0.6815092524020081,0.6814109046026839,0.6836521367142204,0.6584554159419227
97399,0.7426801497153254,0.7628208668086291,0.7593554451013028,0.7661440372949407,0.7404141882106342
97401,0.7131118533910678,0.730265253132988,0.7315629520433177,0.7352234113387425,0.7095359395731278
97409,0.6673722369180405,0.6852240815974137,0.6846911352408563,0.6872469617873564,0.6616989737942658
97419,0.7118643584022929,0.7324577410853824,0.7296002135339605,0.7346813748869072,0.7100477763102025
97422,0.7118643584022929,0.7324577410853824,0.7296002135339605,0.7346813748869072,0.7100477763102025
97424,0.7118643584022929,0.7324577410853824,0.7296002135339605,0.7346813748869072,0.7100477763102025
97425,0.7087049882233789,0.7244168613670942,0.727377497963001,0.7303539345923044,0.70459130756815
97426,0.6975888079290483,0.7127137788959172,0.7164720801850137,0.7195023629380055,0.6944822469595334
97427,0.7118643584022929,0.7324577410853824,0.7296002135339605,0.7346813748869072,0.7100477763102025
97432,0.6924462507539687,0.7081881054735734,0.7111438093336733,0.71413515311663,0.686730831117992
97433,0.6924351203939633,0.70817771562017,0.711133555774572,0.7141250366356715,0.68671942562119
97434,0.6924406858585614,0.7081829108107108,0.711138682814177,0.7141300951324092,0.6867251286619837
97435,0.6924462507539687,0.7081881054735734,0.7111438093336733,0.71413515311663,0.686730831117992
97436,0.6924462507539687,0.7081881054735734,0.7111438093336733,0.71413515311663,0.686730831117992
97437,0.6924462507539687,0.7081881054735734,0.7111438093336733,0.71413515311663,0.686730831117992
97444,0.6922957986296614,0.7080476642131999,0.7110052106037125,0.7139984075062721,0.6865766593784698
97446,0.6922957986296614,0.7080476642131999,0.7110052106037125,0.7139984075062721,0.6865766593784698
97447,0.6922957986296614,0.7080476642131999,0.7110052106037125,0.7139984075062721,0.6865766593784698
97448,0.6922957986296614,0.7080476642131999,0.7110052106037125,0.7139984075062721,0.6865766593784698
97449,0.6922957986296614,0.7080476642131999,0.7110052106037125,0.7139984075062721,0.6865766593784698
97450,0.6922957986296614,0.7080476642131999,0.7110052106037125,0.7139984075062721,0.6865766593784698
97451,0.6922957986296614,0.7080476642131999,0.7110052106037125,0.7139984075062721,0.6865766593784698
97452,0.6922957986296614,0.7080476642131999,0.7110052106037125,0.7139984075062721,0.6865766593784698
97453,0.6922957986296614,0.7080476642131999,0.7110052106037125,0.7139984075062721,0.6865766593784698
97457,0.6936573727257634,0.7089354050487431,0.7129578311798828,0.7153028723928326,0.6894410852645302
97458,0.6899852335169886,0.7047784611535988,0.708333671535159,0.7113490536151267,0.6850702176205049
97459,0.6936573727257634,0.7089354050487431,0.7129578311798828,0.7153028723928326,0.6894410852645302
97470,0.7528875862920311,0.7739224350270629,0.7710747239370879,0.7773206574661801,0.751475308352659
97471,0.7528875862920311,0.7739224350270629,0.7710747239370879,0.7773206574661801,0.751475308352659
97473,0.6665521680550998,0.6841760296881443,0.6837764450947422,0.6862458038256861,0.6621436363195776
97474,0.6665521680550998,0.68385403291757,0.6837764450947422,0.6862458038256861,0.6621436363195776
97475,0.6665521680550998,0.68385403291757,0.6837764450947422,0.6862458038256861,0.6621436363195776
97476,0.6665521680550998,0.68385403291757,0.6837764450947422,0.6862458038256861,0.6621436363195776
97481,0.7066320875139697,0.725639548836658,0.7240953015158844,0.7296574794676294,0.7038430969663187
97483,0.722505096902752,0.7405972214787131,0.740927953926821,0.7448049236759847,0.7201593927917295
97484,0.7119005924949915,0.7324906956097358,0.7296336148717681,0.7347139835070772,0.7100843064919374
97490,0.9089717699744403,0.9329094885021573,0.9130553092313178,0.924246260707,0.9042540000738031
97498,0.6975888079290483,0.7127137788959172,0.7164720801850137,0.7195023629380055,0.6944822469595334
97499,0.6975888079290483,0.7127137788959172,0.7164720801850137,0.7195023629380055,0.6944822469595334
97500,0.6975888079290483,0.7127137788959172,0.7164720801850137,0.7195023629380055,0.6944822469595334
97517,0.7087049882233789,0.7244168613670942,0.727377497963001,0.7303539345923044,0.70459130756815
97519,0.6666076922518316,0.68385403291757,0.6842098977675731,0.6866707098346353,0.6628595505006563
97530,0.6924462507539687,0.7081881054735734,0.7111438093336733,0.71413515311663,0.686730831117992
97531,0.7184144074225711,0.7330139832697022,0.7364523080078955,0.738618745972162,0.7123460298553129
97532,0.6899740712733055,0.7047679939036442,0.7083233680603209,0.7113388880864528,0.6850588194949454
97541,0.7966524525583575,0.8173751836776337,0.793011787290993,0.8094420129827123,0.7862919566482086
97542,0.7966524525583575,0.8173751836776337,0.793011787290993,0.8094420129827123,0.7862919566482086
97543,0.7698282808509503,0.789453633118183,0.7721394168649993,0.7839863918044949,0.7598805396956587
97549,0.829951793374744,0.8545187685266552,0.8321702243454632,0.8443413747008125,0.8238911048130575
97551,0.829951793374744,0.8545187685266552,0.8321702243454632,0.8443413747008125,0.8238911048130575
97552,0.799009437618629,0.8145390093272141,0.8170164550466584,0.8194103612880481,0.7950049460772848
97561,0.7535599905632167,0.7690553714767506,0.7725738338042886,0.7748569744708443,0.7487132402312738
97562,0.6929861178557605,0.7036885910730467,0.7115826458891874,0.7116371759650082,0.6911305053407251
97563,0.6929861178557605,0.7036885910730467,0.7115826458891874,0.7116371759650082,0.6911305053407251
97565,0.799009437618629,0.8145390093272141,0.8170164550466584,0.8194103612880481,0.7950049460772848
97574,0.6975888079290483,0.7127137788959172,0.7164720801850137,0.7195023629380055,0.6944822469595334
97582,0.6924351203939633,0.70817771562017,0.711133555774572,0.7141250366356715,0.68671942562119
97583,0.6924351203939633,0.70817771562017,0.711133555774572,0.7141250366356715,0.68671942562119
97595,0.7218721929897326,0.7412632455412096,0.7232368097638424,0.7358527521948526,0.7113299018304046
97598,0.6962381783911873,0.7098753220263974,0.7147439630294986,0.7174071309904869,0.6917715116367885
97603,0.6924406858585614,0.7081829108107108,0.711138682814177,0.7141300951324092,0.6867251286619837
97608,0.6924462507539687,0.7081881054735734,0.7111438093336733,0.71413515311663,0.686730831117992
97614,0.7870023034177168,0.8030998386521377,0.7981268098978198,0.8018830071968541,0.7814790153155923
97616,0.7870023034177168,0.8030998386521377,0.7981268098978198,0.8018830071968541,0.7814790153155923
97618,0.8556054103479654,0.8753013881476388,0.8623188154761667,0.8698797022369623,0.8493156707508434
97619,0.8564964835894872,0.8765356620411495,0.8544035019489664,0.8699125067442,0.8477603030980203
97620,0.8227945086568129,0.8412378146033251,0.8238132920603667,0.8344168448164843,0.8130825085742964
97621,0.7805132364892728,0.7993715487130495,0.7818608068920003,0.7930345946411402,0.7701548181353698
97622,0.8159543479766334,0.8344325864839937,0.8189353329046367,0.8277488765669236,0.807620755463993
97623,0.8233143105252098,0.8412378146033251,0.8238132920603667,0.8350194209567373,0.8130825085742964
97624,0.8233143105252098,0.8412378146033251,0.8238132920603667,0.8350194209567373,0.8130825085742964
97625,0.8233143105252098,0.8412378146033251,0.8238132920603667,0.8350194209567373,0.8130825085742964
97626,0.8082365299845174,0.8275791409219466,0.8102210435130547,0.8222447136336423,0.7994915439118495
97627,0.7805132364892728,0.7993715487130495,0.7818608068920003,0.7930345946411402,0.7701548181353698
97628,0.7816668929334354,0.8004678042024501,0.7811893270391753,0.7935262708791246,0.7647229779802899
97629,0.7816668929334354,0.8004678042024501,0.7811893270391753,0.7935262708791246,0.7647229779802899
97630,0.7606898524366015,0.7810510836693064,0.762885219831414,0.7739991511566663,0.751191653047397
97631,0.7606898524366015,0.7810510836693064,0.762885219831414,0.7739991511566663,0.751191653047397
97632,0.7606898524366015,0.7810510836693064,0.762885219831414,0.7739991511566663,0.751191653047397
97633,0.7698282808509503,0.789453633118183,0.7721394168649993,0.7839863918044949,0.7598805396956587
97634,0.8279270653691471,0.8463768897216185,0.828214346279708,0.8398697255986863,0.8178263823571241
97635,0.8279270653691471,0.8463768897216185,0.828214346279708,0.8398697255986863,0.8178263823571241
97636,0.7698282808509503,0.789453633118183,0.7721394168649993,0.7839863918044949,0.7598805396956587
97637,0.8665804110448105,0.8845409190655967,0.8674835029736667,0.8787359810869224,0.8586071378021554
97638,0.8331638692065797,0.8515555037545383,0.8337626797121889,0.8462896481398959,0.8240162708537304
97639,0.9037219668247599,0.9218586714367035,0.9006316732042855,0.9169937801731658,0.8951555442694721
97640,0.8082365299845174,0.8275791409219466,0.8102210435130547,0.8222447136336423,0.7994915439118495
97641,0.8331638692065797,0.8515555037545383,0.8337626797121889,0.8462896481398959,0.8240162708537304
97642,0.8564964835894872,0.8765356620411495,0.8544035019489664,0.8699125067442,0.8477603030980203
97643,0.9044213857831603,0.9224431540025783,0.900950363498214,0.9167020222032503,0.8952187864048452
97644,0.9044213857831603,0.9224431540025783,0.900950363498214,0.9167020222032503,0.8952187864048452
97646,0.8188146244591175,0.8385930066489209,0.8163315656808209,0.8304476613474486,0.8030572389070436
97647,0.8453569647925431,0.8633077990272229,0.8421058170675926,0.8565422539510196,0.8334766862170878
97648,0.7698282808509503,0.789453633118183,0.7721394168649993,0.7839863918044949,0.7598805396956587
97649,0.8564964835894872,0.8765356620411495,0.8544035019489664,0.8699125067442,0.8477603030980203
97651,0.8331638692065797,0.8515555037545383,0.8337626797121889,0.8462896481398959,0.8240162708537304
97652,0.8331638692065797,0.8515555037545383,0.8337626797121889,0.8462896481398959,0.8240162708537304
97653,0.86611238941315,0.8839793206273867,0.8634497308535254,0.878029035423833,0.8559424727807273
97654,0.86611238941315,0.8839793206273867,0.8634497308535254,0.878029035423833,0.8559424727807273
97655,0.86611238941315,0.8839793206273867,0.8634497308535254,0.878029035423833,0.8559424727807273
97656,0.8454368401621807,0.8633773088228975,0.8421876047333237,0.8566156325963268,0.833563602876257
97657,0.9240270133157926,0.9421853418336525,0.9190251743360196,0.9354644532452842,0.9145875715801197
97658,0.8633135402706644,0.8806079192428896,0.8677956968053885,0.8765011316218072,0.8479155279816919
97659,0.8633135402706644,0.8806079192428896,0.8677956968053885,0.8765011316218072,0.8479155279816919
97661,0.9115951695721247,0.9294379541303439,0.9089376158939926,0.922994699639437,0.9029987846645925
97662,0.9115951695721247,0.9294379541303439,0.9089376158939926,0.922994699639437,0.9029987846645925
97663,0.9124562336001125,0.9311145217579121,0.9104419794043959,0.924820329654638,0.902952386685381
97664,0.9124562336001125,0.9311145217579121,0.9104419794043959,0.924820329654638,0.902952386685381
97665,0.9026465858245796,0.9191572556577312,0.8995084878650409,0.913122505448358,0.892060097796995
97666,0.8189603909623471,0.8387205952244472,0.8164796601636788,0.8305826586217097,0.803217958286126
97667,0.8188146244591175,0.8385930066489209,0.8163315656808209,0.8304476613474486,0.8030572389070436
97668,0.8828503633068814,0.899945038253444,0.8871547520149037,0.8954949918227902,0.868613955589395
97669,0.8827215957591559,0.8991970193955038,0.883931426702587,0.8939738899954011,0.8625852704081388
97670,0.8827215957591559,0.8991970193955038,0.883931426702587,0.8939738899954011,0.8639257265850708
97671,0.9167823107494926,0.9369248188248673,0.9107665116534228,0.9259176614297815,0.9070146412569278
97672,0.9167823107494926,0.9369248188248673,0.9107665116534228,0.9259176614297815,0.9070146412569278
97673,0.9167823107494926,0.9369248188248673,0.9107665116534228,0.9259176614297815,0.9070146412569278
97674,0.823160488478108,0.8407768774527369,0.81932751520732,0.8332331521300841,0.808741379068351
97675,0.8188146244591175,0.8385930066489209,0.8163315656808209,0.8304476613474486,0.8030572389070436
97676,0.823160488478108,0.8407768774527369,0.81932751520732,0.8332331521300841,0.808741379068351
97677,0.8188146244591175,0.8385930066489209,0.8163315656808209,0.8304476613474486,0.8030572389070436
97678,0.8693622816166982,0.8862010756030693,0.8671840127012352,0.8793778281007096,0.8544414890315069
97680,0.8831410190592272,0.9023249557943206,0.885803706580643,0.8972557410871219,0.8625852704081388
97681,0.8831410190592272,0.9023249557943206,0.885803706580643,0.8972557410871219,0.8625852704081388
97683,0.8831410190592272,0.9023249557943206,0.885803706580643,0.8972557410871219,0.8625852704081388
97685,0.854412473675987,0.8734895998017094,0.8563328375006833,0.8679608996184252,0.8326285726555375
97686,0.8828503633068814,0.899945038253444,0.8871547520149037,0.8954949918227902,0.868613955589395
97687,0.9082762951292231,0.92609028812618,0.9111312249013545,0.9212959381683671,0.8941735832496668
97688,0.8828503633068814,0.899945038253444,0.8871547520149037,0.8954949918227902,0.868613955589395
97689,0.8718195524565965,0.8884347897579389,0.8685147483007849,0.8815991070466498,0.8624430009723101
97690,0.9174488605005789,0.9254189761515023,0.9170101297715826,0.923947895325282,0.9022882307585719
97691,0.8821660800828729,0.8982834517723892,0.8868876534809981,0.8951392137068135,0.8679332324032543
97692,0.8821660800828729,0.8982834517723892,0.8868876534809981,0.8951392137068135,0.8679332324032543
97693,0.8532233293902768,0.8706483339323013,0.8528937574195699,0.8650287437349691,0.8307683028237793
97694,0.8532233293902768,0.8706483339323013,0.8528937574195699,0.8650287437349691,0.8307683028237793
97695,0.9030820518215779,0.9209799798443943,0.9006201513025761,0.9132262803418261,0.891177223060678
97696,0.8984994617275079,0.9152717742192544,0.8938550208558652,0.9088111381418589,0.8872092331564991
97697,0.9232157677411538,0.9298644591626642,0.9218630121782275,0.9282622395099523,0.9084940860819111
97699,0.8491918575324703,0.8648142269372718,0.8499725037744611,0.8600100962636449,0.8307117218262797
97700,0.8491918575324703,0.8648142269372718,0.8499725037744611,0.8600100962636449,0.8307117218262797
97703,0.8491918575324703,0.8648142269372718,0.8499725037744611,0.8600100962636449,0.8307117218262797
97704,0.8491918575324703,0.8648142269372718,0.8499725037744611,0.8600100962636449,0.8307117218262797
97705,0.8491664094514747,0.8647917230425419,0.8499472047212674,0.8599866954636237,0.8306826853704595
97706,0.8298566121194686,0.8458274577239737,0.8311427435068992,0.8414485118453344,0.8115843782448126
97707,0.8490720415801283,0.8647082737280665,0.8498533895272216,0.8598999199873495,0.8305750096404969
97708,0.8516881825985411,0.8665990818157077,0.8520092224367183,0.8629083427452073,0.8336507590977131
97709,0.8298507697440783,0.845822238007009,0.8311369519297038,0.8414431231504522,0.8115778013555404
97710,0.9142117528059428,0.9330705240325533,0.9105660761408375,0.9245672133223112,0.9033890848987549
97711,0.9142117528059428,0.9330705240325533,0.9105660761408375,0.9245672133223112,0.9033890848987549
97713,0.8100665048469595,0.8256171194846076,0.8126385476015375,0.8226856080508527,0.7935030497507763
97714,0.8825074839459198,0.8985741920401873,0.8872140735917222,0.8954397307880516,0.8683205335007833
97715,0.8824735831845059,0.8985453212553037,0.8871816604121836,0.89540988931829,0.86828207625551
97716,0.8825074839459198,0.8985741920401873,0.8872140735917222,0.8954397307880516,0.8683205335007833
97717,0.8824735831845059,0.8985453212553037,0.8871816604121836,0.89540988931829,0.86828207625551
97719,0.8296102717193605,0.845607375296345,0.8308985453455304,0.8412213035988628,0.8113070614166227
97720,0.8683988330631649,0.8850371744363869,0.8707076501491442,0.8804036645817644,0.8525984612842126
97721,0.9029449605627742,0.9147808977483618,0.903478600709616,0.9112565128771298,0.8879692916288127
97722,0.9028603690058123,0.9147073543687636,0.9033945119786012,0.9111797023847819,0.8878704040760032
97723,0.9029449605627742,0.9147808977483618,0.903478600709616,0.9112565128771298,0.8879692916288127
97724,0.8892012096802187,0.9064381082549767,0.8832311673884468,0.9003200472803111,0.8798012300161756
97725,0.8552265497365082,0.8741909419603252,0.857355312560146,0.8691054319862059,0.8333377895992594
97726,0.8552265497365082,0.8741909419603252,0.857355312560146,0.8691054319862059,0.8333377895992594
97727,0.8552265497365082,0.8741909419603252,0.857355312560146,0.8691054319862059,0.8333377895992594
97728,0.854412473675987,0.8734895998017094,0.8563328375006833,0.8679608996184252,0.8326285726555375
97729,0.9229504148317139,0.9298037843257776,0.9207190549322567,0.9280771945654932,0.9084773130266985
97730,0.893450336319552,0.9098295359606469,0.8967707385342636,0.9051638525908204,0.8788060411663641
97732,0.8296102717193605,0.845607375296345,0.8308985453455304,0.8412213035988628,0.8113070614166227
97733,0.8295218149495168,0.8455283492999699,0.8308108579992973,0.8411397183575334,0.8112074784860912
97734,0.8296102717193605,0.845607375296345,0.8308985453455304,0.8412213035988628,0.8113070614166227
97735,0.8296102717193605,0.845607375296345,0.8308985453455304,0.8412213035988628,0.8113070614166227
97736,0.859204394773044,0.8771601689101739,0.860140250513063,0.8723279332477535,0.8373315891788361
97737,0.8516881825985411,0.8665990818157077,0.8520092224367183,0.8629083427452073,0.8336507590977131
97738,0.8516881825985411,0.8665990818157077,0.8520092224367183,0.8629083427452073,0.8336507590977131
97739,0.8491664094514747,0.8647917230425419,0.8499472047212674,0.8599866954636237,0.8306826853704595
97740,0.8491664094514747,0.8647917230425419,0.8499472047212674,0.8599866954636237,0.8306826853704595
97741,0.8491613169395066,0.8647872197135126,0.8499421420324338,0.859982012648562,0.8306768747578144
97742,0.8324073766524699,0.8459688127689767,0.8355104013317036,0.8443084715145964,0.815168394001039
97743,0.8324073766524699,0.8459688127689767,0.8355104013317036,0.8443084715145964,0.815168394001039
97744,0.8324073766524699,0.8459688127689767,0.8355104013317036,0.8443084715145964,0.815168394001039
97745,0.8324073766524699,0.8459688127689767,0.8355104013317036,0.8443084715145964,0.815168394001039
97746,0.8524113252009687,0.8702671325478735,0.8536472645494639,0.864459670000918,0.8364493171728257
97747,0.8825949805641696,0.8986487073124428,0.8872977310975178,0.8955167512254695,0.868419789192267
97748,0.8825949805641696,0.8986487073124428,0.8872977310975178,0.8955167512254695,0.868419789192267
97749,0.8523962000692865,0.870254041187206,0.8536322822244581,0.8644459240325434,0.8364323196877672
97750,0.8102069752895785,0.8257442980795525,0.8127767937078961,0.8228152639385743,0.7936580983062648
97751,0.8946472321880574,0.9106017217592054,0.896391775797633,0.9057075062971359,0.8766224394806713
97752,0.8946472321880574,0.9106017217592054,0.896391775797633,0.9057075062971359,0.8766224394806713
97753,0.8720341346614173,0.8881128687178973,0.8721357446842268,0.8829050257439971,0.8512337358847809
97754,0.8297600704022369,0.8457412056422813,0.8310470412525928,0.8413594673636563,0.8114756982329271
97755,0.8296720415614208,0.8456625601952779,0.8309597779516543,0.8412782754816608,0.8113765997652176
97756,0.8297600704022369,0.8457412056422813,0.8310470412525928,0.8413594673636563,0.8114756982329271
97757,0.8297600704022369,0.8457412056422813,0.8310470412525928,0.8413594673636563,0.8114756982329271
97759,0.8104199434252396,0.8259371190553225,0.8129863903791595,0.8230118399651818,0.7938931619122017
97760,0.8324102473299987,0.8459714197371434,0.835513211109869,0.8443111104311666,0.8151716092319029
97761,0.8367134609440491,0.8529907657640016,0.8385998695361845,0.848533246182989,0.8203463638487594
97762,0.8324102473299987,0.8459714197371434,0.835513211109869,0.8443111104311666,0.8151716092319029
97763,0.8324332029081867,0.8459922665789686,0.8355356797106025,0.8443322127469429,0.8151973199981625
97764,0.832421727305986,0.8459818451364104,0.8355244475488119,0.8443216635925794,0.8151844670771388
97765,0.8100966531218985,0.8256444148075325,0.8126682184430934,0.8227134350941774,0.7935363271204137
97766,0.8100966531218985,0.8256444148075325,0.8126682184430934,0.8227134350941774,0.7935363271204137
97767,0.843081449721422,0.8606252937128389,0.8422815119047777,0.8544960148185528,0.8268130628973707
97768,0.8501754191681088,0.8701037660739707,0.8505348519602774,0.8624746322446475,0.8344566884637059
97769,0.8298507697440783,0.845822238007009,0.8311369519297038,0.8414431231504522,0.8115778013555404
97770,0.8298507697440783,0.845822238007009,0.8311369519297038,0.8414431231504522,0.8115778013555404
97771,0.8298507697440783,0.845822238007009,0.8311369519297038,0.8414431231504522,0.8115778013555404
97772,0.8295218149495168,0.8455283492999699,0.8308108579992973,0.8411397183575334,0.8112074784860912
97773,0.8295218149495168,0.8455283492999699,0.8308108579992973,0.8411397183575334,0.8112074784860912
97774,0.8296720415614208,0.8456625601952779,0.8309597779516543,0.8412782754816608,0.8113765997652176
97775,0.8103003093961363,0.8258288019192742,0.8128686501287515,0.8229014135607557,0.7937611168017458
97776,0.8100665048469595,0.8256171194846076,0.8126385476015375,0.8226856080508527,0.7935030497507763
97777,0.8103003093961363,0.8258288019192742,0.8128686501287515,0.8229014135607557,0.7937611168017458
97778,0.8522850214732576,0.870157813087293,0.8535221534300761,0.8643448838738741,0.8363073768507787
97779,0.8522850214732576,0.870157813087293,0.8535221534300761,0.8643448838738741,0.8363073768507787
97780,0.8522850214732576,0.870157813087293,0.8535221534300761,0.8643448838738741,0.8363073768507787
97781,0.8522850214732576,0.870157813087293,0.8535221534300761,0.8643448838738741,0.8363073768507787
97783,0.8104199434252396,0.8259371190553225,0.8129863903791595,0.8230118399651818,0.7938931619122017
97784,0.8104199434252396,0.8259371190553225,0.8129863903791595,0.8230118399651818,0.7938931619122017
97785,0.8104199434252396,0.8259371190553225,0.8129863903791595,0.8230118399651818,0.7938931619122017
97786,0.8100665048469595,0.8256171194846076,0.8126385476015375,0.8226856080508527,0.7935030497507763
97788,0.8104199434252396,0.8259371190553225,0.8129863903791595,0.8230118399651818,0.7938931619122017
97789,0.8104199434252396,0.8259371190553225,0.8129863903791595,0.8230118399651818,0.7938931619122017
97790,0.8104199434252396,0.8259371190553225,0.8129863903791595,0.8230118399651818,0.7938931619122017
97792,0.8491613169395066,0.8647872197135126,0.8499421420324338,0.859982012648562,0.8306768747578144
97793,0.9019147541370903,0.9162753793093432,0.9037279614239361,0.9127982893108073,0.8862838774979018
97794,0.8939468581896196,0.9100153561431776,0.8957040174212966,0.9050864910575923,0.875789510884186
97795,0.8298566121194686,0.8458274577239737,0.8311427435068992,0.8414485118453344,0.8115843782448126
97796,0.9028257832236268,0.9146772859838802,0.903360131794741,0.9111482981469097,0.8878299727837097
97797,0.8490720415801283,0.8647082737280665,0.8498533895272216,0.8598999199873495,0.8305750096404969
97798,0.836517792840995,0.8528171080725375,0.8384067847313175,0.848353623405366,0.820127913727896
97799,0.8366744314030105,0.8529561261778205,0.8385613552250707,0.8484974168542736,0.8203027905881785
97800,0.8103202770499319,0.8258468805900611,0.8128883016763712,0.822919844302224,0.793783156112967
97801,0.8102069752895785,0.8257442980795525,0.8127767937078961,0.8228152639385743,0.7936580983062648
97802,0.8101902821673693,0.8257291843951519,0.8127603648959295,0.8227998558811446,0.7936396729395774
97803,0.8103202770499319,0.8258468805900611,0.8128883016763712,0.822919844302224,0.793783156112967
97804,0.8360416009615971,0.852509922202566,0.8374593851158334,0.8474756719260231,0.8193364077541436
97805,0.8367246026976247,0.853000654356601,0.8386108642122821,0.8485434744017976,0.8203588026451236
97806,0.8367246026976247,0.853000654356601,0.8386108642122821,0.8485434744017976,0.8203588026451236
97807,0.8364616483429378,0.8527672801557091,0.8383513816067698,0.8483020836468242,0.8200652309078305
97808,0.8324332029081867,0.8459922665789686,0.8355356797106025,0.8443322127469429,0.8151973199981625
97809,0.8344136113022623,0.8509499557711095,0.8363304276769654,0.8464222428680532,0.8177782889601763
97810,0.8366855880041267,0.8529660278882301,0.8385723645447951,0.8485076586579691,0.8203152460410935
97811,0.8364616483429378,0.8527672801557091,0.8383513816067698,0.8483020836468242,0.8200652309078305
97812,0.8862168586536393,0.9027267246511362,0.8880290114420333,0.8979738123461737,0.8690863254812727
97813,0.8102069752895785,0.8257442980795525,0.8127767937078961,0.8228152639385743,0.7936580983062648
97814,0.8352550906669546,0.8518126250199678,0.836680658047066,0.8467513774481872,0.8184566866116231
97815,0.8363856841516173,0.8526998630652537,0.8382764205941976,0.8482323502465158,0.8199804193574955
97816,0.89024002712018,0.9064070100372053,0.8912577840307345,0.902601232363018,0.8696554286018566
97817,0.859204394773044,0.8771601689101739,0.860140250513063,0.8723279332477535,0.8373315891788361
97818,0.89024002712018,0.9064070100372053,0.8912577840307345,0.902601232363018,0.8696554286018566
97819,0.89024002712018,0.9064070100372053,0.8912577840307345,0.902601232363018,0.8696554286018566
97820,0.8488424888714289,0.8666959576676319,0.8491072735891849,0.8600911244503027,0.8330776909478314
97821,0.8488424888714289,0.8666959576676319,0.8491072735891849,0.8600911244503027,0.8330776909478314
97822,0.8488424888714289,0.8666959576676319,0.8491072735891849,0.8600911244503027,0.8330776909478314
97823,0.8488424888714289,0.8666959576676319,0.8491072735891849,0.8600911244503027,0.8330776909478314
97824,0.8693635659483199,0.8879834731893154,0.8709332091893071,0.8824065837807421,0.854911453316719
97825,0.8693635659483199,0.8879834731893154,0.8709332091893071,0.8824065837807421,0.854911453316719
97826,0.8674047862420993,0.8862596057355185,0.869083883827169,0.8800127429272926,0.8518864877473705
97827,0.8527244959668417,0.8705382013673378,0.853957479106167,0.8647442904323807,0.8368012457847481
97828,0.8693635659483199,0.8879834731893154,0.8709332091893071,0.8824065837807421,0.854911453316719
97829,0.8683988330631649,0.8850371744363869,0.8707076501491442,0.8804036645817644,0.8525984612842126
97830,0.832421727305986,0.8459818451364104,0.8355244475488119,0.8443216635925794,0.8151844670771388
97831,0.8786580939242603,0.8960878992040426,0.8734038568785424,0.8876829078341596,0.8649657528480597
97832,0.8786580939242603,0.8960878992040426,0.8734038568785424,0.8876829078341596,0.8649657528480597
97833,0.8786580939242603,0.8960878992040426,0.8734038568785424,0.8876829078341596,0.8649657528480597
97834,0.8360584097919131,0.8525248253584335,0.8374760277002414,0.8474911517978725,0.819355207354255
97835,0.8103767898202768,0.8258980474002637,0.8129439198477147,0.8229720075031844,0.7938455317479374
97836,0.8101902821673693,0.8257291843951519,0.8127603648959295,0.8227998558811446,0.7936396729395774
97837,0.8100665048469595,0.8256171194846076,0.8126385476015375,0.8226856080508527,0.7935030497507763
97838,0.867468972809249,0.8842364319756881,0.8697959283330214,0.879567334053033,0.851542500028218
97839,0.867468972809249,0.8842364319756881,0.8697959283330214,0.879567334053033,0.851542500028218
97840,0.867468972809249,0.8842364319756881,0.8697959283330214,0.879567334053033,0.851542500028218
97841,0.867468972809249,0.8842364319756881,0.8697959283330214,0.879567334053033,0.851542500028218
97843,0.8674047862420993,0.8862596057355185,0.869083883827169,0.8800127429272926,0.8518864877473705
97844,0.8595765354529357,0.8781823056561032,0.8589407405342938,0.871663205899048,0.8439895931542661
97845,0.8670829836024299,0.8859879881038256,0.8687666163309867,0.8797246767668577,0.851522141978088
97848,0.8862168586536393,0.9027267246511362,0.8880290114420333,0.8979738123461737,0.8690863254812727
97850,0.8683988330631649,0.8850371744363869,0.8707076501491442,0.8804036645817644,0.8525984612842126
97851,0.832421727305986,0.8459818451364104,0.8355244475488119,0.8443216635925794,0.8151844670771388
97852,0.8683813339563307,0.8850221039785341,0.870690492191511,0.8803879246840034,0.8525785907098586
97853,0.83588425539702,0.8523704173380381,0.837303595948163,0.8473307679727548,0.8191604242287421
97854,0.8349253839249973,0.8515203421164098,0.8363542165758177,0.8464477702883035,0.8180878708300773
97855,0.8488092219043861,0.8666670717476329,0.8490740725963251,0.8600606335543306,0.8330404401083118
97856,0.8100665048469595,0.8256171194846076,0.8126385476015375,0.8226856080508527,0.7935030497507763
97857,0.832421727305986,0.8459818451364104,0.8355244475488119,0.8443216635925794,0.8151844670771388
97858,0.8352550906669546,0.8518126250199678,0.836680658047066,0.8467513774481872,0.8184566866116231
97859,0.8353670761867632,0.8519119028941184,0.8367915348513031,0.8468545006948994,0.8185819509013657
97860,0.8683484875506594,0.8849938163548825,0.8706582861548682,0.8803583804688925,0.8525412928114767
97861,0.832421727305986,0.8459818451364104,0.8355244475488119,0.8443216635925794,0.8151844670771388
97862,0.854299548533764,0.8733930786082853,0.8562215882400785,0.8678596798054008,0.8324962367147486
97863,0.854299548533764,0.8733930786082853,0.8562215882400785,0.8678596798054008,0.8324962367147486
97864,0.8670492123054782,0.8859594844452744,0.8687333210799457,0.8796944466447082,0.8514839048310611
97865,0.8670492123054782,0.8859594844452744,0.8687333210799457,0.8796944466447082,0.8514839048310611
97866,0.8670492123054782,0.8859594844452744,0.8687333210799457,0.8796944466447082,0.8514839048310611
97868,0.8595765354529357,0.8781823056561032,0.8589407405342938,0.871663205899048,0.8439895931542661
97869,0.8595765354529357,0.8781823056561032,0.8589407405342938,0.871663205899048,0.8439895931542661
97870,0.8595765354529357,0.8781823056561032,0.8589407405342938,0.871663205899048,0.8439895931542661
97871,0.8468279264089754,0.8649470062012065,0.84709671175111,0.8582448798549899,0.8308215032804592
97872,0.8667591009152473,0.8857146325160759,0.8684473000043147,0.8794347613300584,0.8511554202934882
97873,0.8629123320370808,0.8809093415488752,0.8616240505685889,0.8744231498972009,0.8473221713979633
97874,0.8344136113022623,0.8509499557711095,0.8363304276769654,0.8464222428680532,0.8177782889601763
97875,0.8683484875506594,0.8849938163548825,0.8706582861548682,0.8803583804688925,0.8525412928114767
97876,0.893078732623327,0.9109142217609774,0.8918106256981682,0.9038842799855398,0.8791582313826112
97877,0.8922509446067252,0.910447062804043,0.891716022802131,0.9038842799855398,0.8778644701235728
97878,0.893078732623327,0.9109142217609774,0.8918106256981682,0.9038842799855398,0.8791582313826112
97879,0.8352550906669546,0.8518126250199678,0.836680658047066,0.8467513774481872,0.8184566866116231
97880,0.9444574231763275,0.9632754700028946,0.9450153104848228,0.9573086992636981,0.93046393383525
97881,0.9449887787290986,0.9636215593789522,0.9455410933707591,0.9577129338600628,0.9311367094862173
97882,0.8359714608524734,0.8524477345389878,0.8373899387616027,0.8474110776196631,0.8192579599583228
97883,0.8360107598506367,0.8524825777552865,0.8374288490455918,0.847447269283385,0.8193019138080521
97884,0.8466489592390974,0.8647916652075678,0.8469181005157943,0.8580808858138174,0.8306210342129458
97885,0.8349253839249973,0.8515203421164098,0.8363542165758177,0.8464477702883035,0.8180878708300773
97886,0.8352550906669546,0.8518126250199678,0.836680658047066,0.8467513774481872,0.8184566866116231
97887,0.8353412698843597,0.8518890248281008,0.8367659840296015,0.8468307365308076,0.8185530848073536
97888,0.8353412698843597,0.8518890248281008,0.8367659840296015,0.8468307365308076,0.8185530848073536
97889,0.8353412698843597,0.8518890248281008,0.8367659840296015,0.8468307365308076,0.8185530848073536
97890,0.8349253839249973,0.8515203421164098,0.8363542165758177,0.8464477702883035,0.8180878708300773
97891,0.9340892107415423,0.9504572862434754,0.9346542844032264,0.9475317957119511,0.91385223338078
97892,0.9340892107415423,0.9504572862434754,0.9346542844032264,0.9475317957119511,0.91385223338078
97893,0.9340892107415423,0.9504572862434754,0.9346542844032264,0.9475317957119511,0.91385223338078
97894,0.8601602538623895,0.8772218753120905,0.86255354566415,0.8735369564552565,0.838677643743937
97895,0.8601602538623895,0.8772218753120905,0.86255354566415,0.8735369564552565,0.838677643743937
97896,0.8922509446067252,0.910447062804043,0.891716022802131,0.9042148724425595,0.8778644701235728
97897,0.843081449721422,0.8606252937128389,0.8422815119047777,0.8544960148185528,0.8268130628973707
97898,0.8922509446067252,0.910447062804043,0.891716022802131,0.9042148724425595,0.8778644701235728
97899,0.8720341346614173,0.8881128687178973,0.8721357446842268,0.8829050257439971,0.8512337358847809
97900,0.8720341346614173,0.8881128687178973,0.8721357446842268,0.8829050257439971,0.8512337358847809
97901,0.8720341346614173,0.8881128687178973,0.8721357446842268,0.8829050257439971,0.8512337358847809
97905,0.859204394773044,0.8771601689101739,0.860140250513063,0.8723279332477535,0.8373315891788361
97906,0.859204394773044,0.8771601689101739,0.860140250513063,0.8723279332477535,0.8373315891788361
97907,0.8397456719427462,0.857556605276992,0.8482037069980353,0.8512584946234114,0.816835217110119
97908,0.859204394773044,0.8771601689101739,0.860140250513063,0.8723279332477535,0.8373315891788361
97909,0.859204394773044,0.8771601689101739,0.860140250513063,0.8723279332477535,0.8373315891788361
97912,0.8483104994469588,0.866234048161081,0.8485763395503784,0.8596035423046245,0.8324819686574971
97913,0.8483104994469588,0.866234048161081,0.8485763395503784,0.8596035423046245,0.8324819686574971
97915,0.8359714608524734,0.8524477345389878,0.8373899387616027,0.8474110776196631,0.8192579599583228
97916,0.8349253839249973,0.8515203421164098,0.8363542165758177,0.8464477702883035,0.8180878708300773
97918,0.8483104994469588,0.866234048161081,0.8485763395503784,0.8596035423046245,0.8324819686574971
97919,0.8483104994469588,0.866234048161081,0.8485763395503784,0.8596035423046245,0.8324819686574971
97920,0.8488092219043861,0.8666670717476329,0.8490740725963251,0.8600606335543306,0.8330404401083118
97921,0.8663204160654169,0.883668025521659,0.8626996948941446,0.8760147331704764,0.8521192967438159
97922,0.8982304224565734,0.9171281045933375,0.8967716490509413,0.9104086151227523,0.8860749287599037
97923,0.8982304224565734,0.9171281045933375,0.8967716490509413,0.9104086151227523,0.8860749287599037
97924,0.8750798207572569,0.8916499050338487,0.8762042346718174,0.8875813270112058,0.8538962713087273
97925,0.9230745484216244,0.9401506924061721,0.9253131596843043,0.937674818495483,0.9035463020155416
97926,0.9234016588925766,0.9404016754107052,0.925630169710567,0.9379367093555888,0.9039631076002933
97927,0.9234016588925766,0.9404016754107052,0.925630169710567,0.9379367093555888,0.9039631076002933
97928,0.859249343251411,0.8771987832571437,0.8601848639998195,0.8723682330985623,0.8373845247028727
97930,0.9521008723280177,0.9682342461979082,0.9546406578592272,0.9665726974888673,0.9328847142609515
97932,0.9253542765404797,0.9412816850877221,0.927098681341654,0.9391536444946542,0.9041710634477618
97934,0.8663204160654169,0.883668025521659,0.8626996948941446,0.8760147331704764,0.8521192967438159
97935,0.843081449721422,0.8606252937128389,0.8422815119047777,0.8544960148185528,0.8268130628973707
97936,0.847882191988143,0.8658621939228697,0.8481488823437916,0.8592110086027713,0.8320023112241032
97937,0.924672262129464,0.943235219485483,0.9256451238737339,0.937459198951006,0.9086343192021746
97938,0.924672262129464,0.943235219485483,0.9256451238737339,0.937459198951006,0.9086343192021746
97939,0.924672262129464,0.943235219485483,0.9256451238737339,0.937459198951006,0.9086343192021746
97940,0.924672262129464,0.943235219485483,0.9256451238737339,0.937459198951006,0.9086343192021746
97941,0.924672262129464,0.943235219485483,0.9256451238737339,0.937459198951006,0.9086343192021746
97942,0.859607239573851,0.8782085183675037,0.858971600690397,0.8716909760388633,0.8440241727594747
97943,0.859607239573851,0.8782085183675037,0.858971600690397,0.8716909760388633,0.8440241727594747
97944,0.8631060042718561,0.8810750126013845,0.8618197605183758,0.8745988137101218,0.8475408109450081
97945,0.8631060042718561,0.8810750126013845,0.8618197605183758,0.8745988137101218,0.8475408109450081
97946,0.8629123320370808,0.8809093415488752,0.8616240505685889,0.8744231498972009,0.8473221713979633
97947,0.875078446375279,0.893453876595345,0.8741892634702667,0.8870389854696835,0.860458338871564
97948,0.9687512033784302,0.9876302195954983,0.9693842273396563,0.9820276610175152,0.9555841271920718
97949,0.929936054714358,0.9481911405042155,0.9307198079074315,0.9424718702069594,0.9161230998001588
97950,0.8449757080149697,0.8633395456420888,0.8452481813173189,0.8565477867253104,0.8287464600174805
97952,0.9440221920921116,0.9629920420843818,0.9445846463888384,0.9569776346847579,0.9299127857010399
97953,0.936518674616387,0.9544100726063567,0.938329750537707,0.9496536162266793,0.9197353707550942
97954,0.9440221920921116,0.9629920420843818,0.9445846463888384,0.9569776346847579,0.9299127857010399
97955,0.9440221920921116,0.9629920420843818,0.9445846463888384,0.9569776346847579,0.9299127857010399
97956,0.9352722531826817,0.9531504901599173,0.9367804065614297,0.9477886387588956,0.9200308241904778
97957,0.8273574677660559,0.8467391044217674,0.8254415423942918,0.8399397910322278,0.8111869666624085
97958,0.8273574677660559,0.8467391044217674,0.8254415423942918,0.8399397910322278,0.8111869666624085
97959,0.9111517788895068,0.9209559548770769,0.9084565868520983,0.9192452954584439,0.8973382243839078
97960,0.8349253839249973,0.8515203421164098,0.8363542165758177,0.8464477702883035,0.8180878708300773
97961,0.9540343496175074,0.9717246419597149,0.9479997598721809,0.9629670753641583,0.9426070554824565
97962,0.9168010895538371,0.9348021387248411,0.9111240639539218,0.926849287162752,0.9037910192062434
97963,0.8940095840726353,0.9051511704780856,0.894623078369436,0.9028678025481096,0.8825008005823034
97964,0.8940095840726353,0.9051511704780856,0.894623078369436,0.9028678025481096,0.8825008005823034
97965,0.8940043924228337,0.9051465679103281,0.8946179194432936,0.9028630801453146,0.8824949887458697
97966,0.8667152619526838,0.8849542034175096,0.8659281510287765,0.8781016146700865,0.8508063815797343
97967,0.8666795735368792,0.884923876113713,0.8658922274651328,0.8780692926531701,0.8507658777461773
97968,0.8666795735368792,0.884923876113713,0.8658922274651328,0.8780692926531701,0.8507658777461773
97969,0.8468279264089754,0.8649470062012065,0.84709671175111,0.8582448798549899,0.8308215032804592
97970,0.9261137329050546,0.9439124482192429,0.9264569904466102,0.9388774836032826,0.9121735187271175
97971,0.8468279264089754,0.8649470062012065,0.84709671175111,0.8582448798549899,0.8308215032804592
97972,0.8468279264089754,0.8649470062012065,0.84709671175111,0.8582448798549899,0.8308215032804592
97973,0.8449757080149697,0.8633395456420888,0.8452481813173189,0.8565477867253104,0.8287464600174805
97974,0.8468279264089754,0.8649470062012065,0.84709671175111,0.8582448798549899,0.8308215032804592
97975,0.9116048971458824,0.9284286435730976,0.9132887388928326,0.9234652447591126,0.8951052096442896
97976,0.8631128928697616,0.8810809053549479,0.8618267215846707,0.8746050618547018,0.8475485874532833
97977,0.8449757080149697,0.8633395456420888,0.8452481813173189,0.8565477867253104,0.8287464600174805
97978,0.8449757080149697,0.8633395456420888,0.8452481813173189,0.8565477867253104,0.8287464600174805
97980,0.9154016567876149,0.9335457571744576,0.9145269416761804,0.9277395423265535,0.9010926389400042
97981,0.8631128928697616,0.8810809053549479,0.8618267215846707,0.8746050618547018,0.8475485874532833
97982,0.8666795735368792,0.884923876113713,0.8658922274651328,0.8780692926531701,0.8507658777461773
97983,0.9230745484216244,0.9401506924061721,0.9253131596843043,0.937674818495483,0.9035463020155416
97984,0.8428487964193899,0.8617828233719569,0.8422636561046435,0.8549148205380143,0.826233378464101
97985,0.917583211388358,0.9395406977506204,0.9148303174696245,0.9320975573670003,0.9024904286306763
97986,0.917583211388358,0.9395406977506204,0.9148303174696245,0.9320975573670003,0.9024904286306763
97987,0.917583211388358,0.9395406977506204,0.9148303174696245,0.9320975573670003,0.9024904286306763
97988,0.9608661523960665,0.9784202054088206,0.9543502251843322,0.9688357394485633,0.9487554249494036
97989,0.9062665746009839,0.9216469871221588,0.89955371126032,0.9146978252043593,0.8952144397419065
97990,0.9168010895538371,0.9348021387248411,0.9111240639539218,0.926849287162752,0.9037910192062434
97991,0.8273485080700989,0.8467312857847508,0.8254324677520164,0.8399315765434642,0.811177024249466
97992,0.8428487964193899,0.8617828233719569,0.8422636561046435,0.8549148205380143,0.826233378464101
97993,0.8273485080700989,0.8467312857847508,0.8254324677520164,0.8399315765434642,0.811177024249466
97994,0.8273485080700989,0.8467312857847508,0.8254324677520164,0.8399315765434642,0.811177024249466
97995,0.8273485080700989,0.8467312857847508,0.8254324677520164,0.8399315765434642,0.811177024249466
97996,0.9167577315986688,0.9362841552752401,0.913703308467215,0.9296952496840276,0.9037257213277139
97997,0.9133768529057931,0.9330945849699485,0.9117046512543958,0.9259212076600828,0.9002438768900848
97998,0.9025360157676727,0.9231584189377031,0.9003556652561553,0.9156533561618874,0.888703983059846
97999,0.8622413860195256,0.8803354477041839,0.860946041128339,0.8738146231417339,0.8465646733342161
98001,0.9154016567876149,0.9335457571744576,0.9145269416761804,0.9277395423265535,0.9010926389400042
98002,0.9154016567876149,0.9335457571744576,0.9145269416761804,0.9277395423265535,0.9010926389400042
98003,0.906508227777471,0.9258171621373801,0.906478604822125,0.9191001112797212,0.893319164296593
98004,0.8631128928697616,0.8810809053549479,0.8618267215846707,0.8746050618547018,0.8475485874532833
98005,0.9154016567876149,0.9335457571744576,0.9145269416761804,0.9277395423265535,0.9010926389400042
98006,0.8838364379074984,0.9024309355051624,0.8827904200310445,0.8953683800036157,0.8687247034146297
98007,0.8838364379074984,0.9024309355051624,0.8827904200310445,0.8953683800036157,0.8687247034146297
98008,0.9167577315986688,0.9362841552752401,0.913703308467215,0.9296952496840276,0.9037257213277139
98009,0.9167577315986688,0.9362841552752401,0.913703308467215,0.9296952496840276,0.9037257213277139
98010,0.9261137329050546,0.9439124482192429,0.9264569904466102,0.9388774836032826,0.9121735187271175
98011,0.9261137329050546,0.9439124482192429,0.9264569904466102,0.9388774836032826,0.9121735187271175
98012,0.919324338326856,0.9374151424428908,0.9205063579559025,0.9322981334038121,0.9048255918760479
98013,0.9478700996898396,0.9662728361962584,0.9493341712145738,0.9608738206671146,0.9337154974959525
98014,0.9210414985699105,0.9404978295117163,0.9207627623861053,0.9332248449238407,0.9078428808244401
98015,0.894495161587293,0.9122848211325277,0.8939723714655271,0.9061904964142865,0.8804386939558491
98016,0.9385869344301427,0.9550674597442816,0.9423280658620382,0.9507026540171267,0.920001540718269
98017,0.9025360157676727,0.9231584189377031,0.9003556652561553,0.9156533561618874,0.888703983059846
98018,0.919324338326856,0.9374151424428908,0.9205063579559025,0.9322981334038121,0.9048255918760479
98019,0.9341345376203096,0.9518559743320433,0.9360289261930713,0.9475764773030727,0.918690106099573
98020,0.8730984788063876,0.8939735261315122,0.8703408908905254,0.8841325542766683,0.8588230987399648
98021,0.9543393161595441,0.9727664486797823,0.9540582707757592,0.9676342618267738,0.939790436394381
98022,0.8729383200323613,0.8938420659992585,0.870176864371186,0.8839876911918777,0.8586427181801449
98023,0.9445461568046545,0.9632368876338347,0.9405603833385073,0.9557668368987673,0.9315407962241062
98024,0.9445461568046545,0.9632368876338347,0.9405603833385073,0.9557668368987673,0.9315407962241062
98025,0.9445461568046545,0.9632368876338347,0.9405603833385073,0.9557668368987673,0.9315407962241062
98026,0.9324230107557423,0.9503739430983443,0.9295180419608062,0.9426838013472602,0.9195327656402209
98027,0.9814541841454781,0.9982965775968761,0.9819277112359487,0.9945241082102114,0.9674069228733747
98028,0.9026808569377839,0.9208627047270992,0.902449840928825,0.9144136963019763,0.8880108733879299
98029,0.9517338075322913,0.9674849576268185,0.9516541187700863,0.9620069576083905,0.9380687602298509
98030,0.8729383200323613,0.8938420659992585,0.870176864371186,0.8839876911918777,0.8586427181801449
98031,0.9661647079664567,0.9850849230669646,0.9654508377156478,0.9787516884174398,0.9541098431016761
98032,0.9305565082484405,0.9482688331062838,0.9280514081866406,0.9407487396028148,0.9169356074424508
98033,0.8485213913523829,0.8680332345638504,0.846214012908691,0.860154658714017,0.8330170304116999
98034,0.8702682501577823,0.8899090562939929,0.8680022195543656,0.8821485314576598,0.8554050401691454
98035,0.8485213913523829,0.8680332345638504,0.846214012908691,0.860154658714017,0.8330170304116999
98036,0.8485213913523829,0.8680332345638504,0.846214012908691,0.860154658714017,0.8330170304116999
98038,0.9814541841454781,0.9982965775968761,0.9819277112359487,0.9945241082102114,0.9674069228733747
98039,0.936518674616387,0.9544100726063567,0.938329750537707,0.9496536162266793,0.9197353707550942
98040,0.9364854966445657,0.9543865878311328,0.9382975665359006,0.9496275816603441,0.9196928412571291
98041,0.9368809655169958,0.9550191271276981,0.9351902046764017,0.9482304614572771,0.9231007479865863
98042,0.8456494751283523,0.8658107474893846,0.8455729326983793,0.8582438996169942,0.8287084308650758
98043,0.8541538132964493,0.873119008141847,0.85060447011156,0.8656033923341264,0.8389735303802832
98044,0.9026808569377839,0.9208627047270992,0.902449840928825,0.9144136963019763,0.8880108733879299
98045,0.8597273184994914,0.8783005450166588,0.8598752987646141,0.8710146520721347,0.8423866087267974
98046,0.8217460009281707,0.840611517598907,0.818818374421111,0.8329148663052178,0.806358610880115
98047,0.8106641097607336,0.8288429496782672,0.8053155865390105,0.8218338999228318,0.7960671032152704
98048,0.8217460009281707,0.840611517598907,0.818818374421111,0.8329148663052178,0.806358610880115
98049,0.8479762440242312,0.8656061567761362,0.8466640855302853,0.8586452370114623,0.8305533532098529
98050,0.8443241595696985,0.8614472552330813,0.8426536831941711,0.8562652181863182,0.8263762906158818
98051,0.9358822071334812,0.9516719244186881,0.9357740785902781,0.9462579202457216,0.9210507639211286
98052,0.8456494751283523,0.8656061567761362,0.8455729326983793,0.8582438996169942,0.8287084308650758
98053,0.8479762440242312,0.8656061567761362,0.8466640855302853,0.8586452370114623,0.8305533532098529
98054,0.8479762440242312,0.8656061567761362,0.8466640855302853,0.8586452370114623,0.8305533532098529
98055,0.9358822071334812,0.9516719244186881,0.9357740785902781,0.9462579202457216,0.9210507639211286
98056,0.9358822071334812,0.9516719244186881,0.9357740785902781,0.9462579202457216,0.9210507639211286
98058,0.8061303253786231,0.8274374743006507,0.8015238220392804,0.8203182448241585,0.7958011765713977
98059,0.8061303253786231,0.8274374743006507,0.8015238220392804,0.8203182448241585,0.7958011765713977
98061,0.92513476113728,0.9434516924954502,0.9207453174869229,0.9369886520780115,0.9147554626645039
98062,0.8106641097607336,0.8288429496782672,0.8053155865390105,0.8218338999228318,0.7960671032152704
98063,0.8659015391703444,0.8856524009852363,0.8612633201232911,0.8775970112550036,0.8549599770819489
98064,0.8106641097607336,0.8288429496782672,0.8053155865390105,0.8218338999228318,0.7960671032152704
98065,0.8659015391703444,0.8856524009852363,0.8612633201232911,0.8775970112550036,0.8549599770819489
98066,0.889298760504956,0.9074382158794063,0.885408075137785,0.9015020359536017,0.8772830130497051
98068,0.8106641097607336,0.8288429496782672,0.8053155865390105,0.8218338999228318,0.7960671032152704
98071,0.8443241595696985,0.8614472552330813,0.8426536831941711,0.8562652181863182,0.8263762906158818
98072,0.9135758818944821,0.929467015712764,0.9143448994893483,0.9227137792752087,0.8954831567135172
98074,0.9079622832313881,0.9233558443097362,0.9080499767039093,0.9189229749787272,0.8917196044203298
98075,0.8932733061089242,0.9089284058534927,0.8926604904800733,0.9049118143277393,0.8769669992220499
98077,0.9079622832313881,0.9233558443097362,0.9080499767039093,0.9189229749787272,0.8917196044203298
98079,0.8659015391703444,0.8856524009852363,0.8612633201232911,0.8775970112550036,0.8549599770819489
98080,0.8659015391703444,0.8856524009852363,0.8612633201232911,0.8775970112550036,0.8549599770819489
98081,0.8659015391703444,0.8856524009852363,0.8612633201232911,0.8775970112550036,0.8549599770819489
98084,0.8084036131346933,0.8306862157533049,0.803612671252838,0.822735480062501,0.7977602968190955
98086,0.8084036131346933,0.8306862157533049,0.803612671252838,0.822735480062501,0.7977602968190955
98087,0.8084036131346933,0.8306862157533049,0.803612671252838,0.822735480062501,0.7977602968190955
98088,0.8932733061089242,0.9089284058534927,0.8926604904800733,0.9049118143277393,0.8769669992220499
98089,0.8443241595696985,0.8614472552330813,0.8426536831941711,0.8562652181863182,0.8263762906158818
98101,0.8729383200323613,0.8938420659992585,0.870176864371186,0.8839876911918777,0.8586427181801449
98102,0.9064346855989015,0.9247246623251141,0.9030166487196856,0.9176097764440553,0.8927016307302434
98103,0.832421727305986,0.8459818451364104,0.8355244475488119,0.8443216635925794,0.8151844670771388
98108,0.8100665048469595,0.8256171194846076,0.8126385476015375,0.8226856080508527,0.7935030497507763
98111,0.8100665048469595,0.8256171194846076,0.8126385476015375,0.8226856080508527,0.7935030497507763
98112,0.8100665048469595,0.8256171194846076,0.8126385476015375,0.8226856080508527,0.7935030497507763
98119,0.8188146244591175,0.8385930066489209,0.8163315656808209,0.8304476613474486,0.8030572389070436
98120,0.8188146244591175,0.8385930066489209,0.8163315656808209,0.8304476613474486,0.8030572389070436
98122,0.8188146244591175,0.8385930066489209,0.8163315656808209,0.8304476613474486,0.8030572389070436
98123,0.8188146244591175,0.8385930066489209,0.8163315656808209,0.8304476613474486,0.8030572389070436
98126,0.8984994617275079,0.9152717742192544,0.8938550208558652,0.9088111381418589,0.8872092331564991
98128,0.8984994617275079,0.9152717742192544,0.8938550208558652,0.9088111381418589,0.8872092331564991
98133,0.8729383200323613,0.8938420659992585,0.870176864371186,0.8839876911918777,0.8586427181801449
98134,0.8729383200323613,0.8938420659992585,0.870176864371186,0.8839876911918777,0.8586427181801449
98139,0.894495161587293,0.9122848211325277,0.8939723714655271,0.9061904964142865,0.8804386939558491
98140,0.8666795735368792,0.884923876113713,0.8658922274651328,0.8780692926531701,0.8507658777461773
98143,0.8453569647925431,0.8633077990272229,0.8421058170675926,0.8565422539510196,0.8334766862170878
98144,0.7698282808509503,0.789453633118183,0.7721394168649993,0.7839863918044949,0.7598805396956587
98146,0.8453569647925431,0.8633077990272229,0.8421058170675926,0.8565422539510196,0.8334766862170878
98147,0.8453569647925431,0.8633077990272229,0.8421058170675926,0.8565422539510196,0.8334766862170878
98153,0.8666795735368792,0.884923876113713,0.8658922274651328,0.8780692926531701,0.8507658777461773
98157,0.8454368401621807,0.8633773088228975,0.8421876047333237,0.8566156325963268,0.833563602876257
98158,0.8454368401621807,0.8633773088228975,0.8421876047333237,0.8566156325963268,0.833563602876257
98160,0.8666795735368792,0.884923876113713,0.8658922274651328,0.8780692926531701,0.8507658777461773
98166,0.936518674616387,0.9544100726063567,0.938329750537707,0.9496536162266793,0.9197353707550942
98168,0.936518674616387,0.9544100726063567,0.938329750537707,0.9496536162266793,0.9197353707550942
98170,0.9365037022412387,0.9543994744929244,0.9383152267114613,0.9496418674629818,0.9197161783309015
98171,0.9135758818944821,0.929467015712764,0.9143448994893483,0.9227137792752087,0.8954831567135172
98172,0.936518674616387,0.9544100726063567,0.938329750537707,0.9496536162266793,0.9197353707550942
98173,0.9175028303474346,0.935271779693229,0.9201928832342815,0.9292696390015428,0.8990001246677157
98179,0.832421727305986,0.8459818451364104,0.8355244475488119,0.8443216635925794,0.8151844670771388
98184,0.8993084981892211,0.9105399186103775,0.9008538014118176,0.9083100890355224,0.8842941539569933
98191,0.9135758818944821,0.929467015712764,0.9143448994893483,0.9227137792752087,0.8954831567135172
98192,0.8871713986633304,0.911018342332141,0.8942974460940545,0.905655728271941,0.8857353526129085
98193,0.8871713986633304,0.911018342332141,0.8942974460940545,0.905655728271941,0.8857353526129085
98194,0.9870387340398638,1.0098800102482932,0.9905146355549176,1.003634023157595,0.9841346983041309
98195,0.9320863180377515,0.9558479860404271,0.9336570206948933,0.9490256645442678,0.9283945581972608
98196,0.9508351363946863,0.9765552335413377,0.9522742907925982,0.9666477506173352,0.9478001519136218
98197,0.8643887934522422,0.8918477532084733,0.8731357751739915,0.8818977549906106,0.8617227710874231
98198,0.8648862688168119,0.8883329500782458,0.8714047864579764,0.8841802386194324,0.8643611181891245
98199,0.8648862688168119,0.8883329500782458,0.8714047864579764,0.8841802386194324,0.8643611181891245
98200,0.8927772223665418,0.9169217161508801,0.8945319929720212,0.9100916895508784,0.8887683986766034
98201,0.9459533406964392,0.9690426067810726,0.9524655561343442,0.9636702999517641,0.9423020790464546
98202,0.9320863180377515,0.9558479860404271,0.9336570206948933,0.9490256645442678,0.9283945581972608
98203,0.9320863180377515,0.9558479860404271,0.9336570206948933,0.9490256645442678,0.9283945581972608
98204,0.8927772223665418,0.9169217161508801,0.8945319929720212,0.9100916895508784,0.8887683986766034
98205,0.9499511370300632,0.9727652443382395,0.952033774139696,0.966597446328805,0.9462533368378013
98206,0.9508351363946863,0.9765552335413377,0.9522742907925982,0.9666477506173352,0.9478001519136218
98207,0.8643887934522422,0.8918477532084733,0.8731357751739915,0.8818977549906106,0.8617227710874231
98208,0.8990413720036695,0.9195108430196062,0.9028813969255209,0.9137014412793878,0.894681132917529
98209,0.8990413720036695,0.9195108430196062,0.9028813969255209,0.9137014412793878,0.894681132917529
98210,0.8705730483092627,0.8920586362366707,0.8731293126776499,0.885215505340485,0.8645071178919366
98211,0.9235391268155106,0.9484597953601721,0.9299965232131826,0.9414974128402255,0.9222173696977273
98212,0.9235391268155106,0.9484597953601721,0.9299965232131826,0.9414974128402255,0.9222173696977273
98213,0.9068940756106789,0.9318960501681289,0.9118939000189811,0.9242735154116947,0.9046319348932982
98214,0.8764664377487001,0.8988693837382744,0.8826049962103398,0.8947590339987169,0.8736754340916081
98215,0.9499511370300632,0.9727652443382395,0.952033774139696,0.966597446328805,0.9462533368378013
98216,0.9309891298586744,0.9541367772100008,0.9345160985461695,0.9459252707420432,0.9258152578296818
98217,0.9309891298586744,0.9541367772100008,0.9345160985461695,0.9459252707420432,0.9258152578296818
98218,0.9068940756106789,0.9318960501681289,0.9118939000189811,0.9242735154116947,0.9046319348932982
98219,0.8861326615764853,0.9094013422762532,0.8912751547623629,0.9021798225211337,0.881477870566683
98220,0.8182596617751748,0.8430820396577219,0.8246294453884973,0.8370509137365959,0.8144144880321915
98221,0.8746816262748709,0.8964534719369439,0.8795939326951074,0.8908533628703368,0.8705167917250638
98222,0.9334111429354021,0.9555046498724605,0.9364521957416327,0.9499977592981412,0.9306187523175088
98223,0.9298914264294117,0.9511371721761471,0.9319055964910483,0.9450776714241047,0.9267962676936325
98224,0.8839536767022913,0.9070765587899758,0.8880283239049922,0.9002175579649498,0.8805929370819768
98225,0.9071229825584675,0.9287040098956713,0.9102979190196991,0.9224096617060299,0.9024527534875016
98226,0.9071229825584675,0.9287040098956713,0.9102979190196991,0.9224096617060299,0.9024527534875016
98227,0.8651290666649565,0.8874973752382468,0.8692380004840458,0.8819070703401939,0.8615093263009994
98228,0.8839536767022913,0.9070765587899758,0.8880283239049922,0.9002175579649498,0.8805929370819768
98229,0.7922871105860166,0.816677573667757,0.8016749815308618,0.8123680546392045,0.7900284068990364
98230,0.870413746408062,0.8919948704121521,0.8731293126776499,0.8848175308322415,0.8641891860293348
98231,0.870413746408062,0.8919948704121521,0.8735326072344333,0.8848175308322415,0.8641891860293348
98232,0.8545019414103017,0.8781741511283364,0.8563537561015051,0.8704507590361269,0.8503167572919997
98233,0.8545019414103017,0.8781741511283364,0.8563537561015051,0.8704507590361269,0.8503167572919997
98234,0.8705730483092627,0.8920586362366707,0.8731293126776499,0.885215505340485,0.8645071178919366
98235,0.8651290666649565,0.8874973752382468,0.8692380004840458,0.8819070703401939,0.8615093263009994
98236,0.8352616019480328,0.8578637625323489,0.8380569935932778,0.8514573183199238,0.8304335683651763
98237,0.8182596617751748,0.8430820396577219,0.8246294453884973,0.8370509137365959,0.8144144880321915
98238,0.7922871105860166,0.816677573667757,0.8016749815308618,0.8123680546392045,0.7900284068990364
98239,0.7758295152935836,0.800002660679558,0.7858343006135844,0.7969956237190362,0.77263911729366
98240,0.7758295152935836,0.800002660679558,0.7858343006135844,0.7969956237190362,0.77263911729366
98242,0.7872557508960847,0.811502104674045,0.7975894976145647,0.8083222051462319,0.7843453862375309
98243,0.7872557508960847,0.811502104674045,0.7975894976145647,0.8083222051462319,0.7843453862375309
98244,0.7856277174154022,0.810700509475832,0.7964374212929874,0.8050200985234642,0.7817747644251909
98245,0.7872557508960847,0.811502104674045,0.7975894976145647,0.8083222051462319,0.7843453862375309
98247,0.8911554109116949,0.9132673835815088,0.8926794716621147,0.9066105992694131,0.8863394909002101
98251,0.8434712840010593,0.8659251876888436,0.8467492956093803,0.858592252082861,0.8388109272636388
98252,0.8243709999974969,0.8463291201356312,0.827989841870203,0.840889693699716,0.822260098352784
98254,0.8744886811568879,0.8972758205266509,0.8787959362248451,0.8914928917770989,0.870943232256633
98255,0.8744886811568879,0.8972758205266509,0.8787959362248451,0.8914928917770989,0.870943232256633
98257,0.8839536767022913,0.9070765587899758,0.8880283239049922,0.9002175579649498,0.8805929370819768
98258,0.8839536767022913,0.9070765587899758,0.8880283239049922,0.9002175579649498,0.8805929370819768
98259,0.8987352634631608,0.9196330483122213,0.9015816322076347,0.91266992487803,0.8938467782140277
98260,0.8923188640398445,0.9131698628615245,0.8929140377443691,0.9042688510743634,0.8864683641483722
98261,0.8238642087478291,0.8457177096587172,0.8272876229431985,0.8407764039436866,0.8209966997697424
98262,0.783503490483408,0.8068252684045231,0.7941462740977314,0.8043026579539649,0.7808902556871092
98263,0.783503490483408,0.8068252684045231,0.7941462740977314,0.8043026579539649,0.7808902556871092
98264,0.783503490483408,0.8068252684045231,0.7941462740977314,0.8043026579539649,0.7808902556871092
98265,0.8154705537929265,0.8377175846058772,0.8197985114306486,0.8310422019615892,0.8111751820032124
98266,0.8185246493458976,0.8404934321834148,0.8240340134002438,0.8349106599685393,0.8149835088757081
98267,0.9091393941904861,0.9319282194654834,0.9112798088354801,0.9249894376702774,0.9048413892901789
98268,0.9091393941904861,0.9319282194654834,0.9112798088354801,0.9249894376702774,0.9048413892901789
98269,0.8927103836453807,0.9134348358894657,0.895229978538685,0.9070177895738536,0.8875553005822309
98270,0.8873937635446789,0.908197677353333,0.8893751246394735,0.9013801769225621,0.8824206623832336
98271,0.8243709999974969,0.8463291201356312,0.827989841870203,0.840889693699716,0.822260098352784
98272,0.8923188640398445,0.9131698628615245,0.8929140377443691,0.9042688510743634,0.8864683641483722
98273,0.8923188640398445,0.9131698628615245,0.8929140377443691,0.9042688510743634,0.8864683641483722
98274,0.8442396875459462,0.8655080443480441,0.8475216555306642,0.8593931808839055,0.8402027610082041
98275,0.8352616019480328,0.8578637625323489,0.8380569935932778,0.8514573183199238,0.8304335683651763
98276,0.8987539867455756,0.9197284879271104,0.8980150875684237,0.9114460786984687,0.8926302215714091
98277,0.83658583097781,0.8586630509439922,0.839074940227488,0.8524889178589596,0.8314577440928728
98278,0.8441801737916447,0.8654575984631401,0.8474635630545984,0.8593401620531644,0.8401414877698596
98279,0.8441801737916447,0.8654575984631401,0.8474635630545984,0.8593401620531644,0.8401414877698596
98280,0.8441801737916447,0.8654575984631401,0.8474635630545984,0.8593401620531644,0.8401414877698596
98281,0.806710284780614,0.8294214392684246,0.8104159802861494,0.823157799624429,0.803629606641441
98282,0.8924964125479806,0.91331057143358,0.8930905169314336,0.9044251308897238,0.8866564807478401
98283,0.8924964125479806,0.91331057143358,0.8930905169314336,0.9044251308897238,0.8866564807478401
98284,0.806710284780614,0.8294214392684246,0.8104159802861494,0.823157799624429,0.803629606641441
98285,0.8220868393967101,0.8443694275485433,0.8257600422115036,0.838850809742314,0.8199440631481977
98286,0.8220868393967101,0.8443694275485433,0.8257600422115036,0.838850809742314,0.8199440631481977
98287,0.823239915493023,0.8453585958742058,0.8268856544149709,0.8398799783396163,0.8211132433062042
98288,0.9083881442406173,0.9282558896547771,0.9115303550525456,0.9227978570515446,0.9043290315068512
98289,0.908012210514335,0.9279662627380062,0.9111682594230496,0.9224847991168376,0.9039351150645767
98290,0.8501939883092537,0.871583214510027,0.8526257328933524,0.8649345618925554,0.8457839760601469
98291,0.8236245400571647,0.8455117968097025,0.8270533291916652,0.8405629722950431,0.8207525034735725
98292,0.8242080837904299,0.8460131691003742,0.8276237892096125,0.8410826480650722,0.8213470682057157
98293,0.8242080837904299,0.8460131691003742,0.8276237892096125,0.8410826480650722,0.8213470682057157
98294,0.8241676292392638,0.8459784092713891,0.8275842413507325,0.8410466196904853,0.8213058499213851
98295,0.8241240073531604,0.8459409282795969,0.827541597202705,0.8410077707747614,0.8212614044558031
98296,0.8244142172996853,0.8463662069748511,0.828032032313617,0.8409282770736347,0.8223039177106264
98297,0.8070661471477205,0.8307937954567297,0.8096364683113159,0.8233019798704527,0.8039427231820453
98298,0.8243600070686097,0.8463662069748511,0.827629640018532,0.84043174707774,0.8204822478161493
98299,0.8243709999974969,0.8463291201356312,0.827989841870203,0.840889693699716,0.822260098352784
98300,0.8243709999974969,0.8463291201356312,0.827989841870203,0.840889693699716,0.822260098352784
98301,0.8070661471477205,0.8307937954567297,0.8096364683113159,0.8233019798704527,0.8039427231820453
98302,0.8236245400571647,0.8455117968097025,0.8270533291916652,0.8405629722950431,0.8207525034735725
98303,0.8241676292392638,0.8459784092713891,0.8275842413507325,0.8410466196904853,0.8213058499213851
98304,0.8241676292392638,0.8459784092713891,0.8275842413507325,0.840889693699716,0.8213058499213851
98305,0.8242702248286007,0.8460665631857934,0.8276845376045999,0.841137990622845,0.8214103823034109
98306,0.8242702248286007,0.8460665631857934,0.8276845376045999,0.841137990622845,0.8214103823034109
98307,0.806710284780614,0.8294214392684246,0.8104159802861494,0.823157799624429,0.803629606641441
98308,0.8238642087478291,0.8457177096587172,0.8272876229431985,0.8407764039436866,0.8209966997697424
98309,0.8238642087478291,0.8457177096587172,0.8272876229431985,0.8407764039436866,0.8209966997697424
98310,0.8236874780450677,0.8457425996346092,0.8273225688972421,0.8402794952279702,0.8215670492735819
98311,0.8236874780450677,0.8457425996346092,0.8273225688972421,0.8402794952279702,0.8215670492735819
98312,0.8366256382236553,0.8586968217329219,0.8391140551444508,0.8525243534462313,0.8314989873313615
98313,0.8366256382236553,0.8586968217329219,0.8391140551444508,0.8525243534462313,0.8314989873313615
98314,0.83658583097781,0.8586630509439922,0.839074940227488,0.8524889178589596,0.8314577440928728
98315,0.8243709999974969,0.8463291201356312,0.827989841870203,0.840889693699716,0.822260098352784
98316,0.7867030104243892,0.8104459398454721,0.8002634229535216,0.8076437516965148,0.7836339295821327
98317,0.7856277174154022,0.8104459398454721,0.7964374212929874,0.8050200985234642,0.7817747644251909
98318,0.7866916285749223,0.8104360431255787,0.8002528972909564,0.8076336830636663,0.7836223509235101
98319,0.7867030104243892,0.8104459398454721,0.8002634229535216,0.8076437516965148,0.7836339295821327
98320,0.8241240073531604,0.8459409282795969,0.827541597202705,0.8410077707747614,0.8212614044558031
98321,0.806710284780614,0.8294214392684246,0.8104159802861494,0.823157799624429,0.803629606641441
98322,0.8067963694003389,0.8294958743918107,0.8105001312592673,0.8232354001879597,0.8037173087721264
98323,0.8067240720968448,0.8294333607159096,0.8104294578931963,0.8231702280689575,0.8036436530325776
98324,0.806710284780614,0.8294214392684246,0.8104159802861494,0.823157799624429,0.803629606641441
98325,0.8067963694003389,0.8294958743918107,0.8105001312592673,0.8232354001879597,0.8037173087721264
98326,0.7956289833821356,0.8184840576733845,0.8058587557382373,0.8153852601437571,0.7924667706788899
98327,0.7956289833821356,0.8184840576733845,0.8058587557382373,0.8153852601437571,0.7924667706788899
98328,0.7874046817356464,0.8097247876779172,0.7985926596102266,0.8083659993378849,0.7848393883239896
98329,0.8442396875459462,0.8655080443480441,0.8475216555306642,0.8593931808839055,0.8402027610082041
98330,0.8177998336304283,0.839848855906887,0.8206324504311234,0.8329962112219997,0.8126569735805284
98331,0.8243074532145934,0.8460985516301126,0.8277209317230185,0.8411711463274826,0.8214483134122423
98332,0.8243074532145934,0.8460985516301126,0.8277209317230185,0.8411711463274826,0.8214483134122423
98333,0.8070661471477205,0.8307937954567297,0.8096364683113159,0.8233019798704527,0.8039427231820453
98334,0.82447760446852,0.8470082647263325,0.827744712499264,0.840537073386867,0.8206028589782806
98335,0.8069594043677029,0.8307021555362959,0.8095313930866764,0.823205640908378,0.8038339434217844
98336,0.8243600070686097,0.8469077854038838,0.827629640018532,0.84043174707774,0.8204822478161493
98337,0.8067240720968448,0.8294333607159096,0.8104294578931963,0.8231702280689575,0.8036436530325776
98338,0.8062209464901675,0.8294333607159096,0.8088044786778389,0.822539198013073,0.8030813844085292
98339,0.8062209464901675,0.8300682360043522,0.8088044786778389,0.822539198013073,0.8030813844085292
98340,0.8134087860677842,0.8363800960437499,0.8216546173338464,0.8310746820172269,0.8095377342629432
98341,0.7856277174154022,0.810700509475832,0.7964374212929874,0.8050200985234642,0.7817747644251909
98342,0.7921916524976563,0.8179791052327906,0.8001179408580441,0.809958053583373,0.7876823628875563
98343,0.8089452592884092,0.8305963385015283,0.8127136628665789,0.82454565683742,0.8052594698900497
98344,0.8609633544272504,0.8810686987792103,0.8638282185083245,0.8748721231672187,0.8566998793793223
98345,0.8089452592884092,0.8305963385015283,0.8127136628665789,0.82454565683742,0.8052594698900497
98346,0.8291948035541263,0.850850589796504,0.8384084479596554,0.8475943063663378,0.8259825448084231
98347,0.7926503991111361,0.8172126706043978,0.8035553180529339,0.8116372873567751,0.7887999589223287
98348,0.806710284780614,0.8294214392684246,0.8104159802861494,0.823157799624429,0.803629606641441
98349,0.7706045445814064,0.7940092502255319,0.7828559611583361,0.7916351743759374,0.7680193575515337
98350,0.7867068036397382,0.8104492381184272,0.8002669308315616,0.8076471072622098,0.7836377883870417
98351,0.7878746482927397,0.8111001267804926,0.8011050518472606,0.8090971118130543,0.7844292457347859
98352,0.8241422736536452,0.8467217527452012,0.8274165826288317,0.8402367385971539,0.8202589329891198
98353,0.8241422736536452,0.8467217527452012,0.8274165826288317,0.8402367385971539,0.8202589329891198
98354,0.8241422736536452,0.8467217527452012,0.8274165826288317,0.8402367385971539,0.8202589329891198
98355,0.8241422736536452,0.8467217527452012,0.8274165826288317,0.8402367385971539,0.8202589329891198
98356,0.8243600070686097,0.8469077854038838,0.827629640018532,0.84043174707774,0.8204822478161493
98357,0.8177998336304283,0.839848855906887,0.8206324504311234,0.8329962112219997,0.8126569735805284
98358,0.8177998336304283,0.839848855906887,0.8206324504311234,0.8329962112219997,0.8126569735805284
98359,0.8408329075286669,0.8635923175849095,0.8439833904397477,0.8568698208043314,0.8362859350124572
98360,0.8408329075286669,0.8635923175849095,0.8439833904397477,0.8568698208043314,0.8362859350124572
98361,0.8243709999974969,0.8463291201356312,0.8277356428266254,0.8405287718262238,0.8205933527980063
98362,0.85565125581759,0.8773400439720085,0.8580913247133846,0.8709233123574986,0.8506379346214072
98363,0.85565125581759,0.8773400439720085,0.8580913247133846,0.8709233123574986,0.8506379346214072
98364,0.85565125581759,0.8773400439720085,0.8580913247133846,0.8709233123574986,0.8506379346214072
98365,0.785234865628237,0.8106405288097662,0.7946852297520262,0.8036814279477897,0.7810531081429972
98366,0.785234865628237,0.8106405288097662,0.7946852297520262,0.8036814279477897,0.7810531081429972
98367,0.813571236950549,0.8365196518997245,0.8218087409826343,0.8312194424568983,0.8097041375462891
98368,0.8045069969904263,0.8288629524330919,0.8146011647384311,0.8233931768090795,0.801216750222855
98369,0.8062209464901675,0.8300682360043522,0.8088044786778389,0.822539198013073,0.8030813844085292
98370,0.8062209464901675,0.8300682360043522,0.8088044786778389,0.822539198013073,0.8030813844085292
98374,0.8434712840010593,0.8659251876888436,0.8467492956093803,0.858592252082861,0.8388109272636388
98375,0.806710284780614,0.8294214392684246,0.8104159802861494,0.823157799624429,0.803629606641441
98376,0.8434712840010593,0.8659251876888436,0.8467492956093803,0.858592252082861,0.8388109272636388
98377,0.8243709999974969,0.8463291201356312,0.827989841870203,0.840889693699716,0.822260098352784
98378,0.8434353980110354,0.865895042760421,0.8467142617817032,0.8585602567437616,0.8387738212857085
98379,0.8346074180883281,0.8572266907567027,0.8381565675879854,0.8501539249975796,0.8307209353682163
98380,0.7921916524976563,0.8179791052327906,0.8001179408580441,0.809958053583373,0.7876823628875563
98381,0.8091832303275982,0.8351241818244257,0.8179049834350341,0.8278219164296698,0.8047700783262969
98382,0.8091832303275982,0.8351241818244257,0.8179049834350341,0.8278219164296698,0.8047700783262969
98383,0.8346074180883281,0.8572266907567027,0.8381565675879854,0.8501539249975796,0.8307209353682163
98384,0.8434353980110354,0.865895042760421,0.8467142617817032,0.8585602567437616,0.8387738212857085
98385,0.7856277174154022,0.810700509475832,0.7964374212929874,0.8050200985234642,0.7817747644251909
98386,0.8045069969904263,0.8288629524330919,0.8146011647384311,0.8233931768090795,0.801216750222855
98387,0.8045069969904263,0.8288629524330919,0.8146011647384311,0.8233931768090795,0.801216750222855
98388,0.8185246493458976,0.8404934321834148,0.8240340134002438,0.8349106599685393,0.8149835088757081
98389,0.8267653777345981,0.8492169915314397,0.8293856465921596,0.8421601207486594,0.8224885361204622
98390,0.806710284780614,0.8294214392684246,0.8104159802861494,0.823157799624429,0.803629606641441
98391,0.8350052502608304,0.8575634053562018,0.8385446492869998,0.8505094922224297,0.8311295150489807
98392,0.8094079454613515,0.8346036981495082,0.8180924789862393,0.8264938258026867,0.8054592554339911
98393,0.8094079454613515,0.8346036981495082,0.8180924789862393,0.8264938258026867,0.8054592554339911
98394,0.8094079454613515,0.8346036981495082,0.8180924789862393,0.8264938258026867,0.8054592554339911
98395,0.8971995658372447,0.9188497162665882,0.8949581161697546,0.9098453112484641,0.8907755320165426
98396,0.9235586266169744,0.9479979506676566,0.9230909978779017,0.9376973767910745,0.917708878416355
98397,0.8010356879082068,0.8253519723730588,0.8145639802501919,0.821468955618771,0.7973676852282868
98398,0.7856277174154022,0.810700509475832,0.7964374212929874,0.8050200985234642,0.7817747644251909
98399,0.7866916285749223,0.8104360431255787,0.8002528972909564,0.8076336830636663,0.7836223509235101
98400,0.8250689217798701,0.846572565800727,0.8284253715608423,0.839707060274393,0.8207821132604957
98401,0.8250689217798701,0.846572565800727,0.8284253715608423,0.839707060274393,0.8207821132604957
98402,0.8089452592884092,0.8305963385015283,0.8127136628665789,0.82454565683742,0.8052594698900497
98403,0.8250689217798701,0.846572565800727,0.8284253715608423,0.839707060274393,0.8207821132604957
98404,0.8250689217798701,0.846572565800727,0.8284253715608423,0.839707060274393,0.8207821132604957
98405,0.8252138775379732,0.8466973115078411,0.8285671218274184,0.839838175297212,0.8209311911164432
98406,0.8087770355080364,0.8336545919875187,0.8127024620546666,0.8242867266180232,0.8041722629154433
98407,0.8087770355080364,0.8336545919875187,0.8127024620546666,0.8242867266180232,0.8041722629154433
98408,0.8087770355080364,0.8336545919875187,0.8127024620546666,0.8242867266180232,0.8041722629154433
98409,0.8087770355080364,0.8336545919875187,0.8127024620546666,0.8242867266180232,0.8041722629154433
98410,0.8087770355080364,0.8336545919875187,0.8127024620546666,0.8242867266180232,0.8041722629154433
98411,0.8039354293699115,0.8282829993765798,0.8088289581335197,0.8194731091364607,0.7993241501831486
98412,0.8197274838907083,0.8442297391662567,0.8258006306523535,0.835030924823278,0.8128276240350846
98413,0.8514187238541601,0.8734590642272924,0.8536400098798834,0.8662076077630574,0.8466223268214471
98414,0.8514187238541601,0.8734590642272924,0.8536400098798834,0.8662076077630574,0.8466223268214471
98415,0.8677342571730042,0.8888121062369837,0.8660461472129666,0.8798697450896125,0.8598838183522571
98416,0.8039354293699115,0.8282829993765798,0.8088289581335197,0.8194731091364607,0.7993241501831486
98417,0.8039354293699115,0.8282829993765798,0.8088289581335197,0.8194731091364607,0.7993241501831486
98418,0.8039354293699115,0.8282829993765798,0.8088289581335197,0.8194731091364607,0.7993241501831486
98419,0.9123271509429262,0.9332121432995588,0.9135257924843884,0.9244695775894165,0.9069955003163973
98420,0.9271124293632023,0.9476469848911446,0.9296934605731936,0.9401881165519539,0.9228545159731345
98421,0.8048285224105824,0.8291482352785423,0.8178813665363777,0.8221455659459954,0.7990774367400202
98422,0.8048285224105824,0.8291482352785423,0.8178813665363777,0.8221455659459954,0.7990774367400202
98423,0.8917788916368518,0.9135453757983583,0.8932074669972938,0.9054082062229102,0.8863412240170983
98424,0.8917788916368518,0.9135453757983583,0.8932074669972938,0.9054082062229102,0.8863412240170983
98425,0.8917788916368518,0.9135453757983583,0.8932074669972938,0.9054082062229102,0.8863412240170983
98426,0.8515300401411172,0.8723930103053581,0.8493488498042788,0.8652866523445586,0.8430576399845241
98427,0.869006606926938,0.8900520983953416,0.8676260862465667,0.8820186527669008,0.8613349075965041
98428,0.9123271509429262,0.9332121432995588,0.9135257924843884,0.9244695775894165,0.9069955003163973
98429,0.87642675516333,0.8982642360283747,0.8733997389881517,0.8884692792185108,0.8673629310495142
98430,0.8677342571730042,0.8888121062369837,0.8660461472129666,0.8798697450896125,0.8598838183522571
98431,0.8460690003543667,0.8672150214503458,0.8445789583508564,0.8599575068863433,0.8366729914066735
98432,0.8879738555933492,0.9102581374787309,0.899535148161539,0.9029648328921621,0.8826524800712088
98433,0.8879738555933492,0.9102581374787309,0.899535148161539,0.9029648328921621,0.8826524800712088
98434,0.8197211703268268,0.8442244011611268,0.8257945628780358,0.8350252255374427,0.8128210279369054
98435,0.8777495838935038,0.9004697312159731,0.8919633598472089,0.8954915297188024,0.8732207488790588
98436,0.8589685370323636,0.8826486815638599,0.8709846884761159,0.8752516965921578,0.8526176488332118
98437,0.8459181067823777,0.8670872234913893,0.8444264050885093,0.8598218773985009,0.8365115589543193
98438,0.8309309110056595,0.8519492264227307,0.8290514754824002,0.8451000642682559,0.8222183560416658
98439,0.8460690003543667,0.8672150214503458,0.8445789583508564,0.8599575068863433,0.8366729914066735
98440,0.8459181067823777,0.8670872234913893,0.8444264050885093,0.8598218773985009,0.8365115589543193
98441,0.935591567989471,0.9573986984959137,0.9360023579202384,0.9485215636969584,0.9299826599953788
98442,0.8947531939391655,0.914927003452498,0.8927256051682695,0.9069284821207535,0.8871574158806708
98443,0.8945368968860952,0.9147550795132902,0.8925047654816507,0.9067391423241353,0.8869240215030395
98444,0.9128282392259428,0.9344284168000238,0.9128718988143326,0.9258989704589343,0.9072139886384235
98445,0.8730961170122061,0.8955862284470429,0.8878554706403173,0.8908971966815655,0.8687756551312773
98446,0.8730961170122061,0.8955862284470429,0.8878554706403173,0.8908971966815655,0.8687756551312773
98447,0.8221100654242672,0.847357944571273,0.8381588790971881,0.8429967163172326,0.8189431787221981
98448,0.8589685370323636,0.8826486815638599,0.8709846884761159,0.8752516965921578,0.8526176488332118
98449,0.8309309110056595,0.8519492264227307,0.8290514754824002,0.8451000642682559,0.8222183560416658
98450,0.8309309110056595,0.8519492264227307,0.8290514754824002,0.8451000642682559,0.8222183560416658
98451,0.8307141163888921,0.8517628647658017,0.828831904045269,0.8449039088982313,0.8219886098113856
98452,0.9212872884247758,0.9430306802769628,0.9237266392710272,0.9349580345625436,0.9165095228099049
98453,0.9212872884247758,0.9430306802769628,0.9237266392710272,0.9349580345625436,0.9165095228099049
98454,0.9128282392259428,0.9344284168000238,0.9128718988143326,0.9258989704589343,0.9072139886384235
98455,0.8308004187411517,0.8518370513184254,0.8289193119074997,0.844981994430706,0.8220800684966572
98456,0.8307141163888921,0.8517628647658017,0.828831904045269,0.8449039088982313,0.8219886098113856
98457,0.8947531939391655,0.914927003452498,0.8927256051682695,0.9069284821207535,0.8871574158806708
98458,0.8937883770141551,0.914927003452498,0.8927256051682695,0.9069284821207535,0.8871574158806708
98459,0.8945368968860952,0.9147550795132902,0.8925047654816507,0.9067391423241353,0.8869240215030395
98460,0.8947531939391655,0.914927003452498,0.8927256051682695,0.9069284821207535,0.8871574158806708
98461,0.8937883770141551,0.915761873263383,0.8928647988961373,0.9071412190101137,0.8873522900156031
98462,0.8945117675149954,0.9187205612677233,0.8963230321177897,0.9083115001931268,0.8888407429000839
98463,0.8945368968860952,0.9147550795132902,0.8925047654816507,0.9067391423241353,0.8869240215030395
98464,0.8945368968860952,0.9147550795132902,0.8925047654816507,0.9067391423241353,0.8869240215030395
98465,0.812990536733766,0.8343834429115708,0.80937232751091,0.8275434182729244,0.8040279165932105
98471,0.8340459909270659,0.8547848163161778,0.8320357938766354,0.8477752085864155,0.8252205336526713
98473,0.8340459909270659,0.8547848163161778,0.8320357938766354,0.8477752085864155,0.8252205336526713
98474,0.8307141163888921,0.8517628647658017,0.828831904045269,0.8449039088982313,0.8219886098113856
98475,0.8307141163888921,0.8517628647658017,0.828831904045269,0.8449039088982313,0.8219886098113856
98479,0.870967357531476,0.8924388660343308,0.8678198889993506,0.8833089008242367,0.8629653280693016
98480,0.8515300401411172,0.8723930103053581,0.8493488498042788,0.8652866523445586,0.8430576399845241
98481,0.870967357531476,0.8924388660343308,0.8678198889993506,0.8833089008242367,0.8629653280693016
98482,0.8197211703268268,0.8442244011611268,0.8257945628780358,0.8350252255374427,0.8128210279369054
98483,0.8197211703268268,0.8442244011611268,0.8257945628780358,0.8350252255374427,0.8128210279369054
98486,0.9128282392259428,0.9344284168000238,0.9128718988143326,0.9258989704589343,0.9072139886384235
98487,0.9128282392259428,0.9344284168000238,0.9128718988143326,0.9258989704589343,0.9072139886384235
98488,0.8243709999974969,0.8463291201356312,0.827989841870203,0.840889693699716,0.822260098352784
98490,0.9102957525548391,0.9324923324625541,0.9123805293650534,0.9247064867907889,0.9055353143862257
98491,0.8307141163888921,0.8517628647658017,0.828831904045269,0.8449039088982313,0.8219886098113856
98494,0.8307141163888921,0.8517628647658017,0.828831904045269,0.8449039088982313,0.8219886098113856
98495,0.8777495838935038,0.9004697312159731,0.8919633598472089,0.8954915297188024,0.8732207488790588
98496,0.8164658268408301,0.8412950372178586,0.8328335311054789,0.8369472694435496,0.8129736968857856
98502,0.7706045445814064,0.7940092502255319,0.7828559611583361,0.7916351743759374,0.7680193575515337
98503,0.7706045445814064,0.7940092502255319,0.7828559611583361,0.7916351743759374,0.7680193575515337
98507,0.7706045445814064,0.7940092502255319,0.7828559611583361,0.7916351743759374,0.7680193575515337
98508,0.7704069104296005,0.7938356235090178,0.7826710264264958,0.7914591604127781,0.7678190054391582
98509,0.7705552228227261,0.7939659191696314,0.7828098083279628,0.7915912476086645,0.7679693575787473
98510,0.7706045445814064,0.7940092502255319,0.7828559611583361,0.7916351743759374,0.7680193575515337
98511,0.7706045445814064,0.7940092502255319,0.7828559611583361,0.7916351743759374,0.7680193575515337
98512,0.8221100654242672,0.847357944571273,0.8381588790971881,0.8429967163172326,0.8189431787221981
98513,0.83658583097781,0.8586630509439922,0.839074940227488,0.8524889178589596,0.8314577440928728
98519,0.8097486619112094,0.8345270018592595,0.8224077009239029,0.8265424933683974,0.8048429579397186
98520,0.8097486619112094,0.8345270018592595,0.8224077009239029,0.8265424933683974,0.8048429579397186
98523,0.8089452592884092,0.8305963385015283,0.8127136628665789,0.82454565683742,0.8052594698900497
98524,0.8089452592884092,0.8305963385015283,0.8127136628665789,0.82454565683742,0.8052594698900497
98529,0.7867068036397382,0.8104492381184272,0.8002669308315616,0.8076471072622098,0.7836377883870417
98530,0.7866916285749223,0.8104360431255787,0.8002528972909564,0.8076336830636663,0.7836223509235101
98535,0.806710284780614,0.8294214392684246,0.8104159802861494,0.823157799624429,0.803629606641441
98538,0.8746816262748709,0.8964534719369439,0.8795939326951074,0.8908533628703368,0.8705167917250638
98544,0.8307141163888921,0.8517628647658017,0.828831904045269,0.8449039088982313,0.8219886098113856
98545,0.8515300401411172,0.8723930103053581,0.8493488498042788,0.8652866523445586,0.8430576399845241
98546,0.8515300401411172,0.8723930103053581,0.8493488498042788,0.8652866523445586,0.8430576399845241
98548,0.8515300401411172,0.8723930103053581,0.8493488498042788,0.8652866523445586,0.8430576399845241
98552,0.8589685370323636,0.8826486815638599,0.8709846884761159,0.8752516965921578,0.8526176488332118
98555,0.8164658268408301,0.8412950372178586,0.8328335311054789,0.8369472694435496,0.8129736968857856
98556,0.7856277174154022,0.810700509475832,0.7964374212929874,0.8050200985234642,0.7817747644251909
98563,0.7841974180275914,0.8081407788128193,0.7963983213048317,0.8050200985234642,0.7815592580005273
98564,0.7856277174154022,0.810700509475832,0.7964374212929874,0.8050200985234642,0.7817747644251909
98568,0.8307141163888921,0.8517628647658017,0.828831904045269,0.8449039088982313,0.8219886098113856
98570,0.8307141163888921,0.8517628647658017,0.828831904045269,0.8449039088982313,0.8219886098113856
98572,0.8197274838907083,0.8442297391662567,0.8258006306523535,0.835030924823278,0.8128276240350846
98573,0.7841974180275914,0.8081407788128193,0.7963983213048317,0.8055298521777751,0.7815592580005273
98574,0.8463604511210201,0.8674618742729627,0.8448736138232389,0.8602194830112803,0.8369847913387277
98577,0.8243709999974969,0.8463291201356312,0.827989841870203,0.840889693699716,0.822260098352784
98582,0.8861147081371746,0.9064760291350444,0.8833162311061519,0.8991896299468071,0.8775526264349821
98583,0.889298760504956,0.9074382158794063,0.885408075137785,0.9015020359536017,0.8772830130497051
98584,0.8534019141039361,0.8710039090566886,0.8496878755931941,0.8645275145493191,0.8383683165117952
98585,0.8534019141039361,0.8710039090566886,0.8496878755931941,0.8645275145493191,0.8383683165117952
98586,0.8294764223850478,0.8483515120265852,0.8256853124685227,0.841792999982116,0.8141916777507072
98587,0.8294409023293913,0.8483204456186952,0.8256488797558434,0.8417604028551315,0.8141524398091327
98588,0.8205999500424297,0.8395526644547365,0.8163810019280917,0.8314876012958923,0.8042483155953071
98589,0.8205999500424297,0.8395526644547365,0.8163810019280917,0.8314876012958923,0.8042483155953071
98592,0.8861147081371746,0.9064760291350444,0.8833162311061519,0.8991896299468071,0.8775526264349821
98594,0.8861147081371746,0.9064760291350444,0.8833162311061519,0.8991896299468071,0.8775526264349821
98596,0.8861147081371746,0.9064760291350444,0.8833162311061519,0.8991896299468071,0.8775526264349821
98598,0.8294409023293913,0.8483204456186952,0.8256488797558434,0.8417604028551315,0.8141524398091327
98599,0.9044779244925609,0.9211212018392797,0.9033635928314317,0.915486964686075,0.8875069127870189
98600,0.9044779244925609,0.9211212018392797,0.9033635928314317,0.915486964686075,0.8875069127870189
98606,0.8529368885270735,0.8712103270128381,0.849508852647857,0.8650533837248309,0.8380195617652993
98607,0.8529368885270735,0.8712103270128381,0.849508852647857,0.8650533837248309,0.8380195617652993
98608,0.8295709450113984,0.8484341839635843,0.8257822635407355,0.8418797450368044,0.814296093038504
98609,0.8529368885270735,0.8712103270128381,0.849508852647857,0.8650533837248309,0.8380195617652993
98610,0.8528459216780357,0.8711319123542045,0.8494154864676018,0.8649707838944191,0.8379180482187628
98611,0.8528459216780357,0.8711319123542045,0.8494154864676018,0.8649707838944191,0.8379180482187628
98612,0.851774965102108,0.8702088315028462,0.8483162595814291,0.8639984020202687,0.8367228141984835
98613,0.851774965102108,0.8702088315028462,0.8483162595814291,0.8639984020202687,0.8367228141984835
98614,0.851774965102108,0.8702088315028462,0.8483162595814291,0.8639984020202687,0.8367228141984835
98615,0.851774965102108,0.8702088315028462,0.8483162595814291,0.8639984020202687,0.8367228141984835
98616,0.8260199049268934,0.8455447417910895,0.8234539962804781,0.8391317703654402,0.8111573025359289
98617,0.8260199049268934,0.8455447417910895,0.8234539962804781,0.8391317703654402,0.8111573025359289
98618,0.8295709450113984,0.8484341839635843,0.8257822635407355,0.8418797450368044,0.814296093038504
98619,0.8260199049268934,0.8455447417910895,0.8234539962804781,0.8391317703654402,0.8111573025359289
98620,0.9198753000399488,0.9386741007706034,0.915092508890605,0.9308784276959314,0.9075366977254735
98621,0.9198753000399488,0.9386741007706034,0.915092508890605,0.9308784276959314,0.9075366977254735
98622,0.9198753000399488,0.9386741007706034,0.915092508890605,0.9308784276959314,0.9075366977254735
98623,0.8848743466967147,0.9021427502113983,0.8824175486349517,0.8970634646904102,0.871665780357845
98624,0.8852295675133948,0.9033366831914379,0.8824175486349517,0.8970757515629231,0.8716917017531982
98625,0.8528459216780357,0.8711319123542045,0.8494154864676018,0.8649707838944191,0.8379180482187628
98626,0.889298760504956,0.9074382158794063,0.885408075137785,0.9015020359536017,0.8772830130497051
98627,0.883265926765835,0.9014292146076184,0.8793585602855247,0.8952108558391789,0.870930192508464
98628,0.8848743466967147,0.9021427502113983,0.8831061344091472,0.8970634646904102,0.871665780357845
98629,0.9143538304964622,0.9360893052242542,0.9124929639442001,0.9272678241285534,0.9065744903108904
98630,0.9233326975977358,0.9454820917784617,0.9203430381578529,0.9359495412188138,0.9152431953608562
98631,0.8675397750755851,0.8874139266590415,0.864008270018508,0.8791542477211848,0.8543938058645312
98632,0.8413535658815777,0.8618329182745096,0.8405140627412383,0.8553994920221649,0.8273400823637893
98633,0.8675397750755851,0.8874139266590415,0.864008270018508,0.8791542477211848,0.8543938058645312
98634,0.8413535658815777,0.8618329182745096,0.8405140627412383,0.8553994920221649,0.8273400823637893
98635,0.8413535658815777,0.8618329182745096,0.8405140627412383,0.8553994920221649,0.8273400823637893
98636,0.8413535658815777,0.8618329182745096,0.8405140627412383,0.8553994920221649,0.8273400823637893
98637,0.8374639571969873,0.8574181740285265,0.8326753763755039,0.8488295716261819,0.8230464260701024
98638,1.0143844554119728,1.0326945786259794,1.0096907494933054,1.0282121662508028,1.007093070728393
98639,1.0143844554119728,1.0326945786259794,1.0096907494933054,1.0282121662508028,1.007093070728393
98640,1.0143844554119728,1.0326945786259794,1.0096907494933054,1.0282121662508028,1.007093070728393
98641,1.0143844554119728,1.0326945786259794,1.0096907494933054,1.0282121662508028,1.007093070728393
98642,0.9565251953902698,0.9763953402369067,0.9530292956321197,0.9683833711048104,0.949848108878087
98643,0.9050473816841332,0.9245640418411251,0.8996275241621329,0.9170188529601888,0.890870400325515
98644,0.8785274855409796,0.8974796722017836,0.8757706129261643,0.8906233024375961,0.8633017330798815
98645,0.9050473816841332,0.9245640418411251,0.8996275241621329,0.9170188529601888,0.890870400325515
98646,0.9050473816841332,0.9245640418411251,0.8996275241621329,0.9170188529601888,0.890870400325515
98647,0.8785274855409796,0.8974796722017836,0.8757706129261643,0.8906233024375961,0.8633017330798815
98648,0.8374639571969873,0.8574181740285265,0.8326753763755039,0.8488295716261819,0.8230464260701024
98649,0.8374639571969873,0.8574181740285265,0.8326753763755039,0.8488295716261819,0.8230464260701024
98650,0.8374639571969873,0.8574181740285265,0.8326753763755039,0.8488295716261819,0.8230464260701024
98651,0.9235308024551905,0.9423022130560189,0.9205503882056429,0.9355029210658552,0.9129413905073448
98652,0.8867029962223193,0.9075031737083581,0.8850346067983016,0.8991336391374767,0.8755524270817382
98653,0.883265926765835,0.9014292146076184,0.8793585602855247,0.8952108558391789,0.870930192508464
98654,0.9458410437889088,0.9637708088794077,0.9399169137855837,0.9562472042396357,0.933210180826124
98655,0.896757458669734,0.9188848276392299,0.893909306846808,0.909216923351657,0.8882113408847548
98656,0.896757458669734,0.9188497162665882,0.893909306846808,0.909216923351657,0.8882113408847548
98657,1.0282246185322341,1.0459946158037243,1.024420468721286,1.0396183201703884,1.0201875591465148
98658,0.9565207861049301,0.9763929838001641,0.9530245184156998,0.9683801947026583,0.9498429950625025
98660,0.8867029962223193,0.9075031737083581,0.8850346067983016,0.8991336391374767,0.8755524270817382
98662,0.9565207861049301,0.9763929838001641,0.9530245184156998,0.9683801947026583,0.9498429950625025
98664,0.8867029962223193,0.9075031737083581,0.8850346067983016,0.8991336391374767,0.8755524270817382
98665,0.8867029962223193,0.9075031737083581,0.8850346067983016,0.8991336391374767,0.8755524270817382
98666,0.8867029962223193,0.9075031737083581,0.8850346067983016,0.8991336391374767,0.8755524270817382
98667,0.8785274855409796,0.8974796722017836,0.8757706129261643,0.8906233024375961,0.8633017330798815
98668,0.9719701010732794,0.991380198612044,0.9696634360168114,0.9835761301295497,0.9622104654506214
98669,0.9380005520654848,0.9544992584875612,0.9338963071317287,0.9495136304139017,0.9216141211751804
98670,0.9380005520654848,0.9544992584875612,0.9338963071317287,0.9495136304139017,0.9216141211751804
98671,0.8983995832656227,0.9154926918782356,0.8979612407029856,0.9109294994628587,0.8821719967477593
98672,0.9239753146714831,0.9427435702867137,0.9198858544351592,0.9355546770719991,0.9127756982559557
98673,0.9094847905985227,0.9257818621980434,0.9094505250719642,0.9221568201404546,0.8930665938283345
98674,0.9094847905985227,0.9257818621980434,0.9089624528674441,0.9215904621357475,0.8930665938283345
98675,0.8983995832656227,0.9154926918782356,0.8979612407029856,0.9109294994628587,0.8821719967477593
98676,0.8784759884307808,0.8974369011574878,0.8757178230341653,0.8905774066352333,0.8632430195676992
98677,0.8784759884307808,0.8974369011574878,0.8757178230341653,0.8905774066352333,0.8632430195676992
98678,0.8784759884307808,0.8974369011574878,0.8757178230341653,0.8905774066352333,0.8632430195676992
98679,0.8784759884307808,0.8974369011574878,0.8757178230341653,0.8905774066352333,0.8632430195676992
98680,0.8784759884307808,0.8974369011574878,0.8757178230341653,0.8905774066352333,0.8632430195676992
98681,0.9239753146714831,0.9427435702867137,0.9198858544351592,0.9355546770719991,0.9127756982559557
98682,0.9239753146714831,0.9427435702867137,0.9198858544351592,0.9355546770719991,0.9127756982559557
98683,0.8785274855409796,0.8974796722017836,0.8757706129261643,0.8906233024375961,0.8633017330798815
98684,0.9925524130951683,1.0116646846292776,0.9893523225556209,1.0055140524040775,0.9873790101582441
98685,0.9755242304194373,0.995185732633989,0.9736536594777815,0.9894635595743911,0.9716307800746838
98686,1.0134527910186537,1.0295631401722196,1.0115550435264415,1.0249893956976712,1.0020253296871482
98687,0.8785274855409796,0.8974796722017836,0.8757706129261643,0.8906233024375961,0.8633017330798815
98688,0.9105067301628599,0.927335371061098,0.9088653092510712,0.9215076634596114,0.8948750126153823
98689,0.9105067301628599,0.927335371061098,0.9088653092510712,0.9215076634596114,0.8948750126153823
98690,0.9105067301628599,0.927335371061098,0.9088653092510712,0.9215076634596114,0.8948750126153823
98691,0.9105067301628599,0.927335371061098,0.9088653092510712,0.9215076634596114,0.8948750126153823
98692,1.008321770627935,1.025241462671696,1.0052130859943968,1.0198040352050164,0.9975963447727578
98693,1.0134527910186537,1.0295631401722196,1.0115550435264415,1.0249893956976712,1.0020253296871482
98694,0.9755242304194373,0.995185732633989,0.9736536594777815,0.9894635595743911,0.9716307800746838
98695,0.9755242304194373,0.995185732633989,0.9736536594777815,0.9894635595743911,0.9716307800746838
98696,0.9647994254175266,0.9837577951303398,0.9630783567370589,0.9769757455791549,0.9555411597793324
98697,0.9719701010732794,0.991380198612044,0.9696634360168114,0.9835761301295497,0.9622104654506214
98698,1.0279377673134569,1.0434718310359856,1.0247135998013013,1.0398457191406383,1.0190250786022024
98699,1.0279377673134569,1.0434718310359856,1.0247135998013013,1.0398457191406383,1.0190250786022024
98700,1.0122901032069362,1.0302087726985163,1.0083149259473505,1.0230532826371688,1.0018023998793701
98701,1.0279377673134569,1.0434718310359856,1.0247135998013013,1.0398457191406383,1.0190250786022024
98702,1.0122901032069362,1.0302087726985163,1.0083149259473505,1.0230532826371688,1.0018023998793701
98703,0.9679709337190774,0.9855910337723773,0.9637482325630328,0.978117724713455,0.9560794606880395
98704,0.9679709337190774,0.9855910337723773,0.9637482325630328,0.978117724713455,0.9560794606880395
98705,0.9281814192469807,0.9457276282578282,0.9262352201894059,0.9408248318167932,0.9141952405839047
98706,0.9281814192469807,0.9457276282578282,0.9262352201894059,0.9408248318167932,0.9141952405839047
98707,0.9281814192469807,0.9457276282578282,0.9262352201894059,0.9408248318167932,0.9141952405839047
98708,0.9873356912704541,1.003552065604081,0.9842884310378563,0.9960107030482234,0.9742740372347993
98709,0.955072746075829,0.975429264799812,0.9508296030094844,0.9639531721629413,0.942559582384123
98710,0.9726622841012262,0.9892090637600369,0.9704050264836362,0.981256676153377,0.9591267172713506
98711,0.955072746075829,0.975429264799812,0.9508296030094844,0.9639531721629413,0.942559582384123
98712,0.955072746075829,0.975429264799812,0.9508296030094844,0.9639531721629413,0.942559582384123
98713,0.955072746075829,0.975429264799812,0.9508296030094844,0.9639531721629413,0.942559582384123
98715,0.8987771111042144,0.9187274155076273,0.9028653235261401,0.9136045522565581,0.8906988509262851
98716,0.9106019944156127,0.9274116565501317,0.9089624528674441,0.9215904621357475,0.8949883834811538
98717,0.9879461158121114,1.0052489550461503,0.9859867396432027,0.9985489910645649,0.9780506069544919
98718,0.9879461158121114,1.0053247931134204,0.9859867396432027,0.9985489910645649,0.9780506069544919
98719,0.9881201065751042,1.0052489550461503,0.9861893198512822,0.9985697648676615,0.9783698744648047
98720,0.9881201065751042,1.0052489550461503,0.9861893198512822,0.9985697648676615,0.9783698744648047
98721,0.9159023103769137,0.9354635465968436,0.9161480384004318,0.9297563345908771,0.9076054958977909
98722,0.9639472818118592,0.982223217168813,0.9637969147998673,0.9758638905359116,0.9550092746025507
98723,1.0385675811298758,1.0550328466871357,1.0365718356475793,1.0481814885514935,1.029416851292958
98724,0.9211471943987284,0.9428724296133456,0.9223965898719197,0.9351879786831501,0.9147431670695477
98725,1.0580053249020123,1.073527082686955,1.0578149949537834,1.0684710924424174,1.0489278352942897
98726,1.0580053249020123,1.073527082686955,1.0578149949537834,1.0684710924424174,1.0489278352942897
98727,1.0580053249020123,1.073527082686955,1.0578149949537834,1.0684710924424174,1.0489278352942897
98728,1.0385675811298758,1.0550328466871357,1.0365718356475793,1.0481814885514935,1.029416851292958
98729,1.0231068791681566,1.0392800128784971,1.0222067197406695,1.034980630140189,1.01405540586623
98730,0.9704882937142963,0.9874867310845186,0.9696829428677419,0.979824649943832,0.9586698166153016
98731,1.0311477807450447,1.0466379665156271,1.030563186024256,1.0422125206209265,1.0218395691726014
98732,0.9704882937142963,0.9874867310845186,0.9696829428677419,0.979824649943832,0.9586698166153016
98733,1.039582563201796,1.0551261434416994,1.0389448605851368,1.050317575670857,1.0312187924668064
98734,1.039582563201796,1.0551261434416994,1.0389448605851368,1.050317575670857,1.0312187924668064
98735,1.0344873803950514,1.050315926214086,1.0338598490215318,1.0453637025925335,1.0252866847024993
98736,1.0385675811298758,1.0550328466871357,1.0365718356475793,1.0481814885514935,1.029416851292958
98737,0.9136803616733769,0.9341996317545604,0.9146976103430746,0.9278222540913486,0.9064886770361399
98738,0.9136803616733769,0.9341996317545604,0.9146976103430746,0.9278222540913486,0.9064886770361399
98739,0.9136803616733769,0.9341996317545604,0.9146976103430746,0.9278222540913486,0.9064886770361399
98740,0.9136803616733769,0.9341996317545604,0.9146976103430746,0.9278222540913486,0.9064886770361399
98741,0.9136803616733769,0.9341996317545604,0.9146976103430746,0.9278222540913486,0.9064886770361399
98742,0.9206979171541985,0.9428724296133456,0.9223965898719197,0.934499880078469,0.9145337187008808
98743,0.9141689090754717,0.9348975116360794,0.9153959885729483,0.9289989934507423,0.9065828704171853
98744,0.9639472818118592,0.982223217168813,0.9637969147998673,0.9758638905359116,0.9550092746025507
98745,0.9639472818118592,0.982223217168813,0.9637969147998673,0.9758638905359116,0.9550092746025507
98746,0.9436992796962668,0.9636006543031201,0.945088967294014,0.9577767764080458,0.9374836199473529
98747,1.0723818844644797,1.0878216029683183,1.0735622222809258,1.0836139667223303,1.0642382402059773
98748,1.0627654511528632,1.0783136154183972,1.0624718254615297,1.074214755680281,1.0549513563296564
98749,1.0627654511528632,1.0783136154183972,1.0624718254615297,1.074214755680281,1.0549513563296564
98750,1.0627654511528632,1.0783136154183972,1.0624718254615297,1.074214755680281,1.0549513563296564
98751,0.9842703164262665,1.0013761416314477,0.9842933904824013,0.9957186209598762,0.9747188030418934
98752,0.9842703164262665,1.0013761416314477,0.9842933904824013,0.9957186209598762,0.9747188030418934
98753,0.9842703164262665,1.0013761416314477,0.9842933904824013,0.9957186209598762,0.9747188030418934
98754,1.0344873803950514,1.050315926214086,1.0338598490215318,1.0453637025925335,1.0252866847024993
98756,1.0081663116720423,1.0244106968913118,1.008068156556164,1.0192378858261126,0.9997846997426414
98757,0.9447941835460394,0.9639737455425155,0.9485706209495736,0.9596682268650693,0.9374686328989549
98760,0.9142300717409896,0.9362383705481506,0.9158605027037552,0.9289334353837319,0.9076825190623113
98761,0.9142300717409896,0.9362383705481506,0.9158605027037552,0.9289334353837319,0.9076825190623113
98762,0.9206979171541985,0.9432938451564362,0.9224202387031214,0.934499880078469,0.9145337187008808
98763,1.0352451246604937,1.0519135774522927,1.0354923383504762,1.0489748289505425,1.0283257880857588
98764,1.0040266615593336,1.0220780065024149,1.0047785430288834,1.0171777097593355,0.9972993852059135
98765,1.074370974387752,1.0894442407836094,1.076023861069838,1.086502529416552,1.0677789164019231
98766,0.9616962163694652,0.9804732407773523,0.9654097404379465,0.9752269067044215,0.954733769081517
98767,1.074078198277296,1.0890960762317659,1.07572494886371,1.086165074697085,1.067510766849462
98768,0.9436992796962668,0.9636006543031201,0.945088967294014,0.9577767764080458,0.9374836199473529
98769,0.9436992796962668,0.9636006543031201,0.945088967294014,0.9577767764080458,0.9374836199473529
98770,0.9191686900188496,0.9395012429138739,0.9210977068162194,0.9338025380845585,0.912624362321876
98771,0.9797763414221247,0.9985465651804795,0.9819826302560885,0.9932620453277313,0.9714834441994786
98772,1.0040266615593336,1.0220780065024149,1.0047785430288834,1.0171777097593355,0.9972993852059135
98773,0.9797763414221247,0.9985465651804795,0.9819826302560885,0.9932620453277313,0.9714834441994786
98774,0.9797763414221247,0.9985465651804795,0.9819826302560885,0.9932620453277313,0.9714834441994786
98775,0.9213818647005557,0.9412602171923246,0.9260180977185779,0.9349583676893345,0.9118771615759727
98776,1.0071859458342032,1.0248662276811804,1.0090427015727181,1.0209423616690025,1.0011875856760901
98777,1.0071859458342032,1.0248662276811804,1.0090427015727181,1.0209423616690025,1.0011875856760901
98778,0.9447941835460394,0.9639737455425155,0.9485706209495736,0.9596682268650693,0.9374686328989549
98779,0.8481017138403908,0.8699741644421954,0.8537762424821214,0.8653352945439708,0.8422467985319355
98780,0.9626288372440621,0.9813670578561025,0.966134736269123,0.9766664437214692,0.9561279988398684
98781,0.9616962163694652,0.9804732407773523,0.9654097404379465,0.9752269067044215,0.954733769081517
98782,0.9625919562797609,0.9813489413753823,0.9661014086831408,0.9766436722561496,0.9560844762361022
98783,0.9159132515194349,0.9350951035590345,0.9188343524677619,0.9322069718645402,0.9103632962917408
98784,0.9616962163694652,0.9804732407773523,0.9654097404379465,0.9752269067044215,0.954733769081517
98785,0.9539257906773515,0.9739938949086246,0.9559453749040888,0.9676342523991687,0.9482812491756427
98786,0.9539257906773515,0.9739938949086246,0.9559453749040888,0.9676342523991687,0.9482812491756427
98787,0.8338939805800843,0.8586434394638972,0.8392990041621777,0.8526593602393205,0.8306280622781841
98788,0.8946180753360249,0.915630330570011,0.8964726872508456,0.9086793405388353,0.8882140925397692
98789,0.8946180753360249,0.915630330570011,0.8964726872508456,0.9086793405388353,0.8882140925397692
98790,0.8338939805800843,0.8586434394638972,0.8392990041621777,0.8526593602393205,0.8306280622781841
98792,0.8491090567620052,0.8741790607705783,0.8551823993004684,0.8672966470193338,0.8466895862582202
98793,0.9141689090754717,0.9348975116360794,0.9153959885729483,0.9289989934507423,0.9065828704171853
98794,0.9191686900188496,0.9395012429138739,0.9210977068162194,0.9338025380845585,0.912624362321876
98795,0.9191686900188496,0.9395012429138739,0.9210977068162194,0.9338025380845585,0.912624362321876
98796,0.9341915678763804,0.9549000519178863,0.937940645663262,0.9500441411422423,0.9270971242105561
98797,0.9341915678763804,0.9549000519178863,0.937940645663262,0.9500441411422423,0.9270971242105561
98798,0.9341915678763804,0.9549000519178863,0.937940645663262,0.9500441411422423,0.9270971242105561
98799,0.8542037741941816,0.8773651187468821,0.8627945676553712,0.8714462961479793,0.8469702834786508
98800,0.914017664829675,0.9344867020299777,0.9207501771201169,0.9286536725437091,0.9072493354237527
98802,0.9350335004467171,0.9553463251059671,0.9383665535045566,0.9492560122610676,0.9268900980645941
98803,0.9350335004467171,0.9553463251059671,0.9383665535045566,0.9492560122610676,0.9268900980645941
98806,0.9350335004467171,0.9553463251059671,0.9383665535045566,0.9492560122610676,0.9268900980645941
98807,0.9350335004467171,0.9553463251059671,0.9383665535045566,0.9492560122610676,0.9268900980645941
98808,0.9625919562797609,0.9813489413753823,0.9661014086831408,0.9766436722561496,0.9560844762361022
98809,0.898690899441977,0.9186593344484864,0.9027828761533123,0.913531872470533,0.8906051251535035
98810,0.9721218607596387,0.9908292272798361,0.9743264109746909,0.9857556952404769,0.9649010998231209
98811,0.8795634570760218,0.9017984694649361,0.8851277940407924,0.8970827097382504,0.87266283016997
98812,0.8795634570760218,0.9017984694649361,0.8851277940407924,0.8970827097382504,0.87266283016997
98813,0.8795634570760218,0.9017984694649361,0.8851277940407924,0.8970827097382504,0.87266283016997
98814,0.867021151346872,0.8867348627407093,0.8717099207145461,0.8836032397262072,0.8598322514608904
98815,0.8478352609111957,0.8697503660886855,0.8535210116705673,0.8651025839193285,0.841968649313071
98816,0.8478352609111957,0.8697503660886855,0.8535210116705673,0.8651025839193285,0.841968649313071
98817,0.8478352609111957,0.8697503660886855,0.8535210116705673,0.8651025839193285,0.841968649313071
98818,0.9342036925798041,0.9549082230415374,0.9379520447813807,0.949508961017414,0.9271106340873324
98819,0.8480833279040271,0.8699587213717861,0.8537586307757946,0.8653192365749746,0.8422276056651581
98820,0.8480833279040271,0.8699587213717861,0.8537586307757946,0.8653192365749746,0.8422276056651581
98821,0.8480833279040271,0.8699587213717861,0.8537586307757946,0.8653192365749746,0.8422276056651581
98822,0.9159132515194349,0.9350951035590345,0.9188343524677619,0.9322069718645402,0.9103632962917408
98823,0.9157398231099393,0.9349633280724607,0.918667351766623,0.9320690078378039,0.9101775701677295
98824,0.880351934066852,0.9024295462537889,0.8858763330439469,0.8977466854237006,0.8735013573729766
98825,0.8670142301687526,0.8867290657631318,0.8717032703442498,0.8835972666623344,0.8598249108267969
98830,0.8083241079378091,0.8309444465268567,0.8146020901384344,0.8267344454472033,0.802555623840199
98831,0.8481017138403908,0.8699741644421954,0.8537762424821214,0.8653352945439708,0.8422467985319355
98832,0.8987771111042144,0.9187274155076273,0.9028653235261401,0.9136045522565581,0.8906988509262851
98833,0.8715873840014631,0.8909104539027134,0.876142080804116,0.8871589932718085,0.8646777929621622
98834,0.898690899441977,0.9186593344484864,0.9027828761533123,0.913531872470533,0.8906051251535035
98835,0.8987771111042144,0.9187274155076273,0.9028653235261401,0.9136045522565581,0.8906988509262851
98836,0.8732309804045908,0.8936762978280371,0.8781816284651267,0.8899005031519095,0.8673281846265707
98837,0.8333523243830314,0.8550239560689638,0.8387762789864698,0.8510322702322519,0.8280149863754658
98838,0.8715873840014631,0.8909104539027134,0.876142080804116,0.8871589932718085,0.8646777929621622
98839,0.8648441259859716,0.8848445152557232,0.8707398379534129,0.8811760902646758,0.8576684089566058
98840,0.8207995525201459,0.842003532683101,0.825593699058399,0.8371846604669919,0.8122997373646823
98841,0.8216597731612747,0.8422360710115442,0.8265299458691066,0.837820293972536,0.8136765091449568
98842,0.8207995525201459,0.842003532683101,0.825593699058399,0.8371846604669919,0.8122997373646823
98843,0.8481017138403908,0.8699741644421954,0.8537762424821214,0.8653352945439708,0.8422467985319355
98844,0.8801914446456486,0.9023010845827433,0.8857239696671511,0.8976115290397663,0.873330684927642
98845,0.8801914446456486,0.9023010845827433,0.8857239696671511,0.8976115290397663,0.873330684927642
98846,0.870264224976188,0.889804847225167,0.8748708510993386,0.8860117087168756,0.8632750732650477
98847,0.870264224976188,0.889804847225167,0.8748708510993386,0.8860117087168756,0.8632750732650477
98848,0.8481017138403908,0.8699741644421954,0.8537762424821214,0.8653352945439708,0.8422467985319355
98849,0.8015007481522967,0.8248332743504776,0.807933415006849,0.8210790497771849,0.7966213052459349
98850,0.8195480370452766,0.8417999968295519,0.8257285228107692,0.8371476205425442,0.8124412875938192
98851,0.8672827428618973,0.8869539703296426,0.871961278552834,0.8838290018514044,0.8601096936694039
98852,0.8670142301687526,0.8867290657631318,0.8717032703442498,0.8835972666623344,0.8598249108267969
98853,0.9804138902790529,0.9979580026163868,0.9824342211772247,0.9934541961877082,0.9736828034512188
98854,0.9804138902790529,0.9979580026163868,0.9824342211772247,0.9934541961877082,0.9736828034512188
98855,0.9804138902790529,0.9979580026163868,0.9824342211772247,0.9934541961877082,0.9736828034512188
98856,0.9725225627552732,0.9916602585008512,0.9761718041401647,0.9858270852952831,0.966780355824532
98857,0.8542037741941816,0.8773651187468821,0.8627945676553712,0.8714462961479793,0.8469702834786508
98858,0.8216597731612747,0.8422360710115442,0.8265299458691066,0.837820293972536,0.8136765091449568
98859,0.8358099355295995,0.8562236444144322,0.8411724655680598,0.85197756088627,0.8276343450076186
98860,0.8400653210802564,0.8622380492281173,0.8461410516385727,0.8572182065543162,0.8326085323205195
98861,0.8233130079809228,0.8453229208864572,0.8290470816406164,0.8402398862658399,0.8159737522294638
98862,0.8013458481946091,0.824699431534614,0.8077844099342614,0.8209418785963812,0.7964618870101505
98863,0.8082620839324789,0.8308908410931889,0.8145424371631779,0.8266792989887348,0.8024913971511659
98864,0.8076031520480308,0.8291504427196107,0.8136391557220638,0.8252262386125961,0.8017642815100693
98865,0.8077488812958195,0.8292773747330697,0.8137795454338259,0.8253565400177996,0.8019152321395772
98866,0.8079388436795694,0.8294428395776912,0.8139625492390367,0.8255263961617388,0.8021119989760023
98867,0.8083344349992425,0.8309533719509643,0.8146120224411811,0.8267436274436305,0.8025663176302026
98868,0.9157398231099393,0.9349633280724607,0.918667351766623,0.9320690078378039,0.9101775701677295
98869,0.9157398231099393,0.9349633280724607,0.918667351766623,0.9320690078378039,0.9101775701677295
98870,0.9128914258780694,0.9328563331196162,0.9179703544987348,0.9277487748465438,0.9051654162984036
98871,0.9128914258780694,0.9328563331196162,0.9179703544987348,0.9277487748465438,0.9051654162984036
98872,0.9128914258780694,0.9328563331196162,0.9179703544987348,0.9277487748465438,0.9051654162984036
98873,0.8481017138403908,0.8699741644421954,0.8537762424821214,0.8653352945439708,0.8422467985319355
98874,0.8481017138403908,0.8699741644421954,0.8537762424821214,0.8653352945439708,0.8422467985319355
98875,0.8481017138403908,0.8699741644421954,0.8537762424821214,0.8653352945439708,0.8422467985319355
98876,0.8481017138403908,0.8699741644421954,0.8537762424821214,0.8653352945439708,0.8422467985319355
98877,0.9286188207096785,0.9490610576676209,0.9326303453968334,0.944567825430155,0.9232444207435582
98878,0.9286188207096785,0.9490610576676209,0.9326303453968334,0.944567825430155,0.9232444207435582
98879,0.9200130045192705,0.9392119100528868,0.9245432332454321,0.9360535511050708,0.9138300199902798
98880,0.8775630350519512,0.8968989230647938,0.882333683197865,0.893532026704613,0.8715093866983508
98881,0.8832587236392533,0.903654394857917,0.8894189203475277,0.8992024724122866,0.8753489015297351
98882,0.8761914628744992,0.8969679419053221,0.8828834219948699,0.8929025887265821,0.8689633725978964
98883,0.8401096893188943,0.862275534527914,0.8461835072620294,0.8572572269784315,0.8326552760929811
98884,0.8206606470981364,0.8431461223759756,0.8266197898036283,0.837919046530381,0.814101643192024
98885,0.8338939805800843,0.8586434394638972,0.8392990041621777,0.8526593602393205,0.8306280622781841
98886,0.819437465095671,0.8459872010774309,0.8246161548929597,0.8378774019245261,0.8176303280472529
98887,0.8338939805800843,0.8586434394638972,0.8392990041621777,0.8526593602393205,0.8306280622781841
98888,0.8016371119395085,0.8249511042413156,0.8080645904124475,0.821199809283678,0.796761645725058
98889,0.8015689915004044,0.8248922419960292,0.8079990616984357,0.8211394836045613,0.7966915388379917
98890,0.8016371119395085,0.8249511042413156,0.8080645904124475,0.821199809283678,0.796761645725058
98891,0.8081930443569176,0.8308311730892131,0.8144760370519729,0.8266179155337073,0.8024199054960833
98892,0.8081930443569176,0.8308311730892131,0.8144760370519729,0.8266179155337073,0.8024199054960833
98893,0.8013458481946091,0.824699431534614,0.8077844099342614,0.8209418785963812,0.7964618870101505
98894,0.8015725798498061,0.8248953426357526,0.8080025135183635,0.8211426613355991,0.7966952318318811
98895,0.8800155927947132,0.9016842321258755,0.886765739602774,0.8954462284136154,0.8716908057085706
98896,0.8800155927947132,0.9016842321258755,0.886765739602774,0.8954462284136154,0.8716908057085706
98897,0.8800155927947132,0.9016842321258755,0.886765739602774,0.8954462284136154,0.8716908057085706
98898,0.8358185107428336,0.856231020363708,0.8411807215725644,0.8519851827718645,0.8276434127534041
98899,0.8082517363211691,0.8308818980358407,0.8145324851367514,0.826670098828643,0.8024806820403232
98900,0.8015725798498061,0.8248953426357526,0.8080025135183635,0.8211426613355991,0.7966952318318811
98901,0.8015725798498061,0.8248953426357526,0.8080025135183635,0.8211426613355991,0.7966952318318811
98902,0.8013458481946091,0.824699431534614,0.8077844099342614,0.8209418785963812,0.7964618870101505
98903,0.8013458481946091,0.824699431534614,0.8077844099342614,0.8209418785963812,0.7964618870101505
98904,0.8673442961807555,0.887005528783494,0.8720204243427808,0.8838821259159587,0.860174975862482
98905,0.8084100771677707,0.8310187481623691,0.8146847733148161,0.8268108828726511,0.8026446457803138
98906,0.8084100771677707,0.8310187481623691,0.8146847733148161,0.8268108828726511,0.8026446457803138
98907,0.8084100771677707,0.8310187481623691,0.8146847733148161,0.8268108828726511,0.8026446457803138
98908,0.8084032071218211,0.8310128104608561,0.8146781658520132,0.8268047745012914,0.8026375317985519
98909,0.8082620839324789,0.8308908410931889,0.8145424371631779,0.8266792989887348,0.8024913971511659
98910,0.8082620839324789,0.8308908410931889,0.8145424371631779,0.8266792989887348,0.8024913971511659
98911,0.8082620839324789,0.8308908410931889,0.8145424371631779,0.8266792989887348,0.8024913971511659
98912,0.8082620839324789,0.8308908410931889,0.8145424371631779,0.8266792989887348,0.8024913971511659
98913,0.8082620839324789,0.8308908410931889,0.8145424371631779,0.8266792989887348,0.8024913971511659
98914,0.9042925281767147,0.925311866603533,0.9089300154236822,0.9200353305449445,0.8989094784974663
98915,0.9450631910163787,0.9673060589613286,0.9492937846296334,0.9629225857565586,0.9418271441172631
98916,0.9450631910163787,0.9673060589613286,0.9492937846296334,0.9629225857565586,0.9418271441172631
98917,0.9450631910163787,0.9673060589613286,0.9492937846296334,0.9629225857565586,0.9418271441172631
98918,0.8677724459195604,0.8943429522413241,0.8752176331396863,0.885505100338898,0.8649143403844372
98919,0.8083516402488654,0.8309682420635532,0.8146285700217295,0.8267589250084949,0.8025841338495617
98920,0.8083516402488654,0.8309682420635532,0.8146285700217295,0.8267589250084949,0.8025841338495617
98921,0.8083516402488654,0.8309682420635532,0.8146285700217295,0.8267589250084949,0.8025841338495617
98922,0.8083516402488654,0.8309682420635532,0.8146285700217295,0.8267589250084949,0.8025841338495617
98923,0.8083516402488654,0.8309682420635532,0.8146285700217295,0.8267589250084949,0.8025841338495617
98924,0.8216597731612747,0.8422360710115442,0.8265299458691066,0.837820293972536,0.8136765091449568
98925,0.8216597731612747,0.8422360710115442,0.8265299458691066,0.837820293972536,0.8136765091449568
98926,0.8179720688785234,0.8380534664627778,0.8233706468807556,0.8340842384425032,0.8106997720752104
98927,0.8179720688785234,0.8380534664627778,0.8233706468807556,0.8340842384425032,0.8106997720752104
98928,0.8234060604319755,0.8454028102695835,0.8291366551131213,0.8403227702245807,0.816071310111922
98929,0.8207995525201459,0.842003532683101,0.825593699058399,0.8371846604669919,0.8122997373646823
98930,0.8077800337769218,0.8293045093875725,0.8138095566283804,0.8253843948764334,0.8019475006400729
98931,0.7995299241653997,0.8225386569486853,0.8048876995384644,0.8177960265985271,0.7940247840254315
98932,0.8015689915004044,0.8248922419960292,0.8079990616984357,0.8211394836045613,0.7966915388379917
98933,0.8015689915004044,0.8248922419960292,0.8079990616984357,0.8211394836045613,0.7966915388379917
98934,0.7961383393843253,0.8199395048241573,0.802118798376668,0.8152542327952584,0.791549460467273
98935,0.8481017138403908,0.8699741644421954,0.8537762424821214,0.8653352945439708,0.8422467985319355
98936,0.8076031520480308,0.8291504427196107,0.8136391557220638,0.8252262386125961,0.8017642815100693
98937,0.8076031520480308,0.8291504427196107,0.8136391557220638,0.8252262386125961,0.8017642815100693
98938,0.8333523243830314,0.8550239560689638,0.8387762789864698,0.8510322702322519,0.8280149863754658
98939,0.8334197993928951,0.8550815520819717,0.8388412461127254,0.8510916578402205,0.8280849528669147
98940,0.8334695787024877,0.8551240437193701,0.8388891753915628,0.8511354711402078,0.8281365700947277
98941,0.8334695787024877,0.8551240437193701,0.8388891753915628,0.8511354711402078,0.8281365700947277
98942,0.7996530912368305,0.8226454437692868,0.8050069907651359,0.8179061340900268,0.7941519736122872
98943,0.8077488812958195,0.8292773747330697,0.8137795454338259,0.8253565400177996,0.8019152321395772
98944,0.807728098236138,0.8292592722135979,0.8137595237999876,0.8253379570079123,0.801893704508944
98945,0.8077488812958195,0.8292773747330697,0.8137795454338259,0.8253565400177996,0.8019152321395772
98946,0.8732309804045908,0.8936762978280371,0.8781816284651267,0.8899005031519095,0.8673281846265707
98947,0.8732309804045908,0.8936762978280371,0.8781816284651267,0.8899005031519095,0.8673281846265707
98948,0.8732309804045908,0.8936762978280371,0.8781816284651267,0.8899005031519095,0.8673281846265707
98950,0.7962674023075383,0.8200510659249135,0.8022433917447194,0.8153691794934886,0.7916819866174425
98951,0.7996530912368305,0.8226454437692868,0.8050069907651359,0.8179061340900268,0.7941519736122872
98953,0.8735105589826416,0.8939067641012607,0.8784491590282787,0.8901399126965238,0.8676222615586885
98954,0.8733939313873471,0.8938106222039731,0.8783375568176361,0.890040040325623,0.8674995865781026
98955,0.8733093375679275,0.8937408888954048,0.8782566085265372,0.8899676009524277,0.8674106057870529
98957,0.8735105589826416,0.8939067641012607,0.8784491590282787,0.8901399126965238,0.8676222615586885
98958,0.853543382274426,0.8755219753284363,0.8596879160979793,0.8710937564939331,0.8479179391102606
98959,0.8015725798498061,0.8248953426357526,0.8080025135183635,0.8211426613355991,0.7966952318318811
98960,0.8015725798498061,0.8248953426357526,0.8080025135183635,0.8211426613355991,0.7966952318318811
98961,0.8015725798498061,0.8248953426357526,0.8080025135183635,0.8211426613355991,0.7966952318318811
98962,0.8081792207655127,0.8308192260376143,0.8144627419838754,0.8266056249871823,0.8024055909004694
98963,0.7961383393843253,0.8199395048241573,0.802118798376668,0.8152542327952584,0.791549460467273
98964,0.8015007481522967,0.8248332743504776,0.807933415006849,0.8210790497771849,0.7966213052459349
98965,0.833484204558397,0.8551365284365239,0.8389032577062217,0.851148344167926,0.8281517359311138
98966,0.833574731628437,0.8552138036980956,0.8389904207537537,0.8512280227618434,0.8282456049645583
98967,0.8334812799367484,0.8551340319592335,0.8389004417715434,0.8511457700435616,0.8281487033345865
98968,0.8335455581698579,0.8551889006433566,0.8389623313478429,0.8512023452272428,0.8282153545658146
98969,0.7996530912368305,0.8226454437692868,0.8050069907651359,0.8179061340900268,0.7941519736122872
98971,0.8083241079378091,0.8309444465268567,0.8146020901384344,0.8267344454472033,0.802555623840199
98973,0.8083241079378091,0.8309444465268567,0.8146020901384344,0.8267344454472033,0.802555623840199
98974,0.8083241079378091,0.8309444465268567,0.8146020901384344,0.8267344454472033,0.802555623840199
98976,0.8078802336609983,0.8293917872750658,0.8139060859836706,0.8254739890870217,0.8020512897604845
98977,0.8083241079378091,0.8309444465268567,0.8146020901384344,0.8267344454472033,0.802555623840199
98978,0.8083241079378091,0.8309444465268567,0.8146020901384344,0.8267344454472033,0.802555623840199
98979,0.8083241079378091,0.8309444465268567,0.8146020901384344,0.8267344454472033,0.802555623840199
98980,0.7996530912368305,0.8226454437692868,0.8050069907651359,0.8179061340900268,0.7941519736122872
98981,0.8016191974176056,0.8249356243898812,0.8080473574456924,0.8211839445843208,0.7967432088214534
98982,0.8015725798498061,0.8248953426357526,0.8080025135183635,0.8211426613355991,0.7966952318318811
98983,0.7962894841787288,0.8200701536331765,0.8022647089871697,0.8153888464086443,0.7917046609548851
98984,0.8079388436795694,0.8294428395776912,0.8139625492390367,0.8255263961617388,0.8021119989760023
98985,0.8079388436795694,0.8294428395776912,0.8139625492390367,0.8255263961617388,0.8021119989760023
98986,0.8078802336609983,0.8293917872750658,0.8139060859836706,0.8254739890870217,0.8020512897604845
98987,0.8078802336609983,0.8293917872750658,0.8139060859836706,0.8254739890870217,0.8020512897604845
98988,0.8078802336609983,0.8293917872750658,0.8139060859836706,0.8254739890870217,0.8020512897604845
98989,0.7962121423312647,0.8200032992267877,0.8021900453634566,0.8153199632662197,0.7916252439015296
98990,0.8733939313873471,0.8938106222039731,0.8783375568176361,0.890040040325623,0.8674995865781026
98991,0.853543382274426,0.8755219753284363,0.8596879160979793,0.8710937564939331,0.8479179391102606
98992,0.8400653210802564,0.8622380492281173,0.8461410516385727,0.8572182065543162,0.8326085323205195
98994,0.840129079415554,0.8622919167077447,0.846202061530331,0.8572742800277342,0.8326757043120908
98995,0.8015725798498061,0.8248953426357526,0.8080025135183635,0.8211426613355991,0.7966952318318811
98996,0.8180776650777036,0.8381457483043552,0.8234726166103017,0.8341791143408904,0.8108103096388911
98997,0.840129079415554,0.8622919167077447,0.846202061530331,0.8572742800277342,0.8326757043120908
98998,0.840129079415554,0.8622919167077447,0.846202061530331,0.8572742800277342,0.8326757043120908
98999,0.840129079415554,0.8622919167077447,0.846202061530331,0.8572742800277342,0.8326757043120908
99000,0.8732602725914101,0.8959731213070118,0.8812383056373015,0.8898742874836774,0.8644737272145878
99001,0.8732602725914101,0.8959731213070118,0.8812383056373015,0.8898742874836774,0.8644737272145878
99002,0.807728098236138,0.8292592722135979,0.8137595237999876,0.8253379570079123,0.801893704508944
99003,0.8078836839235122,0.8293947926133863,0.8139094098652719,0.8254770741806434,0.8020548636040968
99004,0.8078802336609983,0.8293917872750658,0.8139060859836706,0.8254739890870217,0.8020512897604845
99005,0.8078836839235122,0.8293947926133863,0.8139094098652719,0.8254770741806434,0.8020548636040968
99006,0.8144038277708524,0.8379946394363736,0.8208005602390362,0.8322435509640722,0.8090712621328245
99007,0.8143773924841494,0.8379720446819474,0.8207751824222946,0.8322200347950943,0.8090439358827685
99008,0.8084238133525813,0.8310306202126354,0.8146979844903506,0.826823096161794,0.8026588696902341
99009,0.8083860263079922,0.8309979613167044,0.8146616417250896,0.8267894985354654,0.8026197409314729
99010,0.8016693366526252,0.8249789495991368,0.8080955891857563,0.8212283468888028,0.7967948100636799
99011,0.8016693366526252,0.8249789495991368,0.8080955891857563,0.8212283468888028,0.7967948100636799
99012,0.8015725798498061,0.8248953426357526,0.8080025135183635,0.8211426613355991,0.7966952318318811
99013,0.8015725798498061,0.8248953426357526,0.8080025135183635,0.8211426613355991,0.7966952318318811
99015,0.8139095931832262,0.8344271721934191,0.819586601937175,0.8296639921244583,0.8077241537108835
99016,0.8180776650777036,0.8381457483043552,0.8234726166103017,0.8341791143408904,0.8108103096388911
99017,0.8233130079809228,0.8453229208864572,0.8290470816406164,0.8402398862658399,0.8159737522294638
99019,0.8120790197869068,0.833453145412337,0.8188265468249136,0.828374857921711,0.8067926359444436
99020,0.8233130079809228,0.8453229208864572,0.8290470816406164,0.8402398862658399,0.8159737522294638
99022,0.8146493843866157,0.8358623549907793,0.8205806319572571,0.8310666698190122,0.8082959002220595
99024,0.8206606470981364,0.8431461223759756,0.8266197898036283,0.837919046530381,0.814101643192024
99029,0.7962674023075383,0.8200510659249135,0.8022433917447194,0.8153691794934886,0.7916819866174425
99030,0.8078802336609983,0.8293917872750658,0.8139060859836706,0.8254739890870217,0.8020512897604845
99031,0.7962489910947533,0.8200351512218645,0.8022256180757201,0.8153527818541025,0.7916630814080177
99032,0.8078802336609983,0.8293917872750658,0.8139060859836706,0.8254739890870217,0.8020512897604845
99033,0.7962121423312647,0.8200032992267877,0.8021900453634566,0.8153199632662197,0.7916252439015296
99034,0.819437465095671,0.8459872010774309,0.8246161548929597,0.8378774019245261,0.8176303280472529
99035,0.8179720688785234,0.8380534664627778,0.8233706468807556,0.8340842384425032,0.8106997720752104
99036,0.8179720688785234,0.8380534664627778,0.8233706468807556,0.8340842384425032,0.8106997720752104
99037,0.8179720688785234,0.8380534664627778,0.8233706468807556,0.8340842384425032,0.8106997720752104
99038,0.8144038277708524,0.8379946394363736,0.8208005602390362,0.8322435509640722,0.8090712621328245
99039,0.8278810825590963,0.8480264629615366,0.8341236295873649,0.8440562874358895,0.8203645595085922
99040,0.8516675630888405,0.8740894144295496,0.8593741032067816,0.8687640590562653,0.8448058092541469
99041,0.8516675630888405,0.8740894144295496,0.8593741032067816,0.8687640590562653,0.8448058092541469
99042,0.8516675630888405,0.8740894144295496,0.8593741032067816,0.8687640590562653,0.8448058092541469
99043,0.8234060604319755,0.8454028102695835,0.8291366551131213,0.8403227702245807,0.816071310111922
99044,0.8195735410880588,0.8418219183769159,0.8257530175179271,0.8371702794501037,0.8124679662224895
99045,0.8195735410880588,0.8418219183769159,0.8257530175179271,0.8371702794501037,0.8124679662224895
99046,0.8195735410880588,0.8418219183769159,0.8257530175179271,0.8371702794501037,0.8124679662224895
99047,0.8195735410880588,0.8418219183769159,0.8257530175179271,0.8371702794501037,0.8124679662224895
99048,0.8079181685729968,0.829424830445833,0.8139426313981988,0.8255079091341244,0.802090583384365
99049,0.8079181685729968,0.829424830445833,0.8139426313981988,0.8255079091341244,0.802090583384365
99050,0.7996530912368305,0.8226454437692868,0.8050069907651359,0.8179061340900268,0.7941519736122872
99051,0.7996530912368305,0.8226454437692868,0.8050069907651359,0.8179061340900268,0.7941519736122872
99052,0.7996530912368305,0.8226454437692868,0.8050069907651359,0.8179061340900268,0.7941519736122872
99053,0.833484204558397,0.8551365284365239,0.8389032577062217,0.851148344167926,0.8281517359311138
99054,0.833484204558397,0.8551365284365239,0.8389032577062217,0.851148344167926,0.8281517359311138
99055,0.833484204558397,0.8551365284365239,0.8389032577062217,0.851148344167926,0.8281517359311138
99056,0.8334315193202328,0.8550915561779774,0.8388525304618547,0.8511019731113056,0.8280971055216328
99057,0.833484204558397,0.8551365284365239,0.8389032577062217,0.851148344167926,0.8281517359311138
99058,0.7962637207671429,0.820047883586525,0.802239837687392,0.8153659005870302,0.7916782062977052
99059,0.7962637207671429,0.820047883586525,0.802239837687392,0.8153659005870302,0.7916782062977052
99060,0.7962268860515884,0.820016043639769,0.8022042785090668,0.8153330944315715,0.791640383239039
99061,0.7962637207671429,0.820047883586525,0.802239837687392,0.8153659005870302,0.7916782062977052
99062,0.810192299858736,0.8323572828556234,0.81579232698609,0.8285160517094496,0.8045275621309932
99063,0.8078007873640461,0.8293225864119037,0.8138295499256977,0.8254029516826753,0.8019689976823575
99064,0.8334315193202328,0.8550915561779774,0.8388525304618547,0.8511019731113056,0.8280971055216328
99065,0.7962489910947533,0.8200351512218645,0.8022256180757201,0.8153527818541025,0.7916630814080177
99066,0.7962489910947533,0.8200351512218645,0.8022256180757201,0.8153527818541025,0.7916630814080177
99067,0.7961383393843253,0.8199395048241573,0.802118798376668,0.8152542327952584,0.791549460467273
99068,0.7962489910947533,0.8200351512218645,0.8022256180757201,0.8153527818541025,0.7916630814080177
99069,0.8733093375679275,0.8937408888954048,0.8782566085265372,0.8899676009524277,0.8674106057870529
99070,0.853543382274426,0.8755219753284363,0.8596879160979793,0.8710937564939331,0.8479179391102606
99071,0.853543382274426,0.8755219753284363,0.8596879160979793,0.8710937564939331,0.8479179391102606
99072,0.8143773924841494,0.8379720446819474,0.8207751824222946,0.8322200347950943,0.8090439358827685
99073,0.814384003183403,0.8379776949637099,0.8207815286752828,0.832225915498316,0.8090507693895113
99074,0.814384003183403,0.8379776949637099,0.8207815286752828,0.832225915498316,0.8090507693895113
99079,0.8015725798498061,0.8248953426357526,0.8080025135183635,0.8211426613355991,0.7966952318318811
99080,0.8015725798498061,0.8248953426357526,0.8080025135183635,0.8211426613355991,0.7966952318318811
99081,0.7962674023075383,0.8200510659249135,0.8022433917447194,0.8153691794934886,0.7916819866174425
99082,0.8015725798498061,0.8248953426357526,0.8080025135183635,0.8211426613355991,0.7966952318318811
99083,0.7962342558041299,0.8200224140386545,0.8022113930513702,0.8153396581490135,0.7916479507401748
99084,0.7962342558041299,0.8200224140386545,0.8022113930513702,0.8153396581490135,0.7916479507401748
99085,0.7962342558041299,0.8200224140386545,0.8022113930513702,0.8153396581490135,0.7916479507401748
99086,0.8138964946908083,0.8344157298447732,0.8195739678110116,0.8296521707051739,0.8077105437857454
99087,0.813903044561316,0.8344214515610552,0.8195802854751885,0.829658081975521,0.8077173493982758
99088,0.7996530912368305,0.8226454437692868,0.8050069907651359,0.8179061340900268,0.7941519736122872
99089,0.7962674023075383,0.8200510659249135,0.8022433917447194,0.8153691794934886,0.7916819866174425
99090,0.7962305711034777,0.8200192289898319,0.8022078359494116,0.8153363764457149,0.7916441671702249
99091,0.7962894841787288,0.8200701536331765,0.8022647089871697,0.8153888464086443,0.7917046609548851
99092,0.7962894841787288,0.8200701536331765,0.8022647089871697,0.8153888464086443,0.7917046609548851
99093,0.7962195148940189,0.8200096720358562,0.8021971626131454,0.8153265294706851,0.7916328142928779
99094,0.7962894841787288,0.8200701536331765,0.8022647089871697,0.8153888464086443,0.7917046609548851
99095,0.7962894841787288,0.8200701536331765,0.8022647089871697,0.8153888464086443,0.7917046609548851
99096,0.7963041984074603,0.8200828727521983,0.8022789137201696,0.8154019514737109,0.7917197699613605
99097,0.7963041984074603,0.8200828727521983,0.8022789137201696,0.8154019514737109,0.7917197699613605
99098,0.7963041984074603,0.8200828727521983,0.8022789137201696,0.8154019514737109,0.7917197699613605
99099,0.7962674023075383,0.8200510659249135,0.8022433917447194,0.8153691794934886,0.7916819866174425
99100,0.7995299241653997,0.8225386569486853,0.8048876995384644,0.8177960265985271,0.7940247840254315
99101,0.799468191247746,0.8224851349962256,0.8048279095060986,0.8177408401140517,0.793961034677881
99102,0.7995299241653997,0.8225386569486853,0.8048876995384644,0.8177960265985271,0.7940247840254315
99106,0.7994063586215558,0.8224315272488163,0.804768023078779,0.8176855650329112,0.7938971821684042
99107,0.7962121423312647,0.8200032992267877,0.8021900453634566,0.8153199632662197,0.7916252439015296
99108,0.7962674023075383,0.8200510659249135,0.8022433917447194,0.8153691794934886,0.7916819866174425
99109,0.7994063586215558,0.8224315272488163,0.804768023078779,0.8176855650329112,0.7938971821684042
99110,0.7994063586215558,0.8224315272488163,0.804768023078779,0.8176855650329112,0.7938971821684042
99111,0.7994063586215558,0.8224315272488163,0.804768023078779,0.8176855650329112,0.7938971821684042
99112,0.7994063586215558,0.8224315272488163,0.804768023078779,0.8176855650329112,0.7938971821684042
99113,0.7994063586215558,0.8224315272488163,0.804768023078779,0.8176855650329112,0.7938971821684042
99114,0.8101616145046979,0.8323307134121963,0.8157626970914093,0.8284887806369288,0.804495798115561
99115,0.8101616145046979,0.8323307134121963,0.8157626970914093,0.8284887806369288,0.804495798115561
99116,0.8101616145046979,0.8323307134121963,0.8157626970914093,0.8284887806369288,0.804495798115561
99117,0.7996530912368305,0.8226454437692868,0.8050069907651359,0.8179061340900268,0.7941519736122872
99118,0.7995444350770229,0.8225512378888907,0.8049017537817635,0.8178089987864787,0.7940397688896979
99119,0.799468191247746,0.8224851349962256,0.8048279095060986,0.8177408401140517,0.793961034677881
99120,0.7995190373623928,0.8225292181291877,0.8048771553569518,0.8177862942415383,0.7940135416326193
99121,0.7995444350770229,0.8225512378888907,0.8049017537817635,0.8178089987864787,0.7940397688896979
99122,0.8080214265663987,0.8295147744184093,0.8140421075904732,0.8256002397613575,0.8021975393564965
99123,0.7996422395638968,0.822636035179527,0.8049964805467197,0.8178964329495862,0.7941407675657214
99124,0.8080214265663987,0.8295147744184093,0.8140421075904732,0.8256002397613575,0.8021975393564965
99125,0.8099083214105598,0.8321114012584753,0.815518118074491,0.8282636759897114,0.8042335992304919
99126,0.8099083214105598,0.8321114012584753,0.815518118074491,0.8282636759897114,0.8042335992304919
99127,0.8098533225412623,0.8320637822756705,0.8154650117537022,0.8282147990453752,0.8041766661396129
99128,0.809894579463016,0.8320995031923196,0.8155048489828362,0.8282514636178027,0.8042193740161929
99129,0.8099083214105598,0.8321114012584753,0.815518118074491,0.8282636759897114,0.8042335992304919
99133,0.7962121423312647,0.8200032992267877,0.8021900453634566,0.8153199632662197,0.7916252439015296
99134,0.7962121423312647,0.8200032992267877,0.8021900453634566,0.8153199632662197,0.7916252439015296
99135,0.796190016210335,0.8199841735673538,0.8021686854902971,0.8153002571900073,0.7916025240547447
99136,0.7962121423312647,0.8200032992267877,0.8021900453634566,0.8153199632662197,0.7916252439015296
99137,0.7962121423312647,0.8200032992267877,0.8021900453634566,0.8153199632662197,0.7916252439015296
99138,0.7962195148940189,0.8200096720358562,0.8021971626131454,0.8153265294706851,0.7916328142928779
99139,0.8164586129391769,0.8364638367119452,0.8223666021313722,0.8330479292249906,0.810620301117761
99140,0.8102331730581294,0.8323926738664625,0.8158317943745332,0.8285523772616313,0.8045698720388873
99141,0.8102331730581294,0.8323926738664625,0.8158317943745332,0.8285523772616313,0.8045698720388873
99142,0.8102331730581294,0.8323926738664625,0.8158317943745332,0.8285523772616313,0.8045698720388873
99143,0.8102331730581294,0.8323926738664625,0.8158317943745332,0.8285523772616313,0.8045698720388873
99144,0.810192299858736,0.8323572828556234,0.81579232698609,0.8285160517094496,0.8045275621309932
99145,0.7961383393843253,0.8199395048241573,0.802118798376668,0.8152542327952584,0.791549460467273
99146,0.832500913895645,0.8551887157204549,0.8394493191295805,0.8486257538988032,0.82560052679406
99147,0.8144434431614916,0.8380284997148576,0.8208385909996202,0.8322787920084663,0.8091122126360015
99148,0.8533084401751854,0.8753260404190418,0.8594640284121468,0.8708900804577964,0.8476727723903964
99149,0.7994063586215558,0.8224315272488163,0.804768023078779,0.8176855650329112,0.7938971821684042
99150,0.7993845115191363,0.8224125863695604,0.804746863661904,0.8176660350134476,0.7938746213407555
99151,0.7993845115191363,0.8224125863695604,0.804746863661904,0.8176660350134476,0.7938746213407555
99152,0.7994063586215558,0.8224315272488163,0.804768023078779,0.8176855650329112,0.7938971821684042
99156,0.8143773924841494,0.8379720446819474,0.8207751824222946,0.8322200347950943,0.8090439358827685
99157,0.8143773924841494,0.8379720446819474,0.8207751824222946,0.8322200347950943,0.8090439358827685
99158,0.8143773924841494,0.8379720446819474,0.8207751824222946,0.8322200347950943,0.8090439358827685
99159,0.8143773924841494,0.8379720446819474,0.8207751824222946,0.8322200347950943,0.8090439358827685
99160,0.8143773924841494,0.8379720446819474,0.8207751824222946,0.8322200347950943,0.8090439358827685
99161,0.7963078760874828,0.8200860517796259,0.8022824640583464,0.8154052269636702,0.7917235463108557
99162,0.8188894408055623,0.8393783446213989,0.8239154577204656,0.8347651642057181,0.8116449339137825
99163,0.8145612701886344,0.8357857910920754,0.8204957917177613,0.8309875329193548,0.8082042396857084
99164,0.7993845115191363,0.8224125863695604,0.804746863661904,0.8176660350134476,0.7938746213407555
99165,0.852960046263173,0.8750355085578189,0.859132033124027,0.8705880663096521,0.8473092101916172
99166,0.8708263857944697,0.8918426845859665,0.8764423126102563,0.8877623457415638,0.8653133440275389
99167,0.796190016210335,0.8199841735673538,0.8021686854902971,0.8153002571900073,0.7916025240547447
99168,0.7961198666709519,0.8199235373758542,0.8021009654576605,0.8152377807288508,0.7915304920062903
99169,0.796190016210335,0.8199841735673538,0.8021686854902971,0.8153002571900073,0.7916025240547447
99170,0.8567141292124467,0.8784329391335352,0.8623797265183435,0.8734774191983126,0.850717288664441
99171,0.8567463523592146,0.8784597726444678,0.8624105242974912,0.8735054648814558,0.8507510358186321
99172,0.7994136382262652,0.822437838498075,0.8047750735468095,0.8176920725845943,0.7939046995858111
99173,0.7994136382262652,0.822437838498075,0.8047750735468095,0.8176920725845943,0.7939046995858111
99174,0.8144038277708524,0.8379946394363736,0.8208005602390362,0.8322435509640722,0.8090712621328245
99175,0.8144038277708524,0.8379946394363736,0.8208005602390362,0.8322435509640722,0.8090712621328245
99176,0.8278810825590963,0.8480264629615366,0.8341236295873649,0.8440562874358895,0.8203645595085922
99177,0.799468191247746,0.8224851349962256,0.8048279095060986,0.8177408401140517,0.793961034677881
99178,0.7962268860515884,0.820016043639769,0.8022042785090668,0.8153330944315715,0.791640383239039
99179,0.7993881535663415,0.8224157439257197,0.8047503910661489,0.8176692907839089,0.7938783823720807
99180,0.9042827679726128,0.9253043812173131,0.9089207639053198,0.9200272814694684,0.8988991229011293
99181,0.9042827679726128,0.9253043812173131,0.9089207639053198,0.9200272814694684,0.8988991229011293
99182,0.9042827679726128,0.9253043812173131,0.9089207639053198,0.9200272814694684,0.8988991229011293
99183,0.898889581108871,0.9189181926479935,0.9033967923800067,0.9149738248836197,0.8934018095765759
99184,0.9058785946526071,0.926564783792664,0.9106568871192359,0.9222765450247449,0.9008271362245961
99185,0.8586454933518928,0.882556011211046,0.8643940774928881,0.8759811078711459,0.8558371180288518
99186,0.8488935945814662,0.8757904495101183,0.8566825539781536,0.8674880144055731,0.8461659695232808
99187,0.7995190373623928,0.8225292181291877,0.8048771553569518,0.8177862942415383,0.7940135416326193
99188,0.7995190373623928,0.8225292181291877,0.8048771553569518,0.8177862942415383,0.7940135416326193
99189,0.853318696799727,0.8753345939364238,0.8594738023762624,0.8708989719558674,0.8476834754517282
99190,0.8234060604319755,0.8454028102695835,0.8291366551131213,0.8403227702245807,0.816071310111922
99191,0.852960046263173,0.8750355085578189,0.859132033124027,0.8705880663096521,0.8473092101916172
99192,0.7962268860515884,0.820016043639769,0.8022042785090668,0.8153330944315715,0.791640383239039
99193,0.7961198666709519,0.8199235373758542,0.8021009654576605,0.8152377807288508,0.7915304920062903
99194,0.8098533225412623,0.8320637822756705,0.8154650117537022,0.8282147990453752,0.8041766661396129
99195,0.856694280215342,0.8784164101693088,0.8623607555564101,0.8734601435358305,0.8506965008660378
99196,0.8565524284641403,0.8782982872769983,0.8622251793695299,0.873336683941794,0.8505479391623261
99197,0.8384442648600992,0.8622419447553853,0.8447034590105851,0.8549919653960106,0.8331467561215751
99198,0.8384103361513597,0.8622136083084347,0.8446710237625716,0.8549619497311032,0.8331115504655574
99199,0.8414707346436596,0.8647468562562426,0.8483289812225054,0.8587963660170755,0.836395269460481
99200,0.8414320467190943,0.8647145107798075,0.8482921888726974,0.8587624234045981,0.8363551639203484
99201,0.9364582533775677,0.9575111977120555,0.941538079345532,0.9515761418480171,0.9320006374971483
99202,0.8344793126835263,0.8579706376583947,0.8401568821799584,0.8526202229688168,0.8313289181184675
99203,0.9520638906069497,0.972840695182837,0.9571116200952222,0.9673096095786967,0.947211874068976
99204,0.8346147950733472,0.8580845317239197,0.8402870653326446,0.8527389566025643,0.831467363973198
99205,0.809894579463016,0.8320995031923196,0.8155048489828362,0.8282514636178027,0.8042193740161929
99206,0.8566619941051219,0.8783895245333487,0.8623298976937572,0.8734320433020407,0.8506626876580622
99207,0.8345589052398684,0.8580375471990991,0.8402333614486385,0.8526899757125457,0.83141025170733
99208,0.8345589052398684,0.8580375471990991,0.8402333614486385,0.8526899757125457,0.83141025170733
99209,0.8345589052398684,0.8580375471990991,0.8402333614486385,0.8526899757125457,0.83141025170733
99210,0.8345589052398684,0.8580375471990991,0.8402333614486385,0.8526899757125457,0.83141025170733
99211,0.8345589052398684,0.8580375471990991,0.8402333614486385,0.8526899757125457,0.83141025170733
99212,0.7962674023075383,0.8200510659249135,0.8022433917447194,0.8153691794934886,0.7916819866174425
99213,0.838233068057391,0.8613570902707581,0.8459252177976501,0.854928792761745,0.8344617747275875
99214,0.915907106173186,0.9364756499564395,0.9204639119648294,0.9319122802209635,0.9114254490520817
99215,0.9042925281767147,0.925311866603533,0.9089300154236822,0.9200353305449445,0.8989094784974663
99216,0.852960046263173,0.8750355085578189,0.859132033124027,0.8705880663096521,0.8473092101916172
99217,0.852960046263173,0.8750355085578189,0.859132033124027,0.8705880663096521,0.8473092101916172
99218,0.852960046263173,0.8750355085578189,0.859132033124027,0.8705880663096521,0.8473092101916172
99219,0.852960046263173,0.8750355085578189,0.859132033124027,0.8705880663096521,0.8473092101916172
99220,0.852960046263173,0.8750355085578189,0.859132033124027,0.8705880663096521,0.8473092101916172
99224,0.8491090567620052,0.8741790607705783,0.8551823993004684,0.8672966470193338,0.8466895862582202
99225,0.8550463683740862,0.8828183361434968,0.8675414565822535,0.8741796141938786,0.8561050897688268
99226,0.8802482320305366,0.9004619154777658,0.8853193842194136,0.8963618186711624,0.87441936373244
99227,0.9523202307476111,0.9729835424660278,0.957340041283906,0.9674823055679249,0.9474952636741539
99228,0.8681172346517673,0.8905343989723987,0.8730732484324525,0.8860075841355985,0.8645962315294808
99229,0.8346147950733472,0.8580845317239197,0.8402870653326446,0.8527389566025643,0.831467363973198
99231,0.9406087289416077,0.961308916458295,0.9451365893161937,0.955639278608298,0.9352753594167528
99234,0.9405528134365958,0.9612730945030301,0.9450851264179928,0.9555980195126109,0.9352141571409971
99235,0.8346147950733472,0.8580845317239197,0.8402870653326446,0.8527389566025643,0.831467363973198
99236,0.8138964946908083,0.8344157298447732,0.8195739678110116,0.8296521707051739,0.8077105437857454
99237,0.8138964946908083,0.8344157298447732,0.8195739678110116,0.8296521707051739,0.8077105437857454
99238,0.8858618805754332,0.9092615536434613,0.8938398568245918,0.9050995917735671,0.8837991990116855
99239,0.7963078760874828,0.8200860517796259,0.8022824640583464,0.8154052269636702,0.7917235463108557
99240,0.8347057716276902,0.8581610135897275,0.8403744839849772,0.8528186878898348,0.8315603301724064
99241,0.8347057716276902,0.8581610135897275,0.8403744839849772,0.8528186878898348,0.8315603301724064
99242,0.8347057716276902,0.8581610135897275,0.8403744839849772,0.8528186878898348,0.8315603301724064
99243,0.8382458086587878,0.8620762019332433,0.8445137393287331,0.8548163996987342,0.8329408298913034
99244,0.8382458086587878,0.8620762019332433,0.8445137393287331,0.8548163996987342,0.8329408298913034
99245,0.8100454562544369,0.8322301372192747,0.8156505346598075,0.8283855482456055,0.8043755561707214
99247,0.8779848312752463,0.8999438938828449,0.8847835680496394,0.8956245124022186,0.8744478330222832
99250,0.9042093977513412,0.9252481120948978,0.9088512178010447,0.9199667748140604,0.8988212767065956
99251,0.9042093977513412,0.9252481120948978,0.9088512178010447,0.9199667748140604,0.8988212767065956
99252,0.9042093977513412,0.9252481120948978,0.9088512178010447,0.9199667748140604,0.8988212767065956
99253,0.9405528134365958,0.9612730945030301,0.9450851264179928,0.9555980195126109,0.9352141571409971
99254,0.9405528134365958,0.9612730945030301,0.9450851264179928,0.9555980195126109,0.9352141571409971
99255,0.8680269338371969,0.8904608608522266,0.8729867085929728,0.885930711996544,0.8645032393073472
99256,0.8680269338371969,0.8904608608522266,0.8729867085929728,0.885930711996544,0.8645032393073472
99257,0.8611522010437661,0.885555470156476,0.867017639271177,0.879655845081819,0.8571342385558472
99258,0.8236638556823179,0.8503198046692146,0.8315260573140868,0.841771077551696,0.821897076840511
99259,0.8137366920660399,0.8410870614981129,0.8232271656955845,0.8320384640215595,0.8126625616053544
99260,0.778462808150123,0.8040351410470896,0.784861527339983,0.7976931750452969,0.7766872376273098
99261,0.8137761884205528,0.8411199468687335,0.8232643313179161,0.8320735009710152,0.8127023242805
99262,0.8344793126835263,0.8579706376583947,0.8401568821799584,0.8526202229688168,0.8313289181184675
99263,0.8664632525302157,0.891576674629578,0.8729569968033712,0.884974711365007,0.864335464163675
99264,0.8315297964178292,0.8528409507168331,0.838846476746147,0.848593047516532,0.8261603956184047
99265,0.826039824005634,0.8462000536816494,0.8328786913874033,0.8426129896267449,0.8209550201625639
99267,0.8362127099363648,0.8586575374637112,0.8432459276585031,0.8536267079168726,0.8308936526042472
99270,0.8164586129391769,0.8364638367119452,0.8223666021313722,0.8330479292249906,0.810620301117761
99271,0.8382600272641859,0.8620880765086265,0.8445273319205645,0.8548289781065282,0.8329555837665975
99272,0.8361955572011217,0.8586430231315809,0.8432296128666624,0.8536116111615807,0.8308758591957985
99273,0.826039824005634,0.8462000536816494,0.8328786913874033,0.8426129896267449,0.8209550201625639
99274,0.8145612701886344,0.8357857910920754,0.8204957917177613,0.8309875329193548,0.8082042396857084
99278,0.8120790197869068,0.833453145412337,0.8188265468249136,0.828374857921711,0.8067926359444436
99279,0.813903044561316,0.8344214515610552,0.8195802854751885,0.829658081975521,0.8077173493982758
99280,0.8119465474623477,0.8333379686522557,0.8186996065702529,0.8282556317914622,0.8066557817923123
99281,0.8563872402455047,0.8781607362575059,0.8620673005575256,0.8731929174029442,0.8503749354201016
99282,0.8563872402455047,0.8781607362575059,0.8620673005575256,0.8731929174029442,0.8503749354201016
99283,0.8563872402455047,0.8781607362575059,0.8620673005575256,0.8731929174029442,0.8503749354201016
99284,0.8550195919194411,0.8781607362575059,0.8620673005575256,0.8721403437579388,0.8503749354201016
99285,0.8566520520707368,0.8783812455341853,0.8623203954791062,0.8734233902781592,0.8506522753622743
99286,0.8566520520707368,0.8783812455341853,0.8623203954791062,0.8734233902781592,0.8506522753622743
99287,0.8384527410732802,0.8622490239197621,0.8447115621315768,0.8549994640611867,0.833155551337275
99288,0.8204108172248649,0.8422072002129793,0.8271240446009278,0.8369765476859666,0.8162520813074291
99289,0.8204108172248649,0.8422072002129793,0.8271240446009278,0.8369765476859666,0.8162520813074291
99290,0.8204108172248649,0.8422072002129793,0.8271240446009278,0.8369765476859666,0.8162520813074291
99294,0.8095769189226187,0.8360879441021729,0.8173272210883407,0.8291499521526062,0.8090245691261223
99295,0.8346147950733472,0.8580845317239197,0.8402870653326446,0.8527389566025643,0.831467363973198
99296,0.8668368404910026,0.8918736074049001,0.8733104499843066,0.8852914820110369,0.8647156983298654
99297,0.9042925281767147,0.925311866603533,0.9089300154236822,0.9200353305449445,0.8989094784974663
99298,0.9040370411943639,0.9251159328283299,0.9086878458759419,0.9198246401696448,0.89863840380983
99299,0.9041111072266278,0.9251727328750211,0.9087580507640726,0.9198857184419952,0.8987169892708078
99300,0.9390597391732074,0.9588917389416772,0.9432053939615924,0.9538774303918688,0.9342350404913675
99301,0.9390597391732074,0.9588917389416772,0.9432053939615924,0.9538774303918688,0.9342350404913675
99302,0.85641484169404,0.8781837194345249,0.8620936805636104,0.8732169392011401,0.8504038428985713
99303,0.8549591938490392,0.8781837194345249,0.8620936805636104,0.8720878586905476,0.8504038428985713
99304,0.8566619941051219,0.8783895245333487,0.8623298976937572,0.8734320433020407,0.8506626876580622
99305,0.8382600272641859,0.8620880765086265,0.8445273319205645,0.8548289781065282,0.8329555837665975
99306,0.8382600272641859,0.8620880765086265,0.8445273319205645,0.8548289781065282,0.8329555837665975
99307,0.8382600272641859,0.8620880765086265,0.8445273319205645,0.8548289781065282,0.8329555837665975
99308,0.8710245373154243,0.8920056680382972,0.8766309439375006,0.8879320600399352,0.8655209303470764
99309,0.8710156664534902,0.8919983714269967,0.8766224992266263,0.8879244621257302,0.8655116371621936
99310,0.8710156664534902,0.8919983714269967,0.8766224992266263,0.8879244621257302,0.8655116371621936
99314,0.8566619941051219,0.8783895245333487,0.8623298976937572,0.8734320433020407,0.8506626876580622
99315,0.8491090567620052,0.8741790607705783,0.8551823993004684,0.8672966470193338,0.8466895862582202
99316,0.7996530912368305,0.8226454437692868,0.8050069907651359,0.8179061340900268,0.7941519736122872
99317,0.8344793126835263,0.8579706376583947,0.8401568821799584,0.8526202229688168,0.8313289181184675
99318,0.8344793126835263,0.8579706376583947,0.8401568821799584,0.8526202229688168,0.8313289181184675
99319,0.8344793126835263,0.8579706376583947,0.8401568821799584,0.8526202229688168,0.8313289181184675
99320,0.8344793126835263,0.8579706376583947,0.8401568821799584,0.8526202229688168,0.8313289181184675
99321,0.9522324922724604,0.972934647637452,0.9572618579440245,0.9674231945187015,0.9473982678347049
99322,0.9523248645882384,0.972986124866027,0.9573441705001,0.9674854275238947,0.9475003864078004
99323,0.8346852515113743,0.8581437626741528,0.8403547663293816,0.8528007040793718,0.8315393613067152
99324,0.8346852515113743,0.8581437626741528,0.8403547663293816,0.8528007040793718,0.8315393613067152
99325,0.8357599738430437,0.8621580758506217,0.8417118965541323,0.8533609498161957,0.8330704952982899
99326,0.8093874588242905,0.8359286899365647,0.817146741224248,0.8289829312929512,0.808834464172888
99327,0.8357599738430437,0.8621580758506217,0.8417118965541323,0.8533609498161957,0.8330704952982899
99328,0.8095769189226187,0.8360879441021729,0.8173272210883407,0.8291499521526062,0.8090245691261223
99329,0.9040370411943639,0.9251159328283299,0.9086878458759419,0.9198246401696448,0.89863840380983
99330,0.9406935242693385,0.9613632416264912,0.9452146327989013,0.9557018489126656,0.9353681713820148
99331,0.868436471876827,0.890794388283751,0.8733791930145919,0.8862793580785512,0.8649249809554218
99332,0.8346147950733472,0.8580845317239197,0.8402870653326446,0.8527389566025643,0.831467363973198
99334,0.8382600272641859,0.8620880765086265,0.8445273319205645,0.8548289781065282,0.8329555837665975
99337,0.8550246190113089,0.8782837381048416,0.8622084802653708,0.8721447122542912,0.8505296404352554
99338,0.8550246190113089,0.8782837381048416,0.8622084802653708,0.8721447122542912,0.8505296404352554
99339,0.8565349563080484,0.8782837381048416,0.8622084802653708,0.8733214773904862,0.8505296404352554
99340,0.8565349563080484,0.8782837381048416,0.8622084802653708,0.8733214773904862,0.8505296404352554
99341,0.9043933072207487,0.9262303171040231,0.9107273792392804,0.9206570726822374,0.9005009289851418
99342,0.9040139375089191,0.9250982152228452,0.9086659466782196,0.9198055879971808,0.8986138902738504
99343,0.9523379802205177,0.9729934341273894,0.9573558578546885,0.967494263942389,0.9475148857888955
99344,0.8346147950733472,0.8580845317239197,0.8402870653326446,0.8527389566025643,0.831467363973198
99345,0.8643887934522422,0.8918477532084733,0.8731357751739915,0.8818977549906106,0.8617227710874231
99346,0.810491466178468,0.8390144499953596,0.8213407940190501,0.8302514764814609,0.8104675243138805
99347,0.838233068057391,0.8613570902707581,0.8459252177976501,0.854928792761745,0.8344617747275875
99348,0.8332114286349395,0.855023255875583,0.8409704436868434,0.8494462623539252,0.8288911995524806
99349,0.8362127099363648,0.8586575374637112,0.8432459276585031,0.8536267079168726,0.8308936526042472
99350,0.835417857547139,0.859004420738502,0.8417288893828164,0.8524154560714591,0.8325118758470691
99351,0.813903044561316,0.8344214515610552,0.8195802854751885,0.829658081975521,0.8077173493982758
99352,0.9042469352896984,0.925276900257458,0.9088867988115052,0.919997731002192,0.8988611042873607
99353,0.8681172346517673,0.8905343989723987,0.8730732484324525,0.8860075841355985,0.8645962315294808
99354,0.9041242432669679,0.925182806814428,0.9087705020423236,0.9198965511267931,0.8987309268127438
99355,0.8346147950733472,0.8580845317239197,0.8402870653326446,0.8527389566025643,0.831467363973198
99356,0.8346147950733472,0.8580845317239197,0.8402870653326446,0.8527389566025643,0.831467363973198
99357,0.8346147950733472,0.8580845317239197,0.8402870653326446,0.8527389566025643,0.831467363973198
99358,0.9040370411943639,0.9251159328283299,0.9086878458759419,0.9198246401696448,0.89863840380983
99359,0.9040139375089191,0.9250982152228452,0.9086659466782196,0.9198055879971808,0.8986138902738504
99360,0.8488935945814662,0.8757904495101183,0.8566825539781536,0.8674880144055731,0.8461659695232808
99361,0.813551778910842,0.8409331036293405,0.8230531661869704,0.8318744318055514,0.81247640138885
99362,0.813551778910842,0.8409331036293405,0.8230531661869704,0.8318744318055514,0.81247640138885
99363,0.813551778910842,0.8409331036293405,0.8230531661869704,0.8318744318055514,0.81247640138885
99364,0.8961018866877811,0.9171992467343152,0.9014049663427485,0.912618572715469,0.8916756944188995
99365,0.8961018866877811,0.9171992467343152,0.9014049663427485,0.912618572715469,0.8916756944188995
99366,0.8709379066972057,0.891934411783944,0.876548475203184,0.8878578612400856,0.865430175208732
99367,0.8960466732915849,0.9171560105397688,0.9013528030824419,0.9125727714007232,0.8916179144974298
99368,0.845999684196383,0.870112516036618,0.8521089483751482,0.8635894063983235,0.8423804490368564
99370,0.8550246190113089,0.8787810443875949,0.8622113430730436,0.8721447122542912,0.8509411410215573
99373,0.8549591938490392,0.8787274464638533,0.8621495469061065,0.8720878586905476,0.8508736336491084
99374,0.8382600272641859,0.8620880765086265,0.8445273319205645,0.8548289781065282,0.8329555837665975
99375,0.8382600272641859,0.8620880765086265,0.8445273319205645,0.8548289781065282,0.8329555837665975
99376,0.8382600272641859,0.8620880765086265,0.8445273319205645,0.8548289781065282,0.8329555837665975
99377,0.9041111072266278,0.9251727328750211,0.9087580507640726,0.9198857184419952,0.8987169892708078
99378,0.9041111072266278,0.9251727328750211,0.9087580507640726,0.9198857184419952,0.8987169892708078
99379,0.9040139375089191,0.9250982152228452,0.9086659466782196,0.9198055879971808,0.8986138902738504
99380,0.8382978963170477,0.8614115416057512,0.8459865475951913,0.854986087009419,0.8345283356054259
99381,0.8362127099363648,0.8586575374637112,0.8432459276585031,0.8536267079168726,0.8308936526042472
99382,0.8204108172248649,0.8422072002129793,0.8271240446009278,0.8369765476859666,0.8162520813074291
99383,0.868436471876827,0.890794388283751,0.8733791930145919,0.8862793580785512,0.8649249809554218
99384,0.8666496055633168,0.891724786905813,0.8731333050514384,0.8851327199042955,0.8645251328706727
99385,0.835417857547139,0.859004420738502,0.8417288893828164,0.8524154560714591,0.8325118758470691
99386,0.835417857547139,0.859004420738502,0.8417288893828164,0.8524154560714591,0.8325118758470691
99387,0.8119465474623477,0.8333379686522557,0.8186996065702529,0.8282556317914622,0.8066557817923123
99389,0.8120790197869068,0.833453145412337,0.8188265468249136,0.828374857921711,0.8067926359444436
99393,0.8116756299362985,0.8334315982974615,0.818374147863784,0.828374857921711,0.8061443556133241
99394,0.8120790197869068,0.833453145412337,0.8188265468249136,0.828374857921711,0.8067926359444436
99395,0.8120790197869068,0.833453145412337,0.8188265468249136,0.828374857921711,0.8067926359444436
99396,0.8016870355859851,0.825709642457763,0.8128084798031676,0.8210829498415371,0.8007898700956686
99397,0.8652219449325508,0.8872555783056879,0.8714068759230391,0.8814587639551025,0.8607486360928536
99398,0.8565524284641403,0.8782982872769983,0.8622251793695299,0.873336683941794,0.8505479391623261
99399,0.8116756299362985,0.8334315982974615,0.818374147863784,0.8286488738773004,0.8061443556133241
99400,0.8116756299362985,0.8334315982974615,0.818374147863784,0.8286488738773004,0.8061443556133241
99401,0.845999684196383,0.870112516036618,0.8521089483751482,0.8635894063983235,0.8423804490368564
99402,0.845999684196383,0.870112516036618,0.8521089483751482,0.8635894063983235,0.8423804490368564
99403,0.8146493843866157,0.8358623549907793,0.8205806319572571,0.8310666698190122,0.8082959002220595
99404,0.8146493843866157,0.8358623549907793,0.8205806319572571,0.8310666698190122,0.8082959002220595
99405,0.8137366920660399,0.8410870614981129,0.8232271656955845,0.8320384640215595,0.8126625616053544
99406,0.8093637052391089,0.8359087239136624,0.8171241137053458,0.8289619914144241,0.8088106297260987
99407,0.8089647295698529,0.8344377433901438,0.8171241137053458,0.8274857788736709,0.8080187351974403
99408,0.8182967284248034,0.8383337163914296,0.8252924469080889,0.8343249826258674,0.814378358803346
99409,0.8433541938020312,0.8665254089485045,0.8531844554556477,0.861760208925348,0.8387109373753113
99410,0.8433541938020312,0.8665254089485045,0.8531844554556477,0.861760208925348,0.8387109373753113
99411,0.8433541938020312,0.8665254089485045,0.8531844554556477,0.861760208925348,0.8387109373753113
99412,0.8433541938020312,0.8665254089485045,0.8531844554556477,0.861760208925348,0.8387109373753113
99413,0.8433541938020312,0.8665254089485045,0.8531844554556477,0.861760208925348,0.8387109373753113
99414,0.8779848312752463,0.8999438938828449,0.8847835680496394,0.8956245124022186,0.8744478330222832
99415,0.8474444433597933,0.8751536425324908,0.8596069093620503,0.8671908008785094,0.8483322819098602
99416,0.8474444433597933,0.8751536425324908,0.8596069093620503,0.8671908008785094,0.8483322819098602
99417,0.8474444433597933,0.8751536425324908,0.8596069093620503,0.8671908008785094,0.8483322819098602
99418,0.778462808150123,0.8040351410470896,0.784861527339983,0.7976931750452969,0.7766872376273098
99419,0.778462808150123,0.8040351410470896,0.784861527339983,0.7976931750452969,0.7766872376273098
99420,0.778462808150123,0.8040351410470896,0.784861527339983,0.7976931750452969,0.7766872376273098
99421,0.8093874588242905,0.8359286899365647,0.817146741224248,0.8289829312929512,0.808834464172888
99422,0.8643887934522422,0.8918477532084733,0.8731357751739915,0.8818977549906106,0.8617227710874231
99423,0.8089647295698529,0.8344377433901438,0.8174236622618445,0.8274857788736709,0.8080187351974403
99424,0.8089647295698529,0.8344377433901438,0.8174236622618445,0.8274857788736709,0.8080187351974403
99425,0.8089647295698529,0.8344377433901438,0.8173272210883407,0.8274857788736709,0.8080187351974403
99426,0.8663125453809862,0.8908997255389417,0.8748171404838627,0.8850225448216705,0.8644016878288056
99427,0.8858618805754332,0.9092615536434613,0.8938398568245918,0.9050995917735671,0.8837991990116855
99428,0.8182967284248034,0.8383337163914296,0.8252924469080889,0.8343249826258674,0.814378358803346
99429,0.8136612238688926,0.8347346799382291,0.8211606215458446,0.8300530531131273,0.8091845135136861
99430,0.8204108172248649,0.8422072002129793,0.8271240446009278,0.8369765476859666,0.8162520813074291
99431,0.832085403199615,0.8560775139997409,0.8412738911210151,0.8498205642170513,0.8309391995812121
99432,0.8411087546446108,0.865209446643257,0.8496177895934126,0.85895335710467,0.8393189349286434
99433,0.8550463683740862,0.8828183361434968,0.8675414565822535,0.8741796141938786,0.8561050897688268
99434,0.8110925612937178,0.8330352375508672,0.8194515115007226,0.8276286651225027,0.8084851429585498
99435,0.8411087546446108,0.865209446643257,0.8496177895934126,0.85895335710467,0.8393189349286434
99436,0.7953281988661933,0.8233587595827384,0.8073416779619245,0.8159295795648236,0.7968320630947526
99437,0.8110925612937178,0.8330352375508672,0.8194515115007226,0.8276286651225027,0.8084851429585498
99438,0.8095769189226187,0.8360879441021729,0.8173272210883407,0.8291499521526062,0.8090245691261223
99439,0.8090121133569922,0.8315854046471339,0.8188401519296105,0.8261524663189833,0.807251553917939
99440,0.7953281988661933,0.8233587595827384,0.8073416779619245,0.8159295795648236,0.7968320630947526
99441,0.807770736460169,0.831133235676332,0.8186234584335909,0.825972661131491,0.8066403200236287
99442,0.8016765440999017,0.8257006200104562,0.8127986763972169,0.8210736494102421,0.8007793224876518
99443,0.8016765440999017,0.8257006200104562,0.8127986763972169,0.8210736494102421,0.8007793224876518
99444,0.7925606974121442,0.821716442133824,0.805326451541498,0.813290732384846,0.7928627486690315
99445,0.7925606974121442,0.8214358399124722,0.805326451541498,0.813290732384846,0.7928627486690315
99446,0.85502120379709,0.8827984721023678,0.8675187080213378,0.874158128244561,0.8560801319302095
99447,0.85502120379709,0.8827984721023678,0.8675187080213378,0.874158128244561,0.8560801319302095
99448,0.852869402510454,0.8819018888899214,0.866194360530784,0.8734722809079672,0.8550912114159849
99449,0.807770736460169,0.831133235676332,0.8186234584335909,0.825972661131491,0.8066403200236287
99450,0.807770736460169,0.831133235676332,0.8186234584335909,0.825972661131491,0.8066403200236287
99451,0.7871948426191417,0.8174754538003539,0.8011889948405749,0.8084861162676471,0.7902466975761274
99452,0.7967321812859567,0.8245586869824778,0.8119541991341219,0.8179243196163664,0.7971374360218696
99453,0.7967321812859567,0.8245586869824778,0.8119541991341219,0.8179243196163664,0.7971374360218696
99454,0.8308211885074315,0.8566899945002902,0.8469766747313363,0.8495826451317142,0.8307840283552789
99455,0.8017569015621043,0.8257697261577049,0.8128737639021595,0.8211448846412677,0.800860109781908
99456,0.7871948426191417,0.8174754538003539,0.8011889948405749,0.8084861162676471,0.7902466975761274
99457,0.7871948426191417,0.8165278788546576,0.8011889948405749,0.8084861162676471,0.7902466975761274
99458,0.832375838009498,0.8615522073216219,0.8473850621252672,0.8514173877774276,0.8328618569630223
99459,0.8202067410743704,0.851994978900491,0.8390815902709144,0.8376239599207816,0.8198150768106566
99460,0.8103855111024308,0.8399691527051626,0.8275596692028622,0.8325825034066703,0.8155759017532032
99461,0.7885241481058024,0.818793890205125,0.808384722113337,0.8116491371467027,0.7956246775918239
99462,0.8103855111024308,0.8399691527051626,0.8275596692028622,0.8325825034066703,0.8155759017532032
99463,0.8120163683770518,0.8411296329863706,0.8295421611862155,0.8308869661893004,0.8126659956635741
99464,0.8120163683770518,0.8411296329863706,0.8295421611862155,0.8308869661893004,0.8126659956635741
99465,0.7979961333234468,0.8268322467968019,0.8173807598311916,0.8154883339814876,0.8004269088509781
99466,0.7881607534643936,0.8165278788546576,0.8058336576670134,0.8096078693607547,0.7913635058925919
99467,0.7811507904419848,0.8105472723725814,0.799640140648333,0.8020943539484201,0.7844163368283223
99468,0.8180753044027598,0.8433000348074106,0.8355970270040998,0.8361622555022018,0.8175179888989825
99469,0.8223346348550442,0.8520021469797804,0.8380273197049546,0.8404425383413975,0.8227352181645529
99470,0.8173609531336691,0.8497276701572775,0.837518329954845,0.8342261484765966,0.8180177307570792
99471,0.8202067410743704,0.851994978900491,0.8380273197049546,0.8376239599207816,0.8198150768106566
99472,0.8073425455091884,0.8341619920919324,0.8256339717821192,0.8238023221192412,0.8078514140572499
99473,0.7979961333234468,0.8268322467968019,0.8173807598311916,0.8154883339814876,0.8004269088509781
99474,0.8073425455091884,0.8341619920919324,0.8256339717821192,0.8238023221192412,0.8078514140572499
99475,0.8144461461209784,0.8469688088842955,0.8341357293547015,0.8315788124390703,0.8153200550780231
99476,0.7885241481058024,0.818793890205125,0.808384722113337,0.8116491371467027,0.7956246775918239
99477,0.8214516653376852,0.8499678197319538,0.8397318267559035,0.8370093834003882,0.81876321161424
99478,0.7811507904419848,0.8105472723725814,0.799640140648333,0.8020943539484201,0.7844163368283223
99481,0.8369104851487014,0.8632685407517676,0.8510425379070777,0.8544855295260222,0.8346241036632696
99483,0.8369104851487014,0.8632685407517676,0.8510425379070777,0.8544855295260222,0.8346241036632696
99484,0.8368818359983997,0.8632685407517676,0.8510425379070777,0.8544855295260222,0.8346241036632696
99485,0.8242471577685297,0.8512961221375377,0.8401525735873626,0.8405381628701927,0.82173823000845
99487,0.8242471577685297,0.8512961221375377,0.8401525735873626,0.8405381628701927,0.82173823000845
99489,0.8180753044027598,0.8433000348074106,0.8355970270040998,0.8361622555022018,0.8175179888989825
99490,0.8242471577685297,0.8512961221375377,0.8401525735873626,0.8405381628701927,0.82173823000845
99492,0.8137761884205528,0.8411199468687335,0.8232643313179161,0.8320735009710152,0.8127023242805
99493,0.8095769189226187,0.8360879441021729,0.8173272210883407,0.8291499521526062,0.8090245691261223
99494,0.8491090567620052,0.8741790607705783,0.8551823993004684,0.8672966470193338,0.8466895862582202
99496,0.8491090567620052,0.8741790607705783,0.8551823993004684,0.8672966470193338,0.8466895862582202
99499,0.8491090567620052,0.8741790607705783,0.8551823993004684,0.8672966470193338,0.8466895862582202
99502,0.8368818359983997,0.8639719427213184,0.8515803294101449,0.8559704181588433,0.8348416017217298
99503,0.8522170896983338,0.8762525392185354,0.8647612664456057,0.871236328386081,0.8490813599535448
99504,0.8204108172248649,0.8422072002129793,0.8271240446009278,0.8369765476859666,0.8162520813074291
99506,0.8522170896983338,0.8762525392185354,0.8647612664456057,0.871236328386081,0.8490813599535448
99507,0.8522170896983338,0.8762525392185354,0.8647612664456057,0.871236328386081,0.8490813599535448
99511,0.8522170896983338,0.8762525392185354,0.8647612664456057,0.871236328386081,0.8490813599535448
99512,0.8522170896983338,0.8762525392185354,0.8647612664456057,0.871236328386081,0.8490813599535448
99516,0.8550463683740862,0.8828183361434968,0.8675414565822535,0.8741796141938786,0.8561050897688268
99518,0.8550463683740862,0.8828183361434968,0.8675414565822535,0.8741796141938786,0.8561050897688268
99519,0.8550463683740862,0.8828183361434968,0.8675414565822535,0.8741796141938786,0.8561050897688268
99520,0.8550463683740862,0.8828183361434968,0.8675414565822535,0.8741796141938786,0.8561050897688268
99521,0.8144461461209784,0.8469688088842955,0.8341357293547015,0.8315788124390703,0.8153200550780231
99522,0.8474444433597933,0.8751536425324908,0.8596069093620503,0.8671908008785094,0.8483322819098602
99526,0.8368818359983997,0.8639719427213184,0.8515803294101449,0.8559704181588433,0.8348416017217298
99527,0.8368818359983997,0.8639719427213184,0.8515803294101449,0.8559704181588433,0.8348416017217298
99532,0.8095769189226187,0.8360879441021729,0.8173272210883407,0.8291499521526062,0.8090245691261223
99537,0.8124585132405491,0.8411199468687335,0.8232643313179161,0.8320735009710152,0.8127023242805
99538,0.8137761884205528,0.8411199468687335,0.8232643313179161,0.8320735009710152,0.8127023242805
99542,0.855134260339869,0.8828877160818162,0.8676209107351558,0.8742546586861719,0.8561922597167771
99544,0.8517878109337121,0.8805707973909966,0.8652324838158907,0.8717372590791195,0.8534795427382443
99545,0.852869402510454,0.8819018888899214,0.866194360530784,0.8734722809079672,0.8550912114159849
99546,0.7996530912368305,0.8226454437692868,0.8050069907651359,0.8179061340900268,0.7941519736122872
99548,0.7962674023075383,0.8200510659249135,0.8022433917447194,0.8153691794934886,0.7916819866174425
99549,0.8204108172248649,0.8422072002129793,0.8271240446009278,0.8369765476859666,0.8162520813074291
99550,0.8259789049484143,0.8461471464879761,0.8328205223146221,0.8425586776915192,0.8203645595085922
99552,0.8259789049484143,0.8461471464879761,0.8328205223146221,0.8425586776915192,0.8208920345301317
99553,0.8259789049484143,0.8461471464879761,0.8328205223146221,0.8425586776915192,0.8208920345301317
99554,0.8259789049484143,0.8461471464879761,0.8328205223146221,0.8425586776915192,0.8203645595085922
99560,0.8180776650777036,0.8381457483043552,0.8234726166103017,0.8341791143408904,0.8108103096388911
99561,0.8481017138403908,0.8699741644421954,0.8537762424821214,0.8653352945439708,0.8422467985319355
99562,0.8278810825590963,0.8480264629615366,0.8341236295873649,0.8440562874358895,0.8203645595085922
99567,0.8481017138403908,0.8699741644421954,0.8537762424821214,0.8653352945439708,0.8422467985319355
99568,0.8481017138403908,0.8699741644421954,0.8537762424821214,0.8653352945439708,0.8422467985319355
99571,0.8144461461209784,0.8469688088842955,0.8341357293547015,0.8315788124390703,0.8153200550780231
99579,0.8180776650777036,0.8381457483043552,0.8234726166103017,0.8341791143408904,0.8108103096388911
99580,0.8180776650777036,0.8381457483043552,0.8234726166103017,0.8341791143408904,0.8108103096388911
99583,0.8180776650777036,0.8381457483043552,0.8234726166103017,0.8341791143408904,0.8108103096388911
99587,0.8180776650777036,0.8381457483043552,0.8234726166103017,0.8341791143408904,0.8108103096388911
99588,0.8180776650777036,0.8381457483043552,0.8234726166103017,0.8341791143408904,0.8108103096388911
99590,0.9141689090754717,0.9348975116360794,0.9153959885729483,0.9289346421376173,0.9065828704171853
99591,0.7811507904419848,0.8105472723725814,0.799640140648333,0.8020943539484201,0.7844163368283223
99595,0.8124585132405491,0.842107243288725,0.8279332590256184,0.8340383696928445,0.815820181911295
99596,0.8124585132405491,0.842107243288725,0.8279332590256184,0.8340383696928445,0.815820181911295
99599,0.8030547545101312,0.8315924797356776,0.8197036777763905,0.8246524307520074,0.8070168374307561
99603,0.9106019944156127,0.9274116565501317,0.9089624528674441,0.9215904621357475,0.8949883834811538
99604,0.9106019944156127,0.9274116565501317,0.9089624528674441,0.9215904621357475,0.8949883834811538
99605,0.8983995832656227,0.9154926918782356,0.8979612407029856,0.9109294994628587,0.8821719967477593
99607,0.8983995832656227,0.9154926918782356,0.8979612407029856,0.9109294994628587,0.8821719967477593
99614,0.8382600272641859,0.8620880765086265,0.8445273319205645,0.8548289781065282,0.8329555837665975
99619,0.8204108172248649,0.8422072002129793,0.8271240446009278,0.8369765476859666,0.8162520813074291
99620,0.7962674023075383,0.8200510659249135,0.8022433917447194,0.8153691794934886,0.7916819866174425
99621,0.8016870355859851,0.825709642457763,0.8128084798031676,0.8210829498415371,0.8007898700956686
99624,0.8474444433597933,0.8751536425324908,0.8596069093620503,0.8671908008785094,0.8483322819098602
99625,0.8517878109337121,0.8805707973909966,0.8652324838158907,0.8717372590791195,0.8534795427382443
99626,0.9353610819873348,0.9555678307206554,0.9386764916072983,0.949508961017414,0.9272611875519261
99632,0.7962674023075383,0.8200510659249135,0.8022433917447194,0.8153691794934886,0.7916819866174425
99633,0.7962674023075383,0.8200510659249135,0.8022433917447194,0.8153691794934886,0.7916819866174425
99639,0.7962674023075383,0.8200510659249135,0.8022433917447194,0.8153691794934886,0.7916819866174425
99641,0.8017569015621043,0.8257697261577049,0.8128737639021595,0.8211448846412677,0.800860109781908
99642,0.8016870355859851,0.825709642457763,0.8128084798031676,0.8210829498415371,0.8007898700956686
99643,0.8016765440999017,0.8257006200104562,0.8127986763972169,0.8210736494102421,0.8007793224876518
99644,0.8016870355859851,0.825709642457763,0.8128084798031676,0.8210829498415371,0.8007898700956686
99646,0.883265926765835,0.9014292146076184,0.8793585602855247,0.8952108558391789,0.870930192508464
99648,0.883265926765835,0.9014292146076184,0.8793585602855247,0.8952108558391789,0.870930192508464
99662,0.8016870355859851,0.825709642457763,0.8128084798031676,0.8210829498415371,0.8007898700956686
99663,0.8016765440999017,0.8257006200104562,0.8127986763972169,0.8210736494102421,0.8007793224876518
99665,0.8204108172248649,0.8422072002129793,0.8271240446009278,0.8369765476859666,0.8162520813074291
99666,0.8362127099363648,0.8586575374637112,0.8432459276585031,0.8536267079168726,0.8308936526042472
99668,0.8204108172248649,0.8422072002129793,0.8271240446009278,0.8369765476859666,0.8162520813074291
99674,0.8030547545101312,0.8315924797356776,0.8197036777763905,0.8246524307520074,0.8070168374307561
99675,0.8030547545101312,0.8315924797356776,0.8197036777763905,0.8246524307520074,0.8070168374307561
99677,0.8030547545101312,0.8315924797356776,0.8197036777763905,0.8246524307520074,0.8070168374307561
99680,0.8346147950733472,0.8580845317239197,0.8402870653326446,0.8527389566025643,0.831467363973198
99681,0.9349338938869587,0.9539295398902148,0.9331854142570221,0.9468753157747726,0.9249296491095357
99687,0.8474444433597933,0.8751536425324908,0.8596069093620503,0.8671908008785094,0.8483322819098602
99688,0.8474444433597933,0.8751536425324908,0.8596069093620503,0.8671908008785094,0.8483322819098602
99690,0.8474444433597933,0.8751536425324908,0.8596069093620503,0.8671908008785094,0.8483322819098602
99691,0.8670142301687526,0.8867290657631318,0.8717032703442498,0.8835972666623344,0.8598249108267969
99692,0.8670142301687526,0.8867290657631318,0.8717032703442498,0.8835972666623344,0.8598249108267969
99695,0.8668186363606735,0.8918591378404441,0.8732932267629996,0.8852760459278461,0.8646971704214432
99696,0.8668186363606735,0.8918591378404441,0.8732932267629996,0.8852760459278461,0.8646971704214432
99697,0.8668186363606735,0.8918591378404441,0.8732932267629996,0.8852760459278461,0.8646971704214432
99698,0.8668186363606735,0.8918591378404441,0.8732932267629996,0.8852760459278461,0.8646971704214432
99701,0.852869402510454,0.8819018888899214,0.866194360530784,0.8734722809079672,0.8550912114159849
99702,0.852869402510454,0.8819018888899214,0.866194360530784,0.8734722809079672,0.8550912114159849
99710,0.8095769189226187,0.8360879441021729,0.8173272210883407,0.8291499521526062,0.8090245691261223
99715,0.8095769189226187,0.8360879441021729,0.8173272210883407,0.8291499521526062,0.8090245691261223
99720,0.9704882937142963,0.9874867310845186,0.9696829428677419,0.979824649943832,0.9586698166153016
99722,0.9141689090754717,0.9348975116360794,0.9153959885729483,0.9289989934507423,0.9065828704171853
99727,0.8785274855409796,0.8974796722017836,0.8757706129261643,0.8906233024375961,0.8633017330798815
99730,0.9647994254175266,0.9837577951303398,0.9630783567370589,0.9769757455791549,0.9555411597793324
99731,0.9719701010732794,0.991380198612044,0.9696634360168114,0.9835761301295497,0.9622104654506214
99736,0.8180753044027598,0.8433000348074106,0.8355970270040998,0.8361622555022018,0.8175179888989825
99739,0.8202067410743704,0.851994978900491,0.8390815902709144,0.8376239599207816,0.8198150768106566
99740,0.8202067410743704,0.851994978900491,0.8390815902709144,0.8376239599207816,0.8198150768106566
99741,0.8481017138403908,0.8699741644421954,0.8537762424821214,0.8653352945439708,0.8422467985319355
99756,0.7996530912368305,0.8226454437692868,0.8050069907651359,0.8179061340900268,0.7941519736122872
99761,0.7996530912368305,0.8226454437692868,0.8050069907651359,0.8179061340900268,0.7941519736122872
99762,0.826039824005634,0.8462000536816494,0.8328786913874033,0.8426129896267449,0.8209550201625639
99763,0.826039824005634,0.8462000536816494,0.8328786913874033,0.8426129896267449,0.8209550201625639
99765,0.8785274855409796,0.8974796722017836,0.8757706129261643,0.8906233024375961,0.8633017330798815
99773,0.8346147950733472,0.8580845317239197,0.8402870653326446,0.8527389566025643,0.831467363973198
99778,0.8346147950733472,0.8580845317239197,0.8402870653326446,0.8527389566025643,0.831467363973198
99784,0.8278810825590963,0.8480264629615366,0.8341236295873649,0.8440562874358895,0.8203645595085922
99788,0.8278810825590963,0.8480264629615366,0.8341236295873649,0.8440562874358895,0.8203645595085922
99789,0.8278810825590963,0.8480264629615366,0.8341236295873649,0.8440562874358895,0.8203645595085922
99790,0.8299137653523868,0.8574120293657199,0.8453335585234192,0.8467868371791358,0.8274882012613312
99791,0.8299137653523868,0.8574120293657199,0.8453335585234192,0.8467868371791358,0.8274882012613312
99817,0.873682280207473,0.8963129254045943,0.8816310803035002,0.890235858064754,0.8649283916291364
99818,0.873682280207473,0.8963129254045943,0.8816310803035002,0.890235858064754,0.8649283916291364
99819,0.8397015651877825,0.8592614543218412,0.851437906229772,0.8583932886450164,0.8300485979873584
99822,0.873682280207473,0.8963129254045943,0.8816310803035002,0.890235858064754,0.8649283916291364
99827,0.873682280207473,0.8963129254045943,0.8816310803035002,0.890235858064754,0.8649283916291364
99829,0.9285622963271942,0.9426270992451984,0.9321941755849223,0.9391604338208853,0.9038699245099544
99830,0.9392085420055017,0.9532123341367954,0.9426408414298669,0.9506061961739999,0.9167234751766064
99831,0.9477189391216329,0.9619440184358623,0.9514393136291832,0.9588462419908987,0.9258331526450496
99832,0.9285622963271942,0.9426270992451984,0.9321941755849223,0.9391604338208853,0.9038699245099544
99833,0.9605196755502173,0.9743125721187855,0.9632766506448652,0.9718581767353299,0.9397015531687345
99834,0.9605196755502173,0.9743125721187855,0.9632766506448652,0.9718581767353299,0.9397015531687345
99835,0.9461100931308334,0.9610909666419138,0.9499359994256595,0.9558486745909244,0.9258314069365935
99836,0.9769356185998114,0.9901915825100719,0.9799650032015054,0.9880397680649672,0.9571998866811783
99837,0.9769356185998114,0.9901915825100719,0.9799650032015054,0.9880397680649672,0.9571998866811783
99838,0.981144334645197,0.9946478712104734,0.9856503578735966,0.993692761006818,0.9627378526437952
99839,0.9385869344301427,0.9550674597442816,0.9423280658620382,0.9507026540171267,0.920001540718269
99840,0.909013444195891,0.9264119217348372,0.9129315672579149,0.9203253988082684,0.8897735889368921
99841,0.9459379181806563,0.960521441162349,0.9487832571523837,0.9584161411102978,0.9251154030011784
99842,0.9116214521990924,0.9280321879754679,0.9144856185199801,0.9231069456918191,0.8938508660960559
99843,0.8970345709341871,0.9133553564218961,0.8998523791450475,0.9083927285736265,0.8775627357673358
99844,0.9461100931308334,0.9610909666419138,0.9499359994256595,0.9558486745909244,0.9258314069365935
99845,0.8775168315845814,0.8960043023425714,0.8852016897306629,0.8932866701249363,0.8612635463579693
99846,0.9459379181806563,0.960521441162349,0.9487832571523837,0.9558486745909244,0.9251154030011784
99847,0.9547120288458764,0.9695923224015779,0.9600473536942837,0.9671108139949636,0.9374298782668946
99848,0.9312862247502348,0.9489018109051774,0.9392212622660926,0.9460126539371223,0.9161835465370961
99849,0.9930960225850879,1.0056815370655972,0.9993030068979774,1.0043054437330745,0.9767402226242187
99850,0.990783986390906,1.001689312925536,0.9978108125542726,0.9969150579963139,0.9716193853246543
99851,0.9012507668005717,0.9176154130093565,0.9051150809898381,0.9124262763059959,0.8815593509036459
99852,0.8970345709341871,0.9133553564218961,0.8998523791450475,0.9083927285736265,0.8775627357673358
99853,0.9012507668005717,0.9176154130093565,0.9051150809898381,0.9124262763059959,0.8815593509036459
99854,0.990783986390906,1.001689312925536,0.9978108125542726,0.9969150579963139,0.9716193853246543
99855,0.990783986390906,1.001689312925536,0.9978108125542726,0.9969150579963139,0.9716193853246543
99856,0.9197007866024979,0.934909227719601,0.9215842216495926,0.9304717006816566,0.9009944184117695
99857,0.9175028303474346,0.935271779693229,0.9201928832342815,0.9292696390015428,0.8990001246677157
99858,0.9197007866024979,0.934909227719601,0.9215842216495926,0.9304717006816566,0.9009944184117695
99859,0.9197007866024979,0.934909227719601,0.9215842216495926,0.9304717006816566,0.9009944184117695
99860,0.8970345709341871,0.9133553564218961,0.8998523791450475,0.9083927285736265,0.8775627357673358
99861,0.9312862247502348,0.9489018109051774,0.9392212622660926,0.9460126539371223,0.9161835465370961
99862,0.9312862247502348,0.9489018109051774,0.9392212622660926,0.9460126539371223,0.9161835465370961
99863,0.8775168315845814,0.8960043023425714,0.8852016897306629,0.8932866701249363,0.8612635463579693
99864,0.8884379189628538,0.9061897559441093,0.9016053568066029,0.9014693011114596,0.8725401117662673
99865,0.8760737828808957,0.8911025959681189,0.8915720693464859,0.8863335484588025,0.8555706532766493
99866,0.8670229393695568,0.8820957776455762,0.8795143798574657,0.8781530101942275,0.8467233593178806
99867,0.8760737828808957,0.8911025959681189,0.8915720693464859,0.8863335484588025,0.8555706532766493
99868,0.8678679177571952,0.8838791770215255,0.8761931099609996,0.8819016454992156,0.851278321252944
99869,0.8884379189628538,0.9061897559441093,0.9016053568066029,0.9014693011114596,0.8725401117662673
99870,0.8884379189628538,0.9061897559441093,0.9016053568066029,0.9014693011114596,0.8725401117662673
99871,0.8314562845897708,0.8468073942020552,0.8436225538351385,0.8434360372198462,0.8122750907003182
99872,0.8678679177571952,0.8838791770215255,0.8761931099609996,0.8819016454992156,0.851278321252944
99873,0.8433572099347337,0.8586440822618169,0.8542879038756588,0.8561739612319853,0.8242325188876821
99874,0.8670229393695568,0.8820957776455762,0.8795143798574657,0.8781530101942275,0.8467233593178806
99875,0.8314562845897708,0.8468073942020552,0.8436225538351385,0.8434360372198462,0.8122750907003182
99876,0.8461537201589107,0.8622367970515998,0.8671863248518279,0.8526707348597252,0.8232737832877101
99877,0.8610859682130442,0.877267087937861,0.8795143798574657,0.8701589123215256,0.8413425029916675
99878,0.8314562845897708,0.8468073942020552,0.8436225538351385,0.8434360372198462,0.8122750907003182
99879,0.8314562845897708,0.8468073942020552,0.8436225538351385,0.8434360372198462,0.8122750907003182
99880,0.931674192930177,0.9469687748220018,0.9435406721486829,0.9423824987472958,0.9137811482387611
99881,0.9113715132874939,0.9259494166598975,0.9260141871082856,0.9208556611256095,0.8948729100349464
99882,0.9158400440577522,0.9326267338925602,0.918951626863382,0.9279361107665218,0.8987071773319103
99883,0.9132302046404109,0.9299913238911505,0.9180635008796963,0.9269520644640307,0.8985787888522481
99884,0.8602163372489374,0.875154538330096,0.877119484420842,0.8694433085949245,0.8406562086473517
99885,0.8445741663361608,0.8611986680075886,0.8617075046078757,0.855546462639844,0.8257911903991727
99886,0.8554800908793574,0.8684497282158127,0.8729895041004284,0.8622840743866068,0.8329630204168145
99887,0.9113715132874939,0.9259494166598975,0.9260141871082856,0.9208556611256095,0.8948729100349464
99888,0.886519850522905,0.9046649174211506,0.9020022188209729,0.8998358238965299,0.8707217315502377
99889,0.8445741663361608,0.8611986680075886,0.8617075046078757,0.855546462639844,0.8257911903991727
99890,0.9268604291906462,0.9421588497807396,0.9275092051477255,0.9386294125244575,0.9115000556737324
99891,0.9268604291906462,0.9421588497807396,0.9275092051477255,0.9386294125244575,0.9115000556737324
99892,0.9268604291906462,0.9421588497807396,0.9275092051477255,0.9386294125244575,0.9115000556737324
99893,0.9011013641766488,0.9172324143643312,0.9074717126298752,0.9160393236649034,0.8865829684325542
99894,0.891601324923928,0.909176116253994,0.8998441639745804,0.9074893893556399,0.8772404082706571
99895,0.8894816886996776,0.907022642388185,0.8960200527637644,0.9039225226927414,0.8737993394797725
99896,0.8755035869878853,0.8925129906075477,0.884668476666139,0.8926302427001527,0.8596831074746591
99897,0.886519850522905,0.9046649174211506,0.9020022188209729,0.8998358238965299,0.8707217315502377
99898,0.8731354671932321,0.8900221909990117,0.8860610815422558,0.8884145916982646,0.8605245700329566
99899,0.8753281755143429,0.8923637184173321,0.8845072428102988,0.8924811481053834,0.8594826941501894
99900,0.8753281755143429,0.8923637184173321,0.8845072428102988,0.8924811481053834,0.8594826941501894
99901,0.8753281755143429,0.8923637184173321,0.8845072428102988,0.8924811481053834,0.8594826941501894
99902,0.8657465292857993,0.883247465931543,0.875143500238631,0.882663250536536,0.8514592704465088
99903,0.8755035869878853,0.8925129906075477,0.884668476666139,0.8926302427001527,0.8596831074746591
99905,0.9005682411486549,0.9176118664809344,0.9086720603257133,0.9165621585262537,0.8870574732859198
99908,0.8657465292857993,0.883247465931543,0.875143500238631,0.882663250536536,0.8514592704465088
99909,0.8880993164451705,0.904894493028021,0.896532985812183,0.9044473083529795,0.8751547257244155
99910,0.8657465292857993,0.883247465931543,0.875143500238631,0.882663250536536,0.8514592704465088
99911,0.8880993164451705,0.904894493028021,0.896532985812183,0.9044473083529795,0.8751547257244155
99912,0.870142332143008,0.8880512143503329,0.8808703822530884,0.8873675299663739,0.8570897981906446
99913,0.8866546791763708,0.903653756855887,0.896532985812183,0.9029216136961803,0.8725725028553488
99914,0.9159209457273236,0.9356177160997102,0.9234055849452769,0.9300950854221448,0.9083174937237305
99915,0.929681112233883,0.945159837270684,0.9313435675136814,0.9427857946922529,0.9164930807715094
99916,0.8653308954877764,0.8830799391639538,0.8798803022986541,0.8808052116486811,0.8512467007407604
99917,0.8653308954877764,0.8830799391639538,0.8798803022986541,0.8808052116486811,0.8512467007407604
99918,0.8653308954877764,0.8830799391639538,0.8798803022986541,0.8808052116486811,0.8512467007407604
99919,0.8624271189369134,0.8807630338626535,0.8783314266013595,0.8775027593533719,0.8484827652710426
99920,0.8731133338194352,0.8900221909990117,0.8860610815422558,0.8884145916982646,0.8605245700329566
99921,0.866745263860777,0.8834225218178688,0.8803878886242694,0.8818079475402525,0.8531811893757972
99922,0.870142332143008,0.8880512143503329,0.8808703822530884,0.8873675299663739,0.8570897981906446
99923,0.8807035755709898,0.8994789126046755,0.8897008397554598,0.897066837268607,0.8735055608677862
99924,0.9357486131608751,0.9514361500919676,0.9374415084825934,0.9486229878408884,0.9226615316595534
99925,0.8605898314937864,0.8782782690240732,0.8704555961347795,0.8774701417596369,0.8487817120278813
99926,0.8605898314937864,0.8782782690240732,0.8704555961347795,0.8774701417596369,0.8487817120278813
99927,0.8654669935230386,0.8844955401856437,0.8756663495975499,0.8812032357529204,0.855409276697435
99928,0.835033782131351,0.8549121287220679,0.8479574423162535,0.8545982132081451,0.8289238331674628
99929,0.8397015651877825,0.8592614543218412,0.851437906229772,0.8583932886450164,0.8300485979873584
99931,0.9139958971130338,0.9344703930469707,0.9207302250552493,0.9286358265365555,0.9072257220021797
99932,0.914017664829675,0.9344867020299777,0.9207501771201169,0.9286536725437091,0.9072493354237527
99934,0.9139958971130338,0.9344703930469707,0.9207302250552493,0.9286358265365555,0.9072257220021797
99940,0.9139958971130338,0.9344703930469707,0.9207302250552493,0.9286358265365555,0.9072257220021797
99941,0.8871387274342428,0.9073337796606414,0.8955751863030127,0.9032401057825784,0.8800712115409792
99942,0.8510135562678697,0.8743349580606569,0.8682087693861463,0.8601708273609822,0.8375983282485864
99943,0.8601609650771775,0.8814080277961577,0.8759747439526654,0.874317895131772,0.8475743743769973
99944,0.8986941949645482,0.9177700970651262,0.9065561171900671,0.9143129952321584,0.8906982986060984
99945,0.8986941949645482,0.9177700970651262,0.9065561171900671,0.9143129952321584,0.8906982986060984
99946,0.8986941949645482,0.9177700970651262,0.9065561171900671,0.9143129952321584,0.8906982986060984
99947,0.8870600538850555,0.9072702697930501,0.8955029096667035,0.9031735632730841,0.8799871086866953
99948,0.8986941949645482,0.9177700970651262,0.9065561171900671,0.9143129952321584,0.8906982986060984
99949,0.8986941949645482,0.9177700970651262,0.9065561171900671,0.9143129952321584,0.8906982986060984
99950,0.8986941949645482,0.9177700970651262,0.9065561171900671,0.9143129952321584,0.8906982986060984
99951,0.8397015651877825,0.8592614543218412,0.851437906229772,0.8583932886450164,0.8300485979873584
99952,0.8397015651877825,0.8592614543218412,0.851437906229772,0.8583932886450164,0.8300485979873584
99953,0.8397015651877825,0.8592614543218412,0.851437906229772,0.8583932886450164,0.8300485979873584
99954,0.866839509823686,0.8899723082172472,0.8797890638911505,0.8834966736590919,0.8608253071442098
99955,0.835033782131351,0.8549121287220679,0.8479574423162535,0.8545982132081451,0.8289238331674628
99956,0.8397015651877825,0.8592614543218412,0.851437906229772,0.8583932886450164,0.8300485979873584
99958,0.8870600538850555,0.9072702697930501,0.8955029096667035,0.9031735632730841,0.8799871086866953
99959,0.8870600538850555,0.9072702697930501,0.8955029096667035,0.9031735632730841,0.8799871086866953
99960,0.8870600538850555,0.9072702697930501,0.8955029096667035,0.9031735632730841,0.8799871086866953
99961,0.8870600538850555,0.9072702697930501,0.8955029096667035,0.9031735632730841,0.8799871086866953
99962,0.8870600538850555,0.9072702697930501,0.8955029096667035,0.9031735632730841,0.8799871086866953
99963,0.8575259228831301,0.8783456876895743,0.8731255547224028,0.8721010830241477,0.8449099368116116
99964,0.8510135562678697,0.8743349580606569,0.8682087693861463,0.8601708273609822,0.8375983282485864
99965,0.8565821108386038,0.8764699879924279,0.8693511090959082,0.8721010830241477,0.8449099368116116
99966,0.8575259228831301,0.8783456876895743,0.8731255547224028,0.8721010830241477,0.8449099368116116
99967,0.8510135562678697,0.8743349580606569,0.8682087693861463,0.8601708273609822,0.8375983282485864
99968,0.835033782131351,0.8549121287220679,0.8479574423162535,0.8545982132081451,0.8289238331674628
99974,0.870142332143008,0.8880512143503329,0.8808703822530884,0.8873675299663739,0.8570897981906446
99975,0.870142332143008,0.8880512143503329,0.8808703822530884,0.8873675299663739,0.8570897981906446
99976,0.870142332143008,0.8874281163106967,0.8804485148698049,0.88719248753261,0.8570897981906446
99977,0.870142332143008,0.8880512143503329,0.8808703822530884,0.8873675299663739,0.8570897981906446
99978,0.8624271189369134,0.8807630338626535,0.8783314266013595,0.8775027593533719,0.8484827652710426
99979,0.8667519361850068,0.8834282762564384,0.8803938081480639,0.881813789706479,0.8531886278780125
99980,0.870142332143008,0.8880512143503329,0.8808703822530884,0.8873675299663739,0.8570897981906446
99981,0.8397015651877825,0.8592614543218412,0.851437906229772,0.8583932886450164,0.8300485979873584
99983,0.8667474881783088,0.8834244401439428,0.8803898619840501,0.8818098951116933,0.8531836691108861
99984,0.8667474881783088,0.8834244401439428,0.8803898619840501,0.8818098951116933,0.8531836691108861
99985,0.8667474881783088,0.8834244401439428,0.8803898619840501,0.8818098951116933,0.8531836691108861
99986,0.866745263860777,0.8834225218178688,0.8803878886242694,0.8818079475402525,0.8531811893757972
99987,0.9159209457273236,0.9356177160997102,0.9234055849452769,0.9300950854221448,0.9083174937237305
99988,0.9159209457273236,0.9356177160997102,0.9234055849452769,0.9300950854221448,0.9083174937237305
99989,0.8667474881783088,0.8834244401439428,0.8803898619840501,0.8818098951116933,0.8531836691108861
99990,0.8894816886996776,0.907022642388185,0.8960200527637644,0.9039225226927414,0.8737993394797725
99991,0.8943816780340322,0.9111545076302295,0.9001281448415662,0.908823010342041,0.8783845216403547
99995,0.929681112233883,0.945159837270684,0.9313435675136814,0.9427857946922529,0.9164930807715094
99996,0.92046574934974,0.9378288178942356,0.9250236862000518,0.9331989006792566,0.9052028566421745
99997,0.8871387274342428,0.9073337796606414,0.8955751863030127,0.9032401057825784,0.8800712115409792
99998,0.8894816886996776,0.907022642388185,0.8960200527637644,0.9039225226927414,0.8737993394797725
100001,0.8624271189369134,0.8807630338626535,0.8783314266013595,0.8775027593533719,0.8484827652710426
100002,0.8542377159014168,0.868046872175683,0.8722427776753628,0.8633248636467766,0.8326075183018755
100009,0.9175028303474346,0.935271779693229,0.9201928832342815,0.9292696390015428,0.8990001246677157
100011,0.9357486131608751,0.9514361500919676,0.9374415084825934,0.9486229878408884,0.9226615316595534
100012,0.918846346744254,0.9364379802861705,0.9242189386532331,0.932084271379672,0.9046156406193717
100013,0.92046574934974,0.9378288178942356,0.9250236862000518,0.9331989006792566,0.9052028566421745
100015,0.9364854966445657,0.9543865878311328,0.9382975665359006,0.9496275816603441,0.9196928412571291
100018,0.8542377159014168,0.868046872175683,0.8722427776753628,0.8633248636467766,0.8326075183018755
100019,0.8667474881783088,0.8834244401439428,0.8803898619840501,0.8818098951116933,0.8531836691108861
100020,0.866745263860777,0.8834225218178688,0.8803878886242694,0.8818079475402525,0.8531811893757972
100033,0.918846346744254,0.9364379802861705,0.9242189386532331,0.932084271379672,0.9046156406193717
100034,0.8970345709341871,0.9133553564218961,0.8998523791450475,0.9083927285736265,0.8775627357673358
100037,0.8866546791763708,0.903604636332399,0.8954493055975021,0.9029216136961803,0.8721980817990389
100043,0.9175028303474346,0.935271779693229,0.9201928832342815,0.9292696390015428,0.8990001246677157
100044,0.9175028303474346,0.935271779693229,0.9201928832342815,0.9292696390015428,0.8990001246677157
100045,0.9175028303474346,0.935271779693229,0.9201928832342815,0.9292696390015428,0.8990001246677157
100047,0.8865723608842343,0.9035847783674948,0.8966883436924415,0.9028520684444341,0.8724788406586219
100053,0.9364854966445657,0.9543865878311328,0.9382975665359006,0.9496275816603441,0.9196928412571291
100059,0.866745263860777,0.8834225218178688,0.8803878886242694,0.8818079475402525,0.8531811893757972
100060,0.92046574934974,0.9378288178942356,0.9250236862000518,0.9331989006792566,0.9052028566421745
100064,0.866745263860777,0.8834225218178688,0.8803878886242694,0.8818079475402525,0.8531811893757972
100065,0.866745263860777,0.8834225218178688,0.8803878886242694,0.8818079475402525,0.8531811893757972
100068,0.909013444195891,0.9264119217348372,0.9129315672579149,0.9203253988082684,0.8897735889368921
100069,0.8061974746830711,0.8200464961376684,0.8154314460740881,0.8134252836237219,0.7782084340505695
100070,0.8061974746830711,0.8200464961376684,0.8154314460740881,0.8134252836237219,0.7782084340505695
100071,0.8061974746830711,0.8200464961376684,0.8154314460740881,0.8134252836237219,0.7782084340505695
100072,0.8691185357340796,0.8850225448170208,0.8893569675951715,0.8735059343242186,0.8418707862615308
100073,0.8733831718156665,0.8884155178429336,0.8930571841691253,0.8754375574285884,0.845411424480191
100074,0.8733632303135684,0.8883981691629397,0.8930406227886842,0.8754179742162643,0.8453864756838433
100075,0.8733831718156665,0.8884155178429336,0.8930571841691253,0.8754375574285884,0.845411424480191
100076,0.8184615583889766,0.8368259451035519,0.8311890468125975,0.8280696233545144,0.7911229070901145
100077,0.8184615583889766,0.8368259451035519,0.8311890468125975,0.8280696233545144,0.7911229070901145
100078,0.8893989892678354,0.903859379729466,0.9080564548121002,0.8916378987719468,0.8620485564910605
100079,0.8733831718156665,0.8884155178429336,0.8930571841691253,0.8754375574285884,0.845411424480191
100080,0.8858768352567531,0.9031111023288679,0.9056477780167035,0.8910261852100408,0.8581316933035158
100081,0.8858768352567531,0.9031111023288679,0.9056477780167035,0.8910261852100408,0.8581316933035158
100082,0.8819799228008304,0.8996876377176425,0.9024661697588273,0.8864930302637738,0.8541457222945807
100083,0.8858717616288899,0.9031111023288679,0.9056477780167035,0.8910261852100408,0.8578048597673502
100084,0.8873786315596341,0.904350706483505,0.907574182424741,0.8927496945848775,0.8595749701421461
100085,0.8568554885124969,0.8737287040016765,0.8767734558275434,0.861685328064408,0.8279401837265483
100086,0.799827211418536,0.8149034849413916,0.8095997324966981,0.8073955171433026,0.7719186551960617
100087,0.8568554885124969,0.8737287040016765,0.8767734558275434,0.861685328064408,0.8279401837265483
100088,0.8789242669132883,0.8986410290067286,0.8983899271579244,0.8845170434943271,0.8512900274582164
100089,0.8568554885124969,0.8737287040016765,0.8767734558275434,0.861685328064408,0.8279401837265483
100090,0.8700978735065802,0.8865617254220661,0.8920679041120603,0.8747134400496467,0.8425101182253246
100091,0.8768204539673456,0.8952129385072626,0.9001225985089782,0.8824994954781907,0.8493449821109988
100092,0.8008908695841127,0.8182851987391406,0.8109205836466695,0.8098480965627153,0.7725627956462406
100093,0.8008908695841127,0.8182851987391406,0.8109205836466695,0.8098480965627153,0.7725627956462406
100094,0.8712110707824189,0.8881173315841967,0.8916828193652935,0.8725433575117634,0.840554616273094
100095,0.8712110707824189,0.8881173315841967,0.8916828193652935,0.8725433575117634,0.840554616273094
100096,0.8120614259352078,0.8258929504462633,0.8214521500945049,0.8199711980716174,0.7840375060215523
100097,0.8846921558604415,0.9002654829765909,0.9044225512132898,0.8866886992126427,0.8563484318455811
100098,0.8846921558604415,0.9002654829765909,0.9044225512132898,0.8866886992126427,0.8563484318455811
100099,0.8819799228008304,0.8996876377176425,0.9024661697588273,0.8864930302637738,0.8541457222945807
100100,0.8768204539673456,0.8952129385072626,0.9001225985089782,0.8824994954781907,0.8493449821109988
100101,0.8691185357340796,0.8850225448170208,0.8893569675951715,0.8735059343242186,0.8418707862615308
100102,0.868702964186697,0.884935138861064,0.8910057232876315,0.8731535505740925,0.8414896635743313
100103,0.8043192592954086,0.8185345206089938,0.8139100517630596,0.811456709085456,0.7762187607451608
100104,0.8042007050564295,0.8184259932195321,0.8137982910056824,0.8113432218892027,0.7760795904412636
100105,0.8858717616288899,0.9043297254220556,0.9069192509715941,0.8922482871740632,0.8578048597673502
100106,0.8009745255631275,0.8183603451333804,0.8109992998900728,0.8099273366839302,0.7726609127581912
100107,0.8009745255631275,0.8183603451333804,0.8109992998900728,0.8099273366839302,0.7726609127581912
100108,0.9090768939335373,0.9217399513531727,0.9245958209934826,0.9113630406135225,0.8822354108981941
100109,0.9090768939335373,0.9217399513531727,0.9245958209934826,0.9113630406135225,0.8822354108981941
100110,0.8867089804149052,0.9010851499548659,0.9036606176140203,0.8866617620090593,0.8567048672264398
100111,0.8691185357340796,0.8850225448170208,0.8893569675951715,0.8735059343242186,0.8418707862615308
100112,0.801781143681153,0.8168589974559854,0.8109743252031496,0.8099591020554127,0.7732520717125708
100113,0.801781143681153,0.8168589974559854,0.8109743252031496,0.8099591020554127,0.7732520717125708
100115,0.8700978735065802,0.8865617254220661,0.8920679041120603,0.8747134400496467,0.8425101182253246
100116,0.8700978735065802,0.8865617254220661,0.8920679041120603,0.8747134400496467,0.8425101182253246
100119,0.8700978735065802,0.8865617254220661,0.8920679041120603,0.8747134400496467,0.8425101182253246
100120,0.80424026937961,0.8184622111697298,0.8138355880598049,0.8113810951265202,0.7761260353212275
100121,0.8042007050564295,0.8184259932195321,0.8137982910056824,0.8113432218892027,0.7760795904412636
100122,0.80424026937961,0.8184622111697298,0.8138355880598049,0.8113810951265202,0.7761260353212275
100123,0.805353739603778,0.8202905386598195,0.8161586976627261,0.8137405575303172,0.7779526801699735
100124,0.8017777922169088,0.8168559432112518,0.8109711559329319,0.809955912815781,0.7732481345658382
100126,0.8017777922169088,0.8168559432112518,0.8109711559329319,0.809955912815781,0.7732481345658382
100127,0.8017777922169088,0.8168559432112518,0.8109711559329319,0.809955912815781,0.7732481345658382
100128,0.8017777922169088,0.8168559432112518,0.8109711559329319,0.809955912815781,0.7732481345658382
100129,0.8017777922169088,0.8168559432112518,0.8109711559329319,0.809955912815781,0.7732481345658382
100130,0.8017777922169088,0.8168559432112518,0.8109711559329319,0.809955912815781,0.7732481345658382
100131,0.8234520269114265,0.8397802480846984,0.8355826482245821,0.8327189012160429,0.7966376558018329
100132,0.822687114908723,0.8390961724623432,0.8348780169345847,0.8320001573976469,0.7957346717751184
100133,0.8104117060225012,0.8291692681345149,0.8241341877473404,0.8211037899146828,0.7841750758444389
100134,0.9310517051252365,0.9417374029525287,0.9453154524252175,0.9322780423671274,0.9027873498799135
100135,0.8755407206867268,0.8907208200874381,0.8941216438987709,0.8777369604006328,0.8455734816457745
100136,0.9091798772089504,0.9225166588922007,0.9246372199802649,0.9113793591914231,0.8799817997240807
100137,0.9310517051252365,0.9417374029525287,0.9453154524252175,0.9322780423671274,0.9027873498799135
100138,0.8768204539673456,0.8952129385072626,0.9001225985089782,0.8824994954781907,0.8493449821109988
100139,0.8768204539673456,0.8952129385072626,0.9001225985089782,0.8824994954781907,0.8493449821109988
100140,0.8867089804149052,0.9010851499548659,0.9036606176140203,0.8866617620090593,0.8567048672264398
100141,0.8755407206867268,0.8907208200874381,0.8941216438987709,0.8777369604006328,0.8455734816457745
100142,0.8867089804149052,0.9010851499548659,0.9036606176140203,0.8866617620090593,0.8567048672264398
100143,0.8042007050564295,0.8184259932195321,0.8137982910056824,0.8113432218892027,0.7760795904412636
100144,0.804649180133162,0.8200814878817166,0.8155225931487071,0.8130059677643924,0.776977546835502
100145,0.804649180133162,0.8200814878817166,0.8155225931487071,0.8130059677643924,0.776977546835502
100146,0.804649180133162,0.8200814878817166,0.8155225931487071,0.8130059677643924,0.776977546835502
100147,0.804649180133162,0.8200814878817166,0.8155225931487071,0.8130059677643924,0.776977546835502
100148,0.8755407206867268,0.8907208200874381,0.8941216438987709,0.8777369604006328,0.8455734816457745
100149,0.8480179827762853,0.8638151813303251,0.8592777560951381,0.8574060536779121,0.8221277076689563
100150,0.8377471521719038,0.8518519032959424,0.8499484244735286,0.8473204186438101,0.8131506223369038
100151,0.822687114908723,0.8390961724623432,0.8348780169345847,0.8320001573976469,0.7957346717751184
100152,0.8027149067567969,0.8161937420953486,0.813344845789079,0.8112423898167889,0.7747685252177064
100153,0.8055488028121439,0.8184705325177501,0.8157318410385342,0.8141112587465668,0.7774056604127904
100154,0.8055488028121439,0.8184705325177501,0.8157318410385342,0.8141112587465668,0.7774056604127904
100155,0.8055488028121439,0.8184705325177501,0.8157318410385342,0.8141112587465668,0.7774056604127904
100156,0.8056310353802313,0.8185464044016054,0.8158090485585627,0.8141892597444502,0.7775022839517828
100157,0.805271540819799,0.8184462146729231,0.8157070950745271,0.8136624997761012,0.7773746907687447
100158,0.8027149067567969,0.8161937420953486,0.813344845789079,0.8112423898167889,0.7747685252177064
100159,0.8028789184091674,0.8163446844588397,0.8134985237405221,0.8113980957200405,0.7749606976893331
100161,0.8377471521719038,0.8518519032959424,0.8499484244735286,0.8473204186438101,0.8131506223369038
100162,0.8055224461287795,0.8184462146729231,0.8157070950745271,0.8140862584439066,0.7773746907687447
100163,0.8104117060225012,0.8291692681345149,0.8241341877473404,0.8211037899146828,0.7841750758444389
100164,0.8377471521719038,0.8518519032959424,0.8499484244735286,0.8473204186438101,0.8131506223369038
100165,0.8377471521719038,0.8518519032959424,0.8499484244735286,0.8473204186438101,0.8131506223369038
100166,0.8056014546933442,0.8185191116971079,0.8157812754151043,0.8141612011810258,0.7774675267941011
100167,0.8055224461287795,0.8184462146729231,0.8157070950745271,0.8140862584439066,0.7773746907687447
100168,0.8254722583792908,0.8383872026902854,0.834759180817455,0.8344375936504727,0.7983696423286827
100169,0.8254722583792908,0.8383872026902854,0.834759180817455,0.8344375936504727,0.7983696423286827
100170,0.8248358618648844,0.8378046745515073,0.8341616457676233,0.8338387236961776,0.7976160104460172
100171,0.8356265668576152,0.8478511741197438,0.8463167459444179,0.8442568549537091,0.8100200196061382
100172,0.8356265668576152,0.8478511741197438,0.8463167459444179,0.8442568549537091,0.8100200196061382
100173,0.8356265668576152,0.8478511741197438,0.8463167459444179,0.8442568549537091,0.8100200196061382
100174,0.8185957780211833,0.831971873873932,0.8287623481189282,0.8275774732525247,0.7917044886480035
100175,0.8191486576937742,0.8330171865091882,0.8303669472243289,0.8283659999427965,0.7942904809586502
100177,0.8055224461287795,0.8184462146729231,0.8157070950745271,0.8140862584439066,0.7773746907687447
100178,0.8055224461287795,0.8184462146729231,0.8157070950745271,0.8140862584439066,0.7773746907687447
100179,0.8054927703412404,0.8184188345629432,0.8156792329152464,0.8140581099066082,0.7773398208452866
100180,0.8185957780211833,0.831971873873932,0.8287623481189282,0.8275774732525247,0.7917044886480035
100181,0.8185957780211833,0.831971873873932,0.8287623481189282,0.8275774732525247,0.7917044886480035
100182,0.8185957780211833,0.831971873873932,0.8287623481189282,0.8275774732525247,0.7917044886480035
100183,0.8185957780211833,0.831971873873932,0.8287623481189282,0.8275774732525247,0.7917044886480035
100184,0.8027149067567969,0.8161937420953486,0.813344845789079,0.8112423898167889,0.7747685252177064
100185,0.8054927703412404,0.8184188345629432,0.8156792329152464,0.8140581099066082,0.7773398208452866
100186,0.8185957780211833,0.831971873873932,0.8287623481189282,0.8275774732525247,0.7917044886480035
100187,0.8027149067567969,0.8161937420953486,0.813344845789079,0.8112423898167889,0.7747685252177064
100188,0.7961489800255123,0.8095868132986159,0.8065723619237,0.8057354343368199,0.7709868755364158
100189,0.8027149067567969,0.8161937420953486,0.813344845789079,0.8112423898167889,0.7747685252177064
100190,0.8027149067567969,0.8161937420953486,0.813344845789079,0.8112423898167889,0.7747685252177064
100192,0.8254925661491047,0.8384057922204237,0.8347782490387122,0.8344567044519918,0.7983936889973152
100193,0.8254925661491047,0.8384057922204237,0.8347782490387122,0.8344567044519918,0.7983936889973152
100194,0.8254925661491047,0.8384057922204237,0.8347782490387122,0.8344567044519918,0.7983936889973152
100195,0.8254925661491047,0.8384057922204237,0.8347782490387122,0.8344567044519918,0.7983936889973152
100198,0.8254925661491047,0.8384057922204237,0.8347782490387122,0.8344567044519918,0.7983936889973152
100199,0.8353807691706887,0.847626106346098,0.8460891006676683,0.84402573853777,0.8097293013523419
100200,0.8353807691706887,0.847626106346098,0.8460891006676683,0.84402573853777,0.8097293013523419
100201,0.8248358618648844,0.8378046745515073,0.8341616457676233,0.8338387236961776,0.7976160104460172
100202,0.8272750786552183,0.8416089898670915,0.8376054846129043,0.8368697944077387,0.8028328194675496
100203,0.8248358618648844,0.8378046745515073,0.8341616457676233,0.8338387236961776,0.7976160104460172
100204,0.8549303612807078,0.8740958168558352,0.8772190030997778,0.8634187092604174,0.8270728703171888
100205,0.8549303612807078,0.8740958168558352,0.8772190030997778,0.8634187092604174,0.8270728703171888
100206,0.8797024436086829,0.8947011564229845,0.8891235128519164,0.8894841503783861,0.8529311404116366
100207,0.8797024436086829,0.8947011564229845,0.8891235128519164,0.8894841503783861,0.8529311404116366
100208,0.8797024436086829,0.8947011564229845,0.8891235128519164,0.8894841503783861,0.8529311404116366
100209,0.9030170532131131,0.9166683873933158,0.9222122896986018,0.9082005782937969,0.8784931133875323
100210,0.9030170532131131,0.9156117941217861,0.9199677730394226,0.9076797909988238,0.8758525427375757
100211,0.8248358618648844,0.8378046745515073,0.8341616457676233,0.8338387236961776,0.7976160104460172
100212,0.8888975084524524,0.9086245353848584,0.9093577105961008,0.896224846039168,0.8644459339483318
100213,0.9197694473214834,0.9346504686118839,0.9298717382771258,0.9284802639269494,0.8939664640787156
100214,0.8986424739315145,0.916043083726861,0.9110439655293601,0.9084062897328522,0.8728831892974406
100215,0.9633447945125947,0.9758050976266599,0.9730921972268518,0.9712936364539896,0.9384835450567092
100216,0.8643761661300169,0.8778132114392511,0.8765057340952704,0.8745157745376878,0.8416194824808765
100217,0.8597029604141666,0.8725598219376338,0.8711043136129628,0.8688461501221096,0.8358583584411725
100218,0.8980217220758251,0.910926004729799,0.9083595473891575,0.9081783214612716,0.8759680369875001
100219,0.829786538858033,0.8445957732594451,0.841290038601106,0.8398556669862413,0.8062087084837025
100220,0.8980217220758251,0.910926004729799,0.9083595473891575,0.9081783214612716,0.8759680369875001
100221,0.8894879672728901,0.9034136276351414,0.9039949200265016,0.8960886989744151,0.8643000838957654
100222,0.8977186814033619,0.9123602650919339,0.9137493263197529,0.90238409114221,0.8678431779204164
100223,0.9220638652690208,0.9339219819816701,0.9367453890527527,0.9281029894539654,0.8997275118684835
100224,0.8233286825352579,0.837687837801849,0.834357686229244,0.834267165882169,0.8002742595668411
100225,0.8173381885330441,0.8329358251440665,0.8279553873758866,0.8290323081357437,0.7932623469848828
100226,0.8233286825352579,0.837687837801849,0.834357686229244,0.834267165882169,0.8002742595668411
100227,0.8165841084064559,0.832362106717539,0.8254505700309281,0.8274897660135335,0.7921112381414607
100228,0.8165841084064559,0.832362106717539,0.8254505700309281,0.8274897660135335,0.7921112381414607
100229,0.8165841084064559,0.832362106717539,0.8254505700309281,0.8274897660135335,0.7921112381414607
100230,0.8508805593866277,0.8662370151624389,0.8594992273934878,0.8612816038500319,0.8255650720180018
100231,0.8273153078523345,0.8427234968701597,0.8376702983989336,0.8383577797463662,0.8035718300546141
100232,0.9829158127059091,0.9952153013553874,0.9879236649070466,0.9927620281902039,0.9600629554391102
100233,0.9642536922075396,0.9764660779862459,0.9703318423399326,0.9740633808273651,0.9418904275047363
100234,0.9073013896461112,0.9197110210826684,0.9168375983650727,0.9171407498160189,0.8842092114470274
100235,0.82934798387847,0.8466864761354777,0.8388118790105598,0.8410204855154397,0.8052822670725801
100236,0.8297438306153112,0.8463560886608913,0.8377575564987598,0.8401320227634025,0.8054799125186412
100237,0.8273475243120673,0.8416745822720223,0.8376729736213878,0.8369376334035441,0.8029173667749351
100239,0.8172729063965409,0.832876946977577,0.8278944838325448,0.828971844069387,0.7931868162386775
100240,0.8397456719427462,0.857556605276992,0.8482037069980353,0.8512584946234114,0.816835217110119
100241,0.8579438809597099,0.874231504425365,0.8668772666374919,0.8688649356594522,0.836468976978546
100242,0.9264433200143402,0.9391536836762628,0.9403028407397639,0.9315474890095029,0.8999574604430505
100243,0.9089937641307878,0.922013932668269,0.9234415375846692,0.9152335348785137,0.8824237513266677
100244,0.8977186814033619,0.9123602650919339,0.9137493263197529,0.90238409114221,0.8678431779204164
100245,0.9488558697803311,0.9606745939854742,0.9626142573650474,0.954454990964062,0.9244266719016782
100246,0.91784658919521,0.9310538376988191,0.9333965544589948,0.9238374050177334,0.8901650666880682
100247,0.82934798387847,0.8466864761354777,0.8388118790105598,0.8410204855154397,0.8052822670725801
100248,0.8593807496104096,0.8761709436461005,0.868536797049185,0.870176111206829,0.8350674570536977
100249,0.8593807496104096,0.8761709436461005,0.868536797049185,0.870176111206829,0.8350674570536977
100250,0.9484687206749373,0.9620375331288799,0.9581554272568605,0.9568924288297237,0.924257645439118
100251,0.9181906302303858,0.9339334727767661,0.9321347779104061,0.9214635129345045,0.8918250952528611
100252,0.8804924747628681,0.896370984735921,0.8895737500626966,0.8915714165341574,0.8563044071724423
100253,0.8804924747628681,0.896370984735921,0.8895737500626966,0.8915714165341574,0.8563044071724423
100254,0.8804924747628681,0.896370984735921,0.8895737500626966,0.8915714165341574,0.8563044071724423
100255,0.8397837569619426,0.8575899333262864,0.8482395145405075,0.8512934878783577,0.8168796456918848
100256,0.8397837569619426,0.8575899333262864,0.8482395145405075,0.8512934878783577,0.8168796456918848
100257,0.8397837569619426,0.8575899333262864,0.8482395145405075,0.8512934878783577,0.8168796456918848
100258,0.8397837569619426,0.8575899333262864,0.8482395145405075,0.8512934878783577,0.8168796456918848
100259,0.8319760017823563,0.8475357706228024,0.8411006699764919,0.8431697834126387,0.8083641450378255
100260,0.9181906302303858,0.9339334727767661,0.9321347779104061,0.9214635129345045,0.8918250952528611
100261,0.9181906302303858,0.9339334727767661,0.9321347779104061,0.9214635129345045,0.8918250952528611
100262,0.9181906302303858,0.9339334727767661,0.9321347779104061,0.9214635129345045,0.8918250952528611
100263,0.8476675650740164,0.8654058190457509,0.8574265733967823,0.8599506784440993,0.8239729950990293
100264,0.8476675650740164,0.8654058190457509,0.8574265733967823,0.8599506784440993,0.8239729950990293
100265,0.8327731925546392,0.8507397626142161,0.8411057122489555,0.8439074141870783,0.8082978297783228
100266,0.8315588490159798,0.8475357706228024,0.8403794554338008,0.8431697834126387,0.8082601246817176
100267,0.8315588490159798,0.8494550537012143,0.8403794554338008,0.8440612633516505,0.8082601246817176
100268,0.8327731925546392,0.8507397626142161,0.8411057122489555,0.8439074141870783,0.8082978297783228
100269,0.8327731925546392,0.8507397626142161,0.8411057122489555,0.8439074141870783,0.8082978297783228
100270,0.8327731925546392,0.8507397626142161,0.8411057122489555,0.8439074141870783,0.8082978297783228
100271,0.8356904505743038,0.854465629215268,0.8441664895827159,0.847402774017497,0.8106406963334422
100272,0.8464204450230463,0.8657150916748355,0.8559895440141944,0.8590465984176909,0.8213266891552966
100273,0.8744442355309962,0.8927075972926467,0.8845839346093392,0.8877214763230633,0.8543829160854901
100274,0.8459082683658814,0.8641384668657475,0.8515847505774838,0.8596769235076109,0.8202157028227612
100275,0.8718902149585219,0.8917629022691582,0.8812061333013698,0.8856501967301232,0.8502556911547917
100276,0.8718066950693286,0.8916935235827099,0.8811293019390048,0.8855765189277346,0.850156219047789
100277,0.8718902149585219,0.8917629022691582,0.8812061333013698,0.8856501967301232,0.8502556911547917
100278,0.8453527438849977,0.8635119628053481,0.8511347513997419,0.8578550360996451,0.8196823398538161
100279,0.8453527438849977,0.8635119628053481,0.8511347513997419,0.8578550360996451,0.8196823398538161
100280,0.8453527438849977,0.8635119628053481,0.8511347513997419,0.8578550360996451,0.8196823398538161
100281,0.8665570394558525,0.8848409252254238,0.8747972526558144,0.8811977787241737,0.8446398023357006
100282,0.8665570394558525,0.8848409252254238,0.8747972526558144,0.8811977787241737,0.8446398023357006
100283,0.8665570394558525,0.8848409252254238,0.8747972526558144,0.8811977787241737,0.8446398023357006
100284,0.8458951568550359,0.8641270886429806,0.8515721846816905,0.8596651261462375,0.820200052199594
100285,0.8458951568550359,0.8641270886429806,0.8515721846816905,0.8596651261462375,0.820200052199594
100286,0.8875211031164829,0.9053249329887492,0.8914970097280104,0.9003220051940035,0.8662532337009549
100287,0.8714898755410544,0.8885493591649389,0.8797917421594734,0.8845230265352398,0.8479797523602555
100288,0.8714898755410544,0.8885493591649389,0.8797917421594734,0.8845230265352398,0.8479797523602555
100289,0.8949355629104278,0.9131248517001058,0.9012367369419053,0.9086946341329766,0.8719462030737127
100290,0.9049360335314209,0.9225013957955861,0.9082495406171863,0.9176929118205762,0.8822346405970325
100291,0.9093082977200573,0.9272070987279926,0.9142912738683859,0.9231145692685074,0.8860629790972847
100293,0.9012324126539601,0.9175243954892254,0.9065053498914711,0.912209945640478,0.876408618243505
100294,0.9111458705997257,0.9276484110291399,0.9134026183049725,0.9239442901195751,0.8883413244191344
100296,0.9111458705997257,0.9276484110291399,0.9134026183049725,0.9239442901195751,0.8883413244191344
100297,0.9117021721921923,0.9289772491167858,0.9176026107823256,0.9249749263960669,0.8899846681162471
100298,0.8576438154346484,0.8741702160315558,0.862935264367602,0.868631201590385,0.8305512642198559
100299,0.8653208307110469,0.8799807996998134,0.870014014186434,0.8754383042684815,0.8374442020842476
100300,0.8602837539232823,0.8763251073212125,0.8647451171679038,0.8712898825850789,0.8336159556573801
100301,0.8602979102834317,0.8763374664888635,0.8647587687186473,0.8713028005616413,0.8336332126748917
100302,0.8602837539232823,0.8763251073212125,0.8647451171679038,0.8712898825850789,0.8336159556573801
100303,0.8587010637965299,0.8741576969035562,0.8636807144043039,0.8698922210613043,0.8321222992800494
100304,0.8674556717625257,0.8828565309433918,0.8720463539074779,0.8782810914174465,0.840774191118791
100305,0.8646693985590257,0.8799610991889268,0.869697561471686,0.8753020830654262,0.8378382402710184
100306,0.8646693985590257,0.8799610991889268,0.869697561471686,0.8753020830654262,0.8378382402710184
100307,0.8636982655580155,0.8783442672849516,0.8686122280068447,0.873902058513809,0.8360137159685435
100308,0.8646693985590257,0.8799610991889268,0.869697561471686,0.8753020830654262,0.8378382402710184
100309,0.8576438154346484,0.8741702160315558,0.862935264367602,0.868631201590385,0.8305512642198559
100310,0.8576438154346484,0.8741702160315558,0.862935264367602,0.868631201590385,0.8305512642198559
100311,0.8587010637965299,0.8741576969035562,0.8636807144043039,0.8698922210613043,0.8321222992800494
100312,0.8587010637965299,0.8741576969035562,0.8636807144043039,0.8698922210613043,0.8321222992800494
100313,0.881405511173975,0.8973411533042652,0.8870238929308789,0.8931026749490251,0.8562898735727208
100314,0.8833597994169937,0.8975387281977821,0.8877799270366512,0.8934630439710994,0.8557954912851898
100315,0.8833597994169937,0.8975387281977821,0.8877799270366512,0.8934630439710994,0.8557954912851898
100316,0.8636982655580155,0.8783442672849516,0.8686122280068447,0.873902058513809,0.8360137159685435
100317,0.9011628402917632,0.9174670819862886,0.9064397814121706,0.9121486695522086,0.8763197141711744
100318,0.9011628402917632,0.9174670819862886,0.9064397814121706,0.9121486695522086,0.8763197141711744
100319,0.8653208307110469,0.8799807996998134,0.870014014186434,0.8754383042684815,0.8374442020842476
100320,0.8653208307110469,0.8799807996998134,0.870014014186434,0.8754383042684815,0.8374442020842476
100321,0.8653208307110469,0.8799807996998134,0.870014014186434,0.8754383042684815,0.8374442020842476
100322,0.9049360335314209,0.9225013957955861,0.9082495406171863,0.9176929118205762,0.8822346405970325
100323,0.9161260299957048,0.932437077132695,0.9183693997670958,0.9294157936449468,0.8953908348311203
100324,0.9233606126466829,0.9390708425258922,0.9257002890539225,0.9354681928879378,0.9002505414456294
100325,0.9111458705997257,0.9276484110291399,0.9134026183049725,0.9239442901195751,0.8883413244191344
100326,0.8940085649510575,0.9077771319362927,0.8987165991735289,0.9041794960752643,0.8660146054253172
100327,0.9161260299957048,0.932437077132695,0.9183693997670958,0.9294157936449468,0.8953908348311203
100331,0.9392085420055017,0.9532123341367954,0.9426408414298669,0.9506061961739999,0.9167234751766064
100334,0.9012324126539601,0.9175243954892254,0.9065053498914711,0.912209945640478,0.876408618243505
100336,0.8173071182913406,0.8329078027268388,0.8279264010245831,0.8290035309438132,0.7932263991861382
100341,0.8297494445922352,0.8445623484991528,0.8412558030579281,0.8398210781660211,0.8061655669822043
100342,0.8297494445922352,0.8445623484991528,0.8412558030579281,0.8398210781660211,0.8061655669822043
100343,0.8180312435402023,0.8326266150505759,0.8296658904378528,0.8288323070247007,0.7945727079681795
100344,0.8297494445922352,0.8445623484991528,0.8412558030579281,0.8398210781660211,0.8061655669822043
100351,0.8568554885124969,0.8737287040016765,0.8767734558275434,0.861685328064408,0.8279401837265483
100354,0.8568554885124969,0.8737287040016765,0.8767734558275434,0.861685328064408,0.8279401837265483
100360,0.8180312435402023,0.8326266150505759,0.8296658904378528,0.8288323070247007,0.7945727079681795
100361,0.8674578950685218,0.8828584701715735,0.8720484917529765,0.8782831142652577,0.8407769247870641
100362,0.8173381885330441,0.8329358251440665,0.8279553873758866,0.8290323081357437,0.7932623469848828
100363,0.8172729063965409,0.832876946977577,0.8278944838325448,0.828971844069387,0.7931868162386775
100364,0.8173381885330441,0.8329358251440665,0.8279553873758866,0.8290323081357437,0.7932623469848828
100367,0.823957631289641,0.8382583384462736,0.8349416095623066,0.834851455176998,0.8010002659217254
100375,0.8974487993968547,0.9080793382543231,0.9121842946195775,0.8943351467398937,0.8640120135064933
100376,0.9073644850505437,0.917275588885368,0.9224176018646254,0.9090513047660731,0.8790585223891385
100377,0.9107521733087767,0.9212036656918701,0.9249030297193755,0.9109001463234707,0.8816487733575515
100378,0.9107521733087767,0.9214140658371845,0.9271399736417549,0.912464261298355,0.8845890948971628
100379,0.8905778509221548,0.901813555246741,0.90582276352324,0.8872644498929967,0.8550833398991251
100380,0.8733632303135684,0.8883981691629397,0.8930406227886842,0.8754179742162643,0.8453864756838433
100381,0.8733632303135684,0.8883981691629397,0.8930406227886842,0.8754179742162643,0.8453864756838433
100382,0.8733632303135684,0.8883981691629397,0.8930406227886842,0.8754179742162643,0.8453864756838433
100385,0.8464204450230463,0.8657150916748355,0.8559895440141944,0.8590465984176909,0.8213266891552966
100396,0.8172729063965409,0.8326266150505759,0.8278944838325448,0.8288323070247007,0.7931868162386775
100398,0.8172729063965409,0.832876946977577,0.8278944838325448,0.828971844069387,0.7931868162386775
100399,0.8154928149225726,0.8295044728110715,0.8269376494094611,0.826689918946589,0.7913700638100654
100403,0.9091798772089504,0.9225166588922007,0.9246372199802649,0.9113793591914231,0.8799817997240807
100404,0.8674578950685218,0.8828584701715735,0.8720484917529765,0.8782831142652577,0.8407769247870641
100405,0.8272750786552183,0.8416089898670915,0.8376054846129043,0.8368697944077387,0.8028328194675496
100406,0.8180312435402023,0.8326266150505759,0.8296658904378528,0.8288323070247007,0.7945727079681795
100414,0.881405511173975,0.8973411533042652,0.8870238929308789,0.8931026749490251,0.8562898735727208
100417,0.8180312435402023,0.8326266150505759,0.8296658904378528,0.8288323070247007,0.7945727079681795
100418,0.9161260299957048,0.932437077132695,0.9183693997670958,0.9294157936449468,0.8953908348311203
100419,0.9161260299957048,0.932437077132695,0.9183693997670958,0.9294157936449468,0.8953908348311203
100423,0.8173071182913406,0.8329078027268388,0.8279264010245831,0.8290035309438132,0.7932263991861382
100424,0.8173071182913406,0.8329078027268388,0.8279264010245831,0.8290035309438132,0.7932263991861382
100429,0.9073013896461112,0.9197110210826684,0.9168375983650727,0.9171407498160189,0.8842092114470274
100432,0.8719403946761263,0.8917927624077525,0.8810727448016279,0.886655530611119,0.8501866839564248
100434,0.8876896115333578,0.9053249329887492,0.8943450090939079,0.9003220051940035,0.8698174983925382
100439,0.8397456719427462,0.857556605276992,0.8482037069980353,0.8512584946234114,0.816835217110119
100445,0.9111458705997257,0.9276484110291399,0.9134026183049725,0.9239442901195751,0.8883413244191344
100448,0.8397456719427462,0.857556605276992,0.8482037069980353,0.8512584946234114,0.816835217110119
100449,0.8397456719427462,0.857556605276992,0.8482037069980353,0.8512584946234114,0.816835217110119
100453,0.8104117060225012,0.8291692681345149,0.8241341877473404,0.8211037899146828,0.7841750758444389
100456,0.843654558014833,0.861336409167689,0.8537468713664349,0.8562067772178805,0.8213769310945996
100457,0.8445741663361608,0.8611986680075886,0.8617075046078757,0.855546462639844,0.8257911903991727
100458,0.8542377159014168,0.868046872175683,0.8722427776753628,0.8633248636467766,0.8326075183018755
100459,0.8374063504571619,0.853778474932808,0.8558206388315087,0.8467676970568815,0.8135943156601254
100460,0.8374063504571619,0.853778474932808,0.8558206388315087,0.8467676970568815,0.8135943156601254
100461,0.8374063504571619,0.853778474932808,0.8558206388315087,0.8467676970568815,0.8135943156601254
100462,0.8374063504571619,0.853778474932808,0.8558206388315087,0.8467676970568815,0.8135943156601254
100463,0.8445741663361608,0.8611986680075886,0.8617075046078757,0.855546462639844,0.8257911903991727
100464,0.856894746725596,0.8722057186895857,0.8734403808436898,0.8603948417522532,0.824643570367065
100465,0.856894746725596,0.8722057186895857,0.8734403808436898,0.8603948417522532,0.824643570367065
100466,0.8554800908793574,0.8684497282158127,0.8729895041004284,0.8622840743866068,0.8329630204168145
100467,0.8313777368891287,0.8465522606918756,0.8517541744030181,0.8382573175163873,0.8077253173313771
100468,0.8521781838071312,0.8654154269205095,0.8699234501720079,0.861068670037063,0.8303396041165868
100469,0.8409451856338618,0.857408801264888,0.8616588721401308,0.8497768429975249,0.8204013641337236
100470,0.8330450575388485,0.8490630287476085,0.8540476989398192,0.8410074580382747,0.8094399126600187
100471,0.8313777368891287,0.8465522606918756,0.8517541744030181,0.8382573175163873,0.8077253173313771
100472,0.8313777368891287,0.8465522606918756,0.8517541744030181,0.8382573175163873,0.8077253173313771
100473,0.8600469324584337,0.8747502853081996,0.8781750189645796,0.8606197595505165,0.8286789820874384
100474,0.8460904180434909,0.8608811318238734,0.8670287680496143,0.8521173363612226,0.8224536772444759
100475,0.8460904180434909,0.8608811318238734,0.8670287680496143,0.8521173363612226,0.8224536772444759
100476,0.8330450575388485,0.8490630287476085,0.8540476989398192,0.8410074580382747,0.8094399126600187
100477,0.8654125120092164,0.8802311107436912,0.8860690449131415,0.87128263268686,0.8422488879327567
100478,0.8654125120092164,0.8802311107436912,0.8860690449131415,0.87128263268686,0.8422488879327567
100479,0.8462172588955299,0.8622928993833104,0.8672401801206449,0.8527312351347235,0.8233482708204954
100480,0.8524433218232422,0.8675805303483007,0.8715961889218709,0.8590284843881368,0.8306546994460547
100481,0.8524433218232422,0.8675805303483007,0.8715961889218709,0.8590284843881368,0.8306546994460547
100482,0.8424763604173194,0.858513221686287,0.8620009767099633,0.8491816009927956,0.8202406951818714
100483,0.8568725000487825,0.8724815128507042,0.8762929659270866,0.8643714185471799,0.8352749930266793
100484,0.8568725000487825,0.8724815128507042,0.8762929659270866,0.8643714185471799,0.8352749930266793
100485,0.8539888382109573,0.8693958393342317,0.8734368985774548,0.8608445381652913,0.8313494207683088
100486,0.8462172588955299,0.8622928993833104,0.8672401801206449,0.8527312351347235,0.8233482708204954
100487,0.8462172588955299,0.8622928993833104,0.8672401801206449,0.8527312351347235,0.8233482708204954
100488,0.8415129654779211,0.8568823530175141,0.861742713412827,0.8485766764780722,0.8190686333996982
100489,0.8424763604173194,0.858513221686287,0.8620009767099633,0.8491816009927956,0.8202406951818714
100490,0.8644094935815928,0.881229373379672,0.8865944467997927,0.8696587350712438,0.8412841611153749
100491,0.8491190579018684,0.8651556008607599,0.8699317785253434,0.8568510482608986,0.8269984558353279
100492,0.8491190579018684,0.8651556008607599,0.8699317785253434,0.8568510482608986,0.8269984558353279
100493,0.8424763604173194,0.858513221686287,0.8620009767099633,0.8491816009927956,0.8202406951818714
100494,0.8415129654779211,0.8568823530175141,0.861742713412827,0.8485766764780722,0.8190686333996982
100495,0.8492865734728859,0.8653032364622615,0.8700735990193087,0.857008909628725,0.8271943272547927
100496,0.8492865734728859,0.8653032364622615,0.8700735990193087,0.857008909628725,0.8271943272547927
100497,0.8424763604173194,0.858513221686287,0.8620009767099633,0.8491816009927956,0.8202406951818714
100498,0.8673803155354244,0.8796749924269135,0.8850308627403379,0.8644211499522375,0.8323931480138532
100499,0.8673803155354244,0.8796749924269135,0.8850308627403379,0.8644211499522375,0.8323931480138532
100500,0.8539888382109573,0.8693958393342317,0.8734368985774548,0.8608445381652913,0.8313494207683088
100501,0.8539888382109573,0.8693958393342317,0.8734368985774548,0.8608445381652913,0.8313494207683088
100502,0.8539888382109573,0.8693958393342317,0.8734368985774548,0.8608445381652913,0.8313494207683088
100503,0.8415129654779211,0.8568823530175141,0.861742713412827,0.8485766764780722,0.8190686333996982
100504,0.8560541032819068,0.8717178851675103,0.8750737610315155,0.8629474763429673,0.8346889836120439
100505,0.8805274203548036,0.8958659901216419,0.8977150963372057,0.8891788178524314,0.8595073507580147
100506,0.8689852155280344,0.8863825601947909,0.8877746253793797,0.87577182600064,0.8471685471105085
100507,0.8689852155280344,0.8863825601947909,0.8877746253793797,0.87577182600064,0.8471685471105085
100508,0.8689852155280344,0.8863825601947909,0.8877746253793797,0.87577182600064,0.8471685471105085
100509,0.8717084791428973,0.8844548196438828,0.8918568296718494,0.869672977235068,0.8393363397549327
100510,0.899913987223469,0.9162857887949729,0.9202618950632946,0.9018781729480251,0.8744387169501328
100511,0.899913987223469,0.9162857887949729,0.9202618950632946,0.9018781729480251,0.8744387169501328
100512,0.8765495655268292,0.8952897509511476,0.8961174904073727,0.8819924834059562,0.8545637657444869
100513,1.0579883662433212,1.0700145604081117,1.0697365376476669,1.0676872436643137,1.044766468972257
100514,1.0579883662433212,1.0700145604081117,1.0697365376476669,1.0676872436643137,1.044766468972257
100515,0.8697599996665843,0.8883048758472389,0.888813129445876,0.8772559836781108,0.848732352689755
100516,0.877349394311945,0.8903878473424751,0.8979571182023576,0.8750470785905299,0.8455938908131755
100517,0.877349394311945,0.8903878473424751,0.8979571182023576,0.8750470785905299,0.8455938908131755
100518,0.8727409384515556,0.8889308780290629,0.8938653975205317,0.8731300818982005,0.8443395716352352
100519,0.9055245958858311,0.9259168932632097,0.9253892216834297,0.910087729596001,0.8843264426967098
100520,0.8765495655268292,0.8952897509511476,0.8961174904073727,0.8819924834059562,0.8545637657444869
100521,0.8768894603088253,0.8958030618288837,0.894185821281713,0.8834812264508208,0.8564531140113177
100522,0.8768894603088253,0.8958030618288837,0.894185821281713,0.8834812264508208,0.8564531140113177
100523,0.8765495655268292,0.8952897509511476,0.894185821281713,0.8819924834059562,0.8545637657444869
100524,0.9845723372316754,0.9980389707114803,0.9953898719850307,0.9947389257554577,0.9664122549907879
100525,0.9737605604658457,0.9862282015552211,0.9817407517516086,0.9816659849959657,0.9517238146321952
100526,0.9358592680287849,0.9530636381988514,0.9514797059062323,0.9427405035347813,0.9174419792189594
100527,0.9321981260385136,0.9504985067671402,0.9511499260240468,0.9400537883440557,0.9132189341722857
100528,0.8727409384515556,0.8889308780290629,0.8938653975205317,0.8731300818982005,0.8443395716352352
100529,0.899890011587168,0.9186424267337159,0.9219700396083502,0.9032299780555426,0.8761662767663011
100530,0.8764330725377599,0.8959237989000536,0.8991675413927308,0.880466719447008,0.8519436874423572
100532,0.9480813547722432,0.9615800712697357,0.96156034033709,0.9523450812079111,0.9265757181581512
100533,0.8424763604173194,0.858513221686287,0.8620009767099633,0.8491816009927956,0.8202406951818714
100534,0.9092574853830522,0.9275872563696068,0.9270585553165649,0.9132298246228321,0.8855921597399424
100535,0.9480813547722432,0.9615800712697357,0.96156034033709,0.9523450812079111,0.9265757181581512
100536,0.9480813547722432,0.9615800712697357,0.96156034033709,0.9523450812079111,0.9265757181581512
100537,0.8843847368944184,0.9021836222534999,0.9026886748704561,0.8904731899027511,0.862121916178717
100538,0.9482168453913171,0.9616792516387752,0.9616595732104114,0.9524690178683012,0.9267707114430588
100539,0.916049532797433,0.9336465940773778,0.9336726484653197,0.9228234829947949,0.895268301933905
100540,0.8944168244714314,0.9097940362190148,0.9160013500300223,0.8965423525004433,0.8652723372780411
100541,0.9032730162920857,0.9194095263745092,0.9266603920712561,0.9035710589517473,0.8752347828105186
100542,0.9322455995751074,0.9481179558727512,0.949430387377573,0.9370104078026891,0.9095422279828225
100543,0.8764330725377599,0.8959237989000536,0.8991675413927308,0.880466719447008,0.8519436874423572
100544,0.916049532797433,0.9336465940773778,0.9336726484653197,0.9228234829947949,0.895268301933905
100545,0.916049532797433,0.9336465940773778,0.9336726484653197,0.9228234829947949,0.895268301933905
100546,0.9321981260385136,0.9504985067671402,0.9511499260240468,0.9400537883440557,0.9132189341722857
100547,0.9321981260385136,0.9504985067671402,0.9511499260240468,0.9400537883440557,0.9132189341722857
100548,0.8807836608112237,0.8990543187548516,0.9000301789946099,0.88712084513722,0.8583000553110004
100549,0.9321981260385136,0.9474516062365868,0.9482031858220167,0.9400537883440557,0.9132189341722857
100550,0.8807836608112237,0.8990543187548516,0.9000301789946099,0.88712084513722,0.8583000553110004
100551,0.9055245958858311,0.9259168932632097,0.9253892216834297,0.910087729596001,0.8843264426967098
100552,0.9737605604658457,0.9862282015552211,0.9817407517516086,0.9816659849959657,0.9517238146321952
100553,0.9737605604658457,0.9862282015552211,0.9817407517516086,0.9816659849959657,0.9517238146321952
100554,0.9329516019399129,0.9474516062365868,0.9482031858220167,0.9405971347704855,0.914016451044799
100555,0.8763292765776927,0.8958378164743473,0.8990844670227368,0.8803666586049739,0.851816649451618
100556,0.8763292765776927,0.8958378164743473,0.8990844670227368,0.8803666586049739,0.851816649451618
100557,0.8763292765776927,0.8958378164743473,0.8990844670227368,0.8803666586049739,0.851816649451618
100558,0.8763292765776927,0.8958378164743473,0.8990844670227368,0.8803666586049739,0.851816649451618
100559,0.8763292765776927,0.8958378164743473,0.8990844670227368,0.8803666586049739,0.851816649451618
100560,0.8914066326563096,0.9111539783775265,0.9138176943134048,0.895021862002312,0.8671264145913936
100561,0.8919440578167493,0.9107326666105363,0.9143504932109683,0.8968319169440365,0.8683327455626835
100562,0.876512567422713,0.895989652123778,0.899231167561941,0.8805433540166385,0.8520409802161255
100563,0.8782882147785924,0.897077502349755,0.9003855875813638,0.8821591851723978,0.852772624782515
100565,0.8893549603470605,0.90859698472501,0.9117625849837802,0.8934121730867293,0.8642208304689267
100568,0.8764887506882038,0.8959699223236401,0.8992121049749277,0.8805203942055511,0.8520118314589705
100569,0.8782882147785924,0.897077502349755,0.9003855875813638,0.8821591851723978,0.852772624782515
100570,0.8764330725377599,0.8959237989000536,0.8991675413927308,0.880466719447008,0.8519436874423572
100571,0.8745356902414887,0.8934281946883951,0.8969949918250392,0.8780596364268131,0.8488610836646778
100572,0.8807836608112237,0.8990543187548516,0.9000301789946099,0.88712084513722,0.8583000553110004
100573,0.8807836608112237,0.8990543187548516,0.9000301789946099,0.88712084513722,0.8583000553110004
100574,0.9596710807583091,0.9709095157785365,0.969048389914697,0.9626513174774041,0.9407361990883528
100575,0.9596710807583091,0.9709095157785365,0.969048389914697,0.9626513174774041,0.9407361990883528
100576,0.9596710807583091,0.9709095157785365,0.969048389914697,0.9626513174774041,0.9407361990883528
100577,0.8839326367660201,0.9033306605491929,0.9058587737702024,0.8891345866008291,0.8594154885641105
100578,0.8839326367660201,0.9033306605491929,0.9058587737702024,0.8891345866008291,0.8594154885641105
100579,0.8839326367660201,0.9033306605491929,0.9058587737702024,0.8891345866008291,0.8594154885641105
100581,0.9329516019399129,0.9474516062365868,0.9482031858220167,0.9405971347704855,0.914016451044799
100582,0.9329516019399129,0.9474516062365868,0.9482031858220167,0.9405971347704855,0.914016451044799
100585,0.9329516019399129,0.9474516062365868,0.9482031858220167,0.9405971347704855,0.914016451044799
100586,0.8944168244714314,0.9097940362190148,0.9160013500300223,0.8965423525004433,0.8652723372780411
100587,0.8944168244714314,0.9097940362190148,0.9160013500300223,0.8965423525004433,0.8652723372780411
100588,0.8944168244714314,0.9097940362190148,0.9160013500300223,0.8965423525004433,0.8652723372780411
100589,0.8914066326563096,0.9111539783775265,0.9138176943134048,0.895021862002312,0.8671264145913936
100590,0.8914066326563096,0.9111539783775265,0.9138176943134048,0.895021862002312,0.8671264145913936
100591,0.8914066326563096,0.9111539783775265,0.9138176943134048,0.895021862002312,0.8671264145913936
100592,0.8914066326563096,0.9111539783775265,0.9138176943134048,0.895021862002312,0.8671264145913936
100593,0.8836817598973835,0.9021994695083135,0.9022108516423645,0.8868882052436506,0.860111422456265
100594,0.9005172055689953,0.9216389981897831,0.9192755077169708,0.9065273940050572,0.8787455255033935
100595,0.8903595835701404,0.9081512138625042,0.9136280756056305,0.8934738438470978,0.8627827987472222
100596,0.8903595835701404,0.9081512138625042,0.9136280756056305,0.8934738438470978,0.8627827987472222
100597,0.8836817598973835,0.9021994695083135,0.9022108516423645,0.8868882052436506,0.860111422456265
100598,0.8836817598973835,0.9021994695083135,0.9022108516423645,0.8868882052436506,0.860111422456265
100599,0.9674985600514105,0.9811985376344008,0.982803792275743,0.9719937520544885,0.9463154208916932
100600,0.9183308392994456,0.9354397341270906,0.9358754875682892,0.9220595500408029,0.8954767794890761
100601,0.935377679538117,0.9489085301935759,0.9485697416504086,0.9418848249073165,0.9142404019223035
100602,0.8930753020183813,0.9103279124126654,0.9090424168489402,0.8996381092579445,0.870695398747759
100603,0.935377679538117,0.9489085301935759,0.9485697416504086,0.9418848249073165,0.9142404019223035
100604,0.8930753020183813,0.9103279124126654,0.9090424168489402,0.8996381092579445,0.870695398747759
100605,0.8930753020183813,0.9103279124126654,0.9090424168489402,0.8996381092579445,0.870695398747759
100606,0.8930753020183813,0.9103279124126654,0.9090424168489402,0.8996381092579445,0.870695398747759
100607,0.8930753020183813,0.9103279124126654,0.9090424168489402,0.8996381092579445,0.870695398747759
100608,0.9182453060643875,0.9353730680487762,0.9358092951517544,0.9219781740392862,0.8953651962845866
100609,0.9092574853830522,0.9275872563696068,0.9270585553165649,0.9132298246228321,0.8855921597399424
100610,0.9183308392994456,0.9354397341270906,0.9358754875682892,0.9220595500408029,0.8954767794890761
100611,0.9057803826499251,0.9249038494935948,0.9277232769589245,0.909881282662305,0.8828025638736088
100612,0.8940290366113257,0.9149702865261351,0.9170794037376208,0.8990429735934371,0.8701089547405177
100613,0.9419113174833955,0.9569298360187571,0.9554422772686884,0.9470513557043783,0.9202017103772097
100614,0.9344154021542923,0.9506155150555088,0.950945301548381,0.9387137244293972,0.9128412360104265
100615,0.9264210944009222,0.9416388610960272,0.9424615225647982,0.930198202709901,0.904392854165301
100616,0.9419113174833955,0.9569298360187571,0.9554422772686884,0.9470513557043783,0.9202017103772097
100617,0.9189114625015443,0.9355510686687034,0.9450629322284597,0.9228408432119463,0.8934169680643629
100618,0.9033501441608905,0.9194729270987791,0.9271956938357138,0.9063943549623681,0.8766817428758782
100619,0.9189114625015443,0.9348426336322575,0.9450629322284597,0.9228408432119463,0.8934169680643629
100620,0.9426540186743487,0.955662122707344,0.9571278926802425,0.9473821640598914,0.9198722198254587
100621,0.8976871386294761,0.915990326253784,0.9182800873799482,0.9019625891851281,0.8740545694260903
100622,0.9264210944009222,0.9416388610960272,0.9424615225647982,0.930198202709901,0.904392854165301
100623,0.9340231537775896,0.9440060984839004,0.9475524049049899,0.9345008648013313,0.9068655599106618
100624,0.9033501441608905,0.9194729270987791,0.9271956938357138,0.9063943549623681,0.8766817428758782
100625,0.9613445120142471,0.9741999943995532,0.9750268627777162,0.9666665733323363,0.9407943352013611
100626,0.9264210944009222,0.9416388610960272,0.9424615225647982,0.930198202709901,0.904392854165301
100627,0.9613445120142471,0.9741999943995532,0.9750268627777162,0.9666665733323363,0.9407943352013611
100628,0.9488558697803311,0.9606745939854742,0.9626142573650474,0.954454990964062,0.9244266719016782
100629,0.9475861229607133,0.9584683875250913,0.9603375679572798,0.9517457642226932,0.9251362342611688
100630,0.9314621641901794,0.9431192185210607,0.9456055442257048,0.9364605042500143,0.9063291772133644
100631,0.8936645135621302,0.907173840979888,0.9082102072938645,0.8974919412186346,0.8645176176991902
100632,0.9638003049612465,0.9728941725037041,0.9767889208078201,0.9671333147645093,0.939565243138644
100633,0.8895763199883534,0.9015219916764772,0.9038663945062877,0.8885738566219843,0.8576729268782733
100634,0.9000450026836502,0.9136238785555262,0.9157694184784201,0.9065513500658594,0.8728608249817359
100635,0.9000450026836502,0.9136238785555262,0.9157694184784201,0.9065513500658594,0.8728608249817359
100636,0.9000450026836502,0.9136238785555262,0.9157694184784201,0.9065513500658594,0.8728608249817359
100637,0.8890370857248957,0.9033897056175292,0.9047373672970467,0.894451862671481,0.8620358155984159
100638,0.9000450026836502,0.9136238785555262,0.9157694184784201,0.9065513500658594,0.8728608249817359
100639,0.9000450026836502,0.9136238785555262,0.9157694184784201,0.9065513500658594,0.8728608249817359
100641,0.8936645135621302,0.907173840979888,0.9082102072938645,0.8974919412186346,0.8645176176991902
100642,0.8890370857248957,0.9033897056175292,0.9047373672970467,0.894451862671481,0.8620358155984159
100643,0.8936645135621302,0.907173840979888,0.9082102072938645,0.8974919412186346,0.8645176176991902
100644,0.8936645135621302,0.907173840979888,0.9082102072938645,0.8974919412186346,0.8645176176991902
100645,0.9413617313442024,0.9531233611316691,0.9547542409282607,0.9474263181237689,0.9174007366945163
100646,0.8894879672728901,0.9034136276351414,0.9039949200265016,0.8960886989744151,0.8643000838957654
100647,0.9413617313442024,0.9531233611316691,0.9547542409282607,0.9474263181237689,0.9174007366945163
100648,0.9453354967390858,0.9570065070946617,0.9602754860266688,0.9495026432017698,0.9215755005004453
100649,0.9453354967390858,0.9570065070946617,0.9602754860266688,0.9495026432017698,0.9215755005004453
100650,0.9058925490422207,0.9211506020427914,0.9215372888027019,0.9076539765260612,0.8783584870515823
100651,0.888180052252043,0.9057983924815624,0.9053173454228265,0.8911296850148165,0.8608129109310143
100652,0.8890370857248957,0.9033897056175292,0.9047373672970467,0.894451862671481,0.8620358155984159
100653,0.9089937641307878,0.922013932668269,0.9234415375846692,0.9152335348785137,0.8824237513266677
100654,0.8894879672728901,0.9034136276351414,0.9039949200265016,0.8960886989744151,0.8643000838957654
100655,0.9058925490422207,0.9211506020427914,0.9215372888027019,0.9076539765260612,0.8783584870515823
100656,0.9058925490422207,0.9211506020427914,0.9215372888027019,0.9076539765260612,0.8783584870515823
100657,0.888180052252043,0.9057983924815624,0.9053173454228265,0.8911296850148165,0.8608129109310143
100658,0.888180052252043,0.9057983924815624,0.9053173454228265,0.8911296850148165,0.8608129109310143
100659,0.888180052252043,0.9057983924815624,0.9053173454228265,0.8911296850148165,0.8608129109310143
100660,0.888180052252043,0.9057983924815624,0.9053173454228265,0.8911296850148165,0.8608129109310143
100661,0.8896095139551374,0.9015512967224546,0.9038949454484339,0.888607380518356,0.8577169027496141
100662,0.8896095139551374,0.9015512967224546,0.9038949454484339,0.888607380518356,0.8577169027496141
100663,0.8896095139551374,0.9015512967224546,0.9038949454484339,0.888607380518356,0.8577169027496141
100664,0.9165017809897683,0.929638034780985,0.9297046671831904,0.9181937993874731,0.8908213152792429
100665,0.9026024537217099,0.917335542507035,0.9189296929731742,0.9018798017624148,0.8726156353446777
100666,0.8935035063995848,0.9105172841442347,0.9094242923044895,0.8921607433521558,0.8644648001395279
100667,0.9026024537217099,0.917335542507035,0.9189296929731742,0.9018798017624148,0.8726156353446777
100668,0.8894879672728901,0.9034136276351414,0.9039949200265016,0.8960886989744151,0.8643000838957654
100669,0.8894879672728901,0.9034136276351414,0.9039949200265016,0.8960886989744151,0.8643000838957654
100670,0.9074528140006188,0.9215271495413935,0.9230229917103621,0.9125588329781421,0.8773286583696331
100671,0.8977186814033619,0.9123602650919339,0.9137493263197529,0.90238409114221,0.8678431779204164
100672,0.9488558697803311,0.9606745939854742,0.9626142573650474,0.954454990964062,0.9244266719016782
100673,0.9488558697803311,0.9606745939854742,0.9626142573650474,0.954454990964062,0.9244266719016782
100674,0.8895763199883534,0.9015219916764772,0.9038663945062877,0.8885738566219843,0.8576729268782733
100675,0.8895763199883534,0.9015219916764772,0.9038663945062877,0.8885738566219843,0.8576729268782733
100676,0.8895763199883534,0.9015219916764772,0.9038663945062877,0.8885738566219843,0.8576729268782733
100677,0.9074528140006188,0.9215271495413935,0.9230229917103621,0.9125588329781421,0.8773286583696331
100678,0.9111863416815923,0.9212036656918701,0.9249030297193755,0.9109001463234707,0.8816487733575515
100679,0.9095633837097693,0.9218979206367269,0.9239497547624389,0.9118445956188241,0.8784931133875323
100680,0.906961783188575,0.9185233127661354,0.9225147349888718,0.9083580059725739,0.8747617765786188
100681,0.953188676795314,0.9617790286839472,0.9665303111384944,0.9526961197254598,0.9278659184459783
100682,0.953188676795314,0.9617790286839472,0.9665303111384944,0.9526961197254598,0.9278659184459783
100683,0.8974487993968547,0.9080793382543231,0.9121842946195775,0.8943351467398937,0.8640120135064933
100684,0.91784658919521,0.9310538376988191,0.9333965544589948,0.9238374050177334,0.8901650666880682
100685,0.91784658919521,0.9310538376988191,0.9333965544589948,0.9238374050177334,0.8901650666880682
100686,0.91784658919521,0.9310538376988191,0.9333965544589948,0.9238374050177334,0.8901650666880682
100687,0.9062747298636371,0.9179274749116128,0.9219499804880372,0.90768206239706,0.8738110694699807
100688,0.8905778509221548,0.901813555246741,0.90582276352324,0.8872644498929967,0.8550833398991251
100689,0.8905778509221548,0.901813555246741,0.90582276352324,0.8872644498929967,0.8550833398991251
100690,0.8905778509221548,0.901813555246741,0.90582276352324,0.8872644498929967,0.8550833398991251
100691,0.9047736153083991,0.9156117941217861,0.9199677730394226,0.9076797909988238,0.8758525427375757
100692,0.9047736153083991,0.9156117941217861,0.9199677730394226,0.9076797909988238,0.8758525427375757
100699,0.8974487993968547,0.9080793382543231,0.9121842946195775,0.8943351467398937,0.8640120135064933
100704,0.9092574853830522,0.9275872563696068,0.9270585553165649,0.9132298246228321,0.8855921597399424
100706,0.8521781838071312,0.8654154269205095,0.8699234501720079,0.861068670037063,0.8303396041165868
100707,0.8764330725377599,0.8959237989000536,0.8991675413927308,0.880466719447008,0.8519436874423572
100708,0.8764330725377599,0.8959237989000536,0.8991675413927308,0.880466719447008,0.8519436874423572
100711,0.9032730162920857,0.9194095263745092,0.9271387396362869,0.906319847262725,0.8765810785025978
100712,0.876512567422713,0.895989652123778,0.899231167561941,0.8805433540166385,0.8520409802161255
100713,0.9032730162920857,0.9194095263745092,0.9271387396362869,0.906319847262725,0.8765810785025978
100714,0.9032730162920857,0.9194095263745092,0.9271387396362869,0.906319847262725,0.8765810785025978
100716,0.9055245958858311,0.9259168932632097,0.9253892216834297,0.910087729596001,0.8843264426967098
100717,0.9055245958858311,0.9259168932632097,0.9253892216834297,0.910087729596001,0.8843264426967098
100720,0.8424763604173194,0.858513221686287,0.8620009767099633,0.8491816009927956,0.8202406951818714
100721,0.8330450575388485,0.8490630287476085,0.8540476989398192,0.8410074580382747,0.8094399126600187
100723,0.8415129654779211,0.8568823530175141,0.861742713412827,0.8485766764780722,0.8190686333996982
100730,0.8610859682130442,0.877267087937861,0.8803396139550455,0.8701589123215256,0.8413425029916675
100731,0.8542377159014168,0.868046872175683,0.8722427776753628,0.8633248636467766,0.8326075183018755
100737,0.9340231537775896,0.9440060984839004,0.9475524049049899,0.9345008648013313,0.9068655599106618
100738,0.906961783188575,0.9185233127661354,0.9225147349888718,0.9083580059725739,0.8747617765786188
100739,0.9204589359042011,0.9348426336322575,0.9460928210657729,0.9232600936407818,0.8947818722285816
100741,0.9092574853830522,0.9275872563696068,0.9270585553165649,0.9132298246228321,0.8855921597399424
100742,0.9092574853830522,0.9275872563696068,0.9270585553165649,0.9132298246228321,0.8855921597399424
100743,0.876512567422713,0.895989652123778,0.899231167561941,0.8805433540166385,0.8520409802161255
100748,0.8935035063995848,0.9105172841442347,0.9094242923044895,0.8921607433521558,0.8644648001395279
100755,0.8604047553142955,0.8750553652286663,0.8764458079877168,0.865664190362323,0.8289234914948719
100762,0.906961783188575,0.917275588885368,0.9224176018646254,0.9083580059725739,0.8747617765786188
100770,0.8330450575388485,0.8490630287476085,0.8540476989398192,0.8410074580382747,0.8094399126600187
100776,0.8764887506882038,0.8959699223236401,0.8992121049749277,0.8805203942055511,0.8520118314589705
100778,0.8976871386294761,0.915990326253784,0.9182800873799482,0.9019625891851281,0.8740545694260903
100786,0.9033501441608905,0.9194729270987791,0.9271956938357138,0.9063943549623681,0.8766817428758782
100793,0.8745356902414887,0.8934281946883951,0.8969949918250392,0.8780596364268131,0.8488610836646778
100794,0.8782882147785924,0.897077502349755,0.9003855875813638,0.8821591851723978,0.852772624782515
100795,0.8782882147785924,0.897077502349755,0.9003855875813638,0.8821591851723978,0.852772624782515
100796,0.874821756991912,0.8935548159568604,0.8972939030514543,0.8780613636918363,0.849448044512227
100797,0.874821756991912,0.8935548159568604,0.8972939030514543,0.8780613636918363,0.849448044512227
100798,0.7866916285749223,0.8104360431255787,0.8002528972909564,0.8076336830636663,0.7836223509235101
100799,0.7866916285749223,0.8104360431255787,0.8002528972909564,0.8076336830636663,0.7836223509235101
100800,0.7956181094870972,0.8184745986491653,0.8058485224582593,0.8153756127257329,0.7924556962906949
100801,0.7854328394363324,0.8092153769375799,0.7975509061273225,0.8066216464275251,0.7828128394741575
100802,0.7516018435983645,0.7748836251882422,0.7633875990626433,0.773198159248189,0.7493139574675408
100806,0.7841974180275914,0.8081407788128193,0.7963983213048317,0.8055298521777751,0.7815592580005273
100807,0.7841974180275914,0.8081407788128193,0.7963983213048317,0.8055298521777751,0.7815592580005273
100808,0.7841974180275914,0.8081407788128193,0.7963983213048317,0.8055298521777751,0.7815592580005273
100809,0.7685473573950057,0.7922022801778441,0.7809311468215354,0.7898033280364399,0.7659338356166234
100810,0.7516244774597426,0.77490368698056,0.7634089163800772,0.7732184033881699,0.7493368504469811
100811,0.7681884344475473,0.7918870864871101,0.7805953610803826,0.7894837879157957,0.7655699591820757
100812,0.7681884344475473,0.7918870864871101,0.7805953610803826,0.7894837879157957,0.7655699591820757
100813,0.7681884344475473,0.7918870864871101,0.7805953610803826,0.7894837879157957,0.7655699591820757
100814,0.7681884344475473,0.7918870864871101,0.7805953610803826,0.7894837879157957,0.7655699591820757
100815,0.7797411876615205,0.8023048779253075,0.7915753513023601,0.8013870932921666,0.7771035027573898
100816,0.7703366927531169,0.7937739370438348,0.7826053216436634,0.791396625645942,0.7677478218827296
100817,0.7516742327771911,0.7749477884960121,0.7634557777437523,0.77326290573476,0.7493871753404268
100818,0.7516742327771911,0.7749477884960121,0.7634557777437523,0.77326290573476,0.7493871753404268
100819,0.7516471001894869,0.7749237389908966,0.7634302232600086,0.7732386376513464,0.7493597321573368
100820,0.7516018435983645,0.7748836251882422,0.7633875990626433,0.773198159248189,0.7493139574675408
100821,0.7873783293975489,0.8097016808089342,0.7985679508294798,0.8083426986888615,0.7848126542626332
100822,0.78737456331809,0.8096983785570012,0.7985644196400689,0.8083393687428619,0.7848088336288347
100823,0.7797097929225608,0.8022772819826473,0.7915459689129773,0.8013593459243733,0.7770716533290825
100824,0.7797097929225608,0.8022772819826473,0.7915459689129773,0.8013593459243733,0.7770716533290825
100825,0.7797097929225608,0.8022772819826473,0.7915459689129773,0.8013593459243733,0.7770716533290825
100826,0.7516244774597426,0.77490368698056,0.7634089163800772,0.7732184033881699,0.7493368504469811
100827,0.7512381845949408,0.7745613033275522,0.7630450994168512,0.7728729068956655,0.7489461338309101
100828,0.7516471001894869,0.7749237389908966,0.7634302232600086,0.7732386376513464,0.7493597321573368
100829,0.7685473573950057,0.7922022801778441,0.7809311468215354,0.7898033280364399,0.7659338356166234
100830,0.779662655012879,0.8022358481135003,0.7915018526369498,0.8013176846863846,0.7770238326788662
100831,0.779662655012879,0.8022358481135003,0.7915018526369498,0.8013176846863846,0.7770238326788662
100832,0.7796547933484042,0.8022289378048996,0.7914944949410538,0.8013107364559942,0.7770158571418249
100833,0.7516471001894869,0.7749237389908966,0.7634302232600086,0.7732386376513464,0.7493597321573368
100834,0.7516471001894869,0.7749237389908966,0.7634302232600086,0.7732386376513464,0.7493597321573368
100835,0.7873783293975489,0.8097016808089342,0.7985679508294798,0.8083426986888615,0.7848126542626332
100836,0.7872991650441589,0.8096322667677309,0.7984937242182942,0.8082727024836542,0.7847323430888162
100837,0.7797411876615205,0.8023048779253075,0.7915753513023601,0.8013870932921666,0.7771035027573898
100838,0.7872991650441589,0.8096322667677309,0.7984937242182942,0.8082727024836542,0.7847323430888162
100839,0.7872991650441589,0.8096322667677309,0.7984937242182942,0.8082727024836542,0.7847323430888162
100840,0.7516244774597426,0.77490368698056,0.7634089163800772,0.7732184033881699,0.7493368504469811
100841,0.7516742327771911,0.7749477884960121,0.7634557777437523,0.77326290573476,0.7493871753404268
100842,0.7512381845949408,0.7745613033275522,0.7630450994168512,0.7728729068956655,0.7489461338309101
100843,0.7512381845949408,0.7745613033275522,0.7630450994168512,0.7728729068956655,0.7489461338309101
100844,0.7512381845949408,0.7745613033275522,0.7630450994168512,0.7728729068956655,0.7489461338309101
100845,0.751515733332593,0.7748073011042387,0.7633064979998092,0.7731211413775555,0.749226861298478
100846,0.7868743377346058,0.8083385664120215,0.7974991011817029,0.8073569345076603,0.7836510877155107
100847,0.7868743377346058,0.8083385664120215,0.7974991011817029,0.8073569345076603,0.7836510877155107
100848,0.7868743377346058,0.8083385664120215,0.7974991011817029,0.8073569345076603,0.7836510877155107
100849,0.7868743377346058,0.8083385664120215,0.7974991011817029,0.8073569345076603,0.7836510877155107
100850,0.7868743377346058,0.8083385664120215,0.7974991011817029,0.8073569345076603,0.7836510877155107
100851,0.7822285557870636,0.8041750604593243,0.7931236757667683,0.8032323744768272,0.7787322343145918
100852,0.7516742327771911,0.7749477884960121,0.7634557777437523,0.77326290573476,0.7493871753404268
100853,0.7695794464693138,0.7931293544353093,0.7823670876910621,0.7919026672599215,0.7666764484327758
100854,0.7696124117408788,0.7931583055463866,0.782397851097851,0.7919318230970296,0.7667099211103711
100858,0.7796547933484042,0.8022289378048996,0.7914944949410538,0.8013107364559942,0.7770158571418249
100859,0.7869083456855963,0.8083685518111928,0.7975310979802935,0.8073871004158242,0.7836857137422333
100860,0.782307403717133,0.8046614760413966,0.7946151408698275,0.8035831227310607,0.7791283163560271
100861,0.7695794464693138,0.7931293544353093,0.7823670876910621,0.7919026672599215,0.7666764484327758
100863,0.7796547933484042,0.8022289378048996,0.7914944949410538,0.8013107364559942,0.7770158571418249
100865,0.7516742327771911,0.7749477884960121,0.7634557777437523,0.77326290573476,0.7493871753404268
100866,0.7796547933484042,0.8022289378048996,0.7914944949410538,0.8013107364559942,0.7770158571418249
100870,0.7516742327771911,0.7749477884960121,0.7634557777437523,0.77326290573476,0.7493871753404268
100873,0.7516742327771911,0.7749477884960121,0.7634557777437523,0.77326290573476,0.7493871753404268
100874,0.7695794464693138,0.7931293544353093,0.7823670876910621,0.7919026672599215,0.7666764484327758
100875,0.782307403717133,0.8046614760413966,0.7946151408698275,0.8035831227310607,0.7791283163560271
100876,0.782307403717133,0.8046614760413966,0.7946151408698275,0.8035831227310607,0.7791283163560271
100877,0.782307403717133,0.8046614760413966,0.7946151408698275,0.8035831227310607,0.7791283163560271
100878,0.782307403717133,0.8046614760413966,0.7946151408698275,0.8035831227310607,0.7791283163560271
100879,0.7822573645816558,0.8046174934124014,0.794568467519905,0.8035388536715605,0.7790773950862873
100880,0.785741703033253,0.8084544239050749,0.8001492554495246,0.8082968390575208,0.7836809612178893
100881,0.7855413211143346,0.8082789943931954,0.7999648234957352,0.8081212400064636,0.7834782625332204
100882,0.7854274393053517,0.8081792966049766,0.7998600084480157,0.8080214458482402,0.7833630637233716
100883,0.7854274393053517,0.8081792966049766,0.7998600084480157,0.8080214458482402,0.7833630637233716
100884,0.7822573645816558,0.8046174934124014,0.794568467519905,0.8035388536715605,0.7790773950862873
100886,0.7854274393053517,0.8081792966049766,0.7998600084480157,0.8080214458482402,0.7833630637233716
100887,0.7854274393053517,0.8081792966049766,0.7998600084480157,0.8080214458482402,0.7833630637233716
100888,0.7822422405941432,0.8072356382446944,0.7974564103115925,0.8060707179782723,0.7800790649167458
100889,0.7820644258347901,0.8070818235839478,0.7972933377168829,0.8059158092241621,0.7798991196202513
100890,0.7820644258347901,0.8070818235839478,0.7972933377168829,0.8059158092241621,0.7798991196202513
100891,0.8506849133607357,0.8719016433260286,0.8615038076080738,0.8704490555911297,0.847697905951542
100892,0.8247422152627047,0.8467481766313666,0.8363393449933578,0.8454587412289932,0.8218740474950273
100894,0.8247422152627047,0.8467481766313666,0.8363393449933578,0.8454587412289932,0.8218740474950273
100897,0.7898610696637328,0.8126085302947533,0.8003937984855719,0.810225876935805,0.785991981591037
100898,0.7822422405941432,0.8072356382446944,0.7974564103115925,0.8060707179782723,0.7800790649167458
100899,0.7822422405941432,0.8072356382446944,0.7974564103115925,0.8060707179782723,0.7800790649167458
100900,0.8308661742384605,0.8544447442605627,0.8419897794989786,0.8537558287030215,0.8279946753703737
100913,0.7872689648091223,0.809605786428852,0.7984654078201929,0.8082460000426385,0.78470170531789
